<?xml version="1.0" encoding="utf-8" ?>
<kml xmlns="http://www.opengis.net/kml/2.2">
<Document id="root_doc">
<Schema name="boundary" id="boundary">
	<SimpleField name="id" type="string"></SimpleField>
	<SimpleField name="timestamp" type="string"></SimpleField>
	<SimpleField name="begin" type="string"></SimpleField>
	<SimpleField name="end" type="string"></SimpleField>
	<SimpleField name="altitudeMode" type="string"></SimpleField>
	<SimpleField name="tessellate" type="int"></SimpleField>
	<SimpleField name="extrude" type="int"></SimpleField>
	<SimpleField name="visibility" type="int"></SimpleField>
	<SimpleField name="drawOrder" type="int"></SimpleField>
	<SimpleField name="icon" type="string"></SimpleField>
	<SimpleField name="_id" type="string"></SimpleField>
	<SimpleField name="admin_level" type="string"></SimpleField>
	<SimpleField name="authoritative" type="string"></SimpleField>
	<SimpleField name="boundary" type="string"></SimpleField>
	<SimpleField name="name_li" type="string"></SimpleField>
	<SimpleField name="name_nl" type="string"></SimpleField>
	<SimpleField name="name_ru" type="string"></SimpleField>
	<SimpleField name="population" type="string"></SimpleField>
	<SimpleField name="population_date" type="string"></SimpleField>
	<SimpleField name="ref_gemeentecode" type="string"></SimpleField>
	<SimpleField name="source_population" type="string"></SimpleField>
	<SimpleField name="type" type="string"></SimpleField>
	<SimpleField name="wikidata" type="string"></SimpleField>
	<SimpleField name="wikipedia" type="string"></SimpleField>
	<SimpleField name="name_de" type="string"></SimpleField>
	<SimpleField name="name_fy" type="string"></SimpleField>
	<SimpleField name="name_la" type="string"></SimpleField>
	<SimpleField name="name_zh_Hans" type="string"></SimpleField>
	<SimpleField name="name_zh_Hant" type="string"></SimpleField>
	<SimpleField name="name_lt" type="string"></SimpleField>
	<SimpleField name="old_name_de" type="string"></SimpleField>
	<SimpleField name="name_carnaval" type="string"></SimpleField>
	<SimpleField name="alt_name_la" type="string"></SimpleField>
	<SimpleField name="alt_name_fr" type="string"></SimpleField>
	<SimpleField name="alt_name_wa" type="string"></SimpleField>
	<SimpleField name="name_ar" type="string"></SimpleField>
	<SimpleField name="name_en" type="string"></SimpleField>
	<SimpleField name="name_eo" type="string"></SimpleField>
	<SimpleField name="name_es" type="string"></SimpleField>
	<SimpleField name="name_fr" type="string"></SimpleField>
	<SimpleField name="name_he" type="string"></SimpleField>
	<SimpleField name="name_ja" type="string"></SimpleField>
	<SimpleField name="name_ko" type="string"></SimpleField>
	<SimpleField name="name_mk" type="string"></SimpleField>
	<SimpleField name="name_ml" type="string"></SimpleField>
	<SimpleField name="name_nds" type="string"></SimpleField>
	<SimpleField name="name_sr" type="string"></SimpleField>
	<SimpleField name="name_uk" type="string"></SimpleField>
	<SimpleField name="name_wa" type="string"></SimpleField>
	<SimpleField name="name_zea" type="string"></SimpleField>
	<SimpleField name="name_zh" type="string"></SimpleField>
	<SimpleField name="old_name_es" type="string"></SimpleField>
	<SimpleField name="_relations" type="string"></SimpleField>
</Schema>
<Folder><name>boundary</name>
  <Placemark id="boundary.1">
	<name>Eijsden-Margraten</name>
	<Style><LineStyle><color>ff0000ff</color></LineStyle><PolyStyle><fill>0</fill></PolyStyle></Style>
	<ExtendedData><SchemaData schemaUrl="#boundary">
		<SimpleData name="tessellate">-1</SimpleData>
		<SimpleData name="extrude">0</SimpleData>
		<SimpleData name="visibility">-1</SimpleData>
		<SimpleData name="_id">relation/305282</SimpleData>
		<SimpleData name="admin_level">8</SimpleData>
		<SimpleData name="authoritative">yes</SimpleData>
		<SimpleData name="boundary">administrative</SimpleData>
		<SimpleData name="name_li">Èèsjde-Mergaote</SimpleData>
		<SimpleData name="name_nl">Eijsden-Margraten</SimpleData>
		<SimpleData name="name_ru">Эйсден-Маргратен</SimpleData>
		<SimpleData name="population">25768</SimpleData>
		<SimpleData name="population_date">2020-01-01</SimpleData>
		<SimpleData name="ref_gemeentecode">1903</SimpleData>
		<SimpleData name="source_population">CBS</SimpleData>
		<SimpleData name="type">boundary</SimpleData>
		<SimpleData name="wikidata">Q9766</SimpleData>
		<SimpleData name="wikipedia">nl:Eijsden-Margraten</SimpleData>
	</SchemaData></ExtendedData>
      <MultiGeometry><LineString><coordinates>5.9834221,50.8096728 5.9828642,50.8093358 5.9823383,50.8090653 5.9819342,50.8088811 5.9813694,50.808595 5.9814474,50.808514 5.981428,50.8084966 5.981146,50.8081789 5.9810389,50.8080773 5.9808926,50.807932 5.9806994,50.8077775 5.9803811,50.8074701 5.9802562,50.8072764 5.9802196,50.8072067 5.9801735,50.8071188 5.9801531,50.8068462 5.9801475,50.8067595 5.9801457,50.8067304 5.9801509,50.8065664 5.9801555,50.8063755 5.9801592,50.8062236 5.9801627,50.8061872 5.9801802,50.8060045 5.9802002,50.8057947 5.9801404,50.8057301 5.9798382,50.8055135 5.9794192,50.8051921 5.9793949,50.8051736 5.9792383,50.8050791 5.9790468,50.8049637 5.9790215,50.8049484 5.9787008,50.8046703 5.9783491,50.8048452 5.9779738,50.8050319 5.9779307,50.8050533 5.9778977,50.8050611 5.9773409,50.8042772 5.9770333,50.8037709 5.9768633,50.8035276 5.976681,50.80337 5.9765505,50.8032436 5.9762914,50.8030128 5.9760119,50.802713 5.9757419,50.8023527 5.9756368,50.8019206 5.9756699,50.8014317 5.9756464,50.8011516 5.9755453,50.8007185 5.9754749,50.8004571 5.9754684,50.8002339 5.9753669,50.7998211 5.9752111,50.7991595 5.9751386,50.7986437 5.9751392,50.7984932 5.9749483,50.7980931 5.9748726,50.7980434 5.9749685,50.7979996 5.9750153,50.7979788 5.9751192,50.7979635 5.9751368,50.797966 5.9751765,50.7979594 5.9752036,50.7979436 5.9752375,50.7979395 5.9752721,50.79794 5.9754519,50.797853 5.975461,50.7978361 5.9754828,50.7978136 5.9755439,50.7977864 5.9755795,50.7977775 5.9756124,50.7977752 5.975667,50.7977626 5.9757504,50.7977294 5.9758298,50.7976951 5.9759256,50.7976567 5.9759617,50.7976362 5.9760001,50.7975756 5.9760616,50.7974924 5.9761158,50.7974662 5.9761818,50.7974488 5.9763616,50.797387 5.9763815,50.7973848 5.9763927,50.7973667 5.9764396,50.7973618 5.9764585,50.7973421 5.9764853,50.7973058 5.9766408,50.7971617 5.9768629,50.7970832 5.9770043,50.7969913 5.977005,50.7969636 5.9769661,50.7969253 5.9769606,50.7969122 5.9769682,50.7968997 5.9770087,50.7968487 5.9771906,50.7966896 5.977262,50.7966889 5.9772798,50.7966868 5.9773078,50.7966993 5.9773617,50.7967633 5.977397,50.7967909 5.9774353,50.796803 5.9775265,50.7968259 5.9775901,50.7968156 5.9776359,50.7968133 5.9776865,50.7968652 5.9777493,50.7969021 5.9777921,50.7969036 5.977833,50.7968936 5.9778892,50.7968461 5.9779972,50.7967846 5.9780758,50.7967685 5.978106,50.7966397 5.9781349,50.7966242 5.9782252,50.7966039 5.9782337,50.7965166 5.9782888,50.7964801 5.9783337,50.7964935 5.978395,50.7964919 5.9784614,50.7964825 5.978487,50.7964777 5.9785341,50.7964617 5.9786204,50.796419 5.9787117,50.7963897 5.9787682,50.7963865 5.9788307,50.7963966 5.9788585,50.7964042 5.9790308,50.796366 5.9790999,50.7963235 5.9791528,50.7962986 5.9791556,50.796284 5.9791378,50.7962503 5.9791051,50.7962522 5.9790622,50.7962478 5.9790496,50.7962333 5.9790558,50.7962034 5.9790733,50.7961701 5.9790968,50.7961424 5.9790792,50.7960061 5.9790931,50.7959912 5.9791192,50.7959819 5.9791384,50.7959878 5.9792821,50.7960041 5.9793116,50.7959984 5.9793273,50.7959878 5.9793417,50.7959721 5.9793313,50.7959468 5.9793054,50.7959098 5.979233,50.7958645 5.9792378,50.7958466 5.979247,50.7958284 5.9793632,50.7958305 5.9794268,50.7958468 5.9794812,50.7958242 5.979507,50.795732 5.9795507,50.7956757 5.9796116,50.7956165 5.9796308,50.7955992 5.9796754,50.7955936 5.9797012,50.7956034 5.97975,50.7956526 5.9797708,50.7956355 5.979808,50.7955892 5.979831,50.795551 5.9798565,50.7955232 5.9799371,50.7954589 5.979964,50.7954432 5.9799874,50.7954048 5.9800502,50.7953062 5.9800301,50.7952621 5.9799476,50.7952104 5.9799479,50.7951814 5.9801585,50.7951099 5.9802361,50.7951024 5.9803094,50.795102 5.9805387,50.7951276 5.9806052,50.795155 5.9806404,50.7951752 5.9806807,50.7951727 5.9808944,50.7950894 5.9809736,50.7950714 5.9810651,50.7950663 5.9811559,50.7950917 5.9811976,50.79509 5.9812905,50.7950334 5.9813367,50.7950182 5.9814193,50.7950094 5.9814876,50.7950073 5.9815074,50.7950096 5.9815919,50.7951783 5.9816315,50.7951875 5.9816768,50.7951825 5.9818745,50.7950337 5.9819226,50.7950456 5.9820307,50.7952105 5.9820669,50.7952262 5.9821173,50.7952308 5.9821257,50.7952302 5.9821831,50.7952146 5.9822245,50.7951359 5.9822557,50.7951159 5.9823394,50.7951406 5.9824573,50.7952004 5.9825205,50.7952098 5.9825565,50.7952196 5.9825962,50.7952291 5.9826622,50.795228 5.9827247,50.7952132 5.9827854,50.7952115 5.982892,50.7951753 5.9829351,50.7951701 5.9830294,50.7951209 5.9830863,50.7950286 5.9831031,50.7949326 5.9831152,50.7949146 5.9831477,50.7949072 5.9832848,50.794891 5.9834002,50.7948864 5.983469,50.7948673 5.9835744,50.7948596 5.9836277,50.7948348 5.9836948,50.7948327 5.9837955,50.7948676 5.983853,50.7948589 5.9839533,50.7948501 5.9839848,50.7948347 5.983991,50.7948135 5.9840139,50.7947569 5.984047,50.7947551 5.9841033,50.7947661 5.9841416,50.7947811 5.9842272,50.7948321 5.9842387,50.7948592 5.9842363,50.7948894 5.9842657,50.7949698 5.9843034,50.7949875 5.9843451,50.7949754 5.9844539,50.7949033 5.9844994,50.7948703 5.9845228,50.7948489 5.9845502,50.7948078 5.9845826,50.7947889 5.984654,50.7947952 5.9846852,50.7948389 5.9846614,50.7948717 5.9847213,50.7948634 5.9849383,50.7948575 5.9850891,50.7947973 5.9851214,50.7947905 5.9851609,50.7947632 5.9851505,50.7947483 5.9850532,50.7946812 5.9849932,50.7946527 5.9849885,50.7946333 5.9850101,50.7945955 5.9851787,50.7945808 5.9851529,50.7945446 5.9851114,50.7945086 5.9851746,50.7943697 5.9852114,50.7942477 5.9852599,50.7942335 5.9853329,50.7942491 5.9853641,50.7943067 5.9853496,50.7943257 5.9853429,50.7943474 5.9853437,50.7943742 5.9853646,50.7943913 5.9854045,50.7944173 5.9854242,50.7944094 5.9855126,50.7943432 5.985554,50.7942952 5.9855937,50.794224 5.9856,50.7942047 5.9856964,50.7942233 5.9857434,50.7942168 5.9857457,50.7941885 5.9856956,50.7941649 5.9857061,50.7941063 5.985749,50.7940748 5.9857802,50.7940762 5.9856644,50.7939156 5.9856738,50.7938867 5.9856947,50.7938732 5.985779,50.7938407 5.9858609,50.7938299 5.9861068,50.7938297 5.9862421,50.7938433 5.9863068,50.7938391 5.9863736,50.7938301 5.9864756,50.7938768 5.9865529,50.7938823 5.9865732,50.7938779 5.9867329,50.7937779 5.9867551,50.7937802 5.9868954,50.7938524 5.9869834,50.7938632 5.9871633,50.7939197 5.9872205,50.7939468 5.9872902,50.7940411 5.9873545,50.7940863 5.9875035,50.7940741 5.9875529,50.7940306 5.987635,50.7939951 5.9877416,50.7940595 5.9878377,50.7940884 5.9879611,50.7940975 5.9880619,50.794099 5.9881184,50.7940784 5.9881992,50.7940671 5.9882683,50.794047 5.9883225,50.7940215 5.9885756,50.7938681 5.9888492,50.7937196 5.9890782,50.793587 5.9891902,50.7935399 5.9893035,50.793491 5.9893632,50.7934604 5.989391,50.7934321 5.9894958,50.7933495 5.9896341,50.7932765 5.9898625,50.7931639 5.9899316,50.7931389 5.9900364,50.7930832 5.990133,50.7930335 5.9902555,50.7930016 5.9903184,50.7929189 5.9905675,50.7927699 5.9906085,50.7927409 5.9908344,50.792625 5.990948,50.7925628 5.9912294,50.7923975 5.9913453,50.7923275 5.9915545,50.7922237 5.9917927,50.7920919 5.9919106,50.7920158 5.9919947,50.7919775 5.9920501,50.7919585 5.9921983,50.7918786 5.9922929,50.791845 5.9924253,50.7917609 5.9926282,50.7916402 5.9927424,50.7915724 5.9928197,50.7915355 5.9931095,50.7913821 5.9932207,50.7913016 5.9934107,50.7911889 5.9934792,50.7911314 5.9935502,50.7911058 5.9937275,50.791022 5.9938298,50.7909561 5.9939282,50.7909085 5.9940906,50.7908103 5.9944776,50.7906105 5.9946069,50.790544 5.994675,50.7904917 5.9947191,50.7904421 5.9948159,50.7903982 5.9948929,50.7903687 5.9949386,50.7903394 5.9949894,50.7903134 5.995088,50.7902978 5.9951093,50.7902945 5.9952385,50.7902924 5.9953807,50.7902524 5.9955848,50.7901609 5.9956768,50.7901254 5.9957351,50.7901112 5.9958293,50.7900814 5.9958849,50.7900476 5.9958984,50.790017 5.9959286,50.7899853 5.995924,50.7899617 5.9959362,50.7899413 5.9959382,50.7898966 5.9959367,50.7898688 5.9959279,50.7898104 5.995912,50.7897539 5.9959064,50.7897008 5.9958786,50.7895092 5.9958721,50.7894357 5.9958515,50.7893201 5.9958629,50.7893004 5.9958108,50.789199 5.9957995,50.789088 5.9957704,50.7888899 5.9957422,50.788785 5.9957437,50.7886971 5.9957563,50.788669 5.9957736,50.7886657 5.9957794,50.7885982 5.9957838,50.788567 5.9957087,50.788459 5.9957158,50.7884062 5.9957217,50.7882562 5.995746,50.7880744 5.9957539,50.7879415 5.9957287,50.7878539 5.9957414,50.7877551 5.9957433,50.7876017 5.9957295,50.7875477 5.9957809,50.7874703 5.9958443,50.7874116 5.9958857,50.7873851 5.9959836,50.7873317 5.9960458,50.7873005 5.9961549,50.7872502 5.9962393,50.7872159 5.9963221,50.7871899 5.9964433,50.7871709 5.9967124,50.7870592 5.9968346,50.7870632 5.9969012,50.7870586 5.9969526,50.7870316 5.9970474,50.7869465 5.9970702,50.7868692 5.9970728,50.7867815 5.9974288,50.786591 5.997455,50.7865648 5.9975464,50.7866126 5.9976915,50.7866886 5.9978976,50.78674 5.9979761,50.7867477 5.9979836,50.7867485 5.9981259,50.7868151 5.9982162,50.786857 5.9983653,50.7869246 5.9984679,50.7869652 5.9985076,50.7869807 5.9985781,50.7869337 5.9988345,50.7868016 5.9989721,50.7867512 5.9990404,50.7866887 5.9990595,50.7866305 5.9990163,50.7865371 5.9991843,50.7864547 5.9992342,50.7864425 5.999361,50.7864082 5.9994343,50.786325 5.9993851,50.7861513 5.9993838,50.7861439 5.9995718,50.786012 5.9997757,50.7858515 5.9998394,50.7857907 5.9998362,50.7856568 5.9997735,50.7855952 5.9997863,50.7855653 5.9998104,50.7855601 5.9999445,50.7855869 6.0000249,50.7856061 6.0000493,50.7856019 6.000096,50.785555 6.0001473,50.7855186 6.0002526,50.7855009 6.0002733,50.785494 6.0002137,50.7853659 6.0002195,50.7853627 6.0003379,50.7853697 6.0003898,50.7853653 6.0005107,50.7852932 6.0005825,50.7852736 6.0006192,50.7852879 6.0006624,50.785299 6.0006818,50.785268 6.0009359,50.785155 6.0009201,50.7850732 6.0009279,50.7850518 6.0009445,50.7850245 6.0009506,50.784994 6.000956,50.7849863 6.0009741,50.7849749 6.0009892,50.7849727 6.001039,50.7849583 6.0011012,50.7849646 6.0011556,50.7849258 6.001154,50.7848683 6.0012207,50.7848551 6.0012762,50.7848168 6.0012789,50.7847598 6.0014661,50.7846991 6.0016193,50.784715 6.0016754,50.784707 6.001759,50.7846725 6.0018312,50.7846479 6.0018331,50.7845784 6.0018994,50.7844899 6.0020064,50.7844335 6.0020371,50.7843801 6.0020117,50.7843251 6.0020569,50.784282 6.0021299,50.7841918 6.0022569,50.7841726 6.0024802,50.7842126 6.0025507,50.7841914 6.0026169,50.7841208 6.0026191,50.7840741 6.0026711,50.7840508 6.0028019,50.7840083 6.0028453,50.7840029 6.0030381,50.7840687 6.0031528,50.784088 6.003267,50.7840637 6.0033962,50.7840093 6.0035229,50.7839945 6.003584,50.783933 6.0037424,50.7838579 6.0037643,50.7838567 6.0040074,50.7839301 6.0040936,50.7838659 6.0042396,50.7838089 6.0042399,50.7838065 6.0042467,50.7837876 6.0041589,50.7837411 6.0041562,50.7837302 6.0042016,50.7837043 6.0042894,50.7836806 6.0044263,50.7837278 6.0045427,50.7837441 6.004662,50.783611 6.0046971,50.7835135 6.0048547,50.783476 6.0050036,50.7834265 6.0050255,50.783424 6.0052316,50.7835001 6.0055056,50.7833688 6.0055538,50.7832965 6.0055622,50.7832617 6.0055941,50.7832098 6.0056087,50.7831075 6.0057864,50.7830538 6.0058155,50.7829698 6.0058966,50.7829106 6.0059978,50.7828907 6.0060348,50.7828515 6.0060523,50.7827949 6.0061262,50.7827404 6.0061776,50.7826917 6.0061887,50.7826557 6.0061436,50.782615 6.0061433,50.7825987 6.0063028,50.7825167 6.006315,50.7824822 6.0062997,50.7824181 6.0063485,50.7823401 6.006564,50.7823239 6.0066102,50.7823009 6.0066434,50.7822483 6.0066152,50.7822071 6.0065164,50.7821833 6.0065084,50.7821711 6.0064798,50.7821175 6.0065438,50.7820625 6.006575,50.7819694 6.0065552,50.7819089 6.0065626,50.7818995 6.006633,50.7818732 6.0067175,50.7818574 6.006759,50.7818612 6.006864,50.7818945 6.006886,50.7819028 6.0069597,50.7819043 6.0070146,50.7818868 6.0071202,50.7818194 6.0072131,50.7817329 6.0072173,50.7817043 6.0073489,50.7816199 6.0074203,50.7815665 6.0074604,50.781562 6.0075623,50.7815668 6.0075914,50.7815683 6.0077627,50.7815228 6.0078706,50.7814463 6.0080547,50.7813584 6.0081639,50.7813245 6.0083938,50.781296 6.0085752,50.7812344 6.0086542,50.7812209 6.0088558,50.7811459 6.0090566,50.7810956 6.0091074,50.7810635 6.0091241,50.7810259 6.0091605,50.7810047 6.0092383,50.7809732 6.0095711,50.7809557 6.0096392,50.7808132 6.0097157,50.7807398 6.0096867,50.7806724 6.0097777,50.7806148 6.0099356,50.7804765 6.0099889,50.7804458 6.0100979,50.7804267 6.0101646,50.7804696 6.0102146,50.7804952 6.0102758,50.7805017 6.0103726,50.7804949 6.0105512,50.7804111 6.0105517,50.7803831 6.0104934,50.7803578 6.0105021,50.7802662 6.0106151,50.7802348 6.0106485,50.7802441 6.0107289,50.7802372 6.0107357,50.7802174 6.0107717,50.780189 6.0108565,50.7801582 6.0109229,50.780204 6.0110164,50.7802316 6.0110391,50.7802379 6.0111014,50.7802588 6.0112638,50.780252 6.011341,50.7802609 6.0114104,50.7802612 6.0114858,50.7802414 6.0115571,50.7801609 6.01164,50.780147 6.0117636,50.7801667 6.0118223,50.7801557 6.0118888,50.7802011 6.0119221,50.7802142 6.0120815,50.7802211 6.0121016,50.7801791 6.0121271,50.780121 6.0121354,50.7801127 6.0122003,50.7801066 6.0122836,50.7801206 6.0123689,50.7801136 6.0123984,50.7800979 6.0125024,50.7800847 6.0125152,50.7800776 6.012547,50.7800375 6.0125673,50.7800331 6.0126323,50.7800299 6.0126959,50.7800443 6.0127552,50.7800455 6.0128251,50.7799885 6.0129186,50.7799824 6.0130156,50.7799713 6.0130609,50.7799399 6.0130869,50.7798867 6.0131357,50.7798727 6.013221,50.779877 6.0132501,50.7798726 6.013293,50.7798505 6.0133314,50.7798005 6.0133761,50.7797675 6.0134239,50.7797359 6.0134524,50.7797005 6.0134352,50.7796662 6.0134,50.7796434 6.0133867,50.7796273 6.0134069,50.7795435 6.0133889,50.7794978 6.013439,50.779472 6.0137197,50.7795044 6.0138602,50.7795311 6.0140627,50.7795259 6.0142651,50.7795318 6.0143293,50.7795293 6.0143748,50.7795484 6.0144272,50.779574 6.0144602,50.7795258 6.0144617,50.7795099 6.0144302,50.779473 6.0144315,50.7794523 6.014468,50.7794397 6.0144829,50.7794389 6.0145289,50.7794252 6.0145436,50.7794247 6.0145788,50.7793917 6.0146266,50.7793486 6.0146633,50.7792959 6.0146802,50.7792673 6.0147529,50.7792363 6.0149101,50.7791269 6.0149478,50.7790844 6.0150125,50.7790556 6.0150718,50.7790303 6.0151138,50.7789938 6.0151475,50.7789785 6.0152704,50.778943 6.0153089,50.7789464 6.0153561,50.7789502 6.0154129,50.7789435 6.0154651,50.7789034 6.0154979,50.7788594 6.0155458,50.7788249 6.0156377,50.778802 6.0157169,50.7787769 6.015764,50.7787805 6.0158853,50.7788231 6.0159303,50.7788177 6.0160118,50.7787876 6.0160691,50.7787703 6.0160935,50.7787503 6.0162148,50.7787042 6.0162589,50.778712 6.0162971,50.7787102 6.0163628,50.7786759 6.0165621,50.7785913 6.0165927,50.7785852 6.0166095,50.7785828 6.0166642,50.7786192 6.0167026,50.7786316 6.0169455,50.7786432 6.0170032,50.7786287 6.0170607,50.7786212 6.0170795,50.7786244 6.0171386,50.7786783 6.017152,50.7786776 6.0173371,50.7786008 6.01738,50.7785915 6.0174229,50.7785563 6.0174359,50.7784907 6.0174419,50.7784295 6.0174562,50.7784135 6.0175,50.7784074 6.0175358,50.7784127 6.0175473,50.7784044 6.0175666,50.7783746 6.0175608,50.7782378 6.0176265,50.7781863 6.0176636,50.7781251 6.0176596,50.778056 6.0176163,50.7780309 6.0176478,50.7779988 6.0177175,50.7779738 6.0178198,50.7779503 6.0178671,50.7779522 6.017929,50.7779455 6.0179483,50.7779283 6.0179599,50.7778516 6.0179775,50.7778403 6.018113,50.777804 6.0182386,50.7777953 6.0182877,50.7777888 6.0183454,50.7777707 6.018444,50.7777338 6.0185372,50.7777095 6.0186646,50.7776766 6.0186841,50.7776793 6.018691,50.7777132 6.0187383,50.7777149 6.0188332,50.7776963 6.018911,50.7776898 6.0189571,50.7776664 6.0190179,50.7776101 6.0190557,50.7775908 6.0190972,50.7775589 6.0190741,50.7775297 6.0189959,50.7774895 6.0190034,50.7774694 6.0190357,50.7774441 6.0191585,50.777404 6.0192263,50.777392 6.0193077,50.777384 6.0195097,50.7773296 6.019525,50.7773224 6.0195652,50.7773053 6.019655,50.77729 6.0196893,50.7772994 6.0198016,50.7772778 6.019854,50.777251 6.0199144,50.7771902 6.019953,50.7771795 6.0200842,50.7771718 6.0201407,50.777159 6.0201626,50.7771457 6.0201238,50.7771004 6.0201379,50.7770905 6.0202272,50.7770999 6.0202394,50.7770915 6.0202077,50.7769547 6.020367,50.7768956 6.0204467,50.7768938 6.020488,50.7768905 6.0205305,50.7768565 6.0205334,50.7768493 6.0204448,50.7767989 6.0204123,50.7767582 6.0204054,50.7767159 6.0203861,50.7766768 6.0203466,50.7766355 6.0203069,50.7766349 6.0202545,50.7766432 6.0202169,50.7766148 6.0202934,50.7765105 6.0203342,50.7764872 6.020417,50.7764645 6.020526,50.7764647 6.0206897,50.7764256 6.0207883,50.7763853 6.0208377,50.776374 6.0208531,50.7763735 6.0208662,50.7764053 6.0208796,50.7764042 6.0209577,50.7763851 6.0210116,50.7762983 6.0210494,50.7762844 6.0210931,50.7762997 6.0211483,50.7762519 6.0212123,50.7762576 6.0212788,50.7762507 6.0213347,50.7763049 6.0213647,50.7763181 6.0214299,50.7763303 6.0214955,50.7763572 6.0215214,50.7763264 6.0215273,50.7763008 6.0214797,50.7762752 6.0215113,50.7762494 6.0215288,50.7762341 6.0215759,50.7762277 6.0216029,50.7762245 6.0216952,50.7762124 6.0217479,50.7762152 6.0217897,50.7762008 6.0218709,50.7761962 6.0219351,50.7761913 6.0219514,50.7761972 6.0219726,50.7761901 6.0220091,50.7761724 6.0220718,50.7761611 6.0221041,50.7761484 6.0221331,50.7760981 6.0221714,50.7760196 6.0222127,50.7760132 6.0222792,50.7760528 6.0224043,50.7760783 6.0224794,50.7760822 6.0225482,50.7761074 6.0225824,50.7761122 6.0227274,50.7761125 6.0227741,50.7761279 6.0228391,50.776063 6.0229103,50.7760445 6.0230093,50.7760566 6.0231163,50.7760646 6.0231757,50.7760616 6.0232653,50.7760271 6.0233636,50.7760146 6.0234237,50.7759961 6.0234782,50.775971 6.0235792,50.7759626 6.0236235,50.775957 6.0236477,50.7759527 6.0237249,50.7759788 6.0237485,50.7759983 6.0237849,50.7760253 6.023849,50.7760403 6.0239615,50.776032 6.0240324,50.7760499 6.0240825,50.7760436 6.0240908,50.7759758 6.0241348,50.7759646 6.0242,50.7759878 6.0242241,50.7759744 6.024249,50.7759366 6.0242568,50.7759039 6.0242931,50.7758684 6.0243631,50.7758259 6.02439,50.7758029 6.0244171,50.7757452 6.0244488,50.7757394 6.0244819,50.7757471 6.0245255,50.7757324 6.0245822,50.7756995 6.0246288,50.7756835 6.0247218,50.7756506 6.0247851,50.7756201 6.0248384,50.7756295 6.0248887,50.7756276 6.0249396,50.7756119 6.024965,50.7755917 6.0250026,50.7755811 6.0250163,50.7755959 6.0250473,50.7755927 6.0250873,50.7755881 6.0251579,50.7755679 6.0252948,50.7755418 6.025363,50.7755502 6.0254029,50.7755791 6.0254211,50.7755859 6.0254661,50.7755932 6.0256145,50.7755542 6.0258213,50.7754518 6.0258347,50.77545 6.0260503,50.7755407 6.0260774,50.7755401 6.0261177,50.775529 6.0261303,50.7755077 6.0261607,50.7753967 6.0261573,50.7753862 6.0261524,50.7753829 6.0262416,50.7753101 6.0262365,50.7752867 6.0262668,50.7752418 6.0263863,50.7751901 6.0264306,50.7751564 6.0264506,50.7751352 6.026467,50.7751165 6.0265094,50.7750389 6.0265353,50.7750191 6.0266072,50.7750159 6.026646,50.7749984 6.0267743,50.7749358 6.0268178,50.7748955 6.0268503,50.7748681 6.0269002,50.7748582 6.0269002,50.7747711 6.0269196,50.7747504 6.0269249,50.7747138 6.0269163,50.7746665 6.026911,50.7746105 6.0269036,50.7745677 6.0269192,50.7745387 6.0269137,50.7745002 6.0268818,50.7744327 6.0268849,50.7744108 6.0269853,50.774397 6.026992,50.7743734 6.0269513,50.7742957 6.0269856,50.7742423 6.0270484,50.7742115 6.0270977,50.7742117 6.027194,50.7742246 6.0272418,50.7742063 6.0273767,50.7741883 6.0274299,50.7741991 6.0275643,50.7742126 6.027595,50.7742092 6.02764,50.7741842 6.0276617,50.7741646 6.0276381,50.7741163 6.0276009,50.7740694 6.0276081,50.7740638 6.0276606,50.7740455 6.0277214,50.773982 6.0277297,50.7739454 6.027754,50.7739171 6.0277065,50.7738598 6.0277124,50.7738442 6.0277622,50.7738567 6.0278026,50.7738592 6.0278434,50.7738533 6.0278616,50.7738401 6.0278613,50.7738076 6.0278385,50.7736983 6.0278589,50.7736611 6.0278733,50.773646 6.0278878,50.7736269 6.0278908,50.7736085 6.0279295,50.7735048 6.0277577,50.773421 6.0272415,50.773166 6.0270843,50.7730811 6.0269579,50.7730073 6.0268418,50.7729329 6.0267296,50.7728533 6.026515,50.7726732 6.0264341,50.7725938 6.0263751,50.7725301 6.02633,50.7724789 6.0251544,50.7710819 6.0249698,50.7709742 6.0249618,50.7709655 6.0248987,50.770896 6.0248402,50.7708344 6.0247916,50.7707838 6.0246992,50.7706911 6.0245469,50.7705362 6.0245251,50.7705136 6.0244896,50.7704741 6.0244372,50.7704163 6.0244199,50.7703976 6.024386,50.7703568 6.0243364,50.7702971 6.024286,50.7702366 6.0242442,50.7701878 6.024203,50.7701394 6.024163,50.770092 6.0241084,50.770028 6.0240475,50.7699562 6.024005,50.7699064 6.0239695,50.7698664 6.0239127,50.7698023 6.0239103,50.7697998 6.0238425,50.7697184 6.0237986,50.7696666 6.023733,50.7695879 6.0234635,50.7692966 6.0234221,50.7692381 6.0233417,50.7691245 6.0232584,50.7689938 6.0232477,50.7689759 6.0232359,50.7688763 6.02323,50.7688559 6.0232501,50.7688449 6.023257,50.7688377 6.023269,50.7688166 6.0232509,50.7687698 6.0231298,50.7686113 6.0229224,50.7684256 6.0227372,50.7684885 6.0224529,50.7679654 6.0222165,50.7675312 6.0221428,50.7673967 6.0216938,50.7665714 6.0215176,50.7663755 6.0214077,50.7662347 6.0212226,50.766064 6.0209667,50.7658813 6.0208624,50.7657951 6.0207675,50.7656715 6.020618,50.7655245 6.0203601,50.7653032 6.0199459,50.7650308 6.0197496,50.7649013 6.0196152,50.7647973 6.0194694,50.7647064 6.019185,50.7645262 6.0190591,50.7644053 6.0187188,50.7638529 6.0186004,50.7636866 6.0184101,50.7634192 6.0183606,50.763356 6.0183998,50.763187 6.0184744,50.7630485 6.0185257,50.7628222 6.0186144,50.7626313 6.0186534,50.7624373 6.0187265,50.7622663 6.0187481,50.7621629 6.0187758,50.7617326 6.0188538,50.7615554 6.0188758,50.7613273 6.0189628,50.7610699 6.0189787,50.7609235 6.0190517,50.7606545 6.0191786,50.7603074 6.0192237,50.7599697 6.0193597,50.7595735 6.0194293,50.7594428 6.0195086,50.7591587 6.0195339,50.7590032 6.0195854,50.7587066 6.0196386,50.7585762 6.0196693,50.7583657 6.0198554,50.7577703 6.019971,50.7575888 6.0200301,50.7574609 6.0200794,50.7573551 6.0202447,50.7569677 6.0203205,50.7567005 6.0204395,50.7563032 6.0204951,50.7560494 6.0205948,50.7558296 6.0206588,50.7555191 6.0208255,50.7549931 6.0208827,50.7546949 6.0210074,50.7542873 6.0207058,50.754396 6.0206492,50.7544162 6.0204874,50.7544631 6.0202548,50.7545305 6.0200015,50.7546316 6.0199655,50.7546406 6.0199135,50.7546536 6.0198225,50.7546764 6.0197905,50.7546757 6.0197245,50.7546741 6.0195019,50.7547183 6.0193299,50.754769 6.0189981,50.7548273 6.0188958,50.7548358 6.0185587,50.7548637 6.0183246,50.7548669 6.0180411,50.7548845 6.0178676,50.7548902 6.0175807,50.7549816 6.0174742,50.7550039 6.0173516,50.7550143 6.0171376,50.7549863 6.0168373,50.7548856 6.0166218,50.7548661 6.016282,50.7549094 6.0161362,50.754928 6.0159986,50.75494 6.0159632,50.7549374 6.0156959,50.7549172 6.0155362,50.7548934 6.0154733,50.7549059 6.0154305,50.7549144 6.015334,50.7549608 6.0152445,50.7550039 6.0150932,50.7550187 6.0147019,50.755026 6.0143002,50.7550613 6.0140819,50.7550526 6.0139384,50.7550562 6.0134807,50.7550676 6.0134154,50.7550692 6.0132934,50.755056 6.0132571,50.7550521 6.0131305,50.755037 6.0130837,50.7550314 6.0126692,50.7549322 6.0126258,50.7549218 6.01219,50.7547787 6.0117499,50.7546917 6.0114793,50.754637 6.0114062,50.7546263 6.0107831,50.7545354 6.0106602,50.7545134 6.0104189,50.7544702 6.0103626,50.7544687 6.0102283,50.754465 6.0100766,50.7544495 6.009917,50.7544413 6.0096405,50.7543888 6.0092501,50.7544384 6.0088533,50.7544366 6.0085843,50.754378 6.0082883,50.7543361 6.0080551,50.7543473 6.0077679,50.754314 6.0076287,50.7543001 6.0075209,50.7542822 6.0074494,50.7542703 6.0070022,50.7541962 6.0066035,50.7541469 6.0064199,50.7541056 6.006262,50.7540864 6.0061291,50.7540708 6.0061142,50.754069 6.0056722,50.754068 6.005373,50.7539787 6.005213,50.7539623 6.0051798,50.753905 6.0045229,50.7537992 6.0044127,50.7538067 6.0043111,50.7537886 6.0040924,50.7539623 6.0040638,50.7540137 6.0040461,50.7540063 6.0040269,50.7539983 6.0039115,50.75395 6.0037795,50.7539323 6.0036912,50.7539184 6.0036124,50.7538803 6.0034378,50.7538306 6.0033893,50.7538253 6.0033443,50.7538379 6.0032472,50.7540203 6.0031948,50.7540443 6.003034,50.7539664 6.0028294,50.7540594 6.0025652,50.7541139 6.0024821,50.7541101 6.0023859,50.7540649 6.0022189,50.7539623 6.0017914,50.7537428 6.001649,50.7536452 6.0015121,50.7535855 6.0014319,50.7535797 6.0013543,50.7536161 6.0012847,50.7536547 6.0012012,50.7536925 6.0011728,50.7536103 6.0011696,50.753562 6.0010925,50.7535514 6.0009699,50.7535365 6.000867,50.753518 6.0007544,50.7534915 6.0004927,50.7534155 6.0002943,50.7533847 5.9999877,50.7533279 5.9998376,50.7532548 5.9996911,50.7532 5.999475,50.7530869 5.9992779,50.7530259 5.9992351,50.7530537 5.9991394,50.753093 5.9989831,50.7531917 5.9988669,50.7532719 5.9986483,50.753389 5.9984036,50.7534802 5.9982975,50.7535303 5.9980694,50.7536082 5.9979006,50.7536613 5.9975466,50.7537874 5.9972138,50.7538648 5.9965324,50.7538056 5.9963945,50.753736 5.9962045,50.7536014 5.9960194,50.7535238 5.9958452,50.7535099 5.9954727,50.7534885 5.9945706,50.7531913 5.9941369,50.7530004 5.9938135,50.7529011 5.9937024,50.7528415 5.9935351,50.7527908 5.9933719,50.75276 5.9932693,50.7527654 5.993096,50.7528027 5.9928174,50.752982 5.9927234,50.7530015 5.9926275,50.7530028 5.9922238,50.7529381 5.9919875,50.7529414 5.9911154,50.7528641 5.9908658,50.7528623 5.9908382,50.7528621 5.9906921,50.7528872 5.9902504,50.7529345 5.9902125,50.7529348 5.9900806,50.7529357 5.9862867,50.7532061 5.9845229,50.7533966 5.9844467,50.7533345 5.9840601,50.753174 5.9838989,50.753097 5.9838746,50.7530854 5.9836422,50.7530073 5.9835614,50.752967 5.9833998,50.7529118 5.9832775,50.7528623 5.9831905,50.7528198 5.9823141,50.7533569 5.9822555,50.7533137 5.9822315,50.7532924 5.9821986,50.7533088 5.9820865,50.7533646 5.9819129,50.7534573 5.9815186,50.7536556 5.9811836,50.753815 5.9809344,50.7539223 5.9807966,50.7539713 5.9806656,50.7540214 5.9806348,50.7540254 5.9800869,50.7543272 5.9798446,50.7544467 5.9793353,50.7546324 5.9791186,50.7546489 5.979022,50.7545991 5.9788934,50.7545652 5.9787292,50.7545557 5.9785158,50.7545237 5.9785092,50.7545226 5.9784568,50.7545139 5.9781773,50.7545792 5.9779827,50.7545926 5.9776649,50.7545825 5.977549,50.7545833 5.977363,50.7545667 5.9772436,50.7545739 5.9770111,50.7545407 5.976828,50.7544976 5.9767495,50.7544902 5.97666,50.754456 5.976543,50.7543923 5.9764955,50.754353 5.976474,50.7543354 5.9764176,50.7543757 5.976368,50.7544022 5.9762914,50.7544378 5.9760367,50.7545163 5.9754792,50.7546815 5.9751254,50.7548425 5.9749869,50.7548804 5.9749196,50.7548922 5.9747827,50.7549444 5.9746918,50.7550015 5.974613,50.755065 5.974532,50.7551785 5.9743592,50.755181 5.9741915,50.7552048 5.9741404,50.7552121 5.974147,50.7552268 5.9742626,50.7554849 5.9743296,50.7555586 5.9743556,50.7556105 5.9743706,50.7556308 5.9744259,50.75567 5.974435,50.7556821 5.9744426,50.7557038 5.9744423,50.7557402 5.9744497,50.7557589 5.9744861,50.7557993 5.9744933,50.7558336 5.9744801,50.7558659 5.9744773,50.7558884 5.9744907,50.7559275 5.9745087,50.7559643 5.9745125,50.7559686 5.9745207,50.7559995 5.9745249,50.7560257 5.9745255,50.7560636 5.9745274,50.7560799 5.9745353,50.7560918 5.9745866,50.7561185 5.9745695,50.7562269 5.9746153,50.7563993 5.9746648,50.7565429 5.9747289,50.7566448 5.9747959,50.7567983 5.9748849,50.7571076 5.9749593,50.7573571 5.9750236,50.7575442 5.9751007,50.7577349 5.975122,50.7578625 5.9751183,50.7578885 5.974622,50.7582382 5.9732495,50.7593612 5.9731196,50.759456 5.9729667,50.759569 5.9728953,50.7596061 5.9728206,50.759648 5.9727614,50.7596728 5.9726415,50.7597076 5.9725293,50.7597499 5.9723627,50.7597948 5.9719059,50.7599052 5.9714301,50.7600157 5.9712003,50.7600732 5.9708985,50.7601862 5.9707499,50.7602217 5.9705771,50.7602632 5.9703688,50.7602966 5.9701452,50.7603564 5.9699933,50.760402 5.9697604,50.7604696 5.9692053,50.7606013 5.9688504,50.7606356 5.9685304,50.7606797 5.9683724,50.7606999 5.9680325,50.7607347 5.9678936,50.7607601 5.9678342,50.7607752 5.9674725,50.7608691 5.9671016,50.760931 5.966317,50.7609977 5.9663099,50.7609986 5.9656121,50.7610724 5.9656055,50.7610731 5.9648611,50.7611518 5.9646511,50.7611793 5.9641007,50.7612515 5.9640335,50.7612603 5.9634396,50.7613755 5.9630771,50.7614458 5.9629634,50.7614679 5.9627641,50.7615066 5.9627518,50.7615073 5.9619121,50.7615588 5.9609261,50.7615376 5.960909,50.7616039 5.9608798,50.7617229 5.9608487,50.7618769 5.9608363,50.7619176 5.9607912,50.7621625 5.9607615,50.7623052 5.9606634,50.7624752 5.9603802,50.7623672 5.960236,50.7623538 5.9597915,50.7622505 5.9596816,50.7622684 5.9593276,50.7623112 5.9593207,50.7623121 5.9590785,50.7623549 5.9590717,50.7623561 5.9590075,50.7623668 5.9586068,50.7622684 5.9585975,50.7622661 5.9579741,50.7621131 5.9579646,50.7621102 5.957786,50.7620229 5.9577283,50.7619944 5.9576325,50.7619444 5.9576237,50.7619398 5.9574641,50.7618456 5.9574176,50.7618247 5.9573758,50.7618059 5.9573387,50.7617893 5.9568688,50.761563 5.9562551,50.761251 5.9553593,50.7607949 5.9552099,50.7607178 5.955117,50.7607084 5.9550674,50.7607014 5.954988,50.76068 5.9547585,50.7606122 5.9546501,50.7605792 5.9545152,50.7605355 5.9544443,50.7605046 5.9544118,50.7604851 5.9543742,50.760379 5.9542258,50.7604451 5.954175,50.7604548 5.9541207,50.7604566 5.9540693,50.7604543 5.9540046,50.760451 5.9537779,50.7603327 5.9537485,50.7602983 5.9536636,50.760195 5.9536241,50.7601616 5.9535827,50.7601415 5.9534267,50.7601182 5.9533249,50.7600911 5.9532659,50.7600737 5.9532086,50.7600815 5.9531559,50.7601045 5.9531166,50.7601325 5.9530679,50.7601478 5.9529702,50.7601556 5.9529381,50.7601724 5.9529105,50.7601898 5.9528786,50.7602159 5.952828,50.7602632 5.9527925,50.7602869 5.9527649,50.7603034 5.9526675,50.7603388 5.9525442,50.7603873 5.9524615,50.7604196 5.9523752,50.7604663 5.9523278,50.7604797 5.9522754,50.7604873 5.9520994,50.7604789 5.9520246,50.760477 5.9519085,50.7604773 5.9518324,50.7605078 5.9517065,50.7605484 5.9515631,50.7605182 5.9515098,50.7604689 5.9514649,50.7604585 5.9514147,50.7604594 5.9512915,50.7604664 5.9512006,50.76047 5.9511319,50.7604637 5.9508345,50.760387 5.9506333,50.7603343 5.9504655,50.7603175 5.9503907,50.760312 5.9503121,50.7602953 5.950148,50.7602788 5.9497696,50.7601118 5.949658,50.7600867 5.9496136,50.7600728 5.9494338,50.7600703 5.9493871,50.7600531 5.9493744,50.7600471 5.9492624,50.7599872 5.9492179,50.759982 5.9491719,50.7600012 5.9491239,50.7600321 5.9490795,50.760046 5.948951,50.7600573 5.9489242,50.7600596 5.9488582,50.7600591 5.9487698,50.7600459 5.9486966,50.7600208 5.9486365,50.7600027 5.9485593,50.7599927 5.9483816,50.7599945 5.9483257,50.7599888 5.9482801,50.7599725 5.9482069,50.7599373 5.9481227,50.7598707 5.9480923,50.759847 5.9480429,50.7598238 5.9479921,50.7598034 5.9479485,50.7597859 5.9478132,50.7597738 5.947674,50.7597569 5.9474825,50.7598468 5.9474101,50.7598829 5.9473705,50.7599003 5.9473091,50.7599002 5.9471522,50.7598663 5.946991,50.7597612 5.9468657,50.7597781 5.9468083,50.7597857 5.9467368,50.759773 5.9465945,50.7598083 5.9465319,50.7598136 5.9464927,50.7598185 5.9464458,50.7597984 5.9464232,50.7597821 5.946174,50.7595864 5.9460865,50.759509 5.9459389,50.7593912 5.9457449,50.7592586 5.9457249,50.7591804 5.9456974,50.7591337 5.9456504,50.7590574 5.9453941,50.7589065 5.9453396,50.7588807 5.9453032,50.7588602 5.9451847,50.7588109 5.9450326,50.7587992 5.944982,50.7588072 5.9449568,50.7588053 5.9448484,50.7587677 5.9445851,50.7586325 5.9443609,50.7585382 5.944286,50.7584877 5.9442474,50.7584727 5.944083,50.7584269 5.9439066,50.7585062 5.9437208,50.758394 5.9435792,50.7583149 5.9434253,50.7583305 5.9433094,50.75835 5.9431214,50.7583764 5.9430622,50.7583706 5.9430329,50.758357 5.9430158,50.7583241 5.9429931,50.7582772 5.9429595,50.7582601 5.9428757,50.7582433 5.9427799,50.7582273 5.942721,50.7582308 5.9426568,50.7582492 5.9425536,50.7582257 5.9424199,50.7582037 5.9423689,50.7581716 5.9423035,50.7581699 5.9422197,50.75814 5.9421268,50.758112 5.942058,50.7581063 5.9420073,50.7580851 5.9419674,50.7580604 5.9419479,50.7580159 5.9419207,50.7580042 5.9417018,50.7580031 5.9416686,50.7579863 5.9415918,50.7579181 5.9415487,50.757943 5.9415022,50.7579576 5.9414681,50.7579625 5.9414139,50.7579619 5.9412753,50.7579486 5.9412236,50.7578891 5.9411609,50.7579012 5.9404856,50.757786 5.9403444,50.7578422 5.9401753,50.7578236 5.9400439,50.7578411 5.9400576,50.7578918 5.9399626,50.7578882 5.9397902,50.7578426 5.9396852,50.7578586 5.9395945,50.7578418 5.9394957,50.7578477 5.9392944,50.7578993 5.9391926,50.7579026 5.9390672,50.7579142 5.9390246,50.7579277 5.939013,50.7579314 5.9389951,50.757937 5.9389694,50.7579388 5.9371427,50.7571946 5.9363109,50.7568558 5.9362357,50.7568252 5.9362304,50.7568219 5.9361969,50.7568011 5.9361737,50.7567867 5.9361499,50.7568304 5.9359717,50.7569058 5.9357576,50.7569794 5.935714,50.7569275 5.9356977,50.756908 5.9355735,50.7568498 5.9353725,50.7567958 5.9351076,50.7567653 5.9350175,50.7567671 5.9348607,50.7567463 5.9346913,50.7567193 5.934559,50.7567058 5.9345009,50.7566998 5.9343169,50.7567068 5.9341306,50.7566686 5.9339279,50.756666 5.9336996,50.7566738 5.9335859,50.7566666 5.9334976,50.756659 5.9334036,50.7566479 5.9333176,50.756611 5.9331843,50.7565539 5.9329037,50.756577 5.9325688,50.7566047 5.9325587,50.7566056 5.9324213,50.7566239 5.9323591,50.7566225 5.9321818,50.7566501 5.932067,50.7566669 5.9319599,50.7566825 5.9318652,50.756705 5.9317376,50.7567526 5.9316888,50.7567708 5.9314184,50.7568458 5.9314064,50.7568506 5.931277,50.7569018 5.9312302,50.7569174 5.931187,50.7569317 5.9311802,50.7569339 5.9311053,50.7569422 5.9310638,50.7569426 5.9309814,50.756914 5.9309325,50.7568878 5.9306544,50.7567768 5.9306439,50.7567726 5.9305151,50.7567203 5.9304233,50.7566697 5.9303599,50.7566215 5.9302176,50.7564827 5.9301284,50.7564255 5.9299377,50.7562738 5.9296635,50.7561407 5.9295366,50.756081 5.9294667,50.7560506 5.9293933,50.7559838 5.9293458,50.7559552 5.9292299,50.7558966 5.929098,50.7558157 5.9286778,50.7555424 5.9282767,50.7552992 5.9280429,50.7551711 5.9278904,50.755068 5.9276711,50.7549336 5.9271739,50.7546428 5.9266261,50.7543139 5.92657,50.7542807 5.9263595,50.754156 5.9260343,50.75397 5.9258849,50.7538846 5.9243191,50.7529893 5.9231795,50.7523377 5.9224612,50.7519269 5.9224517,50.751921 5.9224497,50.7519199 5.922404,50.7518941 5.9214881,50.7513788 5.9214765,50.7513722 5.9214503,50.7513575 5.921244,50.7514261 5.9211533,50.751442 5.9208669,50.7514898 5.9206104,50.7514955 5.9204566,50.7514964 5.9200152,50.7514128 5.9191234,50.7511954 5.9186451,50.7510175 5.9183556,50.7509291 5.9177557,50.7507943 5.9170657,50.7506328 5.9168049,50.7505496 5.9162243,50.750449 5.9158277,50.7504102 5.9151811,50.7503726 5.9150807,50.7503658 5.9150782,50.7504023 5.915078,50.7504046 5.9150453,50.750486 5.9149896,50.7507224 5.9148953,50.751195 5.914834,50.7515984 5.9148001,50.7518849 5.9148001,50.7520979 5.9148151,50.7521361 5.9148246,50.7521558 5.9148699,50.7522966 5.9148906,50.7523348 5.9149422,50.7524447 5.9149798,50.7525603 5.9151063,50.7529184 5.9151738,50.7534444 5.9152188,50.7535242 5.9153159,50.7539555 5.9153125,50.7541804 5.9153652,50.7543534 5.9153901,50.7545335 5.9153827,50.7547202 5.9148884,50.7546207 5.9148719,50.7546173 5.913991,50.7543276 5.9139807,50.7543242 5.9139523,50.7543926 5.9137649,50.754844 5.9137374,50.7548998 5.9137179,50.7549485 5.913631,50.7551577 5.9135957,50.755227 5.9135725,50.7552858 5.9135649,50.7553006 5.9135417,50.7553462 5.9135477,50.7553797 5.913598,50.7554313 5.9136548,50.7556105 5.9137071,50.7557265 5.9137036,50.7557477 5.9135009,50.7557464 5.9133101,50.7557532 5.913133,50.7557596 5.9130035,50.7557311 5.9129574,50.7557292 5.912897,50.7557268 5.9128031,50.7557031 5.9125469,50.7556753 5.9124872,50.7556581 5.9123887,50.7556182 5.9122724,50.7555731 5.9122389,50.7555602 5.9122183,50.7555522 5.9121118,50.7555171 5.9120135,50.7554782 5.9116972,50.7553767 5.9113748,50.7552489 5.911283,50.7552277 5.9109183,50.755233 5.9107503,50.7552383 5.9106548,50.7552273 5.9104848,50.755106 5.9104119,50.7550685 5.9102214,50.7549479 5.9100583,50.7548391 5.9099701,50.7547935 5.9096848,50.7546201 5.9095221,50.7545316 5.9094718,50.7544987 5.9094351,50.7544685 5.9093154,50.7544022 5.9090099,50.7542188 5.9088209,50.7543856 5.9086735,50.7544934 5.9085801,50.7545872 5.9085165,50.7547482 5.9085166,50.7547899 5.9083772,50.7551994 5.9083631,50.7552817 5.9083202,50.7553873 5.908291,50.7554826 5.9082313,50.755632 5.9082166,50.755696 5.9082115,50.7556934 5.9070682,50.7551149 5.9069884,50.755161 5.9069172,50.7551905 5.9067816,50.7552479 5.9066847,50.7552851 5.9065614,50.7553293 5.9064089,50.7554054 5.9061985,50.7554818 5.9059966,50.7555059 5.9058413,50.7555021 5.9058324,50.7555002 5.9055921,50.7554476 5.9054199,50.7553653 5.9050409,50.7552411 5.9050207,50.7552417 5.9049479,50.7552441 5.9048502,50.7552238 5.9045627,50.7551091 5.9045703,50.7550554 5.9042253,50.7548593 5.9041654,50.7547044 5.9037957,50.7544111 5.9034163,50.7541678 5.9033036,50.7540038 5.9031707,50.7538537 5.9030056,50.7537117 5.9035346,50.753463 5.9035265,50.7534545 5.9028579,50.7527623 5.9024679,50.7523201 5.902186,50.7520038 5.9021123,50.7519267 5.9020577,50.7518496 5.9016301,50.7514005 5.9013885,50.7514296 5.9010232,50.7514943 5.9007984,50.7515765 5.9006735,50.7516248 5.9005448,50.7516723 5.9003505,50.7517579 5.9000884,50.7518733 5.8999042,50.7519637 5.8995954,50.7520745 5.8991835,50.7522562 5.8990887,50.7522866 5.8988566,50.7523436 5.8986368,50.7523878 5.8984287,50.7524063 5.8983283,50.7524344 5.8978858,50.7525582 5.8975515,50.7526745 5.897227,50.7528751 5.896833,50.7531465 5.8964641,50.7535453 5.89636,50.7536133 5.8962644,50.7536753 5.8961585,50.753736 5.8956344,50.7539729 5.8955621,50.7540055 5.8955495,50.7540112 5.8953518,50.7541006 5.8944577,50.7544845 5.8933165,50.7548429 5.8930487,50.7549124 5.8926994,50.7549692 5.8924475,50.755036 5.8921092,50.7552194 5.8919368,50.7552953 5.8915087,50.7554706 5.8909337,50.7557095 5.8908079,50.7557531 5.8906497,50.7558163 5.8904995,50.7559064 5.8902629,50.7560301 5.8900442,50.7561266 5.8900429,50.7561272 5.8899141,50.7561969 5.8897808,50.7562919 5.8897384,50.7563277 5.8892133,50.7571149 5.8892439,50.7572313 5.8892034,50.757472 5.8891885,50.757548 5.8892899,50.757951 5.8896642,50.7587514 5.8902155,50.7601312 5.8901824,50.7606616 5.890158,50.7619948 5.8900324,50.7625861 5.8899222,50.7631466 5.8899194,50.7631608 5.8897595,50.7637489 5.8897282,50.7639768 5.8896722,50.7642211 5.8896166,50.7643902 5.8893902,50.7652315 5.8893863,50.7653603 5.8893549,50.7654999 5.8891374,50.7658197 5.8889665,50.7661238 5.8889003,50.7661703 5.8888904,50.7662684 5.8887071,50.7666491 5.8886532,50.7667385 5.8885328,50.7669082 5.8882151,50.7672568 5.8880301,50.7675359 5.8877299,50.7678881 5.8872749,50.7686491 5.8871131,50.7688704 5.8869454,50.7691927 5.886681,50.7697871 5.886477,50.7701568 5.8840509,50.7690853 5.8825042,50.7683995 5.8762691,50.7656346 5.8762281,50.7656163 5.8750579,50.7653417 5.873955,50.7653113 5.8731112,50.7653373 5.8730447,50.7653235 5.8724314,50.7651946 5.8724117,50.7651509 5.8707825,50.7648836 5.8701986,50.7649987 5.8699761,50.7650426 5.8695896,50.7650363 5.869565,50.7650326 5.8695592,50.7650317 5.8694995,50.7650224 5.8689629,50.7649386 5.8688474,50.7648804 5.8683551,50.7647075 5.8680159,50.7645878 5.8677917,50.7645812 5.867761,50.7645803 5.8677572,50.7645802 5.8676745,50.7645777 5.8670615,50.7644915 5.8667226,50.764394 5.8662721,50.7642847 5.8662485,50.7642747 5.8659519,50.7641494 5.865615,50.764007 5.8652861,50.7638516 5.8648958,50.763667 5.8647063,50.7636462 5.8634541,50.7635087 5.8631269,50.7633729 5.8626323,50.7630177 5.8622354,50.7628012 5.8621952,50.7627793 5.8605322,50.7621014 5.860313,50.762012 5.8600032,50.761861 5.8599794,50.7618493 5.8599636,50.7618391 5.8599498,50.7618301 5.859258,50.761377 5.8581414,50.7607796 5.8578764,50.7606259 5.8574974,50.7603925 5.8571757,50.7601944 5.8568842,50.7600149 5.8549984,50.7588536 5.8539669,50.7582021 5.853699,50.7580701 5.8535603,50.7580283 5.8534631,50.7579991 5.8532689,50.7579156 5.8529636,50.7577138 5.8522968,50.7572167 5.8521996,50.7571357 5.8519027,50.7568444 5.8517797,50.7566764 5.8489698,50.7534646 5.8489678,50.7534624 5.8489201,50.7534078 5.8482719,50.7549152 5.8482024,50.7550966 5.8481427,50.7552792 5.8481036,50.7554262 5.8480643,50.7556118 5.8480405,50.7557602 5.8480224,50.7559395 5.8479642,50.7571484 5.8479481,50.7573347 5.8479203,50.7575202 5.8478883,50.7576681 5.847833,50.7578521 5.8477522,50.7580616 5.8472865,50.7591483 5.8471915,50.7593515 5.8470729,50.7595995 5.8469964,50.7597529 5.8469028,50.7599555 5.8463959,50.7611365 5.8463091,50.7613402 5.846218,50.7615585 5.846165,50.761688 5.8461162,50.7618123 5.84607,50.761933 5.8460204,50.7620706 5.8459768,50.7621983 5.8459308,50.7623431 5.8458888,50.7624848 5.8458268,50.7627081 5.8457699,50.7629319 5.8455853,50.7636841 5.8455465,50.763834 5.8455087,50.7639799 5.8454554,50.7641703 5.8454053,50.7643385 5.8453609,50.7644833 5.845314,50.7646262 5.8452585,50.7647879 5.8450377,50.7653708 5.8448916,50.7653338 5.8444189,50.7652137 5.8439459,50.7650833 5.8434332,50.7649395 5.8432254,50.7648744 5.8426086,50.764706 5.84169,50.7644793 5.840875,50.7642752 5.8406035,50.7642043 5.8399877,50.7640348 5.8395651,50.7639112 5.8393823,50.7638558 5.8391992,50.763791 5.8390081,50.7637193 5.838586,50.7635417 5.8383576,50.7634421 5.8381387,50.763344 5.8377078,50.7631359 5.8374832,50.7630078 5.8368718,50.7626591 5.8366577,50.7625728 5.8364349,50.7624745 5.8361999,50.762353 5.835866,50.7621501 5.8355094,50.761913 5.8351409,50.7616818 5.8347433,50.7614415 5.8343603,50.7612208 5.8339869,50.7610121 5.8338366,50.7609259 5.8337373,50.7608707 5.833583,50.760785 5.8334031,50.7606765 5.8332101,50.7605539 5.8330084,50.7604184 5.8328488,50.7603025 5.8326578,50.7601535 5.832507,50.7600176 5.8323439,50.7598656 5.8318425,50.759344 5.8317806,50.7592869 5.8311257,50.7588574 5.8310202,50.7587766 5.8309147,50.7586313 5.8307599,50.7585594 5.8306776,50.7585392 5.8300111,50.7585631 5.8298014,50.7585895 5.8287903,50.7587032 5.8273105,50.7588594 5.8265541,50.7589336 5.8263952,50.7589426 5.8263569,50.7589439 5.8253345,50.7589396 5.8247059,50.7589628 5.8244067,50.7589597 5.8235577,50.7588865 5.8227111,50.758824 5.8224331,50.7587961 5.8221183,50.7587529 5.8218699,50.7587081 5.8215796,50.7586451 5.8210334,50.7585093 5.8205948,50.758387 5.8200921,50.7582159 5.819847,50.7581247 5.8196085,50.7580247 5.8189078,50.757706 5.8178149,50.7572382 5.8169021,50.7568899 5.8159264,50.7565629 5.8156388,50.7564721 5.8151453,50.7563321 5.8146964,50.7562202 5.8144169,50.7561631 5.8142018,50.7561384 5.8135276,50.7560864 5.8130219,50.7560408 5.8125877,50.7560109 5.8122096,50.7560002 5.8116383,50.7559899 5.8107939,50.7559546 5.8102727,50.7559261 5.8097584,50.7558915 5.8094212,50.7558885 5.8092335,50.7558931 5.8091317,50.7559012 5.8087901,50.7559282 5.8076956,50.7560448 5.807621,50.7560544 5.8074819,50.7560894 5.8074117,50.7561189 5.8073292,50.7561757 5.8073564,50.7561904 5.8072458,50.7562996 5.8064106,50.7571238 5.8052608,50.7582585 5.8050921,50.7584249 5.8050584,50.7584582 5.80405,50.7594533 5.804005,50.7594979 5.8039712,50.7595311 5.8022873,50.7611875 5.802281,50.7611937 5.8022554,50.7612189 5.802245,50.7612291 5.8018824,50.7615857 5.8016766,50.7617882 5.8015947,50.7618687 5.8015349,50.7619276 5.8013805,50.7620794 5.8013022,50.7621564 5.801085,50.7623701 5.8010067,50.7624471 5.8001679,50.7632721 5.8001673,50.7632726 5.8001513,50.7632886 5.8000929,50.7633471 5.7985717,50.7648663 5.79851,50.764928 5.7976503,50.7657867 5.7964623,50.7669734 5.7964514,50.7669842 5.7964137,50.767022 5.7959237,50.7675114 5.7957955,50.7676394 5.7955095,50.767925 5.7948921,50.7685417 5.7948725,50.7685613 5.7947836,50.76865 5.7947733,50.7686604 5.7944388,50.7689922 5.7937372,50.7696882 5.7932414,50.7701798 5.7932216,50.770199 5.7921313,50.7697739 5.7917883,50.7696349 5.7914531,50.769492 5.7901325,50.7688913 5.7897347,50.7687036 5.7894844,50.7685787 5.7889967,50.7683225 5.7886573,50.7681588 5.7885386,50.7681078 5.7882898,50.7680134 5.7879213,50.7678889 5.7875422,50.7677722 5.7874092,50.7677364 5.7871341,50.7676739 5.7864541,50.7675571 5.7860479,50.767485 5.7852382,50.7673279 5.7848699,50.7672474 5.7845027,50.7671692 5.7844829,50.7672009 5.7844765,50.7672112 5.7818847,50.7714125 5.781347,50.7713447 5.7808532,50.772382 5.7806826,50.7726812 5.7804837,50.7729443 5.7803999,50.7730962 5.7803353,50.77334 5.7802727,50.773563 5.7802301,50.7736159 5.7800147,50.7738829 5.7799029,50.7741771 5.7798403,50.774203 5.7798014,50.7742191 5.7797149,50.7743093 5.7796828,50.7743428 5.7793687,50.7754958 5.7793323,50.7756407 5.7791998,50.7761683 5.7789834,50.7768999 5.7787706,50.777615 5.778709,50.7777867 5.778113,50.7794473 5.7776441,50.7803433 5.7775878,50.7804509 5.7775644,50.7804956 5.7775453,50.7805321 5.7772426,50.7811105 5.7766476,50.7822472 5.7770921,50.7828879 5.7773672,50.7829555 5.7765954,50.7830145 5.7735752,50.7832452 5.7732166,50.7831422 5.7730053,50.7830949 5.7727883,50.7830582 5.772567,50.7830348 5.7723468,50.7830162 5.7717475,50.7829839 5.7704269,50.782927 5.7697725,50.7828865 5.7691612,50.7828252 5.7690589,50.7828216 5.7690306,50.7828203 5.7687552,50.782807 5.7685599,50.782795 5.7683542,50.7827749 5.7671524,50.7826485 5.7661076,50.782573 5.765811,50.7825459 5.7651952,50.7820907 5.7647187,50.7817385 5.7640952,50.7812775 5.7635117,50.7808461 5.7630097,50.780475 5.7626406,50.7802021 5.7626369,50.7801994 5.7623253,50.779969 5.7623037,50.779953 5.7620412,50.7797589 5.7620191,50.7797427 5.7608312,50.7788643 5.7601456,50.7785294 5.7601007,50.7785074 5.759563,50.7779566 5.7588264,50.7782006 5.7585348,50.7779664 5.7584851,50.7779267 5.7583698,50.7776939 5.7582541,50.7775204 5.7580936,50.7773119 5.7578664,50.7770711 5.7576353,50.7768364 5.7564618,50.775736 5.7562214,50.7755058 5.7559799,50.7752771 5.7558502,50.7751449 5.7557765,50.775019 5.7557236,50.7750255 5.7548935,50.7751272 5.754558,50.7751894 5.7543899,50.7750615 5.754317,50.775006 5.754089,50.7748326 5.7534815,50.7743705 5.7534522,50.7743462 5.752345,50.7734285 5.7518688,50.7736799 5.7511538,50.7728308 5.750536,50.772294 5.7505178,50.772279 5.7503637,50.7721505 5.7500297,50.7719078 5.7496579,50.7717838 5.7495537,50.7717491 5.7493886,50.7716941 5.7493455,50.7716803 5.7492536,50.7716512 5.7488308,50.7715178 5.7488004,50.7715082 5.7482625,50.7712206 5.7470886,50.770485 5.7469673,50.7703741 5.7465837,50.7700236 5.7460627,50.7695549 5.7463417,50.7693827 5.7460779,50.7692117 5.7460641,50.7692072 5.7459973,50.769185 5.7450369,50.7688689 5.7448957,50.7688217 5.7452719,50.7684015 5.744365,50.7680111 5.743821,50.7675148 5.743277,50.7670184 5.7432603,50.7670032 5.7431169,50.7667809 5.7428016,50.7662921 5.7425444,50.7658934 5.742241,50.765423 5.7422122,50.7653782 5.7421752,50.7653209 5.7421214,50.7651783 5.7420282,50.7649832 5.7418915,50.7646971 5.7416273,50.7647493 5.7415259,50.7645804 5.7411677,50.763984 5.7411576,50.7639673 5.7411395,50.763937 5.7411318,50.7639255 5.7405548,50.7630669 5.7405457,50.7630531 5.7405188,50.7630133 5.7406011,50.7630066 5.7407585,50.7630865 5.7408686,50.7630932 5.7410595,50.7630592 5.7411482,50.7630137 5.74123,50.762853 5.7412242,50.7627985 5.7410869,50.7626653 5.7411632,50.7625864 5.7412405,50.7624661 5.7412841,50.7624363 5.7412965,50.7623323 5.7414373,50.7622858 5.7413776,50.7621686 5.7413172,50.7621322 5.7413106,50.762071 5.741272,50.7620551 5.7412398,50.7620418 5.7411843,50.7620186 5.740875,50.7618895 5.7404744,50.7614649 5.7404647,50.7614545 5.7404595,50.761449 5.7404275,50.7614152 5.7404771,50.7614053 5.740719,50.7613565 5.7415,50.7611783 5.7415716,50.761162 5.7415369,50.761113 5.7414991,50.76106 5.7412051,50.7606485 5.7408293,50.760171 5.7408523,50.7599853 5.7407159,50.7597548 5.7406974,50.7597234 5.7406589,50.7596583 5.7404828,50.7593603 5.7403112,50.7590734 5.7400484,50.7586338 5.7399962,50.75855 5.7399692,50.7585068 5.7397879,50.7582157 5.739612,50.7579332 5.7394223,50.7576259 5.7391789,50.7570739 5.7385453,50.7571 5.738277,50.7571126 5.7381812,50.7571209 5.7380708,50.7571306 5.7376172,50.7571769 5.7375555,50.7571832 5.737032,50.7572365 5.7360027,50.7573408 5.7354704,50.7574449 5.735165,50.757481 5.7350849,50.7574826 5.7349141,50.7574721 5.7348025,50.7574599 5.7347774,50.7574571 5.7347324,50.7574508 5.7340224,50.7573479 5.7337107,50.7573358 5.7327504,50.7572986 5.7327445,50.7572986 5.7321259,50.7572994 5.7317068,50.7573081 5.7317004,50.7573082 5.7311061,50.7573297 5.7308404,50.7573407 5.7308164,50.7573418 5.7305654,50.7573605 5.7305113,50.7573771 5.7304625,50.7573925 5.7304284,50.7574032 5.7303876,50.757416 5.7303225,50.757598 5.7302463,50.7578541 5.7302398,50.7579218 5.7302529,50.7582119 5.73026,50.7582665 5.7302294,50.7582719 5.7302216,50.7582733 5.7299789,50.7583243 5.729763,50.7583721 5.7296203,50.7584037 5.7296102,50.7584061 5.7290049,50.7585497 5.7275434,50.7590116 5.7274773,50.7590351 5.7273708,50.759073 5.7273126,50.7590937 5.7272853,50.7591034 5.72698,50.7592121 5.726914,50.7592356 5.7266348,50.7593308 5.726404,50.7594149 5.7256135,50.7599392 5.725517,50.7600018 5.7248971,50.7604075 5.7240123,50.7609059 5.7241791,50.7610401 5.7242491,50.7610963 5.7246526,50.7614209 5.7246196,50.7614398 5.7245968,50.7614528 5.7245859,50.761459 5.7245677,50.7614694 5.7245471,50.7614813 5.7243274,50.7614595 5.7243501,50.7614794 5.7243546,50.7614833 5.7244937,50.7616048 5.7240769,50.761781 5.7236139,50.7619767 5.7238939,50.7622287 5.7237577,50.7622864 5.7234777,50.7624052 5.7233884,50.762324 5.7223177,50.7627816 5.7227824,50.7631331 5.7220241,50.7634943 5.722131,50.7635312 5.7222927,50.763587 5.722842,50.7637764 5.722847,50.7637782 5.7225551,50.7639245 5.7225493,50.7639272 5.7221533,50.764115 5.7217303,50.7642494 5.7214824,50.7643282 5.7213232,50.7643789 5.7213037,50.7643852 5.7211302,50.7644403 5.7209069,50.7645114 5.7202665,50.7647151 5.7199114,50.7640827 5.71979,50.763892 5.719662,50.7636643 5.7196117,50.7635751 5.7195208,50.7634473 5.7194292,50.7633257 5.7194058,50.7632946 5.7193432,50.763231 5.7191351,50.7630189 5.7191167,50.7630005 5.7189367,50.7628275 5.7181662,50.7620871 5.7178051,50.7617293 5.7176778,50.7616031 5.7175467,50.7614732 5.7174734,50.7614006 5.717326,50.7612544 5.7172655,50.7612113 5.7169948,50.7610185 5.7169581,50.7609923 5.7168576,50.7609207 5.7165776,50.7607212 5.7164725,50.7606462 5.7164555,50.7606345 5.7164225,50.7606116 5.716187,50.7604486 5.7160859,50.7603786 5.7160757,50.7603715 5.7160187,50.760332 5.7158705,50.7602055 5.7157462,50.7600564 5.7156328,50.7598781 5.7156197,50.7598798 5.7143946,50.7600417 5.7135614,50.7601519 5.7136684,50.7606837 5.7131528,50.7607596 5.7127092,50.7608248 5.7126898,50.7608277 5.7126445,50.7608345 5.7126322,50.7608363 5.7126246,50.7608375 5.7126482,50.7609458 5.7122925,50.7609606 5.7121539,50.7604793 5.7117652,50.7605174 5.7116605,50.7605276 5.7116594,50.7604941 5.7116425,50.7604896 5.7116396,50.760489 5.7115808,50.7604756 5.7115751,50.7604748 5.7115159,50.760493 5.7115156,50.7604931 5.7114513,50.7605119 5.7112641,50.7605407 5.7111069,50.760576 5.7108546,50.7606736 5.7106288,50.7607906 5.7106275,50.7607869 5.710235,50.7598115 5.7088975,50.759935 5.7088142,50.7596667 5.708795,50.7596046 5.7087819,50.7595626 5.7087593,50.759457 5.7087583,50.7594526 5.7086737,50.7590592 5.7086792,50.7590114 5.7086431,50.759011 5.708196,50.7590046 5.7074064,50.759013 5.7073682,50.7589359 5.7073408,50.7588807 5.7070465,50.7582873 5.7069763,50.7582855 5.7062899,50.7582683 5.7057907,50.7582901 5.7057881,50.7582902 5.7056472,50.7583011 5.7054942,50.758313 5.7052971,50.7583393 5.7052658,50.7583446 5.7051735,50.7583601 5.7051493,50.7583643 5.7047946,50.7584247 5.7047734,50.7584284 5.7046633,50.7584496 5.7046355,50.7584548 5.7046205,50.7584578 5.7044685,50.7584869 5.7043829,50.7585034 5.7043477,50.75851 5.7042669,50.7585252 5.7041715,50.7585433 5.7040378,50.7585729 5.7039606,50.7585892 5.7037223,50.7586397 5.7035415,50.7586787 5.7032857,50.7587348 5.7031772,50.7587585 5.7030791,50.7587828 5.7030302,50.7587949 5.7029615,50.7588119 5.7029576,50.7588129 5.7026097,50.7588989 5.7025856,50.7589049 5.7025686,50.7589092 5.7025526,50.7589132 5.7022432,50.7583502 5.7020515,50.7579613 5.7019555,50.7577969 5.7016392,50.7573587 5.7013959,50.7570331 5.7010726,50.7567203 5.7007842,50.7564744 5.7006843,50.7564009 5.7002604,50.7560888 5.6998765,50.7557991 5.6997368,50.7556936 5.6995177,50.7555095 5.6995176,50.7555094 5.6994087,50.7554093 5.6992221,50.7553289 5.6990273,50.7552748 5.698944,50.7552705 5.6988167,50.755264 5.6986542,50.75528 5.6984917,50.755296 5.6980459,50.7553505 5.6979896,50.7553485 5.6978817,50.7553447 5.6977109,50.7553197 5.6971653,50.7552241 5.6971361,50.75522 5.6971202,50.7552177 5.697058,50.7552089 5.6965956,50.7551436 5.6961149,50.7550477 5.6960647,50.7550379 5.6960075,50.7550266 5.69598,50.7550213 5.6959674,50.7550189 5.6958552,50.7549835 5.6952917,50.7548061 5.69518,50.7547829 5.695094,50.754765 5.6947886,50.7547768 5.6942215,50.7548606 5.6925371,50.7551095 5.6924177,50.7551455 5.6923897,50.7551539 5.6905742,50.7554135 5.6901513,50.7554739 5.688475,50.7557137 5.6883803,50.7558201 5.6883065,50.7558917 5.688254,50.7559389 5.6882255,50.7559646 5.688222,50.7559677 5.6881838,50.7559958 5.6881823,50.7559969 5.6881282,50.7560368 5.6880852,50.7560673 5.6880047,50.7561217 5.6879455,50.7561559 5.6879267,50.7562215 5.6879351,50.7568942 5.6880541,50.7573395 5.6880547,50.7574169 5.6880546,50.7574561 5.6879745,50.757577 5.6878205,50.7576808 5.687757,50.7576956 5.6874446,50.7576861 5.6871805,50.7576373 5.6865709,50.7575503 5.6864414,50.7575464 5.6864197,50.7575465 5.6863553,50.7575446 5.6862755,50.7575421 5.6862751,50.7575421 5.6860942,50.7575502 5.685987,50.7575638 5.6859169,50.7575727 5.6851447,50.7576805 5.6851446,50.7576805 5.6851424,50.7576805 5.684999,50.7576794 5.6849585,50.7576732 5.6849019,50.7576645 5.6847887,50.7576226 5.6847843,50.757621 5.6847815,50.7576199 5.6847317,50.7576015 5.6845297,50.7575301 5.684526,50.7575291 5.6844547,50.7575101 5.6844501,50.7575089 5.684083,50.7574898 5.6837926,50.7574901 5.6835214,50.7574978 5.6834005,50.7575013 5.6832012,50.7575069 5.683082,50.7575103 5.6827981,50.7575183 5.6827623,50.7575193 5.6827065,50.7575209 5.6821716,50.7575343 5.6820582,50.7575348 5.6819699,50.7588581 5.6821797,50.7599719 5.6828302,50.7612582 5.683816,50.7623614 5.6846663,50.7632293 5.6850317,50.7636023 5.6872713,50.765258 5.6886568,50.7663287 5.6898786,50.7672729 5.6901845,50.7675874 5.6906937,50.7681109 5.6907144,50.7681301 5.6921842,50.7694888 5.6928627,50.7701161 5.6937524,50.7709386 5.6940419,50.7712494 5.6952095,50.772503 5.695888,50.7733859 5.6970826,50.7749404 5.6973659,50.7753091 5.6979915,50.7766044 5.6982844,50.7774776 5.6983514,50.7777897 5.6985891,50.7788977 5.6987439,50.7796192 5.6987731,50.7803622 5.6987867,50.7807104 5.698798,50.7809961 5.6988237,50.7816519 5.698756,50.782515 5.6987063,50.7831486 5.6984908,50.7842143 5.6982843,50.7851662 5.6976771,50.7870485 5.6973282,50.7877754 5.6970769,50.7882991 5.6956872,50.791352 5.6945951,50.7941442 5.6939763,50.796636 5.6936637,50.7988264 5.6935924,50.799496 5.6935445,50.8001156 5.6935883,50.8026759 5.6935942,50.8030342 5.693635,50.8055097 5.6938171,50.8104497 5.6938511,50.8113835 5.693856,50.811516 5.693817,50.8115268 5.6938177,50.811527 5.6923589,50.8119331 5.6922315,50.8119685 5.6916796,50.8121222 5.6916702,50.812117 5.6911701,50.8118413 5.6911576,50.8118414 5.6902303,50.8118466 5.69017,50.8118387 5.690032,50.8118205 5.6899311,50.8118057 5.6897577,50.8117824 5.6896552,50.8117679 5.689585,50.8117568 5.6894883,50.8117427 5.6892839,50.8117124 5.6891823,50.8116957 5.6891272,50.8116874 5.6890539,50.8116764 5.6890012,50.811667 5.6887736,50.8116266 5.6886146,50.8118698 5.6878772,50.8119233 5.6875853,50.8119666 5.6868856,50.8120698 5.6869186,50.8123144 5.6866684,50.8123058 5.6865456,50.8122765 5.6862217,50.8122514 5.6859939,50.812224 5.6859259,50.8124923 5.6856583,50.812556 5.6853363,50.8126277 5.6851956,50.8126537 5.6848908,50.8127364 5.6848402,50.8127501 5.6845689,50.8128218 5.6845208,50.8128291 5.6842709,50.81309 5.6842644,50.8131543 5.6842918,50.813289 5.6843243,50.8133192 5.6843355,50.8133422 5.6843602,50.8134202 5.6841971,50.8134064 5.6835821,50.813318 5.6832842,50.8132601 5.6831972,50.813236 5.6830925,50.8132021 5.682922,50.8131254 5.6828213,50.8130408 5.6825584,50.8128382 5.682417,50.8126609 5.6822149,50.8124195 5.6820982,50.8123409 5.681936,50.8122378 5.6818057,50.8121873 5.6816814,50.8121392 5.6815524,50.8121129 5.6812442,50.8121311 5.6808217,50.8120404 5.6807523,50.8120379 5.6806022,50.8120317 5.6805315,50.8120584 5.6804092,50.8121681 5.6804049,50.812173 5.6802403,50.8123108 5.6800403,50.8124949 5.679902,50.8126946 5.6797198,50.8130999 5.6796528,50.8133752 5.6796426,50.8134171 5.679631,50.8134411 5.6795886,50.813565 5.6796399,50.813594 5.679661,50.8136234 5.6796314,50.8137713 5.6796286,50.8137961 5.6796198,50.814109 5.6794204,50.8147113 5.6793991,50.8147447 5.6792966,50.8147948 5.6790688,50.814834 5.6789584,50.8148441 5.6785652,50.8150176 5.6784889,50.8150513 5.6784559,50.8150658 5.6783749,50.8156054 5.6784199,50.8156136 5.6783915,50.8157888 5.678283,50.8164684 5.6779582,50.8164417 5.6775049,50.8164044 5.6774969,50.8164038 5.6754221,50.8162373 5.6747512,50.8161924 5.6746681,50.8161776 5.6746367,50.8161721 5.6741476,50.8161157 5.6739689,50.8161145 5.6736373,50.8160733 5.6731733,50.8159955 5.6731416,50.8160273 5.6731368,50.8160335 5.6729304,50.8163027 5.6728339,50.816626 5.6728239,50.8166623 5.6727949,50.8167672 5.6727915,50.8167808 5.6727866,50.8168007 5.6727514,50.8169457 5.6726591,50.8169514 5.6725196,50.8169597 5.6724986,50.816961 5.6708634,50.8170588 5.6704229,50.8170851 5.6704253,50.8171454 5.6698962,50.8172476 5.6696719,50.8172463 5.6697486,50.8172755 5.6698991,50.8173547 5.6699065,50.8173713 5.6698125,50.817434 5.6696881,50.8175909 5.6695829,50.8176565 5.669454,50.8178503 5.6694444,50.8178481 5.6690709,50.8177586 5.6688782,50.8177411 5.6686328,50.817735 5.6685692,50.8177334 5.6684582,50.8177303 5.6683772,50.8177316 5.66815,50.8177327 5.6680762,50.8177373 5.668002,50.8175156 5.6679996,50.8173628 5.6679607,50.8168481 5.6679411,50.8167776 5.6676976,50.816543 5.6676482,50.8165444 5.6672876,50.8166081 5.6669299,50.8166882 5.6666778,50.816758 5.6663944,50.8168295 5.6663732,50.8169493 5.6664946,50.8170442 5.6667267,50.8172546 5.6666917,50.8172588 5.6665606,50.8172731 5.6659944,50.8172688 5.6659887,50.8172179 5.665535,50.8172323 5.6654928,50.81718 5.6653243,50.8172242 5.6652902,50.8171673 5.6651918,50.8170382 5.6642724,50.8171871 5.6642428,50.8172175 5.6640783,50.8173935 5.6639179,50.8175612 5.6638048,50.8177207 5.6637301,50.8178119 5.6632408,50.8180412 5.6631839,50.818066 5.6628749,50.8181319 5.6626442,50.8181811 5.6620207,50.8182594 5.6617933,50.8182811 5.6615105,50.8183081 5.6613483,50.8183235 5.6610041,50.8183523 5.6607233,50.8183647 5.660372,50.8183949 5.6600891,50.8184096 5.6597783,50.818429 5.6590098,50.8184816 5.6586172,50.8186372 5.6585016,50.818683 5.6575982,50.8190408 5.6575478,50.8190582 5.6574257,50.8191001 5.6574002,50.8191075 5.6572287,50.8191577 5.6569651,50.8192348 5.6562666,50.8193463 5.6562495,50.819349 5.6560805,50.8193544 5.6558757,50.8193609 5.655863,50.8193613 5.6558572,50.8193627 5.655728,50.8193943 5.6556778,50.8194205 5.6556685,50.8194253 5.6554728,50.8195254 5.6553839,50.8195571 5.6550456,50.8196854 5.6549791,50.8197092 5.6547494,50.8197913 5.6545874,50.8198287 5.65418,50.8199744 5.6541094,50.8200203 5.6540375,50.8200579 5.6539909,50.8200822 5.6540371,50.8201242 5.6541346,50.8201753 5.6542763,50.8203075 5.6546158,50.8205789 5.654693,50.8206193 5.6548683,50.8207192 5.6552327,50.8209362 5.6551649,50.8209661 5.6551472,50.820972 5.6547979,50.8210888 5.6544977,50.8211991 5.6543393,50.8212686 5.654779,50.821592 5.6549846,50.8217487 5.6550052,50.8217657 5.6553178,50.8220211 5.6554311,50.8221296 5.655445,50.822143 5.6554535,50.8221496 5.6556924,50.8224041 5.6558558,50.8225763 5.6558653,50.8225863 5.6559667,50.8226917 5.6559686,50.8226937 5.655983,50.8227129 5.6562023,50.8229175 5.6562437,50.8229632 5.6562445,50.8229641 5.656456,50.8231578 5.6560799,50.8234108 5.6558188,50.8235864 5.6557473,50.8236345 5.6555065,50.8237964 5.6561778,50.8242896 5.6560738,50.8243614 5.6560702,50.824364 5.655921,50.8244739 5.6559169,50.8244768 5.6557058,50.8246262 5.6557046,50.8246271 5.655289,50.824926 5.6552281,50.8249698 5.6552219,50.8249743 5.6551969,50.824992 5.6551576,50.8250198 5.655095,50.8250634 5.6550943,50.8250639 5.6550064,50.8251278 5.6548973,50.8252069 5.6548971,50.8252071 5.6546473,50.8253871 5.6546422,50.8253908 5.6545783,50.8254363 5.6544978,50.8254936 5.654411,50.8255555 5.6543876,50.8255721 5.6542643,50.8256595 5.6541098,50.825769 5.653943,50.8258872 5.6539337,50.8258938 5.6538101,50.8259819 5.6538008,50.8259884 5.6535778,50.8261472 5.6535353,50.8261774 5.6535007,50.8262021 5.6530339,50.8265234 5.6530212,50.8265322 5.6518783,50.827484 5.6518701,50.8274926 5.6518553,50.8275079 5.6513781,50.8272674 5.6509962,50.8270936 5.6502997,50.8267966 5.6493089,50.8263749 5.6492754,50.8263607 5.6492038,50.8264223 5.6491466,50.826469 5.6491076,50.8265005 5.6489732,50.8266279 5.6488963,50.8267026 5.6488622,50.8267544 5.648841,50.8268101 5.6488387,50.8268479 5.6488404,50.8268784 5.6488482,50.8269058 5.6488716,50.8269401 5.6489001,50.8269777 5.64897,50.827039 5.6491766,50.8273736 5.6494557,50.8277574 5.649507,50.8278383 5.6499834,50.8283451 5.6503057,50.829112 5.6503267,50.8291661 5.6502966,50.829411 5.6502953,50.8299533 5.6504199,50.8301364 5.6509108,50.8307524 5.6510924,50.8309722 5.651174,50.8312611 5.6513605,50.831831 5.651372,50.8319769 5.6513825,50.8319918 5.651174,50.8323376 5.6509429,50.8327183 5.6509315,50.8327675 5.650805,50.8329479 5.6500779,50.8338334 5.6500339,50.8338925 5.6491623,50.8335539 5.6483343,50.8332182 5.6482771,50.8332805 5.6482744,50.8332923 5.648224,50.8335101 5.648122,50.8342398 5.6480516,50.8346874 5.6479548,50.835007 5.6478633,50.8351405 5.6472121,50.8358261 5.647419,50.8359323 5.6467674,50.8363811 5.6460394,50.8367644 5.6455531,50.8370298 5.6453965,50.8371085 5.6452442,50.8371865 5.6437316,50.8379361 5.6439274,50.8381121 5.6440735,50.8382435 5.6441734,50.8383332 5.6442248,50.8383795 5.6443694,50.8385095 5.6445198,50.8386447 5.6445955,50.8387127 5.6446021,50.8387188 5.6447296,50.8388348 5.6450421,50.839119 5.6451822,50.8392464 5.6453457,50.8393951 5.6448143,50.8395834 5.6446534,50.8396404 5.6444915,50.8396977 5.6443289,50.8397553 5.644167,50.8398127 5.6440415,50.8398571 5.644031,50.8398608 5.6439238,50.8399077 5.6438078,50.8399584 5.6436899,50.84001 5.6434405,50.840119 5.643424,50.8401263 5.643258,50.8401972 5.6431168,50.8402576 5.6429763,50.8403176 5.6425968,50.8404798 5.6418538,50.8407932 5.6427929,50.8414672 5.6419984,50.842186 5.6419982,50.8421862 5.6412247,50.8428861 5.6412185,50.8428917 5.6412395,50.8428934 5.6414964,50.8429391 5.6418432,50.8430075 5.6422936,50.8430911 5.6422539,50.8431283 5.6407594,50.8445285 5.6404576,50.844843 5.6401243,50.8452611 5.6398556,50.8455799 5.6395548,50.8459413 5.6391699,50.8463137 5.6392189,50.8463338 5.6392035,50.8463928 5.6388743,50.8476434 5.6388661,50.8476745 5.639713,50.8476937 5.64021,50.8476987 5.6407661,50.847697 5.640753,50.8477457 5.6407521,50.8477488 5.640287,50.8494655 5.6408082,50.8495489 5.640986,50.8495998 5.6415158,50.8497518 5.6417761,50.8498241 5.6420276,50.8498939 5.6420349,50.849896 5.6427085,50.8500805 5.6425289,50.8503076 5.6421546,50.8508084 5.641884,50.8511606 5.641836,50.8517996 5.641791,50.8519674 5.6417488,50.8521702 5.6417724,50.8522683 5.6417847,50.852395 5.6416948,50.8525415 5.6415518,50.8526694 5.6412708,50.8529008 5.6409006,50.8532488 5.6404508,50.8536095 5.640326,50.853725 5.6403349,50.8537414 5.6409342,50.8542157 5.6412873,50.8545163 5.6419217,50.8552447 5.642262,50.8555978 5.6427318,50.8560238 5.6435136,50.8567838 5.6416856,50.8575548 5.6418674,50.8576657 5.6422077,50.8578732 5.642559,50.8580977 5.6429554,50.8583426 5.6431205,50.8584444 5.6436461,50.858786 5.6436657,50.8587985 5.6437198,50.8588329 5.6437914,50.8588784 5.6427047,50.8590723 5.6418018,50.8592479 5.6419066,50.8593314 5.6420884,50.8594278 5.6419674,50.8595158 5.6423068,50.8597163 5.6428633,50.8600399 5.6428694,50.8600436 5.6429633,50.8600999 5.6429867,50.860114 5.6436165,50.8604829 5.6436017,50.8604932 5.6435537,50.8605263 5.642311,50.8613866 5.6422787,50.8614075 5.6424985,50.8615553 5.6424995,50.861556 5.6427156,50.8617018 5.6427193,50.8617043 5.6428888,50.8618184 5.643066,50.8619378 5.6430321,50.8619679 5.6433056,50.8621568 5.6431432,50.8622355 5.6435056,50.8625268 5.6439717,50.8629015 5.6439976,50.862916 5.6440054,50.8629204 5.6434443,50.8632255 5.6432773,50.8633068 5.642578,50.8636471 5.6416647,50.8641616 5.6424459,50.864559 5.6432628,50.8649853 5.6440911,50.8654391 5.6448963,50.8658583 5.6454315,50.8660939 5.6459212,50.8662924 5.6465715,50.8665847 5.6472014,50.8668842 5.647299,50.8669306 5.648006,50.8673843 5.6484369,50.8676556 5.6486944,50.8678379 5.6488462,50.8679473 5.6491062,50.8681481 5.6494571,50.8683355 5.6494721,50.8683435 5.6490331,50.8686596 5.6487561,50.8687506 5.6479615,50.86899 5.6477878,50.8690741 5.6476344,50.8691771 5.6473663,50.8693908 5.6468353,50.8697924 5.6461382,50.8702801 5.6456533,50.8706404 5.6455222,50.870722 5.6445043,50.8711959 5.6441593,50.8713498 5.6441844,50.8713665 5.6451421,50.8720002 5.6455273,50.8722552 5.6458734,50.8724842 5.6459241,50.8725177 5.6468478,50.8731268 5.6469351,50.8730767 5.647067,50.8731631 5.647082,50.8731729 5.6478878,50.8737079 5.6485462,50.8733248 5.6485662,50.8733376 5.6494058,50.8738712 5.6496245,50.87401 5.6496323,50.874015 5.6503224,50.8744558 5.6513058,50.8750805 5.6513234,50.8750917 5.6523379,50.8745322 5.6533362,50.8739789 5.6533674,50.8740013 5.6540664,50.8745028 5.6544648,50.8747939 5.6544798,50.8748073 5.6549951,50.8752702 5.6556179,50.8758298 5.6556264,50.8758374 5.6557666,50.8759633 5.6564424,50.8765686 5.6567021,50.8763755 5.6569955,50.8765473 5.6572819,50.8763131 5.6579073,50.8766621 5.6585963,50.8761847 5.6595971,50.8766932 5.6609844,50.8773934 5.6609853,50.8773939 5.6610066,50.8774047 5.660658,50.8777255 5.6606854,50.8777402 5.6607123,50.8777546 5.6615438,50.8781995 5.6616777,50.878665 5.6629066,50.878859 5.6636386,50.8789746 5.6636474,50.878976 5.6639173,50.8790188 5.6642801,50.8791803 5.6643001,50.8791895 5.664619,50.8793361 5.6646259,50.8793387 5.6647758,50.8793942 5.6647917,50.879399 5.6649979,50.8794614 5.6650428,50.879475 5.6653378,50.879573 5.6653605,50.8795805 5.6656703,50.8796828 5.6656905,50.8796894 5.6660248,50.8797968 5.6660344,50.8797999 5.6661552,50.8798439 5.66643,50.8799495 5.6664332,50.8799508 5.6667427,50.880079 5.6667444,50.8800797 5.6667748,50.8800923 5.6668125,50.880109 5.6668555,50.880128 5.6669164,50.8801554 5.6669254,50.8801586 5.6673322,50.8803067 5.6673533,50.8803144 5.6676019,50.8804203 5.6676248,50.88043 5.667688,50.8804623 5.6682707,50.8807595 5.668272,50.8807602 5.6684982,50.8808772 5.6685163,50.8808867 5.6685976,50.8809293 5.668612,50.8809383 5.6687361,50.8810149 5.6688138,50.8810629 5.668825,50.8810694 5.6689112,50.8811192 5.6689277,50.8811308 5.6690471,50.8812151 5.669087,50.8812432 5.669101,50.8812591 5.6692429,50.8814204 5.6692585,50.8814365 5.6692948,50.8814741 5.6694087,50.8815921 5.669503,50.8816897 5.6695749,50.8817642 5.6696311,50.8818225 5.6696375,50.8818205 5.6713165,50.8812972 5.6714169,50.8812659 5.6717022,50.8811871 5.6719727,50.8811124 5.6719763,50.8811114 5.6730644,50.8810555 5.6730963,50.8810539 5.6731247,50.8810526 5.6732577,50.8810465 5.6733165,50.8810438 5.6735284,50.8810324 5.6736448,50.8810262 5.673997,50.8810073 5.6742348,50.8809946 5.6748652,50.8809608 5.67512,50.8809471 5.6754182,50.8809311 5.6755803,50.8809224 5.6756285,50.8809198 5.675741,50.8809138 5.6763796,50.8808794 5.6764062,50.880878 5.6767505,50.8805377 5.676873,50.8805316 5.6776383,50.8804934 5.677671,50.8804914 5.6777459,50.8804869 5.6777494,50.8805286 5.6778225,50.8805243 5.6779654,50.8805181 5.6779903,50.8805174 5.6781916,50.8805132 5.6783605,50.8805097 5.6784615,50.8805076 5.6785372,50.880506 5.678756,50.8805014 5.6788872,50.8804987 5.6793505,50.880489 5.6792704,50.8807089 5.6789501,50.8816361 5.6788946,50.8825634 5.6791061,50.8834687 5.6796686,50.8843726 5.6801484,50.8851594 5.6807441,50.8859742 5.6812857,50.8868007 5.6818943,50.8876656 5.6825157,50.8885243 5.6835874,50.8891549 5.684439,50.8898535 5.6852851,50.8906037 5.6863445,50.891193 5.6874211,50.8917129 5.6876447,50.8917849 5.688797,50.892156 5.6899511,50.892663 5.6912574,50.8931176 5.6923418,50.8937077 5.6931388,50.8945086 5.6937025,50.8953536 5.6944159,50.8961261 5.6946998,50.8964807 5.6950715,50.8969446 5.695744,50.897745 5.6962463,50.8985959 5.6962739,50.8991402 5.6962946,50.8995483 5.6968723,50.9003927 5.6970911,50.9012931 5.6971486,50.9019147 5.6971807,50.9022617 5.6967359,50.9031765 5.6968343,50.90406 5.6965684,50.9049705 5.6965411,50.9049995 5.6957817,50.9058029 5.6963361,50.9067817 5.6962546,50.9077127 5.6965347,50.9086097 5.6973771,50.9094786 5.698264,50.9101546 5.6994654,50.9107624 5.7009555,50.9109874 5.7022003,50.9113551 5.7034184,50.9117139 5.7048693,50.9119382 5.7064275,50.9120028 5.7079006,50.9118465 5.70927,50.9115934 5.7105602,50.9110501 5.7115909,50.9102987 5.7124438,50.9097169 5.7135984,50.9091444 5.7146768,50.9084929 5.7148541,50.9084578 5.7160268,50.9082264 5.7173191,50.9080903 5.7189254,50.9078124 5.7203814,50.9080708 5.7214343,50.9087985 5.722777,50.9091629 5.7237174,50.909886 5.7243006,50.910406 5.7245294,50.9106067 5.7252286,50.9113919 5.7258971,50.9121987 5.7266452,50.9130708 5.7267506,50.9136486 5.7268131,50.9139909 5.7270412,50.9149035 5.7272594,50.9157979 5.7270661,50.9167383 5.7268274,50.9175946 5.7265505,50.9185077 5.7265181,50.9193311 5.7260948,50.9202405 5.7259072,50.9211984 5.7261328,50.9220495 5.7265049,50.9229667 5.7269303,50.9238412 5.7275344,50.9247028 5.7280909,50.9255888 5.7290387,50.9263023 5.7297472,50.9270611 5.7302862,50.9278874 5.7315302,50.9284558 5.732088,50.9292451 5.7325445,50.9302217 5.7335405,50.9309275 5.7345491,50.9315768 5.7355132,50.9322299 5.736543,50.93285 5.737879,50.9332799 5.7388457,50.9339215 5.7396993,50.9345969 5.7408794,50.9352248 5.7415256,50.9361009 5.7421542,50.9368736 5.742708,50.9376537 5.7435753,50.9383554 5.7440195,50.9392518 5.7441223,50.9402249 5.7442178,50.9411692 5.7446731,50.9420153 5.7453213,50.9427958 5.7459926,50.943411 5.7467832,50.9428512 5.7466878,50.9431517 5.7467879,50.9430585 5.7469559,50.9428845 5.7471583,50.9426617 5.7474458,50.942495 5.7479583,50.9422234 5.7478516,50.9421973 5.7481131,50.9420309 5.7483092,50.9419132 5.7484212,50.9418393 5.7487734,50.9415274 5.7489548,50.9412349 5.7489908,50.9409508 5.7489695,50.9407315 5.7489494,50.9405146 5.748744,50.9398775 5.7485386,50.9395017 5.7483425,50.9391428 5.7486266,50.9391588 5.7493083,50.939226 5.7501126,50.9392899 5.748561,50.9359124 5.7489997,50.9357516 5.7494641,50.9355776 5.7501965,50.9352244 5.7503321,50.9351625 5.7503999,50.9351158 5.7504943,50.9350587 5.7505288,50.9350467 5.7507062,50.9349554 5.750894,50.9348764 5.7511031,50.9347717 5.7512333,50.9347429 5.7513996,50.9347198 5.7515759,50.9346422 5.7517221,50.9345547 5.7518375,50.9344758 5.7518791,50.9344509 5.7521059,50.9343976 5.7522079,50.9343864 5.7522404,50.9343773 5.7522854,50.9343089 5.7525117,50.9341799 5.7526163,50.9341739 5.7526475,50.9341667 5.7526808,50.9341757 5.7527794,50.934135 5.7528384,50.9341983 5.7530896,50.9340688 5.7531672,50.9340577 5.7532064,50.9340293 5.7534545,50.9339814 5.7535953,50.9339002 5.7536649,50.9337717 5.7537501,50.9338194 5.7538521,50.9337627 5.7537998,50.9337314 5.7538631,50.9336667 5.754031,50.9336077 5.7540781,50.9335624 5.754141,50.9335532 5.7542456,50.9334928 5.7543096,50.9333912 5.7543248,50.9333339 5.7543768,50.9333076 5.7544163,50.9332597 5.7543729,50.9332133 5.7544878,50.9331452 5.7545329,50.9330949 5.7545747,50.9330762 5.7545813,50.93304 5.7546918,50.9329521 5.7546839,50.9329263 5.7547865,50.9328496 5.7547765,50.9327851 5.7547904,50.932441 5.754827,50.9323375 5.7548559,50.9323156 5.7548511,50.932265 5.7548652,50.9322294 5.7552376,50.9319958 5.7552457,50.9320022 5.7553534,50.9319367 5.7554253,50.9317665 5.7554314,50.9317545 5.7560445,50.9316312 5.7565376,50.9315453 5.7570817,50.9314528 5.757083,50.9314605 5.7571377,50.9315949 5.7572428,50.9318371 5.7573531,50.9320603 5.7574635,50.932302 5.7583068,50.9320918 5.7589841,50.9319124 5.7597153,50.9316972 5.7605368,50.9314612 5.7613059,50.9312411 5.7613349,50.9312331 5.7615279,50.9311769 5.7611003,50.9305034 5.7612288,50.9304276 5.7629549,50.9299007 5.7652554,50.9291869 5.7656253,50.9290724 5.7658891,50.9289887 5.7665517,50.9287564 5.7669184,50.9286526 5.7670911,50.9286039 5.76739,50.9285193 5.7681447,50.9283047 5.7685439,50.928191 5.7687531,50.9285212 5.7687668,50.9285413 5.7690151,50.9288327 5.7708778,50.9279564 5.7709384,50.9279279 5.7710894,50.9279768 5.7711749,50.9280045 5.7715964,50.9281715 5.7718954,50.9282915 5.7723406,50.9284718 5.7724985,50.9285695 5.772473,50.9285401 5.7724485,50.9285104 5.7724249,50.9284804 5.7724022,50.9284501 5.7723804,50.9284196 5.7723596,50.9283888 5.7723397,50.9283577 5.7723207,50.9283264 5.7723028,50.9282949 5.7722858,50.9282632 5.7722431,50.928175 5.772238,50.9281652 5.772232,50.9281556 5.772225,50.9281463 5.7722172,50.9281373 5.7722084,50.9281287 5.7721988,50.9281203 5.7721884,50.9281124 5.7721752,50.9280148 5.7721675,50.9279594 5.7721633,50.9279311 5.7721566,50.9278799 5.7721426,50.927772 5.7721494,50.9277628 5.7721553,50.9277533 5.7721601,50.9277436 5.772164,50.9277337 5.7721669,50.9277237 5.7721688,50.9277136 5.7721697,50.9277034 5.7721818,50.9276084 5.7721876,50.9275737 5.7721945,50.927539 5.7722025,50.9275044 5.7722115,50.92747 5.7722215,50.9274356 5.7722326,50.9274014 5.7722409,50.9273777 5.7722497,50.9273541 5.772259,50.9273306 5.7722717,50.9273005 5.7722852,50.9272706 5.7722995,50.9272408 5.7723146,50.9272111 5.7722318,50.9271937 5.7724018,50.9269559 5.7725104,50.9267979 5.7727007,50.9265951 5.7729356,50.9263804 5.7731353,50.9262372 5.7733351,50.9261156 5.7735896,50.9259239 5.7737563,50.9257159 5.7738245,50.9255608 5.773855,50.9252968 5.7738104,50.9250527 5.7737831,50.9248578 5.7737684,50.9246102 5.7737671,50.9242371 5.7737645,50.9240761 5.7737391,50.9238619 5.7736924,50.9236095 5.7736285,50.9233847 5.7735797,50.9232682 5.7734987,50.9231247 5.773331,50.9228634 5.7731458,50.9225505 5.7729488,50.92222 5.7728259,50.9220146 5.7727572,50.9218729 5.7726059,50.9216295 5.7723842,50.9212679 5.7723694,50.9211983 5.7723418,50.9210586 5.7722452,50.9208685 5.7721812,50.9207605 5.7720457,50.920541 5.7718748,50.9202684 5.7716083,50.9198596 5.7715314,50.9197329 5.7714364,50.919568 5.7714296,50.9195693 5.7713361,50.9194048 5.7712937,50.9193371 5.7712368,50.9192464 5.771063,50.9189928 5.770903,50.9187741 5.7707057,50.9185171 5.7704979,50.9182611 5.7703546,50.9180891 5.7700916,50.917796 5.7698556,50.9175433 5.7696407,50.917321 5.7694455,50.9171296 5.7692356,50.9169391 5.7688828,50.9166758 5.7687468,50.916534 5.7680975,50.9161374 5.7674858,50.9157608 5.7666881,50.9152703 5.7663526,50.9150641 5.7662227,50.9149833 5.7661962,50.9149647 5.7661593,50.9149384 5.766148,50.9149294 5.7660948,50.9148842 5.7657433,50.91452 5.7654587,50.9142251 5.7654264,50.9141908 5.7653889,50.9141519 5.7653506,50.9141178 5.7653149,50.9140934 5.7653571,50.9139361 5.7652292,50.9138978 5.7651565,50.9138595 5.7650912,50.9138191 5.7650198,50.9137724 5.764844,50.9136317 5.7647274,50.913527 5.7646002,50.9133831 5.7642867,50.9129214 5.7641276,50.9127169 5.7640311,50.9126097 5.7634613,50.9120568 5.7631414,50.9117258 5.7629132,50.9114806 5.7626532,50.9111836 5.762293,50.9107544 5.760483,50.9085208 5.7593956,50.9071712 5.7591232,50.906816 5.7589502,50.9065749 5.7587988,50.9063572 5.7586464,50.9061102 5.7585185,50.905885 5.7571081,50.9031833 5.7569567,50.9029193 5.7567497,50.9025984 5.7565187,50.9022798 5.7561974,50.9018837 5.7560014,50.9016569 5.7558349,50.9014833 5.755568,50.9012163 5.7555136,50.9011548 5.7554703,50.901071 5.7553712,50.9009845 5.7552444,50.9008785 5.7550496,50.9007323 5.7548455,50.9005925 5.754982,50.9005256 5.7550255,50.900504 5.755232,50.9006004 5.7554021,50.9004551 5.755448,50.9004327 5.7554599,50.9003946 5.7561482,50.9001063 5.756106,50.9000661 5.7560346,50.9000028 5.7560353,50.9000024 5.7557527,50.8997469 5.7557053,50.8997019 5.7556858,50.8996781 5.7556688,50.8996544 5.7556608,50.8996251 5.755668,50.8995998 5.755679,50.8995736 5.7556995,50.899549 5.755727,50.8995281 5.7557575,50.8995075 5.7557852,50.8994902 5.7562083,50.8993003 5.7580578,50.8985869 5.758077,50.8985827 5.7580963,50.8985788 5.7581158,50.8985752 5.7581353,50.8985718 5.758155,50.8985688 5.7581748,50.898566 5.7581947,50.8985634 5.7582146,50.8985612 5.7582346,50.8985592 5.7582547,50.8985576 5.7582749,50.8985562 5.7582951,50.898555 5.7583153,50.8985542 5.7583355,50.8985536 5.7583558,50.8985534 5.7583761,50.8985534 5.7583963,50.8985537 5.7584166,50.8985542 5.7584368,50.8985551 5.758457,50.8985562 5.7584771,50.8985577 5.7584969,50.8985593 5.7585179,50.8985614 5.7585372,50.8985636 5.7585571,50.8985661 5.7585768,50.898569 5.7585965,50.898572 5.7586161,50.8985754 5.7586355,50.898579 5.7586548,50.898583 5.758674,50.8985871 5.7587155,50.8985968 5.7587377,50.8986024 5.7587597,50.8986084 5.7587814,50.8986149 5.7588027,50.8986217 5.7588238,50.898629 5.7588445,50.8986366 5.7588648,50.8986446 5.7588847,50.898653 5.7589043,50.8986618 5.7589234,50.8986709 5.7589421,50.8986804 5.7589603,50.8986902 5.7589781,50.8987003 5.7589954,50.8987108 5.7590122,50.8987216 5.7595144,50.8990791 5.7597925,50.8992844 5.7599908,50.8994379 5.760253,50.8996514 5.7605282,50.8998822 5.7608153,50.9001292 5.7612188,50.9005005 5.7613618,50.9006353 5.7618412,50.901105 5.7632785,50.9025245 5.7632949,50.9025396 5.7633115,50.9025544 5.7633285,50.9025692 5.7633457,50.9025839 5.7633631,50.9025984 5.7633809,50.9026128 5.7633989,50.902627 5.7634171,50.9026412 5.7634357,50.9026551 5.7634544,50.902669 5.7634735,50.9026827 5.7634927,50.9026963 5.7635123,50.9027097 5.7635321,50.902723 5.7635521,50.9027361 5.7635724,50.9027491 5.7635929,50.9027619 5.7636136,50.9027746 5.7636346,50.9027871 5.7636558,50.9027995 5.7636772,50.9028117 5.7636989,50.9028238 5.7637207,50.9028357 5.7637428,50.9028474 5.7637651,50.902859 5.7637877,50.9028704 5.7638104,50.9028816 5.7638333,50.9028927 5.7638565,50.9029036 5.7638798,50.9029143 5.7639033,50.9029248 5.7639271,50.9029352 5.764158,50.9030468 5.7641864,50.9030686 5.7642146,50.9030905 5.7642425,50.9031125 5.7642702,50.9031347 5.7642975,50.903157 5.7643246,50.9031794 5.7643515,50.903202 5.764378,50.9032247 5.7644043,50.9032475 5.7644303,50.9032705 5.764456,50.9032935 5.7644815,50.9033167 5.7645066,50.9033401 5.7645315,50.9033635 5.7645561,50.9033871 5.7645804,50.9034107 5.7652476,50.9040672 5.7660099,50.9048144 5.7668497,50.9056261 5.7668694,50.9056459 5.7668897,50.9056655 5.7669108,50.9056848 5.7669324,50.9057037 5.7669547,50.9057224 5.7669777,50.9057408 5.7670013,50.9057588 5.7670254,50.9057766 5.7672053,50.9058914 5.7675256,50.9060337 5.7678936,50.9062109 5.76803,50.906279 5.7681243,50.9063317 5.7682164,50.9063902 5.7684132,50.9065263 5.7697996,50.9075828 5.7711704,50.9086161 5.7720781,50.9093013 5.7730854,50.9100653 5.7733055,50.9102596 5.7735075,50.9104655 5.7735733,50.9105365 5.7736397,50.9106383 5.7739252,50.9105225 5.7739614,50.910522 5.7739636,50.9105217 5.7739937,50.9105533 5.7740096,50.9105784 5.7740167,50.9106161 5.7740316,50.9106313 5.7740124,50.9106379 5.7740173,50.9106525 5.7740336,50.910679 5.7740588,50.9107058 5.7742421,50.9108888 5.7744658,50.911113 5.7745278,50.911172 5.7745926,50.9112286 5.7746654,50.9112772 5.7746795,50.9112857 5.7747045,50.9112978 5.7747291,50.9113083 5.7747642,50.9113209 5.774861,50.9113496 5.7749651,50.9113744 5.7753941,50.9114674 5.7760605,50.911611 5.7761305,50.9116254 5.7761343,50.9116263 5.7761341,50.9116208 5.7761358,50.9116212 5.7762499,50.9116407 5.7762987,50.9116468 5.7763397,50.9116497 5.7763784,50.9116504 5.776488,50.9116459 5.7765881,50.911631 5.7766821,50.9116064 5.7767721,50.9115751 5.7774942,50.9113069 5.7781979,50.9110453 5.7781982,50.9110461 5.7783519,50.9109899 5.7784639,50.9109615 5.7785731,50.9109441 5.7786949,50.9109361 5.7788101,50.9109426 5.7789268,50.9109608 5.7789814,50.9109731 5.7790356,50.9109884 5.7790888,50.9110077 5.7791837,50.9110518 5.7799844,50.9114359 5.7809213,50.9118858 5.7810122,50.9119356 5.7810972,50.9119931 5.781163,50.9120499 5.7812259,50.9121133 5.7824406,50.9133764 5.7834224,50.9130699 5.7863503,50.9122732 5.7864123,50.9122671 5.7868846,50.9121278 5.7872425,50.9120304 5.7881406,50.9119957 5.7895699,50.9113329 5.7897145,50.911256 5.7900084,50.9111752 5.7903759,50.9110807 5.7908063,50.9109561 5.7912206,50.9108016 5.7915245,50.9106574 5.791823,50.9104689 5.7921614,50.9104835 5.7921931,50.910486 5.7922668,50.910494 5.7923528,50.9105026 5.7924647,50.9105323 5.7925163,50.9105488 5.792565,50.9105684 5.7927221,50.9106249 5.7927892,50.9106562 5.7928735,50.9106998 5.7930458,50.9107828 5.7944709,50.9115244 5.795117,50.9118486 5.7964626,50.9125336 5.7969083,50.9127621 5.797251,50.9129383 5.797679,50.9131526 5.7987962,50.9137096 5.7994665,50.9140516 5.7998556,50.9142513 5.8000693,50.9143636 5.8001712,50.9144264 5.8003569,50.9145677 5.8003467,50.9147893 5.8007277,50.914598 5.8011854,50.9143791 5.8015051,50.9142267 5.8017146,50.91413 5.8019619,50.9140115 5.8022212,50.9138912 5.8023933,50.9137954 5.8023294,50.9136703 5.8022994,50.9136227 5.8022285,50.913501 5.8021521,50.9133704 5.8021172,50.9133141 5.8020034,50.9131615 5.8014829,50.9126318 5.8014533,50.9126195 5.8014059,50.912606 5.8013374,50.912595 5.8012734,50.9125871 5.8012001,50.9125797 5.8011269,50.9125731 5.8010725,50.9125713 5.800996,50.9125716 5.8009278,50.9125758 5.8008548,50.9124155 5.8005908,50.9119704 5.8005341,50.9114467 5.800469,50.9109479 5.8004287,50.9103742 5.800454,50.9102411 5.8005323,50.9100485 5.800838,50.9092185 5.801003,50.9087549 5.8009811,50.90875 5.8008053,50.9087072 5.8006842,50.9086822 5.7999458,50.9085049 5.7993002,50.9083498 5.7982087,50.9080682 5.7980022,50.908017 5.7976297,50.9079293 5.7972909,50.9078583 5.7973507,50.9078071 5.796557,50.9074787 5.7972672,50.9067897 5.7978671,50.9061842 5.7991283,50.904946 5.8022569,50.9024121 5.8022231,50.9023994 5.802227,50.9023964 5.8016949,50.9022771 5.8016925,50.9022813 5.8016882,50.9022851 5.8015557,50.9022544 5.8013225,50.902192 5.801173,50.9021388 5.8010319,50.9020771 5.8006035,50.9018707 5.8004088,50.9017856 5.7996335,50.9014681 5.7994186,50.9013803 5.7990159,50.9012152 5.7988721,50.9011601 5.798754,50.9011204 5.7987123,50.9011096 5.7986882,50.9010591 5.7986671,50.9010151 5.7986922,50.9010155 5.7987553,50.9010124 5.7988173,50.9010151 5.7991299,50.9010082 5.7993218,50.9010034 5.7999434,50.9009858 5.8003772,50.9009882 5.8003904,50.9009955 5.8006449,50.9009946 5.8008829,50.9009852 5.8010332,50.9009711 5.8012355,50.9009396 5.8014401,50.9008962 5.8015653,50.9008586 5.8017131,50.9008035 5.8018496,50.9007436 5.8019718,50.9006756 5.8020382,50.9006266 5.8020788,50.9005762 5.8021195,50.900508 5.8024369,50.8998616 5.802488,50.8997581 5.8025196,50.8996749 5.8025593,50.899568 5.8026174,50.8993437 5.8026728,50.8990922 5.8027247,50.8989379 5.8027848,50.8988211 5.8028883,50.8986847 5.8030192,50.8985501 5.8031766,50.8984076 5.8034361,50.8981884 5.8034801,50.8981113 5.8034811,50.8980373 5.8034236,50.8979628 5.8032036,50.8977494 5.8030012,50.8975586 5.8027458,50.8973096 5.8024531,50.897046 5.8022393,50.8968754 5.801748,50.8965164 5.8015738,50.8963804 5.8014883,50.8963065 5.8013342,50.8965947 5.8010318,50.8971658 5.8009826,50.8972673 5.8006116,50.8979994 5.8005661,50.8980914 5.80052,50.8981805 5.8002013,50.8981444 5.7988199,50.8979866 5.7965634,50.8976968 5.7965784,50.8976735 5.7966058,50.8976587 5.7967161,50.8974903 5.7967989,50.8973873 5.79692,50.8971894 5.7970267,50.8969446 5.7971287,50.8966894 5.7973054,50.8962039 5.7974024,50.8960252 5.7974622,50.8959179 5.7974993,50.8958458 5.7975194,50.8958131 5.7975692,50.8957449 5.7976017,50.8956749 5.7976167,50.8956257 5.7976323,50.8954592 5.7976345,50.8952896 5.7976208,50.895088 5.7976213,50.8950729 5.797595,50.8949859 5.7975744,50.8949427 5.7973942,50.8943782 5.7972721,50.8939507 5.797179,50.8935294 5.7971053,50.8932496 5.7969926,50.8930001 5.7968144,50.8926999 5.7967455,50.8925586 5.7967153,50.8924373 5.796704,50.8922988 5.7967111,50.8920601 5.7967731,50.8917474 5.7968736,50.8914067 5.7969533,50.8911678 5.7970067,50.8909098 5.79706,50.8906926 5.797132,50.8905204 5.7972012,50.8904405 5.7973018,50.890351 5.7973659,50.8902809 5.7973792,50.8902638 5.7973952,50.8902455 5.7972981,50.8901307 5.7972375,50.8900824 5.7972027,50.89001 5.7972161,50.8899189 5.7972716,50.8897834 5.7973958,50.8895393 5.7975006,50.8893282 5.797693,50.8888954 5.7977344,50.8888147 5.7978437,50.8885828 5.7979255,50.8883946 5.7979767,50.8883794 5.7979978,50.8883724 5.798057,50.8882168 5.7980694,50.8882041 5.7981063,50.8881726 5.7981455,50.8881435 5.7982397,50.8880792 5.7983501,50.8879975 5.7983907,50.8879628 5.7984223,50.8879266 5.7984553,50.8878829 5.7984985,50.8878092 5.7988861,50.8870749 5.7993576,50.8863142 5.7996704,50.8858494 5.7997338,50.885733 5.7998421,50.8856729 5.8001427,50.8859113 5.8002369,50.8859863 5.8002859,50.8860222 5.8003354,50.8860543 5.8004414,50.8861094 5.8006767,50.8862124 5.8008779,50.8863164 5.8011554,50.8864473 5.8012603,50.8864991 5.8013868,50.8865631 5.8014986,50.8866272 5.8016084,50.8866957 5.8018405,50.8868477 5.8019354,50.8869059 5.8020154,50.8869496 5.8020863,50.8869862 5.8021933,50.8870262 5.8022888,50.8870566 5.8023672,50.8870788 5.8025188,50.887109 5.8026021,50.8871247 5.8026458,50.8871307 5.8028725,50.8871619 5.8029731,50.8871769 5.8030266,50.887185 5.8031665,50.8872116 5.803324,50.8872498 5.8036065,50.8872257 5.8045479,50.8873181 5.8050906,50.8873766 5.80529,50.8873981 5.8053432,50.8874039 5.8053475,50.8872703 5.805966,50.8873287 5.8064255,50.8873763 5.8065598,50.8873904 5.8066371,50.8873986 5.806969,50.8874337 5.8070312,50.8874374 5.8074717,50.8875119 5.8075124,50.8875193 5.8075564,50.8875307 5.8077035,50.8875689 5.8078209,50.8875993 5.8080218,50.8876497 5.8081861,50.8876805 5.8082644,50.8877036 5.8083508,50.887729 5.8083865,50.8877396 5.8084327,50.8877532 5.8086244,50.8877999 5.8089308,50.8878461 5.809093,50.8878495 5.809417,50.8878451 5.8097914,50.8878478 5.809866,50.8878474 5.810046,50.8878116 5.8103636,50.8877107 5.8103669,50.8877097 5.8104085,50.8877009 5.8104653,50.8876889 5.810467,50.8876912 5.8107971,50.8875642 5.8112609,50.8873749 5.8117135,50.8871906 5.8121614,50.8870086 5.8122596,50.8869667 5.8122714,50.8869617 5.8123893,50.8869115 5.8124008,50.8869066 5.8124465,50.8868846 5.8125962,50.8868126 5.8128859,50.8866629 5.812891,50.8866604 5.8129289,50.8866419 5.8132205,50.8865032 5.8136656,50.8862905 5.8136441,50.8862588 5.8137254,50.8862245 5.8140815,50.8860734 5.8147344,50.8863253 5.8149899,50.8862389 5.8149944,50.8862368 5.8150468,50.8861945 5.8153766,50.8859517 5.8158433,50.8855975 5.8160721,50.8855081 5.8166094,50.8852612 5.8170589,50.8849454 5.8172414,50.8848019 5.8172851,50.8847679 5.8173048,50.8847513 5.8173082,50.8847326 5.8173087,50.8847305 5.8173114,50.8847195 5.8173166,50.8846984 5.8173975,50.8844808 5.8183457,50.8841469 5.8191394,50.8838671 5.8192073,50.8838432 5.8193186,50.8841084 5.8193245,50.8841219 5.8193404,50.8841578 5.8193636,50.8842205 5.8193322,50.8842394 5.8193061,50.8842551 5.8191931,50.8843231 5.8193718,50.8844891 5.8197118,50.8848129 5.8201721,50.8852423 5.8202076,50.8852755 5.8201652,50.885306 5.820124,50.8853241 5.8201057,50.8853321 5.820232,50.8854378 5.8205482,50.8856541 5.8207378,50.8857881 5.8208807,50.8858653 5.8210091,50.8859347 5.8211924,50.8860808 5.8212387,50.8861064 5.8212833,50.886131 5.8218206,50.8863435 5.8219191,50.8863825 5.8221331,50.8864675 5.822427,50.8865841 5.8224693,50.8866008 5.8226479,50.8866345 5.8227898,50.8866787 5.8230437,50.8867362 5.8230645,50.8867409 5.8232282,50.8867805 5.8234275,50.8868004 5.8235326,50.8868197 5.8237752,50.8868922 5.8238574,50.8869066 5.8240218,50.8869353 5.8240856,50.8869465 5.8242268,50.8869973 5.8244299,50.88709 5.82459,50.8871962 5.8247708,50.8873472 5.8247988,50.8873749 5.8248388,50.8874131 5.8248874,50.8874597 5.8249767,50.8875265 5.8250163,50.887548 5.8251004,50.8875938 5.8252003,50.8876273 5.8252534,50.8877603 5.8254308,50.8879454 5.8254499,50.8879653 5.825735,50.8878776 5.8260584,50.8880466 5.826168,50.8881091 5.8263067,50.8883012 5.8263485,50.8883805 5.826473,50.8885375 5.8265465,50.8886251 5.8265559,50.8886372 5.8266205,50.8886651 5.8267387,50.8887658 5.8267979,50.8888162 5.8268014,50.8888192 5.8268368,50.8888861 5.8270001,50.8889673 5.8271008,50.8891371 5.827418,50.889336 5.8275845,50.889437 5.8277655,50.8895444 5.8279751,50.8896103 5.8279754,50.8896105 5.8283038,50.8897179 5.8286516,50.8898345 5.8287707,50.8899017 5.8289507,50.8899627 5.8290091,50.8900155 5.8290508,50.8900272 5.8291114,50.8901664 5.8291799,50.8901801 5.8292109,50.8902237 5.8292913,50.8902422 5.82931,50.8902857 5.8293824,50.8903062 5.8294301,50.8903542 5.8294855,50.890364 5.8296327,50.8904764 5.8297326,50.8905333 5.8297387,50.8905368 5.8298195,50.890571 5.8298615,50.8905887 5.8300145,50.8906822 5.8300167,50.8906838 5.8300174,50.8906842 5.8305568,50.8910633 5.8309129,50.8912282 5.8309146,50.891229 5.8311184,50.8913211 5.8312151,50.8913649 5.8313638,50.8914321 5.8317222,50.8915928 5.8318946,50.8916701 5.832056,50.8917401 5.8320824,50.8917516 5.8322858,50.8918398 5.8323056,50.8918484 5.8323913,50.8918856 5.833112,50.8922089 5.8331647,50.8922273 5.8331653,50.8922276 5.8336912,50.8921319 5.8356601,50.8917737 5.836578,50.8916144 5.8366174,50.8916048 5.8365287,50.8914199 5.8363773,50.8910877 5.8362652,50.8908178 5.8362151,50.8907456 5.8351284,50.8894396 5.8349718,50.8892463 5.8348005,50.8890562 5.8346377,50.8888661 5.8344675,50.888683 5.8343236,50.8884936 5.8341895,50.8883077 5.8340657,50.8881281 5.8339482,50.8879482 5.8338342,50.88776 5.833776,50.8876553 5.8337393,50.8875753 5.8336408,50.8874108 5.8334976,50.887151 5.8332189,50.8866818 5.8329341,50.8861694 5.832852,50.8860167 5.8327495,50.8858195 5.8327371,50.8857527 5.8327069,50.8855394 5.8326785,50.8853668 5.8326731,50.8852283 5.8326823,50.8851082 5.8327003,50.8850512 5.8328549,50.8845155 5.8329146,50.8843345 5.8328728,50.8839649 5.8328642,50.8836936 5.8330075,50.883327 5.8333027,50.8828644 5.8335084,50.8826125 5.833719,50.8823468 5.8337642,50.8823619 5.8338237,50.8823813 5.8338827,50.8823214 5.8340045,50.8822142 5.8340994,50.8821492 5.8343154,50.8820449 5.8343985,50.8820251 5.8344398,50.8820643 5.8344848,50.8820942 5.8345806,50.8821522 5.8346772,50.8821984 5.8349372,50.8823255 5.8350099,50.8823599 5.835165,50.8824307 5.8352562,50.8822968 5.8352339,50.882248 5.8351611,50.8821026 5.8349721,50.8818131 5.8347912,50.8815189 5.8347185,50.8813866 5.834684,50.8813205 5.8346457,50.8812256 5.8346217,50.8811044 5.834613,50.8809636 5.8346115,50.8808277 5.8346232,50.8806428 5.8346931,50.8806395 5.8348288,50.880694 5.8352203,50.8808952 5.8352465,50.8812865 5.835792,50.8815002 5.8358578,50.8814871 5.8359268,50.8814826 5.8360847,50.8814675 5.8365747,50.8815697 5.8367754,50.8816084 5.8379757,50.8818496 5.8380168,50.8818568 5.8380194,50.8818427 5.8383394,50.8818961 5.8407696,50.8822412 5.84252,50.8825081 5.8435667,50.8825999 5.8435932,50.8826018 5.8441574,50.8826258 5.8444963,50.8826531 5.8447264,50.8826881 5.8449981,50.8827251 5.8452725,50.8827661 5.8458019,50.8828712 5.8460368,50.8829266 5.8466014,50.8831181 5.8471596,50.8833153 5.847392,50.8833953 5.8482519,50.88362 5.8486395,50.8836869 5.8487539,50.8836996 5.8491472,50.8837319 5.8493646,50.8837282 5.8496204,50.8837171 5.8500122,50.8836772 5.850286,50.883653 5.8510341,50.8829815 5.8512255,50.8828016 5.8515258,50.8828324 5.8515422,50.8828341 5.8515281,50.8828236 5.8515118,50.882805 5.8515063,50.8827947 5.8515061,50.8827817 5.8515149,50.882754 5.8515563,50.8826339 5.8516652,50.8821997 5.8525131,50.8821155 5.8526266,50.8821599 5.8526601,50.882102 5.8532546,50.8820439 5.8538094,50.8819993 5.8557656,50.8819107 5.8558112,50.881911 5.8563843,50.8819081 5.8564069,50.8819081 5.8569777,50.8819154 5.8576312,50.8819458 5.8583453,50.8820022 5.8592441,50.8820825 5.8600917,50.8821862 5.8602696,50.8822096 5.8616184,50.8824175 5.8618083,50.882445 5.8619295,50.8824595 5.8620411,50.8824747 5.8628023,50.8825719 5.8669996,50.8831437 5.867182,50.8831685 5.8675186,50.8832293 5.8676872,50.8832516 5.8677828,50.8832626 5.8678831,50.8832765 5.8679595,50.8832826 5.868354,50.8833254 5.8688687,50.8833711 5.8691203,50.8833914 5.8693189,50.8834019 5.8694648,50.8834147 5.8696333,50.8834227 5.8699305,50.8834441 5.870192,50.883459 5.8706321,50.8834692 5.8709325,50.8834698 5.8716285,50.8834645 5.8718451,50.883455 5.8741141,50.8833986 5.8746627,50.8833599 5.8751835,50.8833083 5.8754782,50.8832625 5.8763891,50.8831047 5.8770356,50.8830044 5.8774299,50.8829604 5.8783907,50.8828929 5.8791905,50.8828091 5.8797516,50.8827111 5.8801544,50.8826114 5.880554,50.8824818 5.8805823,50.8824751 5.8808238,50.8824818 5.8809207,50.8825153 5.8807926,50.8825295 5.8826062,50.8831459 5.8848023,50.8839122 5.8858357,50.8842795 5.8866555,50.8837682 5.8866966,50.8837413 5.8867236,50.8837287 5.8867549,50.8837156 5.8867877,50.8837053 5.8868401,50.8836927 5.8870376,50.8836917 5.8871035,50.8837039 5.8872289,50.8837334 5.8872986,50.8837516 5.8873558,50.8837689 5.8874285,50.8837931 5.8875261,50.8838264 5.8875812,50.8838489 5.887626,50.8838684 5.8877011,50.8838988 5.8878502,50.8839616 5.8880126,50.884033 5.8881658,50.8841035 5.8883822,50.8842111 5.8884626,50.8842529 5.8885494,50.8843016 5.8886517,50.884364 5.8887053,50.8843982 5.8887809,50.8844494 5.8888854,50.8845237 5.8889547,50.8845822 5.8889843,50.8846103 5.8890331,50.8846601 5.8890894,50.8847251 5.8891235,50.8847684 5.8891689,50.8848351 5.8892047,50.8848957 5.8893255,50.8851139 5.8893954,50.8852365 5.8895808,50.885612 5.889636,50.8856385 5.8899773,50.8854789 5.8904794,50.8850781 5.890531,50.8850588 5.8906626,50.8850703 5.8910094,50.8851085 5.8916609,50.8851877 5.8918844,50.8852134 5.8924727,50.8853449 5.8925016,50.8853301 5.8927632,50.8853956 5.8930253,50.8854569 5.8932166,50.8854818 5.8933536,50.8855008 5.8940027,50.8856049 5.8932419,50.8860689 5.8927697,50.8863619 5.8925458,50.8865417 5.8923551,50.8867094 5.8921747,50.8868974 5.8918561,50.8871259 5.8916042,50.8873087 5.8909509,50.8878258 5.8906752,50.8880943 5.8904955,50.8882978 5.8905071,50.8883046 5.8904283,50.8883776 5.8904122,50.8883925 5.8903897,50.8884134 5.8904355,50.8884288 5.8909241,50.8885933 5.8910405,50.8886325 5.892027,50.8889623 5.8920977,50.888986 5.8940278,50.8896507 5.8941726,50.8897177 5.8942673,50.8897612 5.8945963,50.8899936 5.8948068,50.8901616 5.8948202,50.8901723 5.8950759,50.8903772 5.8950787,50.8903794 5.895096,50.8903925 5.8952601,50.8905164 5.8955063,50.8906725 5.8956909,50.8907969 5.8957254,50.890815 5.8959162,50.8909151 5.8959518,50.8909342 5.8963076,50.8911252 5.8967318,50.8913537 5.8970363,50.891506 5.8970724,50.8915241 5.8970732,50.8915245 5.8974712,50.891686 5.8975073,50.8917006 5.8977796,50.8918107 5.8985613,50.8919646 5.8988709,50.8920987 5.8993108,50.8922703 5.8993287,50.8922793 5.9007445,50.8929894 5.9007518,50.8929928 5.9009287,50.8930746 5.9009349,50.8930775 5.901611,50.8933963 5.9018136,50.8934967 5.9018585,50.893518 5.9019285,50.8935511 5.9021083,50.8936309 5.9022037,50.8936758 5.9022445,50.8936911 5.9022474,50.8936921 5.9026325,50.8938356 5.9027836,50.8938928 5.902785,50.8938934 5.9028278,50.8939111 5.9029292,50.8939533 5.9029815,50.8939768 5.9030379,50.8940021 5.9030693,50.8940112 5.9032445,50.8940582 5.9032584,50.8940619 5.9034585,50.8941454 5.9036661,50.8942385 5.9036257,50.8942674 5.9033523,50.894463 5.9032252,50.8945548 5.9028981,50.894791 5.9026862,50.8949432 5.9025298,50.8950556 5.9019745,50.8954547 5.901951,50.8954718 5.9017852,50.8955926 5.9015598,50.8957569 5.9015473,50.8957659 5.901533,50.8957761 5.9015723,50.8957935 5.901657,50.8958308 5.9016587,50.8958313 5.9017648,50.8958761 5.902063,50.896002 5.9023694,50.8961314 5.902552,50.8962087 5.9026261,50.89624 5.90275,50.8962923 5.9028506,50.8963348 5.903031,50.8964109 5.9030823,50.8964326 5.9031541,50.8964629 5.9032525,50.8965045 5.9034375,50.8965825 5.903555,50.8966322 5.9036445,50.89667 5.9036681,50.89668 5.9036952,50.8966914 5.9039897,50.8968158 5.9042,50.8969045 5.9043135,50.8969525 5.9044117,50.896994 5.9044899,50.897027 5.9044725,50.89703 5.904603,50.8970824 5.9047505,50.8971415 5.9049706,50.8972361 5.9053851,50.8974142 5.9054828,50.8974555 5.9055064,50.8974654 5.9059593,50.8976568 5.9064733,50.8978819 5.9065677,50.8979243 5.9067436,50.8980033 5.9071331,50.8981835 5.9076592,50.8984162 5.9082262,50.8986842 5.9087765,50.8989495 5.909252,50.8991788 5.9094049,50.8992501 5.9100188,50.8995362 5.9108903,50.899949 5.9116216,50.9002912 5.9118174,50.9003828 5.9123914,50.9006517 5.9131554,50.9010094 5.9132164,50.901038 5.9147071,50.9017217 5.9143749,50.9019788 5.9136989,50.9024939 5.9134,50.9027209 5.9133927,50.902725 5.9134784,50.9027655 5.9135429,50.902796 5.9135463,50.9027976 5.9135937,50.90282 5.914457,50.9032283 5.9146143,50.9033027 5.9163665,50.9041313 5.9163973,50.9039417 5.9174013,50.9043254 5.9174448,50.9043417 5.9175983,50.9043993 5.9176352,50.9042347 5.9176566,50.9041766 5.9176803,50.9041185 5.9177312,50.904044 5.917783,50.9039826 5.9178388,50.9039242 5.9180008,50.9037804 5.9181382,50.9036724 5.9184067,50.9034623 5.9184954,50.9034025 5.9186037,50.903327 5.9187164,50.9032585 5.9188352,50.9031928 5.9189935,50.9031735 5.9190493,50.9031463 5.9191381,50.9031247 5.9193086,50.9031044 5.9195508,50.9030859 5.9198409,50.9030776 5.9205434,50.9030637 5.9206089,50.9031212 5.9206952,50.9032026 5.9207948,50.9032723 5.9209396,50.9033451 5.9213917,50.9035044 5.9220165,50.9037559 5.9220891,50.9037851 5.9225774,50.9039818 5.9230171,50.9041763 5.9231551,50.9042465 5.923405,50.9044057 5.923343,50.9044458 5.9234291,50.9045263 5.9236051,50.904691 5.9237208,50.9049653 5.9217592,50.9055629 5.9217651,50.9055711 5.9218659,50.90571 5.9218842,50.9057333 5.9220557,50.9056807 5.9223898,50.905585 5.922556,50.9055427 5.9227172,50.9055087 5.9229107,50.9054777 5.9230776,50.9054551 5.9232254,50.9054403 5.9233661,50.905429 5.9234184,50.9054217 5.9234845,50.9054047 5.9235166,50.9055702 5.9229563,50.9058502 5.922483,50.9061571 5.922237,50.9063545 5.9220565,50.906502 5.9216623,50.9067958 5.9216476,50.9068068 5.9216127,50.9068328 5.9216095,50.9068352 5.9209652,50.907346 5.9204344,50.9077358 5.9202855,50.9078451 5.919264,50.9084385 5.9187248,50.9087147 5.9175918,50.9092232 5.917297,50.9093394 5.9172316,50.9093371 5.9171198,50.909333 5.9169945,50.9094311 5.9169213,50.9094884 5.9169087,50.9094983 5.9168351,50.909556 5.9167125,50.909652 5.9166288,50.9097176 5.9164379,50.9098644 5.9164327,50.9098684 5.9163804,50.9099079 5.9163269,50.9099482 5.9163049,50.9099648 5.9159387,50.9100912 5.9156064,50.9101407 5.9153396,50.9102447 5.9152898,50.9102632 5.9151547,50.9103054 5.9149805,50.9103627 5.9143573,50.9105336 5.9133849,50.9108127 5.9133652,50.9108187 5.9129819,50.9109359 5.9126599,50.9110201 5.9126597,50.9110202 5.9119428,50.9112398 5.9110535,50.9115083 5.9105643,50.9116525 5.9104195,50.9116952 5.9100015,50.9118215 5.9098173,50.9118763 5.9081097,50.912357 5.9080805,50.9123652 5.908046,50.9123749 5.9080181,50.9123824 5.9068419,50.9126989 5.906841,50.9126992 5.9062252,50.9128651 5.9061688,50.9128923 5.9061028,50.9129196 5.9060286,50.9129462 5.9059576,50.9129669 5.9059071,50.9129854 5.9058554,50.9129982 5.9049795,50.9132226 5.904767,50.9132767 5.9043972,50.913381 5.9042074,50.9134479 5.9048237,50.9141459 5.9048476,50.9141729 5.9046636,50.9142371 5.9046821,50.9142568 5.9047128,50.9142896 5.90488,50.9144648 5.9051878,50.9145651 5.905196,50.9145405 5.9052039,50.9145139 5.9052766,50.9144993 5.9054708,50.9144434 5.9055808,50.9144313 5.9056628,50.9144293 5.9057576,50.9144383 5.9058157,50.9144463 5.9059023,50.914466 5.9066108,50.914694 5.9072205,50.9148867 5.9074195,50.9149374 5.9074299,50.9149401 5.9074359,50.9149463 5.9076348,50.9151491 5.907654,50.9151775 5.9076659,50.9152123 5.9076723,50.9152416 5.9077035,50.915287 5.9077585,50.915328 5.9078186,50.9153527 5.9080191,50.9154021 5.9080944,50.9154207 5.9081715,50.9154397 5.9082488,50.9154587 5.9082326,50.9154703 5.9081827,50.9154974 5.9081138,50.9155339 5.9080608,50.9155625 5.9080207,50.9155849 5.9080009,50.9155955 5.9079778,50.9156073 5.9079596,50.915616 5.9079347,50.9156273 5.9078993,50.9156433 5.9078505,50.9156657 5.9077711,50.9157014 5.9076914,50.9157378 5.9076175,50.9157721 5.9075428,50.9158048 5.9074839,50.9158323 5.9074263,50.9158592 5.9073364,50.9159007 5.9072648,50.9159327 5.9072128,50.9159567 5.9071944,50.9159656 5.9071406,50.9159905 5.9070792,50.9160201 5.9070367,50.9160398 5.9070129,50.9160507 5.9069885,50.9160619 5.9069686,50.9160712 5.9069292,50.9160883 5.9068898,50.9161055 5.906868,50.9161148 5.9068535,50.9161205 5.9068372,50.9161272 5.9068213,50.9161336 5.9068057,50.9161402 5.9067905,50.9161454 5.9067746,50.9161512 5.9067322,50.9161675 5.9067167,50.9161747 5.9066976,50.9161834 5.9066825,50.9161908 5.906669,50.9161967 5.9066683,50.9161971 5.906658,50.9162033 5.9066451,50.9162106 5.9066231,50.9162227 5.9065944,50.9162391 5.9065623,50.9162603 5.9065522,50.9162664 5.9064486,50.9162415 5.9062907,50.9163156 5.9063905,50.916339 5.9063247,50.916367 5.906216,50.9164142 5.9061348,50.9164494 5.9060674,50.9164787 5.9060204,50.9164997 5.90602,50.9164998 5.9059648,50.9165238 5.9058875,50.9165577 5.9058023,50.9165958 5.9057149,50.9166344 5.9056328,50.9166706 5.9055385,50.916712 5.9054717,50.9167411 5.9053949,50.9167762 5.9053703,50.9167868 5.9053065,50.9168143 5.905235,50.9168463 5.9051616,50.9168782 5.9050696,50.9169182 5.9049953,50.9169514 5.9049697,50.9169626 5.9049334,50.9169794 5.9048781,50.9170061 5.9048339,50.9170276 5.9048081,50.9170406 5.9047801,50.9170547 5.9047379,50.917074 5.9046963,50.9170932 5.9046533,50.9171119 5.9046165,50.9171281 5.9045746,50.917148 5.9045437,50.9171617 5.9045184,50.917173 5.9044897,50.9171847 5.9044619,50.9171958 5.9044364,50.917205 5.9044026,50.9172168 5.9043799,50.9172237 5.9043493,50.9172325 5.9043145,50.9172419 5.9042823,50.9172493 5.9042479,50.9172571 5.904209,50.9172646 5.9041704,50.9172721 5.9041399,50.9172778 5.904104,50.9172835 5.9040714,50.917288 5.9040272,50.9172935 5.9039822,50.9172996 5.9039574,50.9173023 5.9039311,50.9173047 5.9039045,50.9173071 5.9038794,50.9173089 5.903849,50.9173102 5.9038227,50.9173115 5.9037956,50.9173116 5.9037712,50.9173116 5.903747,50.9173113 5.9037196,50.9173095 5.903651,50.9173052 5.9035513,50.9173 5.9034097,50.9172921 5.9032349,50.9172836 5.9030595,50.9172741 5.9029434,50.9172686 5.9028155,50.9172623 5.9027241,50.9172583 5.9026705,50.9172551 5.9026202,50.9172525 5.9025715,50.9172504 5.9025439,50.9172487 5.9025199,50.9172484 5.9024937,50.9172467 5.902467,50.917244 5.9024233,50.9172388 5.9022668,50.9172188 5.9020862,50.9171797 5.9019409,50.9171362 5.9018736,50.9170919 5.9018418,50.9170988 5.9017041,50.9170548 5.901497,50.9169845 5.9013405,50.9169368 5.9012268,50.9169001 5.9011915,50.9168885 5.9011566,50.9168651 5.9011191,50.9168562 5.9011079,50.9168517 5.9010782,50.9168402 5.9010401,50.9168275 5.9010078,50.9168168 5.9009632,50.9168036 5.9009214,50.9167919 5.9008712,50.9167778 5.9008218,50.9167648 5.9007803,50.9167555 5.9007327,50.9167446 5.9006988,50.9167375 5.9006981,50.9167373 5.9006907,50.9167401 5.9005199,50.9167161 5.900396,50.9167055 5.9003335,50.9167044 5.9002266,50.9167053 5.9001245,50.9167136 5.9000359,50.9167261 5.8998084,50.9167683 5.8995863,50.9168243 5.8994908,50.9168676 5.8993787,50.9169282 5.8988433,50.9172594 5.8979665,50.9177504 5.8975063,50.9180164 5.8971928,50.9181916 5.8971065,50.9182308 5.8965,50.9184581 5.8964839,50.9184941 5.8963446,50.9185578 5.8961437,50.9186743 5.8960115,50.9187557 5.8959512,50.918796 5.8957577,50.9189682 5.8955998,50.919286 5.8955403,50.9193072 5.8954452,50.9195613 5.8954182,50.9196438 5.8954092,50.9197227 5.8954104,50.9198443 5.895426,50.9199464 5.8954556,50.9200383 5.8955059,50.920135 5.8956167,50.9202656 5.8957234,50.9203912 5.8958646,50.920571 5.8963731,50.9212292 5.8964695,50.9213539 5.8967613,50.9217189 5.8969612,50.9219688 5.8971867,50.922238 5.8973767,50.9224746 5.8975529,50.9226842 5.8976739,50.9228194 5.897965,50.9230803 5.8982246,50.9233089 5.8983786,50.9232926 5.8983089,50.923232 5.8984283,50.9232186 5.8986896,50.9231893 5.8988072,50.9231761 5.8991836,50.9231333 5.8996311,50.9230833 5.8996427,50.923082 5.9001498,50.9230253 5.9001549,50.9230248 5.9003723,50.9230043 5.9003489,50.9230206 5.9007455,50.9229826 5.9007092,50.9230228 5.9006786,50.9230981 5.9006748,50.9231185 5.9006738,50.9231595 5.9006761,50.9231984 5.9006513,50.9231948 5.900601,50.9234244 5.9006992,50.9236966 5.9007239,50.9238024 5.9007506,50.9239595 5.9007767,50.9240374 5.9008673,50.9243305 5.9011317,50.925061 5.901141,50.9250866 5.9014844,50.9251089 5.9016955,50.925121 5.9028653,50.9252987 5.9029497,50.9253923 5.9029782,50.9254238 5.9031538,50.9256234 5.9031848,50.9256586 5.9032574,50.9257057 5.9032799,50.9257202 5.9032819,50.9257226 5.9033625,50.9258204 5.9033904,50.9258544 5.9034078,50.9258754 5.903528,50.9259474 5.9038084,50.9261155 5.9038425,50.9261572 5.9038788,50.9262019 5.9039524,50.9262921 5.903954,50.9262941 5.9039851,50.9263156 5.9040505,50.926361 5.9041012,50.9263887 5.9041403,50.9264162 5.9042899,50.9265217 5.9044325,50.9266192 5.9044408,50.9266261 5.9045546,50.9267207 5.9046104,50.9267672 5.9047072,50.9268477 5.9048473,50.9269642 5.9048551,50.9269706 5.9049458,50.92708 5.9050482,50.9272884 5.9050633,50.9273137 5.9051257,50.927418 5.9052743,50.9275532 5.9053676,50.9275582 5.9055145,50.9275553 5.9056526,50.9275307 5.9058183,50.9275022 5.9059295,50.9274647 5.9060849,50.9274109 5.9061567,50.9273882 5.9063108,50.927339 5.9063767,50.9273211 5.9065832,50.9272692 5.906782,50.9272115 5.906929,50.9271674 5.9069548,50.927164 5.9071565,50.9271351 5.9073636,50.9271279 5.9076152,50.9271214 5.9078358,50.9271144 5.907872,50.9271161 5.9080977,50.9271274 5.9083477,50.9271382 5.9084549,50.927126 5.9086199,50.9271081 5.9086915,50.9271084 5.9088391,50.9271062 5.9089256,50.9270995 5.909026,50.9270905 5.9090988,50.92708 5.9092918,50.9270491 5.909591,50.9269972 5.9097655,50.9269751 5.9098469,50.9269732 5.9099354,50.9269712 5.9100582,50.926974 5.9101043,50.9269779 5.9102188,50.926986 5.9103291,50.9270043 5.9103765,50.9270128 5.9104882,50.9270387 5.9106611,50.9270794 5.9107308,50.927101 5.9108979,50.9271516 5.9110686,50.9272059 5.9111774,50.9272413 5.9113344,50.9273006 5.9114042,50.9273267 5.911408,50.9273279 5.9114097,50.9273284 5.9114217,50.927332 5.9114901,50.9273524 5.9115584,50.9273723 5.9119269,50.9274798 5.9121164,50.9275358 5.9121186,50.9275364 5.9122031,50.9275614 5.9122061,50.9275622 5.9122959,50.9275884 5.9122981,50.927589 5.9125009,50.927652 5.9127808,50.9277472 5.912925,50.9278072 5.9131323,50.9278943 5.9132568,50.927957 5.9132652,50.9279615 5.9132121,50.9280031 5.9131474,50.9280523 5.9133741,50.9281684 5.9135265,50.9282592 5.9138639,50.9284881 5.914067,50.9286399 5.9143286,50.928831 5.9143359,50.9288364 5.9143416,50.9288405 5.9144942,50.9289543 5.9147091,50.9291087 5.9147197,50.9291132 5.9148317,50.9291619 5.9148414,50.9291667 5.9148532,50.9291726 5.9149035,50.9291977 5.9152342,50.9293721 5.9155468,50.9295247 5.9162603,50.9299205 5.9167503,50.9301689 5.9171039,50.9303115 5.9173484,50.9304061 5.9181861,50.9307578 5.9185274,50.930909 5.9189447,50.9311214 5.9191397,50.9312147 5.9193589,50.9313245 5.91937,50.9313301 5.9195117,50.9314012 5.9195202,50.9314054 5.9196154,50.9314532 5.9196247,50.9314578 5.9196312,50.9314611 5.9198156,50.9315422 5.9198262,50.9315469 5.9199399,50.9315957 5.9199519,50.9316009 5.9202104,50.9317119 5.9199541,50.9320154 5.9199526,50.9320173 5.919223,50.9328814 5.9192228,50.9328817 5.9189339,50.933224 5.9189336,50.9332243 5.9189504,50.9332261 5.9189617,50.9332272 5.9192101,50.9332528 5.9193712,50.9332694 5.9195233,50.933285 5.919585,50.9332914 5.919868,50.9333205 5.9201378,50.9333482 5.9206771,50.9336086 5.9209943,50.9337617 5.9212322,50.9338765 5.9214816,50.9339295 5.9214862,50.9339305 5.9226749,50.9344316 5.922939,50.9345603 5.9238219,50.9349996 5.9243667,50.9351938 5.9246977,50.9353157 5.9251373,50.9354751 5.9262245,50.9358777 5.9262558,50.9358898 5.9263003,50.9359057 5.9263054,50.9359076 5.9266655,50.9360245 5.9269971,50.9361322 5.9273908,50.9362615 5.9274172,50.9362701 5.9276516,50.9363471 5.9281304,50.9365074 5.9284701,50.9366122 5.9285488,50.9364978 5.9285772,50.9364564 5.9286462,50.9363562 5.9286254,50.9363489 5.9286978,50.9362443 5.9287258,50.9362505 5.928856,50.9360697 5.928901,50.9360073 5.9288774,50.9360005 5.9289074,50.9359568 5.9289546,50.9358906 5.928964,50.9358933 5.9291085,50.9356892 5.9292046,50.9355536 5.9297459,50.9347895 5.9301107,50.9342744 5.930135,50.9342401 5.9301143,50.9342345 5.9301383,50.9342142 5.9301399,50.9342122 5.9302225,50.9341574 5.9302236,50.9341565 5.9303483,50.9340427 5.9303885,50.9340092 5.9303761,50.9340019 5.9304685,50.9339387 5.9305285,50.9338977 5.9305823,50.9338603 5.9305642,50.9338493 5.9307133,50.9337514 5.930735,50.9337647 5.93084,50.9336973 5.9310333,50.93357 5.9312017,50.9334575 5.9312031,50.9334566 5.9312286,50.9334401 5.9313638,50.9333513 5.9314861,50.9332731 5.9316029,50.9331973 5.931715,50.9331239 5.9317782,50.9330828 5.9318428,50.9330401 5.9319684,50.932958 5.9321948,50.9328103 5.9322168,50.9327922 5.9322927,50.932743 5.9323735,50.932691 5.93246,50.9326352 5.9325376,50.9325846 5.9326009,50.9325471 5.9327416,50.9324521 5.9327657,50.9324367 5.9329116,50.9323415 5.9330261,50.9322669 5.9330668,50.9322393 5.9330832,50.9322295 5.9331549,50.9321829 5.9332003,50.9321535 5.9333081,50.9320819 5.9332965,50.9320727 5.9334674,50.9319632 5.9334854,50.9319714 5.9335416,50.9319339 5.9335245,50.9319221 5.933617,50.9318594 5.9339921,50.93162 5.9340384,50.9315897 5.9340396,50.9315889 5.934127,50.9315291 5.9343115,50.9314122 5.9345518,50.9312571 5.9346075,50.9312205 5.9346774,50.9311739 5.934738,50.9311347 5.9347716,50.9311125 5.9348112,50.9310853 5.9348609,50.9310538 5.9349423,50.9309994 5.9349738,50.9309801 5.9350362,50.9309403 5.935305,50.930766 5.9356093,50.9305685 5.935856,50.93041 5.9360389,50.9302931 5.9360962,50.9302572 5.9361847,50.930205 5.9364352,50.9300573 5.9367251,50.9298862 5.9377517,50.9291815 5.9378192,50.9291343 5.9379516,50.9290271 5.9380658,50.9289347 5.9381237,50.9288878 5.9381417,50.9288961 5.9387115,50.9285072 5.9387554,50.928541 5.9389688,50.9284182 5.9391913,50.9283011 5.9393919,50.928197 5.9395108,50.928138 5.9396265,50.9280815 5.9396539,50.928069 5.939792,50.9280065 5.9400877,50.9278725 5.9406175,50.9276445 5.940624,50.9276417 5.9411754,50.9274105 5.941186,50.9274063 5.9412948,50.9273629 5.9414128,50.9273177 5.9414511,50.9273031 5.9416319,50.9272096 5.9417385,50.9271523 5.9418594,50.9270861 5.9431044,50.9273905 5.9429971,50.9275544 5.9429611,50.9276093 5.9429264,50.9276617 5.9432907,50.9277587 5.9436378,50.927851 5.9436358,50.9278548 5.943642,50.9278565 5.9438944,50.9279233 5.9440959,50.9279763 5.9441764,50.9279976 5.9442104,50.927947 5.9450165,50.9281639 5.9452638,50.9282305 5.9454851,50.9283702 5.9454583,50.9286264 5.9455292,50.9286413 5.9455836,50.9286528 5.9455867,50.9288301 5.9456053,50.9289819 5.9456343,50.9291281 5.9456799,50.9292859 5.9457227,50.9293901 5.9457823,50.9294891 5.9458339,50.9295551 5.9458875,50.9296154 5.9459215,50.9296536 5.9459808,50.9297107 5.946013,50.9297416 5.9460493,50.9297645 5.9463124,50.9299006 5.9464433,50.9299572 5.9468784,50.9301454 5.9472955,50.9303206 5.9486801,50.9309201 5.9494855,50.9312687 5.9499552,50.9314721 5.9511375,50.9319838 5.9522795,50.9324782 5.9523625,50.9325025 5.9527959,50.9326294 5.9527995,50.9326304 5.9533354,50.9327048 5.9542376,50.9329586 5.9540501,50.9333904 5.9541134,50.9335481 5.9545641,50.933724 5.9549001,50.9337945 5.9548937,50.9338383 5.9555719,50.9338907 5.9556691,50.9338975 5.9568126,50.9339778 5.9581523,50.9340802 5.9593377,50.9341665 5.959893,50.9341984 5.9602585,50.9342108 5.9605985,50.9342223 5.9609518,50.9342139 5.9611141,50.934207 5.9612665,50.9341893 5.962167,50.934051 5.9630566,50.9339143 5.9631187,50.9339042 5.9634559,50.9338493 5.9636506,50.933824 5.9638335,50.9338109 5.9639193,50.9338107 5.9640199,50.9335562 5.9641016,50.933437 5.9641615,50.9333873 5.9641969,50.933358 5.964307,50.9333017 5.964434,50.9332523 5.9644477,50.933247 5.9652346,50.9329719 5.9654183,50.9328848 5.9655806,50.9327816 5.9657194,50.9326706 5.9658329,50.9325598 5.9660614,50.9324123 5.9662161,50.9323223 5.9664047,50.9322074 5.9665143,50.9321737 5.9665883,50.9321501 5.9667364,50.9321109 5.9668235,50.9320886 5.9669463,50.9320613 5.9671336,50.9320181 5.9676239,50.9318714 5.968189,50.9316901 5.9684781,50.9316409 5.9687753,50.9315899 5.9689688,50.931568 5.9689878,50.9315655 5.9690589,50.9315561 5.9695286,50.9314032 5.9695645,50.9313916 5.9696295,50.931372 5.969776,50.9313292 5.9699904,50.9312825 5.9700416,50.9312717 5.970101,50.9312583 5.9702521,50.9312258 5.9705111,50.9311673 5.971005,50.9310623 5.9710086,50.931061 5.9710947,50.9310311 5.9711862,50.9309998 5.9712138,50.9309918 5.9713273,50.9309393 5.9714624,50.9308734 5.9714999,50.9308551 5.9717042,50.9307585 5.9717557,50.9307342 5.9720496,50.930572 5.9720673,50.9305621 5.9723452,50.9303941 5.9725035,50.9302984 5.9725056,50.9302969 5.9726061,50.9302299 5.9727237,50.9301515 5.9727431,50.9301389 5.9731892,50.9298685 5.9736325,50.9296308 5.9735972,50.9295432 5.9739912,50.9292794 5.9742592,50.9290978 5.9745013,50.9289377 5.974637,50.9288478 5.97472,50.9287866 5.9750994,50.9288785 5.9753343,50.92895 5.9754803,50.9290034 5.9758505,50.9289754 5.9767429,50.9289125 5.9771049,50.9288856 5.9777172,50.9288389 5.9786842,50.9287693 5.9796044,50.9287031 5.980094,50.9286681 5.981183,50.9285931 5.9834129,50.9284394 5.9842337,50.9283783 5.9879342,50.9281029 5.9886664,50.9280483 5.9916857,50.9278443 5.9935336,50.9277192 5.9970987,50.9274656 6.0008562,50.9271906 6.0023376,50.9270821 6.0029799,50.9270379 6.003687,50.9269872 6.0045286,50.9269248 6.0053607,50.9268663 6.0062642,50.9268043 6.0074735,50.9267207 6.0085571,50.9266481 6.0101567,50.9265421 6.0105831,50.9265138 6.0116964,50.9264395 6.011811,50.9265524 6.0118111,50.9265525 6.0119411,50.9266806 6.0121735,50.9269095 6.0122867,50.927021 6.0123897,50.9271223 6.012396,50.9271285 6.0124592,50.9271907 6.0130183,50.9277409 6.0130203,50.9277428 6.0161372,50.9308113 6.0162487,50.9310229 6.0162492,50.9310239 6.0166482,50.9317812 6.0170029,50.9324547 6.0170811,50.9326032 6.017525,50.9334464 6.0178674,50.9340967 6.0178698,50.934101 6.0181117,50.9345385 6.0182017,50.9347014 6.0182365,50.9346948 6.0200805,50.9343464 6.0205901,50.9342501 6.0224663,50.9338956 6.0273143,50.932985 6.0292815,50.9326155 6.0302761,50.9324289 6.0341179,50.931706 6.038134,50.930948 6.0383856,50.9309005 6.0385893,50.930862 6.0397927,50.9308524 6.0410382,50.9304716 6.0415018,50.9303299 6.0417891,50.930242 6.0435246,50.9296979 6.044151,50.9294481 6.0444149,50.9293408 6.0445993,50.9292458 6.0447292,50.9291468 6.0448557,50.9290505 6.0448944,50.9290627 6.0449989,50.928956 6.0450467,50.9288675 6.0453097,50.928511 6.0455822,50.9280801 6.0469458,50.9283444 6.0471946,50.9284248 6.0475267,50.9285752 6.0485928,50.9290516 6.0491474,50.9293817 6.049578,50.929532 6.0508709,50.9299054 6.0508888,50.9298958 6.0508939,50.929893 6.051347,50.9296493 6.0519498,50.9293312 6.0523922,50.9290977 6.0532557,50.928642 6.053474,50.9285262 6.0545708,50.9279444 6.0553376,50.9275377 6.0556833,50.9273759 6.056122,50.9271706 6.0561605,50.9271525 6.0557993,50.926327 6.0556715,50.9260343 6.0556558,50.9259993 6.0546561,50.9237142 6.0545021,50.9233382 6.0540229,50.9222473 6.0546737,50.9221639 6.0556062,50.9220444 6.0559953,50.9219945 6.0563803,50.9219452 6.0568366,50.9218867 6.0568506,50.9218849 6.0569351,50.9218916 6.0570107,50.9218816 6.0574891,50.9218191 6.057847,50.9217547 6.0587273,50.9216604 6.0588584,50.9216228 6.061816,50.9212377 6.0619976,50.9214242 6.062278,50.9216389 6.0624647,50.9217585 6.06257,50.921828 6.0629643,50.9220374 6.0632888,50.9218822 6.0636037,50.9217668 6.0644835,50.9214462 6.0657665,50.9210599 6.0663777,50.9208905 6.0668252,50.9207562 6.0673718,50.9207262 6.0681843,50.920653 6.0682091,50.9206696 6.0683077,50.9207377 6.0697436,50.9217308 6.0698241,50.9217864 6.0700304,50.9219291 6.070676,50.9223747 6.0717751,50.9231333 6.0749485,50.922767 6.0753662,50.9227489 6.0754235,50.9227464 6.075447,50.9227454 6.0755775,50.9227559 6.0774648,50.9225785 6.0776749,50.9225317 6.0802806,50.9219516 6.0815915,50.9216603 6.0821275,50.9215412 6.0835504,50.9210356 6.0835572,50.9210332 6.0837157,50.9209769 6.0838393,50.920933 6.0840313,50.9208295 6.0850759,50.9202664 6.0853794,50.9201028 6.0868311,50.9193721 6.0873884,50.9191736 6.0876424,50.919093 6.0882319,50.9189064 6.0887262,50.9187499 6.089436,50.9185252 6.0900164,50.9193622 6.0901615,50.9195715 6.0903314,50.9196506 6.0903712,50.9196692 6.0924729,50.9206476 6.0935971,50.921171 6.0936088,50.9211764 6.0937261,50.9212307 6.0939888,50.9209457 6.0940813,50.920828 6.094149,50.9207022 6.0941806,50.9205719 6.094184,50.9204383 6.0941586,50.920307 6.0940977,50.9201793 6.0935368,50.9192199 6.0934149,50.9190312 6.0933501,50.9189304 6.0932373,50.9187739 6.0931488,50.918664 6.0930305,50.9185146 6.0923307,50.9177 6.0921467,50.9175119 6.0919698,50.9173642 6.0917744,50.9172258 6.0915833,50.91711 6.0915758,50.9171054 6.0915486,50.9170889 6.0913002,50.9169681 6.0910379,50.9168677 6.0898725,50.9164529 6.0895622,50.9163395 6.0893392,50.9162338 6.0889334,50.9159248 6.08869,50.9157132 6.0869836,50.9142477 6.0868387,50.9140946 6.0867418,50.9139061 6.0867384,50.9138861 6.0867106,50.9137258 6.0867381,50.913553 6.0867428,50.9135247 6.0867705,50.913424 6.0867824,50.9133783 6.086806,50.9132218 6.0867986,50.913015 6.0867442,50.9128194 6.0866545,50.9126407 6.0866449,50.9126218 6.0864977,50.9124116 6.0863499,50.9122583 6.0860365,50.9120185 6.0858143,50.911883 6.0851366,50.9115396 6.0850756,50.9115086 6.0848636,50.9114012 6.0838818,50.9109037 6.0831548,50.9105431 6.0829656,50.9104497 6.0828334,50.9103789 6.082795,50.9103608 6.0827615,50.9103409 6.0827039,50.9103075 6.0825471,50.910218 6.0823491,50.9100926 6.0822683,50.9100389 6.082211,50.910004 6.0821982,50.9099949 6.0821904,50.9099896 6.0821773,50.9099803 6.082143,50.9099528 6.0821073,50.9099254 6.0820563,50.9098858 6.082017,50.9098535 6.0819564,50.9098081 6.0819264,50.9097832 6.0819214,50.9097783 6.0819018,50.9097611 6.0818814,50.9097422 6.0818496,50.9097142 6.0818328,50.909697 6.081816,50.9096811 6.0817989,50.9096656 6.0817707,50.9096398 6.0817186,50.9095894 6.0817028,50.9095762 6.0816786,50.9095534 6.0816421,50.90952 6.0816189,50.9094965 6.0816011,50.9094812 6.0815832,50.909462 6.0815285,50.9094061 6.081501,50.9093721 6.0814971,50.9093674 6.0814831,50.9093497 6.0814602,50.909325 6.0814352,50.9092927 6.0813998,50.9092461 6.0813493,50.9091813 6.0813129,50.9091359 6.081288,50.9091005 6.0812742,50.9090799 6.0812646,50.9090664 6.0812541,50.9090486 6.0812464,50.9090358 6.0811971,50.9089562 6.0811749,50.9089231 6.0811465,50.9088834 6.081126,50.9088486 6.0811168,50.9088322 6.0810996,50.9088032 6.0810872,50.908783 6.0810652,50.9087423 6.0810473,50.9087118 6.0810333,50.908685 6.081003,50.9086322 6.0809912,50.9086111 6.0809842,50.9085972 6.080941,50.9085216 6.0809095,50.9084645 6.0808838,50.9084166 6.0808512,50.908358 6.080838,50.9083336 6.0808155,50.9082901 6.080791,50.9082422 6.0807598,50.9081817 6.0805599,50.9078003 6.080349,50.9073368 6.0802215,50.9070179 6.0801019,50.9066939 6.0799884,50.9063437 6.0799728,50.9062948 6.0798641,50.9059398 6.0798133,50.9057703 6.0797376,50.9055197 6.0797182,50.9054328 6.079711,50.9053704 6.0797094,50.9053078 6.0797134,50.9052452 6.0797229,50.9051828 6.0797379,50.9051209 6.0797538,50.9050718 6.0797786,50.9050112 6.0798088,50.9049516 6.0798436,50.9048939 6.0799262,50.9047709 6.0799489,50.9047714 6.0799577,50.9047239 6.0799454,50.9047079 6.0799559,50.9046328 6.0799904,50.9044926 6.0801559,50.9040765 6.08019,50.9038819 6.0801252,50.9037121 6.0799338,50.9035367 6.0799134,50.9035136 6.0799048,50.9033614 6.0799538,50.9033206 6.0799895,50.9031883 6.0799093,50.9029168 6.0797902,50.9027168 6.0796013,50.9024834 6.0792097,50.9018874 6.0787126,50.9013039 6.0781746,50.9005181 6.0777606,50.8998687 6.0773983,50.8991073 6.0773655,50.8988722 6.0773622,50.8979781 6.0772672,50.897218 6.0773173,50.8970245 6.077206,50.8968446 6.0767705,50.8964522 6.0766909,50.8963761 6.0766946,50.8963293 6.0766815,50.8963034 6.0766907,50.8962161 6.0766967,50.8960803 6.0766605,50.8959246 6.0766208,50.895813 6.0765872,50.8956829 6.0765593,50.8956278 6.0765562,50.895605 6.0764882,50.8954096 6.0764752,50.8952106 6.0764827,50.8951479 6.0764825,50.8951151 6.0764765,50.8950796 6.0764645,50.8950457 6.0764636,50.8950325 6.0764551,50.8949953 6.076429,50.8948952 6.0764899,50.8948221 6.0765333,50.8947501 6.0765531,50.8946991 6.0765539,50.8946562 6.0765518,50.8946402 6.0765483,50.8946305 6.0765254,50.8945975 6.076517,50.8945909 6.0765062,50.8945866 6.0764626,50.8945768 6.0764447,50.8945747 6.0764274,50.8945761 6.0763545,50.8945867 6.0763211,50.8945939 6.0761567,50.8945982 6.0760936,50.894505 6.0761457,50.8943947 6.0761893,50.8943423 6.0762169,50.8943051 6.0762235,50.894292 6.0762294,50.8942738 6.0762292,50.8942616 6.0762262,50.8942486 6.0762179,50.8942358 6.0762055,50.8942256 6.0761894,50.8942163 6.0761136,50.8941822 6.0759455,50.8941499 6.075805,50.8941073 6.075752,50.8940243 6.0757878,50.8939196 6.0758161,50.8938929 6.0758844,50.8938394 6.0758999,50.8938218 6.0759094,50.8938077 6.0759229,50.8937824 6.0759312,50.8937523 6.0759242,50.8937253 6.0758861,50.8936667 6.0758631,50.8936404 6.0757062,50.8934933 6.0756027,50.89341 6.0753649,50.8931375 6.0752543,50.8930575 6.0751817,50.8929527 6.075206,50.8927823 6.0752963,50.8927033 6.0754223,50.8926363 6.0755524,50.8925596 6.075689,50.8924996 6.0757466,50.892449 6.0757832,50.8924123 6.0758628,50.8923478 6.0759355,50.8922925 6.0759664,50.8922643 6.0759998,50.8922413 6.0761146,50.892153 6.0761313,50.8921375 6.0761394,50.8921273 6.0761708,50.8920771 6.0761895,50.8920262 6.0761939,50.8919718 6.0761943,50.8918954 6.0762037,50.8917695 6.0762281,50.8916854 6.0762441,50.8916516 6.0762983,50.8915624 6.0763024,50.8915401 6.0763002,50.8915322 6.076284,50.8915094 6.0762587,50.8914849 6.0762403,50.8914728 6.0761924,50.8914471 6.0761251,50.8914226 6.0760971,50.8914144 6.0759602,50.8913783 6.0758999,50.8913609 6.075716,50.8912944 6.075669,50.8912761 6.0756024,50.8912471 6.0754402,50.8911665 6.0753883,50.8911449 6.0753786,50.8911349 6.0753835,50.8910274 6.0753778,50.8910058 6.075376,50.8909617 6.075382,50.8909138 6.075401,50.8908496 6.0754061,50.890795 6.0754099,50.8907745 6.0754091,50.890728 6.0754063,50.8907092 6.0754074,50.8906981 6.0753979,50.8906482 6.0753663,50.8905734 6.0753667,50.8905647 6.0753735,50.8905491 6.0753833,50.8905395 6.0754184,50.8905191 6.0754682,50.8904847 6.0754947,50.8904588 6.0755097,50.8904391 6.0755225,50.8904069 6.0755244,50.8903859 6.0755328,50.8903538 6.0755462,50.8903305 6.0755629,50.8903091 6.0755775,50.890295 6.0756159,50.8902652 6.0756454,50.8902381 6.0756686,50.8902131 6.0757052,50.890163 6.0757328,50.8901134 6.0757414,50.8900964 6.0757427,50.8900859 6.075751,50.8900618 6.0757551,50.8900524 6.0757616,50.8900445 6.0757719,50.8900361 6.0758015,50.8900179 6.0758173,50.8900118 6.0758931,50.8899915 6.0759588,50.8899546 6.0760121,50.8899161 6.0761346,50.8898068 6.0761576,50.8897806 6.0762341,50.8896771 6.0762647,50.889622 6.0762875,50.8895743 6.0763187,50.8894851 6.0763291,50.8894484 6.07634,50.8893947 6.076343,50.8893569 6.0763433,50.8892243 6.0763465,50.8891337 6.0763515,50.8891035 6.0763553,50.889054 6.0763694,50.8889996 6.0763965,50.888922 6.0764283,50.8888517 6.076449,50.8888158 6.0764909,50.8887543 6.0765417,50.8886945 6.076571,50.8886646 6.0766214,50.8886199 6.0766503,50.8885904 6.0766789,50.8885651 6.0768051,50.8884797 6.0768274,50.8884599 6.0768471,50.8884472 6.0768863,50.8884118 6.0769004,50.8883948 6.0769407,50.8883123 6.0769567,50.8882622 6.0769815,50.8881327 6.0769964,50.8880867 6.0770241,50.8880106 6.0770611,50.8879276 6.0770906,50.8878723 6.07714,50.8878004 6.0771846,50.8877475 6.0772226,50.8877112 6.0773379,50.8876167 6.0774065,50.8875729 6.0774304,50.8875632 6.0774519,50.8875512 6.0775281,50.8875266 6.0775522,50.8875215 6.0776088,50.8875238 6.0776378,50.8875306 6.0776716,50.8875444 6.0776958,50.8875599 6.0777087,50.8875726 6.0777387,50.8876143 6.0777531,50.8876752 6.0777518,50.8877146 6.0777448,50.8877549 6.0777015,50.8878901 6.0777026,50.8879054 6.0777077,50.8879237 6.0777226,50.8879526 6.0777348,50.8879702 6.0777617,50.8879929 6.0777787,50.8880025 6.0777956,50.8880089 6.077891,50.8880351 6.0779578,50.8880401 6.0780044,50.8880371 6.0780462,50.88803 6.0781628,50.8879944 6.0782096,50.8879772 6.0782912,50.887935 6.0784626,50.8878348 6.0786152,50.8877294 6.0786435,50.8877024 6.0787694,50.8875555 6.0788315,50.8874682 6.0788687,50.8873926 6.0788796,50.887359 6.0788859,50.8873286 6.0788911,50.8872455 6.0788895,50.8872281 6.0788768,50.8871925 6.0788435,50.8871275 6.07883,50.8870921 6.0788179,50.8870519 6.0788112,50.8870174 6.0788139,50.8869492 6.0788164,50.8869428 6.0788299,50.8869254 6.0788514,50.886909 6.0789694,50.8868556 6.0789881,50.88685 6.0792292,50.8868064 6.079274,50.8867916 6.0792946,50.8867809 6.0793104,50.8867671 6.0793318,50.8867434 6.0793364,50.8867351 6.0793387,50.8867273 6.0793361,50.8866964 6.0793203,50.8866688 6.0793023,50.8866466 6.0790979,50.8864704 6.0790817,50.8864524 6.0790697,50.8864339 6.0790629,50.8864141 6.0790616,50.8864032 6.0790678,50.8863619 6.0791804,50.8862694 6.0792742,50.8861852 6.0793484,50.8861149 6.0793551,50.8860491 6.0793532,50.8860208 6.0793421,50.885987 6.0793295,50.8859622 6.079311,50.8859381 6.0791753,50.885799 6.0790856,50.8857221 6.0789819,50.88565 6.0789642,50.8856356 6.0789573,50.88562 6.0789463,50.8856023 6.0789216,50.8855811 6.0788897,50.8855582 6.078851,50.8855359 6.078808,50.8855174 6.0787705,50.8855042 6.0787301,50.8854921 6.0786553,50.8854755 6.0786263,50.8854669 6.0785688,50.8854482 6.0785104,50.8854264 6.0784222,50.8853853 6.0783482,50.8853435 6.0782862,50.8852976 6.0782528,50.8852607 6.0782248,50.8852079 6.0782219,50.8851559 6.0782252,50.8851352 6.0782547,50.885077 6.0782708,50.8850294 6.0782806,50.8849895 6.0782866,50.884934 6.0782905,50.884917 6.0782962,50.8849021 6.0783069,50.8848877 6.0783263,50.8848731 6.0783661,50.8848615 6.0783984,50.8848647 6.0784565,50.8848864 6.0784722,50.8848898 6.0785087,50.8848928 6.078525,50.8848908 6.0785693,50.8848781 6.0786096,50.884859 6.0786233,50.8848549 6.0786729,50.8848432 6.078717,50.8848406 6.0787566,50.8848308 6.0787757,50.8848195 6.0787892,50.884798 6.0788006,50.8847499 6.078837,50.8846593 6.0788525,50.8845911 6.0788586,50.8845103 6.0788732,50.8844645 6.0788907,50.8844432 6.0789198,50.8844138 6.0789438,50.8843827 6.0789764,50.8843204 6.0789945,50.8842939 6.0790199,50.8842658 6.0790773,50.8842144 6.0791285,50.884184 6.0791522,50.8841737 6.0791736,50.8841587 6.079211,50.8841248 6.0796408,50.8836789 6.0796642,50.8836461 6.0796815,50.883617 6.0797153,50.8835412 6.0797315,50.8834873 6.079737,50.88345 6.0797395,50.8834052 6.0797392,50.8833574 6.0797125,50.8832433 6.0796981,50.8832062 6.0796675,50.8831678 6.0796384,50.8831353 6.0795234,50.8830278 6.0794919,50.8829919 6.0794529,50.8829432 6.0794425,50.8829124 6.0794204,50.8828293 6.0793955,50.8827151 6.0793973,50.8826209 6.0794153,50.8825446 6.0794504,50.882474 6.0794962,50.8824029 6.0795803,50.8823082 6.0796369,50.8822304 6.0796798,50.8821853 6.0797182,50.8821661 6.0797786,50.882154 6.0798417,50.8821589 6.0799127,50.8821876 6.0800018,50.8822312 6.0800431,50.8822642 6.0800609,50.8823018 6.0800625,50.8823704 6.0800605,50.8824497 6.0800995,50.8825388 6.0801429,50.8826007 6.0802218,50.8826561 6.0802639,50.8826807 6.0803145,50.8826994 6.0803659,50.8827132 6.0804139,50.882722 6.0804836,50.8827312 6.0805148,50.8827337 6.0805586,50.8827297 6.0806306,50.8827196 6.0806662,50.8827113 6.0807132,50.8826949 6.0807639,50.882659 6.0808129,50.8826106 6.0809003,50.8824901 6.0809477,50.8824207 6.0810038,50.8823521 6.081071,50.8822878 6.0811452,50.8822378 6.0812449,50.8821845 6.0813575,50.8821551 6.0813916,50.8821559 6.0814226,50.8821638 6.0814374,50.8821717 6.0814618,50.8821813 6.0815792,50.8822158 6.0816459,50.8822384 6.0817334,50.8822729 6.0817914,50.8823026 6.0818735,50.8823675 6.0819449,50.8824284 6.0819786,50.8824528 6.0820246,50.8824748 6.0820856,50.882498 6.0821462,50.8825174 6.0822039,50.8825287 6.0823061,50.8825419 6.0823789,50.8825395 6.0824527,50.8825301 6.0825371,50.8825069 6.0826091,50.8824752 6.0826633,50.8824442 6.0827221,50.8824056 6.0828303,50.8823242 6.0829154,50.8822446 6.0829314,50.882226 6.0829719,50.8821381 6.0829632,50.8820846 6.0829449,50.8820491 6.0829118,50.8820196 6.0828686,50.8819913 6.0826829,50.8819517 6.0826215,50.881937 6.0825493,50.881914 6.0824603,50.8818723 6.0824188,50.881846 6.0823789,50.8818153 6.0823199,50.8817617 6.0822896,50.8817239 6.0822506,50.8816687 6.082244,50.8816466 6.0822627,50.8816377 6.0822987,50.8816342 6.082333,50.8816357 6.0823823,50.8816313 6.0824247,50.881621 6.0825817,50.8815753 6.0826537,50.8815472 6.0827461,50.8815079 6.082804,50.8814766 6.0828509,50.8814464 6.082995,50.8813317 6.0831092,50.8812604 6.0831929,50.8812249 6.0834022,50.8811432 6.0834852,50.8811001 6.0835698,50.8810604 6.0836449,50.8810278 6.0837497,50.8809941 6.0838011,50.8809803 6.0838968,50.8809614 6.0840103,50.8809503 6.0840978,50.8809331 6.0841343,50.8809222 6.0842597,50.8808684 6.0843289,50.8808467 6.0844175,50.8808272 6.0845529,50.8807829 6.0845896,50.8807686 6.0847254,50.8806959 6.0847951,50.8806537 6.0848848,50.8805932 6.0849055,50.8805731 6.0849393,50.8805221 6.0849594,50.8804696 6.0849619,50.8804415 6.0849547,50.8804 6.0849459,50.8803721 6.0849391,50.880337 6.0849374,50.8803233 6.0849414,50.8802727 6.084962,50.8802428 6.0849851,50.880215 6.0850248,50.880184 6.0850718,50.8801643 6.0851081,50.8801553 6.0852171,50.88014 6.0853153,50.880121 6.0854066,50.8801013 6.0855204,50.8800732 6.0855952,50.8800514 6.0857777,50.8799861 6.085834,50.8799722 6.0858869,50.8799571 6.0859373,50.8799452 6.0860239,50.8799288 6.0861746,50.8799164 6.0862049,50.8799126 6.0862739,50.8798977 6.0863023,50.8798893 6.0863334,50.8798766 6.0864381,50.8797601 6.0865406,50.879642 6.0866811,50.8794504 6.0867813,50.8792842 6.0872082,50.8784739 6.0871101,50.878281 6.0870256,50.8781149 6.0865338,50.8775511 6.0863218,50.8774326 6.0850737,50.8763684 6.0852525,50.8762189 6.0856992,50.8758454 6.0860353,50.8755401 6.0863164,50.8751847 6.0866462,50.8746331 6.0866622,50.8746064 6.0867265,50.8745581 6.0872913,50.8734139 6.0881023,50.8724269 6.0880733,50.8722929 6.0862442,50.8715614 6.0861408,50.8714761 6.0863461,50.8712169 6.0865355,50.8710662 6.0865931,50.8710042 6.0866187,50.8709311 6.0866474,50.8708273 6.0866751,50.8707269 6.0867216,50.8704472 6.0867253,50.8703545 6.0867285,50.8702739 6.0867329,50.8701651 6.086706,50.8698843 6.0866429,50.8696061 6.0865413,50.8693308 6.0864063,50.8690636 6.0862353,50.8688034 6.0857635,50.8681672 6.0851234,50.8673039 6.0833965,50.8648373 6.0830294,50.8647926 6.0819402,50.8646398 6.0815795,50.8645996 6.081027,50.8645444 6.0810041,50.8627975 6.0810434,50.8626809 6.0810405,50.862564 6.0806252,50.8623857 6.0805706,50.8623622 6.0804701,50.8623207 6.0778128,50.8611714 6.0777566,50.8611456 6.0776765,50.8611036 6.0776138,50.8610657 6.0775551,50.8610253 6.0774902,50.8609738 6.077441,50.8609286 6.0773889,50.8608736 6.0773584,50.8608452 6.077318,50.8607881 6.0772985,50.8607558 6.077268,50.8606953 6.0772536,50.8606598 6.077242,50.8606251 6.0772182,50.8605271 6.0767428,50.858478 6.0767512,50.8584784 6.0762347,50.8562523 6.0760475,50.8554453 6.0758433,50.8543428 6.07546,50.8526187 6.0742402,50.8467316 6.0741697,50.8465382 6.0741694,50.8465363 6.0740814,50.846548 6.0740655,50.8465535 6.0740504,50.8465591 6.0740399,50.8465621 6.0740352,50.8465639 6.0737279,50.8466939 6.0734773,50.8467942 6.0733591,50.8468464 6.0731415,50.8469432 6.0731016,50.8469611 6.0730183,50.8469983 6.0729906,50.8470109 6.072702,50.8471353 6.0726849,50.8471422 6.0726833,50.8471411 6.0726055,50.8471777 6.072413,50.8472594 6.0717493,50.8474861 6.0711578,50.8476613 6.0710696,50.8476874 6.0710144,50.8477074 6.0705659,50.8478698 6.0698767,50.8480984 6.0697311,50.8481323 6.0694939,50.8482033 6.0689188,50.8483792 6.0679352,50.8486594 6.067531,50.8487743 6.067044,50.8489544 6.0669437,50.8489892 6.0659368,50.8492785 6.0650609,50.8495251 6.064235,50.8498265 6.0640967,50.8498742 6.0640403,50.8498771 6.0638982,50.8499145 6.0638573,50.8499607 6.0636357,50.8500225 6.0635109,50.8501676 6.0632468,50.8502678 6.0629816,50.8503094 6.0629127,50.8503079 6.062885,50.8503075 6.0627987,50.8503061 6.0626175,50.8502607 6.0625639,50.8502719 6.0625108,50.8503584 6.062457,50.8503672 6.0624045,50.850343 6.0623303,50.8503321 6.0622369,50.8503191 6.0621951,50.8503442 6.0621681,50.8504115 6.0620286,50.8504767 6.0619313,50.8504716 6.0618097,50.850493 6.0615391,50.850541 6.0613334,50.8505739 6.0613056,50.8505375 6.0612648,50.8505152 6.0610775,50.8505201 6.06091,50.8505894 6.0608232,50.8505906 6.0607689,50.8506406 6.0606763,50.8507242 6.0605155,50.8507404 6.0603973,50.8507195 6.0603576,50.8507228 6.0603567,50.8507546 6.0603246,50.8507589 6.060295,50.8507629 6.0602256,50.8507981 6.0599246,50.8509517 6.0599092,50.8509486 6.0597819,50.8509165 6.0596898,50.8509109 6.0595845,50.8508972 6.0595659,50.8509572 6.0595265,50.8509667 6.0594804,50.85096 6.0594276,50.8509633 6.0593622,50.8510047 6.059311,50.8510368 6.0592436,50.8510585 6.0591399,50.8510431 6.0590601,50.8510615 6.0584219,50.851069 6.0578373,50.8510752 6.0575834,50.8510467 6.0575147,50.8510398 6.0567112,50.8510758 6.0567952,50.8512403 6.0565065,50.851357 6.0566369,50.8515472 6.0567477,50.8515361 6.056953,50.8515856 6.0567883,50.8518774 6.0572219,50.852021 6.0569665,50.8528334 6.0569109,50.8529837 6.057084,50.8541399 6.0570757,50.8543122 6.0570102,50.8544107 6.056857,50.8544347 6.0567802,50.8543722 6.0566039,50.8543511 6.056569,50.854374 6.0566052,50.8545904 6.0566492,50.854645 6.0566332,50.854687 6.0566328,50.8547023 6.0566576,50.8549562 6.0567859,50.8551027 6.0569732,50.8553098 6.0571486,50.8555116 6.057097,50.855666 6.0569638,50.8561177 6.056872,50.856441 6.0567981,50.8567298 6.0565539,50.8571182 6.056511,50.8571461 6.0564153,50.8571737 6.0563638,50.8571932 6.0563429,50.8571976 6.0562705,50.8572072 6.0554369,50.8572449 6.0550999,50.8572353 6.0550513,50.8572342 6.0549273,50.8572057 6.0548219,50.8571811 6.0547441,50.8571499 6.0544744,50.8570736 6.0541616,50.8569105 6.054116,50.8569015 6.0540954,50.8569 6.05406,50.8569099 6.0540398,50.856894 6.053961,50.8569507 6.0539101,50.8569079 6.0538845,50.856891 6.0537591,50.8568024 6.053679,50.8567407 6.0536241,50.8567048 6.0535719,50.8566659 6.0534594,50.8565765 6.0534092,50.8565285 6.0533819,50.8564887 6.05336,50.8564634 6.0533538,50.8564459 6.053331,50.8564263 6.0533279,50.856419 6.0533311,50.8564004 6.0533452,50.8563763 6.0533433,50.8563484 6.0533384,50.8563242 6.0533028,50.8562649 6.0532886,50.856255 6.0532695,50.8562381 6.0532521,50.8562295 6.0532179,50.8562228 6.0532065,50.8562242 6.0531686,50.8562625 6.0531607,50.8562672 6.0531283,50.8562573 6.0530866,50.8562283 6.0530604,50.8562192 6.0529966,50.8562052 6.0529864,50.8561998 6.0529746,50.8561885 6.0529758,50.8561817 6.053001,50.8561516 6.0529907,50.8561468 6.0529704,50.8561448 6.0529476,50.8561505 6.0529137,50.8561484 6.0528955,50.8561455 6.052842,50.8561161 6.0528319,50.856105 6.0528258,50.8561013 6.0528078,50.856095 6.0527821,50.8560899 6.0527301,50.8560843 6.0527173,50.8560758 6.05269,50.8560475 6.0526495,50.8560146 6.0526021,50.8559837 6.0525886,50.8559774 6.0525382,50.8559611 6.0525221,50.855963 6.0525027,50.8559611 6.0524798,50.8559559 6.0524672,50.8559554 6.0524555,50.8559521 6.0524329,50.85594 6.0524178,50.8559277 6.0524159,50.8558768 6.0524107,50.8558588 6.0524031,50.8558486 6.0523596,50.8558223 6.0523572,50.855807 6.0523571,50.8557678 6.0523594,50.8557635 6.0523564,50.8557585 6.0523231,50.8557318 6.0523216,50.8557138 6.0523266,50.8556983 6.0523192,50.8556731 6.0522845,50.8556111 6.0522636,50.8555825 6.0522436,50.8555655 6.0522287,50.8555607 6.052193,50.8555555 6.0521314,50.8555516 6.0520992,50.8555468 6.0520675,50.8555404 6.0520063,50.8555239 6.0519506,50.8555213 6.0519276,50.8555391 6.0518983,50.855579 6.0518838,50.8555956 6.051873,50.8555982 6.05186,50.855596 6.0518377,50.8555747 6.0518278,50.8555601 6.0518089,50.8555508 6.0517876,50.8555037 6.0517894,50.8554924 6.0517837,50.8554848 6.0517764,50.8554792 6.0517662,50.8554767 6.0517366,50.8554781 6.051713,50.8554808 6.0516851,50.8554881 6.051673,50.8554889 6.0516513,50.8554855 6.0516025,50.8554671 6.0515807,50.8554499 6.0515552,50.8554357 6.0515417,50.8554322 6.0514742,50.8554269 6.0514264,50.8554138 6.051404,50.8554098 6.0513809,50.8554022 6.051375,50.855398 6.0513607,50.8553944 6.0512324,50.8553767 6.051105,50.8553619 6.0510943,50.8553611 6.0510832,50.8553643 6.0510745,50.8553718 6.0510507,50.8553947 6.051044,50.8554042 6.0510427,50.8554138 6.0510168,50.8554432 6.0510039,50.8554439 6.0509976,50.8554465 6.0509818,50.8554473 6.0509562,50.8554279 6.0509482,50.8554188 6.0509438,50.8553757 6.0508717,50.8554072 6.0508383,50.8554202 6.0508103,50.8554252 6.0507832,50.8554274 6.0507702,50.8554223 6.0507568,50.8554131 6.0507057,50.8553564 6.0506765,50.8553141 6.0506727,50.8553032 6.0506677,50.8552991 6.0506416,50.8553038 6.0506396,50.8553012 6.0506327,50.855286 6.0506525,50.8552384 6.0506517,50.8552239 6.0505442,50.8551813 6.0505113,50.8551701 6.0504472,50.8551428 6.0504259,50.8551297 6.0503702,50.8550903 6.0503033,50.8550574 6.0502661,50.8550313 6.050248,50.8550112 6.0502419,50.854996 6.0502447,50.8549647 6.0502544,50.8549486 6.0502867,50.854916 6.0503045,50.8549062 6.0503118,50.8549002 6.0503217,50.8548837 6.0503195,50.8548765 6.0503174,50.8548716 6.0503067,50.8548622 6.0501541,50.8547699 6.050145,50.8547612 6.0501457,50.8547533 6.0501514,50.8547442 6.0501668,50.854733 6.0501833,50.8547242 6.0502206,50.8547186 6.050238,50.8547186 6.0502541,50.8547166 6.050265,50.854714 6.0502723,50.8547109 6.0502936,50.8546929 6.0503009,50.8546645 6.0503187,50.8546259 6.0503243,50.8545944 6.0503197,50.8545858 6.0503103,50.8545782 6.0502846,50.8545674 6.0502573,50.854553 6.0502355,50.8545386 6.0502219,50.8545242 6.0502106,50.8545083 6.0502043,50.8544908 6.0501928,50.8544416 6.0501933,50.8544313 6.0501867,50.8544206 6.05016,50.8544016 6.0501486,50.8543915 6.0501281,50.8543106 6.0501019,50.8542415 6.0500937,50.854233 6.0500818,50.8542246 6.0500444,50.8542105 6.0499047,50.8541741 6.0498561,50.8541551 6.0498292,50.8541424 6.0498029,50.8541275 6.0497723,50.8541149 6.0497385,50.8541065 6.049697,50.8540995 6.0496592,50.8540952 6.0495438,50.8540941 6.049491,50.8540798 6.049482,50.8540763 6.049477,50.8540693 6.0494765,50.8540623 6.0494814,50.8540469 6.0494765,50.8540393 6.0494594,50.8540273 6.049447,50.8540234 6.0493099,50.8540017 6.0491532,50.8539728 6.0491196,50.8539696 6.049004,50.8539662 6.04881,50.8539515 6.0486748,50.8539381 6.0486552,50.853931 6.0485387,50.8538733 6.0485305,50.8538619 6.0485268,50.8538418 6.0485273,50.8538258 6.0485202,50.8538082 6.0485043,50.8537894 6.0484888,50.8537805 6.0484549,50.8537698 6.0484183,50.8537616 6.0483808,50.8537591 6.0483167,50.8537687 6.0482974,50.8537691 6.0482675,50.8537629 6.0482843,50.8537069 6.0482398,50.8536977 6.0481719,50.8536561 6.0480915,50.85372 6.0480727,50.8537188 6.0480343,50.853719 6.0480023,50.8537137 6.0479797,50.8537073 6.0479988,50.8536729 6.0479811,50.853677 6.0479571,50.853675 6.047934,50.8536703 6.0479032,50.8536612 6.0478618,50.8536449 6.0477877,50.8536112 6.047727,50.8535751 6.0477097,50.8535723 6.0476443,50.8535685 6.0475881,50.8535676 6.0475803,50.853566 6.0475635,50.8535529 6.0474803,50.8534754 6.0474691,50.8534618 6.0474528,50.8534499 6.0473638,50.8534166 6.0472793,50.8533896 6.0472275,50.8533598 6.0472134,50.8533465 6.0471978,50.8533411 6.047122,50.8533209 6.0471061,50.853316 6.0470984,50.8533115 6.0470923,50.8533021 6.0471084,50.85328 6.0471059,50.8532647 6.0469582,50.853252 6.0469147,50.8532452 6.0468926,50.8532401 6.0468641,50.8532318 6.0468481,50.8532188 6.0468356,50.8532005 6.0468039,50.8531647 6.0467928,50.8531593 6.0466891,50.8531517 6.046678,50.8531433 6.0466666,50.8531303 6.0466701,50.8531193 6.0466844,50.8531027 6.0467438,50.8530568 6.046713,50.8530355 6.0466734,50.8530016 6.0466435,50.8529718 6.0466058,50.852926 6.0465821,50.8529086 6.0465506,50.8528809 6.0465251,50.8528632 6.046484,50.8528515 6.0464578,50.8528475 6.0464069,50.8528462 6.0463128,50.8528311 6.0462984,50.8528275 6.0462807,50.8528258 6.0462699,50.8528279 6.0462535,50.852839 6.0462461,50.8528507 6.0462535,50.8528678 6.0462794,50.8528989 6.0463005,50.8529391 6.0462979,50.852956 6.0462886,50.8529681 6.0462829,50.8529742 6.046275,50.852979 6.0462652,50.8529783 6.0462504,50.8529758 6.0462247,50.8529644 6.0461535,50.8529028 6.0461231,50.8528862 6.0461099,50.8528816 6.046061,50.8528741 6.0460059,50.8528687 6.0459629,50.8528597 6.0459321,50.852847 6.0459054,50.8528274 6.0458803,50.8528028 6.0458632,50.8527902 6.0458567,50.8527877 6.0458465,50.8527852 6.0458365,50.852785 6.045822,50.8527872 6.0457875,50.8527977 6.0457571,50.8528094 6.0457258,50.8528157 6.0456833,50.8528136 6.045664,50.8528083 6.0456498,50.8527983 6.0456433,50.85279 6.0456358,50.8527763 6.045638,50.8527581 6.0456435,50.8527467 6.0456432,50.8527421 6.0456271,50.8527377 6.0455244,50.8527352 6.0454705,50.8527375 6.0453912,50.8527502 6.0453812,50.8527472 6.045361,50.8527359 6.0453402,50.8527211 6.0453158,50.8527005 6.0452893,50.8526693 6.0452784,50.8526494 6.045289,50.8526144 6.0453049,50.8525824 6.045302,50.8525745 6.0452929,50.8525659 6.0452796,50.8525589 6.0452597,50.8525557 6.0452127,50.8525652 6.0451677,50.8525714 6.045154,50.8525684 6.0451427,50.8525612 6.0451459,50.8525373 6.0451553,50.8524976 6.0451558,50.8524849 6.0451487,50.852473 6.0451409,50.8524495 6.0451067,50.8524092 6.0450825,50.852391 6.045068,50.852385 6.0450458,50.8523833 6.044874,50.852412 6.0448528,50.8524185 6.0448159,50.8524338 6.0447995,50.8524449 6.0447908,50.8524547 6.0447853,50.8524852 6.0447757,50.8525087 6.0447665,50.8525202 6.0447591,50.8525262 6.0447439,50.8525253 6.0447137,50.8525063 6.044696,50.8524993 6.0446707,50.8524931 6.044663,50.8524944 6.0446528,50.8525005 6.0446482,50.8525063 6.0446493,50.8525139 6.0446529,50.8525225 6.0446623,50.8525353 6.0447039,50.8525777 6.0447105,50.8526075 6.0447112,50.8526191 6.0447083,50.852628 6.0446889,50.8526508 6.0446742,50.8526622 6.044654,50.852671 6.0445784,50.8526933 6.0444994,50.852707 6.0444785,50.8527042 6.0444675,50.8527045 6.0444198,50.8526952 6.0444057,50.852691 6.044341,50.8526201 6.0442834,50.852583 6.0442556,50.8525487 6.0442298,50.852528 6.0441977,50.8524932 6.0441757,50.852477 6.044166,50.8524734 6.0441366,50.8524747 6.0440122,50.852518 6.0439821,50.8525354 6.0439562,50.8525429 6.043936,50.8525269 6.0438753,50.8524521 6.0438701,50.8524289 6.0438786,50.8524111 6.0438896,50.8524022 6.0439053,50.8523899 6.0439462,50.852367 6.0439558,50.8523597 6.0439594,50.8523486 6.0439527,50.8523414 6.0439492,50.8523271 6.0439268,50.8523178 6.0438864,50.8523056 6.0438483,50.8522919 6.0438192,50.8522754 6.0437964,50.8522591 6.0437809,50.8522456 6.0437719,50.852234 6.0437667,50.8522166 6.0437756,50.8521861 6.0438115,50.8521339 6.0438277,50.8521147 6.0438271,50.8520829 6.0438104,50.8520278 6.043829,50.8520181 6.0438414,50.8520076 6.0438661,50.8519959 6.0438773,50.8519836 6.043877,50.8519789 6.0438476,50.8519716 6.0437701,50.8519562 6.0437518,50.8519538 6.0436805,50.8519755 6.0436407,50.8519835 6.0436106,50.851987 6.0435882,50.8519893 6.0435706,50.8519875 6.0435423,50.8519798 6.0435257,50.8519776 6.0435103,50.8519779 6.0434455,50.8519906 6.0434305,50.8519892 6.043404,50.851976 6.0433616,50.8519583 6.0433403,50.8519514 6.0433197,50.8519476 6.0432808,50.8519477 6.0432596,50.851946 6.04322,50.851931 6.0432022,50.851927 6.0431876,50.8519245 6.0431499,50.8519235 6.0431306,50.8519187 6.0430997,50.8519077 6.0430759,50.8518943 6.0430524,50.8518797 6.0430098,50.8518459 6.0429867,50.851833 6.0429644,50.8518232 6.0429062,50.8518098 6.0428835,50.8518126 6.0428616,50.8518103 6.0428431,50.8517601 6.04284,50.8517557 6.0428325,50.8517506 6.042785,50.8517461 6.042679,50.8517259 6.0426644,50.8517205 6.042654,50.8517105 6.0426413,50.8516565 6.0426403,50.851631 6.0426346,50.8516205 6.0426222,50.8516108 6.0426008,50.8515982 6.0425507,50.8515761 6.0424898,50.8515451 6.0424554,50.8515193 6.0424007,50.8514713 6.0423634,50.8514261 6.0423616,50.8514173 6.0423719,50.8513766 6.0423716,50.8513662 6.0423668,50.8513472 6.0423541,50.8513271 6.0423454,50.8513173 6.0423317,50.8513063 6.0423121,50.8513107 6.0422662,50.851315 6.042236,50.8513128 6.0422171,50.8513011 6.0421413,50.8512365 6.0421021,50.851217 6.0420904,50.8512137 6.0420791,50.8512123 6.0420733,50.8512132 6.0420567,50.8512254 6.0420269,50.8512532 6.0420075,50.8512685 6.041981,50.8512834 6.0419558,50.8512939 6.0419307,50.8513016 6.0418942,50.8513077 6.0418538,50.8513088 6.0418455,50.8513037 6.041844,50.8512713 6.0418459,50.8512623 6.04184,50.8512523 6.0418264,50.8512436 6.0418032,50.8512423 6.0417445,50.8512554 6.0417364,50.8512606 6.0417329,50.8512717 6.0417194,50.8512883 6.0417034,50.851296 6.04163,50.8513152 6.0416174,50.8513147 6.0416199,50.8513069 6.0416001,50.8513032 6.0415769,50.8512962 6.0415548,50.8512858 6.0415255,50.8512607 6.0415206,50.8512474 6.0415301,50.8512204 6.0415312,50.8512114 6.0415148,50.8511972 6.0415054,50.8511925 6.0414257,50.8511769 6.0413352,50.8511639 6.0410595,50.8511153 6.0410419,50.8511136 6.041016,50.8511205 6.0410037,50.8511276 6.0409658,50.8511582 6.0409348,50.8511784 6.0409008,50.851205 6.0408639,50.8512266 6.0408472,50.851233 6.0408399,50.8512332 6.0408226,50.8512275 6.0408039,50.8512147 6.0407981,50.8512071 6.0407943,50.8511934 6.0407954,50.8511786 6.0407883,50.8511552 6.0407809,50.8511525 6.0407727,50.8511469 6.0407685,50.85114 6.0407558,50.8511286 6.0407278,50.8511134 6.0407109,50.8511009 6.0406901,50.851089 6.0406421,50.8510684 6.0406235,50.8510636 6.0406024,50.8510615 6.0404559,50.8510752 6.0404293,50.8510757 6.0403871,50.8510737 6.0403586,50.8510746 6.0403264,50.8510727 6.0402841,50.8510655 6.0402608,50.8510671 6.0402106,50.8510674 6.0401702,50.8510714 6.0401556,50.8510712 6.0401355,50.8510686 6.0400954,50.8510571 6.0400818,50.8510513 6.0400322,50.8510357 6.0400153,50.8510341 6.0399896,50.8510347 6.0399744,50.8510397 6.0399646,50.8510447 6.0399475,50.8510695 6.0399288,50.8511308 6.0399221,50.8511403 6.039898,50.8511585 6.0398845,50.8511665 6.0398733,50.8511702 6.0398067,50.8511817 6.0397612,50.8511873 6.0397404,50.8511869 6.0397127,50.8511907 6.0397046,50.8511931 6.0396854,50.8511935 6.039674,50.8511863 6.039514,50.8510519 6.0391174,50.8509167 6.0389365,50.8509273 6.0387668,50.8509313 6.0385481,50.8509801 6.0379412,50.8510031 6.0375996,50.8510189 6.03755,50.8510177 6.0375262,50.8510152 6.0374955,50.851006 6.0374792,50.8509941 6.037416,50.8509553 6.037345,50.8509184 6.0373197,50.8509035 6.0372989,50.8508945 6.0372775,50.8508871 6.0372363,50.8508765 6.0371984,50.8508611 6.0371328,50.8508554 6.0370983,50.8508462 6.0370737,50.850832 6.0370446,50.8508062 6.0370231,50.8507965 6.0369866,50.8507824 6.0369317,50.8507659 6.0368813,50.8507552 6.0368487,50.8507375 6.0368085,50.8507235 6.0367807,50.8507164 6.0367695,50.8507114 6.0367539,50.850703 6.0367037,50.8506663 6.0366922,50.8506596 6.0366292,50.8506425 6.0365806,50.8506378 6.036543,50.8506212 6.0365098,50.850611 6.0364346,50.8505814 6.0363968,50.8505596 6.0363868,50.8505484 6.0363658,50.8505341 6.0363417,50.850524 6.0362913,50.850519 6.0362741,50.8505103 6.0362381,50.8504975 6.0361427,50.8504565 6.0361121,50.8504467 6.0360897,50.8504425 6.0360742,50.8504428 6.0360509,50.8504472 6.0360437,50.8504468 6.0359845,50.8504636 6.0359453,50.8504636 6.0359327,50.850466 6.0359186,50.8504756 6.0358984,50.850496 6.0358872,50.8504968 6.0358513,50.8505035 6.0358298,50.8505053 6.0358147,50.8505125 6.0357866,50.8505318 6.035771,50.8505349 6.035725,50.8505276 6.0356876,50.8505191 6.035665,50.8505184 6.0356379,50.8505148 6.0355864,50.8505189 6.0354558,50.8505193 6.0354231,50.8505219 6.0353924,50.8505293 6.0353277,50.8505518 6.0353058,50.8505546 6.0352687,50.8505565 6.0352179,50.8505526 6.0351953,50.8505548 6.0350968,50.8505519 6.0350426,50.8505474 6.0350044,50.8505359 6.0349459,50.850528 6.0348578,50.8505126 6.0347741,50.8504925 6.034708,50.8504801 6.0346919,50.850479 6.0346767,50.8504839 6.034648,50.8504881 6.034619,50.8504904 6.0346008,50.850496 6.0345884,50.8505064 6.0345619,50.8505518 6.0345459,50.8505703 6.0345224,50.850581 6.0344752,50.85059 6.0344583,50.8505906 6.0343525,50.8505802 6.0342815,50.8505751 6.0339237,50.850461 6.0339147,50.8504551 6.0339149,50.8504201 6.0339193,50.8504005 6.0339063,50.8503872 6.0338903,50.8503747 6.0338713,50.8503629 6.0338508,50.850356 6.0338018,50.850347 6.0337283,50.8503439 6.0337143,50.8503448 6.033114,50.8501291 6.0330928,50.850124 6.0330787,50.8501226 6.0330691,50.8501242 6.0330592,50.8501297 6.0330474,50.8501413 6.0330451,50.8501547 6.0330537,50.8501919 6.0330515,50.8502082 6.0328541,50.8501294 6.0328205,50.8501197 6.0327458,50.8500823 6.0326007,50.8500267 6.0325172,50.849986 6.0324399,50.8499406 6.0323719,50.8498804 6.0323491,50.8498558 6.0323137,50.8498336 6.0321069,50.8497132 6.0316342,50.8494305 6.0317252,50.8493456 6.0311993,50.8490984 6.0300468,50.8485977 6.0295958,50.8483813 6.0292582,50.8482159 6.0291611,50.8481667 6.0289749,50.8480802 6.0280117,50.8476794 6.0278392,50.8476302 6.0271333,50.8474635 6.0268636,50.8474044 6.0260327,50.8472376 6.0256474,50.847722 6.0232138,50.846892 6.022719,50.8466334 6.0226528,50.8465859 6.0223954,50.8464968 6.0222049,50.8464674 6.02199,50.8463844 6.0216089,50.8463674 6.0210247,50.8463818 6.0208788,50.8463592 6.0201878,50.8463139 6.0200236,50.8463048 6.0197694,50.8462883 6.0194578,50.8462773 6.0192228,50.8462709 6.0190686,50.8462682 6.0189456,50.8462556 6.0189342,50.846229 6.0187465,50.8457906 6.0179589,50.8438055 6.017907,50.843675 6.0174567,50.8425492 6.0171263,50.8417153 6.0171199,50.8416993 6.0162863,50.8396646 6.0159425,50.8387962 6.0171377,50.8381332 6.0177599,50.8377694 6.0184502,50.8373291 6.0184346,50.8373038 6.0183437,50.8371733 6.0177225,50.8361463 6.0175792,50.8359167 6.0174393,50.8356927 6.0173565,50.83556 6.0170921,50.8351365 6.0170237,50.8350268 6.0169731,50.8349457 6.0169406,50.8348937 6.0167292,50.8345449 6.016685,50.834472 6.0165636,50.8342717 6.016389,50.8339984 6.0163157,50.8338837 6.0168569,50.8329591 6.0169041,50.8328784 6.0170998,50.8325433 6.0171115,50.8325233 6.0172313,50.8323181 6.0173597,50.8320983 6.0173604,50.832097 6.0174629,50.8319227 6.0175415,50.8317891 6.017542,50.8317882 6.0175472,50.8317794 6.0176397,50.8316221 6.0176402,50.8316212 6.0179714,50.831058 6.0181132,50.8308168 6.0181231,50.8307999 6.0182844,50.8305256 6.018542,50.8300876 6.0186407,50.8299197 6.0187166,50.8297906 6.0186985,50.8297794 6.018677,50.8297662 6.0187687,50.8296952 6.0190263,50.8295737 6.0197739,50.8293639 6.0206706,50.8291122 6.0209795,50.8290255 6.0225748,50.8285778 6.0228816,50.8284917 6.0229319,50.8284776 6.0230674,50.8284396 6.0241474,50.8281364 6.0250626,50.8278778 6.0252699,50.8278199 6.0252643,50.8277843 6.0245388,50.8274077 6.0245257,50.8274184 6.0227445,50.8266058 6.0239525,50.8251079 6.0239549,50.825105 6.0239556,50.8251041 6.0241956,50.8241269 6.0242678,50.823833 6.0244328,50.8227658 6.0244865,50.8224465 6.0244911,50.8224175 6.0245009,50.8223544 6.0245089,50.8223033 6.0245326,50.822215 6.0246393,50.821816 6.0246984,50.8215953 6.0250011,50.8215478 6.0251353,50.8214549 6.0262314,50.820369 6.0263602,50.8202312 6.0263794,50.820122 6.0263549,50.8200326 6.0263067,50.8199549 6.0260323,50.819634 6.0260056,50.8196028 6.0256418,50.819184 6.0248293,50.8188518 6.0247798,50.81883 6.0246562,50.8187829 6.0245327,50.8187313 6.0244852,50.8187114 6.0244066,50.8186796 6.023723,50.8184015 6.0237677,50.8182641 6.0235961,50.8181638 6.0231348,50.8178736 6.0222413,50.8170254 6.0221276,50.8168837 6.0221033,50.8168092 6.022469,50.8167053 6.0233944,50.8163958 6.0241108,50.8161109 6.0244895,50.8159237 6.0243302,50.8157438 6.0240898,50.8154106 6.0237705,50.8150577 6.0235582,50.8146994 6.0235288,50.8146499 6.025029,50.814132 6.0249501,50.814061 6.0247583,50.8138885 6.0244205,50.8136936 6.0243582,50.813667 6.0243225,50.8136517 6.0240708,50.8135374 6.0238249,50.8134257 6.0237794,50.813406 6.0237105,50.813373 6.0234647,50.8132535 6.0233298,50.8131554 6.0233279,50.8131545 6.0222899,50.8126965 6.0216383,50.8123319 6.0210415,50.8120586 6.01977,50.8114291 6.0190772,50.8110708 6.0180834,50.8106183 6.0179996,50.8105809 6.0171666,50.8101526 6.0166793,50.8098802 6.0165005,50.8097803 6.0162115,50.8095813 6.0162014,50.8095743 6.0161663,50.8095502 6.0153926,50.8090177 6.0149743,50.8087045 6.014834,50.8085867 6.0148037,50.8085612 6.0147735,50.8085359 6.014509,50.808314 6.0140336,50.8078504 6.0138599,50.8076754 6.0135851,50.807304 6.0131318,50.8066808 6.0127091,50.806417 6.0119595,50.8057536 6.0114472,50.8052687 6.011419,50.805242 6.0113929,50.8052174 6.0112987,50.8051288 6.0112758,50.8051073 6.010564,50.8044148 6.0101327,50.8040834 6.0100791,50.8040465 6.0099947,50.8039885 6.009686,50.803829 6.0087487,50.8033593 6.0084324,50.8031938 6.0082694,50.8031091 6.0080604,50.8030005 6.0078903,50.802912 6.0076374,50.8027528 6.0070065,50.802582 6.006187,50.8023338 6.0058852,50.8022373 6.005266,50.8020407 6.0047579,50.8018711 6.0036927,50.8014715 6.0036287,50.8014624 6.0035631,50.8014638 6.0023698,50.8021801 6.0021685,50.8023012 6.0004325,50.8033457 5.9999379,50.8036042 5.9989157,50.8041207 5.9989439,50.8041818 5.9988499,50.8042145 5.9971651,50.8049235 5.9954108,50.8056942 5.9950075,50.8058771 5.993813,50.8064823 5.9930566,50.8069146 5.9927862,50.8071224 5.9920399,50.8075486 5.9918064,50.8077104 5.9915802,50.8078845 5.991385,50.8080448 5.9906831,50.80838 5.9901579,50.8086193 5.9894513,50.8089305 5.9875125,50.8096386 5.9869078,50.8098788 5.9868207,50.8099 5.9863706,50.8101423 5.9856471,50.8105208 5.9855145,50.8105742 5.9854491,50.8105593 5.9848905,50.8104262 5.9843607,50.8102269 5.9835185,50.8097298 5.9834221,50.8096728</coordinates></LineString></MultiGeometry>
  </Placemark>
</Folder>
</Document></kml>
