<?xml version="1.0" encoding="UTF-8"?>
<kml xmlns="http://www.opengis.net/kml/2.2">
  <Document>
    <name>overpass-turbo.eu export</name>
    <Style id="poly-000000-1200-77-normal">
      <LineStyle>
        <color>ff000000</color>
        <width>1.2</width>
      </LineStyle>
      <PolyStyle>
        <color>4d000000</color>
        <fill>1</fill>
        <outline>1</outline>
      </PolyStyle>
    </Style>
    <Style id="poly-000000-1200-77-highlight">
      <LineStyle>
        <color>ff000000</color>
        <width>1.8</width>
      </LineStyle>
      <PolyStyle>
        <color>4d000000</color>
        <fill>1</fill>
        <outline>1</outline>
      </PolyStyle>
    </Style>
    <StyleMap id="poly-000000-1200-77">
      <Pair>
        <key>normal</key>
        <styleUrl>#poly-000000-1200-77-normal</styleUrl>
      </Pair>
      <Pair>
        <key>highlight</key>
        <styleUrl>#poly-000000-1200-77-highlight</styleUrl>
      </Pair>
    </StyleMap>
    <Placemark>
      <name>Eijsden-Margraten</name>
      <description><![CDATA[beschrijving: <br>@id: relation/305282<br>admin_level: 8<br>authoritative: yes<br>boundary: administrative<br>name: Eijsden-Margraten<br>name:li: Èèsjde-Mergaote<br>name:nl: Eijsden-Margraten<br>name:ru: Эйсден-Маргратен<br>population: 25768<br>population:date: 2020-01-01<br>ref:gemeentecode: 1903<br>source:population: CBS<br>type: boundary<br>wikidata: Q9766<br>wikipedia: nl:Eijsden-Margraten<br>name:de: <br>name:fy: <br>name:la: <br>name:zh-Hans: <br>name:zh-Hant: <br>name:lt: <br>old_name:de: <br>name:carnaval: <br>alt_name:la: <br>alt_name:fr: <br>alt_name:wa: <br>name:ar: <br>name:en: <br>name:eo: <br>name:es: <br>name:fr: <br>name:he: <br>name:ja: <br>name:ko: <br>name:mk: <br>name:ml: <br>name:nds: <br>name:sr: <br>name:uk: <br>name:wa: <br>name:zea: <br>name:zh: <br>old_name:es: <br>@relations: ]]></description>
      <styleUrl>#poly-000000-1200-77</styleUrl>
      <ExtendedData>
        <Data name="beschrijving">
          <value/>
        </Data>
        <Data name="@id">
          <value>relation/305282</value>
        </Data>
        <Data name="admin_level">
          <value>8</value>
        </Data>
        <Data name="authoritative">
          <value>yes</value>
        </Data>
        <Data name="boundary">
          <value>administrative</value>
        </Data>
        <Data name="name">
          <value>Eijsden-Margraten</value>
        </Data>
        <Data name="name:li">
          <value>Èèsjde-Mergaote</value>
        </Data>
        <Data name="name:nl">
          <value>Eijsden-Margraten</value>
        </Data>
        <Data name="name:ru">
          <value>Эйсден-Маргратен</value>
        </Data>
        <Data name="population">
          <value>25768</value>
        </Data>
        <Data name="population:date">
          <value>2020-01-01</value>
        </Data>
        <Data name="ref:gemeentecode">
          <value>1903</value>
        </Data>
        <Data name="source:population">
          <value>CBS</value>
        </Data>
        <Data name="type">
          <value>boundary</value>
        </Data>
        <Data name="wikidata">
          <value>Q9766</value>
        </Data>
        <Data name="wikipedia">
          <value>nl:Eijsden-Margraten</value>
        </Data>
        <Data name="name:de">
          <value/>
        </Data>
        <Data name="name:fy">
          <value/>
        </Data>
        <Data name="name:la">
          <value/>
        </Data>
        <Data name="name:zh-Hans">
          <value/>
        </Data>
        <Data name="name:zh-Hant">
          <value/>
        </Data>
        <Data name="name:lt">
          <value/>
        </Data>
        <Data name="old_name:de">
          <value/>
        </Data>
        <Data name="name:carnaval">
          <value/>
        </Data>
        <Data name="alt_name:la">
          <value/>
        </Data>
        <Data name="alt_name:fr">
          <value/>
        </Data>
        <Data name="alt_name:wa">
          <value/>
        </Data>
        <Data name="name:ar">
          <value/>
        </Data>
        <Data name="name:en">
          <value/>
        </Data>
        <Data name="name:eo">
          <value/>
        </Data>
        <Data name="name:es">
          <value/>
        </Data>
        <Data name="name:fr">
          <value/>
        </Data>
        <Data name="name:he">
          <value/>
        </Data>
        <Data name="name:ja">
          <value/>
        </Data>
        <Data name="name:ko">
          <value/>
        </Data>
        <Data name="name:mk">
          <value/>
        </Data>
        <Data name="name:ml">
          <value/>
        </Data>
        <Data name="name:nds">
          <value/>
        </Data>
        <Data name="name:sr">
          <value/>
        </Data>
        <Data name="name:uk">
          <value/>
        </Data>
        <Data name="name:wa">
          <value/>
        </Data>
        <Data name="name:zea">
          <value/>
        </Data>
        <Data name="name:zh">
          <value/>
        </Data>
        <Data name="old_name:es">
          <value/>
        </Data>
        <Data name="@relations">
          <value/>
        </Data>
      </ExtendedData>
      <Polygon>
        <outerBoundaryIs>
          <LinearRing>
            <tessellate>1</tessellate>
            <coordinates>
              5.682172,50.757534,0
              5.682706,50.757521,0
              5.682762,50.757519,0
              5.682798,50.757518,0
              5.683082,50.75751,0
              5.683201,50.757507,0
              5.6834,50.757501,0
              5.683521,50.757498,0
              5.683793,50.75749,0
              5.684083,50.75749,0
              5.68445,50.757509,0
              5.684455,50.75751,0
              5.684526,50.757529,0
              5.68453,50.75753,0
              5.684732,50.757602,0
              5.684782,50.75762,0
              5.684784,50.757621,0
              5.684789,50.757623,0
              5.684902,50.757664,0
              5.684958,50.757673,0
              5.684999,50.757679,0
              5.685142,50.75768,0
              5.685145,50.75768,0
              5.685917,50.757573,0
              5.685987,50.757564,0
              5.686094,50.75755,0
              5.686275,50.757542,0
              5.686276,50.757542,0
              5.686355,50.757545,0
              5.68642,50.757546,0
              5.686441,50.757546,0
              5.686571,50.75755,0
              5.68718,50.757637,0
              5.687445,50.757686,0
              5.687757,50.757696,0
              5.68782,50.757681,0
              5.687974,50.757577,0
              5.688055,50.757456,0
              5.688055,50.757417,0
              5.688054,50.75734,0
              5.687935,50.756894,0
              5.687927,50.756222,0
              5.687946,50.756156,0
              5.688005,50.756122,0
              5.688085,50.756067,0
              5.688128,50.756037,0
              5.688182,50.755997,0
              5.688184,50.755996,0
              5.688222,50.755968,0
              5.688226,50.755965,0
              5.688254,50.755939,0
              5.688306,50.755892,0
              5.68838,50.75582,0
              5.688475,50.755714,0
              5.690151,50.755474,0
              5.690574,50.755414,0
              5.69239,50.755154,0
              5.692418,50.755146,0
              5.692537,50.75511,0
              5.694222,50.754861,0
              5.694789,50.754777,0
              5.695094,50.754765,0
              5.69518,50.754783,0
              5.695292,50.754806,0
              5.695855,50.754984,0
              5.695967,50.755019,0
              5.69598,50.755021,0
              5.696008,50.755027,0
              5.696065,50.755038,0
              5.696115,50.755048,0
              5.696596,50.755144,0
              5.697058,50.755209,0
              5.69712,50.755218,0
              5.697136,50.75522,0
              5.697165,50.755224,0
              5.697711,50.75532,0
              5.697882,50.755345,0
              5.69799,50.755348,0
              5.698046,50.75535,0
              5.698492,50.755296,0
              5.698654,50.75528,0
              5.698817,50.755264,0
              5.698944,50.75527,0
              5.699027,50.755275,0
              5.699222,50.755329,0
              5.699409,50.755409,0
              5.699518,50.755509,0
              5.699518,50.75551,0
              5.699737,50.755694,0
              5.699876,50.755799,0
              5.70026,50.756089,0
              5.700684,50.756401,0
              5.700784,50.756474,0
              5.701073,50.75672,0
              5.701396,50.757033,0
              5.701639,50.757359,0
              5.701956,50.757797,0
              5.702052,50.757961,0
              5.702243,50.75835,0
              5.702553,50.758913,0
              5.702569,50.758909,0
              5.702586,50.758905,0
              5.70261,50.758899,0
              5.702958,50.758813,0
              5.702962,50.758812,0
              5.70303,50.758795,0
              5.703079,50.758783,0
              5.703177,50.758758,0
              5.703286,50.758735,0
              5.703542,50.758679,0
              5.703722,50.75864,0
              5.703961,50.758589,0
              5.704038,50.758573,0
              5.704172,50.758543,0
              5.704267,50.758525,0
              5.704348,50.75851,0
              5.704383,50.758503,0
              5.704468,50.758487,0
              5.70462,50.758458,0
              5.704636,50.758455,0
              5.704663,50.75845,0
              5.704773,50.758428,0
              5.704795,50.758425,0
              5.705149,50.758364,0
              5.705174,50.75836,0
              5.705266,50.758345,0
              5.705297,50.758339,0
              5.705494,50.758313,0
              5.705647,50.758301,0
              5.705788,50.75829,0
              5.705791,50.75829,0
              5.70629,50.758268,0
              5.706976,50.758286,0
              5.707046,50.758287,0
              5.707341,50.758881,0
              5.707368,50.758936,0
              5.707406,50.759013,0
              5.708196,50.759005,0
              5.708643,50.759011,0
              5.708679,50.759011,0
              5.708674,50.759059,0
              5.708758,50.759453,0
              5.708759,50.759457,0
              5.708782,50.759563,0
              5.708795,50.759605,0
              5.708814,50.759667,0
              5.708898,50.759935,0
              5.710235,50.759812,0
              5.710628,50.760787,0
              5.710629,50.760791,0
              5.710855,50.760674,0
              5.711107,50.760576,0
              5.711264,50.760541,0
              5.711451,50.760512,0
              5.711516,50.760493,0
              5.711575,50.760475,0
              5.711581,50.760476,0
              5.71164,50.760489,0
              5.711642,50.76049,0
              5.711659,50.760494,0
              5.71166,50.760528,0
              5.711765,50.760517,0
              5.712154,50.760479,0
              5.712292,50.760961,0
              5.712648,50.760946,0
              5.712625,50.760838,0
              5.712632,50.760836,0
              5.712644,50.760834,0
              5.71269,50.760828,0
              5.712709,50.760825,0
              5.713153,50.76076,0
              5.713668,50.760684,0
              5.713561,50.760152,0
              5.714395,50.760042,0
              5.71562,50.75988,0
              5.715633,50.759878,0
              5.715746,50.760056,0
              5.71587,50.760206,0
              5.716019,50.760332,0
              5.716076,50.760372,0
              5.716086,50.760379,0
              5.716187,50.760449,0
              5.716422,50.760612,0
              5.716456,50.760634,0
              5.716472,50.760646,0
              5.716578,50.760721,0
              5.716858,50.760921,0
              5.716958,50.760992,0
              5.716995,50.761018,0
              5.717266,50.761211,0
              5.717326,50.761254,0
              5.717473,50.761401,0
              5.717547,50.761473,0
              5.717678,50.761603,0
              5.717805,50.761729,0
              5.718166,50.762087,0
              5.718937,50.762828,0
              5.719117,50.763,0
              5.719135,50.763019,0
              5.719343,50.763231,0
              5.719406,50.763295,0
              5.719429,50.763326,0
              5.719521,50.763447,0
              5.719612,50.763575,0
              5.719662,50.763664,0
              5.71979,50.763892,0
              5.719911,50.764083,0
              5.720266,50.764715,0
              5.720907,50.764511,0
              5.72113,50.76444,0
              5.721304,50.764385,0
              5.721323,50.764379,0
              5.721482,50.764328,0
              5.72173,50.764249,0
              5.722153,50.764115,0
              5.722549,50.763927,0
              5.722555,50.763924,0
              5.722847,50.763778,0
              5.722842,50.763776,0
              5.722293,50.763587,0
              5.722131,50.763531,0
              5.722024,50.763494,0
              5.722782,50.763133,0
              5.722318,50.762782,0
              5.723388,50.762324,0
              5.723478,50.762405,0
              5.723758,50.762286,0
              5.723894,50.762229,0
              5.723614,50.761977,0
              5.724077,50.761781,0
              5.724494,50.761605,0
              5.724355,50.761483,0
              5.72435,50.761479,0
              5.724327,50.76146,0
              5.724547,50.761481,0
              5.724568,50.761469,0
              5.724586,50.761459,0
              5.724597,50.761453,0
              5.72462,50.76144,0
              5.724653,50.761421,0
              5.724249,50.761096,0
              5.724179,50.76104,0
              5.724012,50.760906,0
              5.724897,50.760408,0
              5.725517,50.760002,0
              5.725614,50.759939,0
              5.726404,50.759415,0
              5.726635,50.759331,0
              5.726914,50.759236,0
              5.72698,50.759212,0
              5.727285,50.759103,0
              5.727313,50.759094,0
              5.727371,50.759073,0
              5.727477,50.759035,0
              5.727543,50.759012,0
              5.729005,50.75855,0
              5.72961,50.758406,0
              5.72962,50.758404,0
              5.729763,50.758372,0
              5.729979,50.758324,0
              5.730222,50.758273,0
              5.730229,50.758272,0
              5.73026,50.758266,0
              5.730253,50.758212,0
              5.73024,50.757922,0
              5.730246,50.757854,0
              5.730322,50.757598,0
              5.730388,50.757416,0
              5.730428,50.757403,0
              5.730462,50.757392,0
              5.730511,50.757377,0
              5.730565,50.75736,0
              5.730816,50.757342,0
              5.73084,50.757341,0
              5.731106,50.75733,0
              5.7317,50.757308,0
              5.731707,50.757308,0
              5.732126,50.757299,0
              5.732744,50.757299,0
              5.73275,50.757299,0
              5.733711,50.757336,0
              5.734022,50.757348,0
              5.734732,50.757451,0
              5.734777,50.757457,0
              5.734802,50.75746,0
              5.734914,50.757472,0
              5.735085,50.757483,0
              5.735165,50.757481,0
              5.73547,50.757445,0
              5.736003,50.757341,0
              5.737032,50.757236,0
              5.737556,50.757183,0
              5.737617,50.757177,0
              5.738071,50.757131,0
              5.738181,50.757121,0
              5.738277,50.757113,0
              5.738545,50.7571,0
              5.739179,50.757074,0
              5.739422,50.757626,0
              5.739612,50.757933,0
              5.739788,50.758216,0
              5.739969,50.758507,0
              5.739996,50.75855,0
              5.740048,50.758634,0
              5.740311,50.759073,0
              5.740483,50.75936,0
              5.740659,50.759658,0
              5.740697,50.759723,0
              5.740716,50.759755,0
              5.740852,50.759985,0
              5.740829,50.760171,0
              5.741205,50.760648,0
              5.741499,50.76106,0
              5.741537,50.761113,0
              5.741572,50.761162,0
              5.7415,50.761178,0
              5.740719,50.761356,0
              5.740477,50.761405,0
              5.740428,50.761415,0
              5.74046,50.761449,0
              5.740465,50.761454,0
              5.740474,50.761465,0
              5.740875,50.76189,0
              5.741184,50.762019,0
              5.74124,50.762042,0
              5.741272,50.762055,0
              5.741311,50.762071,0
              5.741317,50.762132,0
              5.741378,50.762169,0
              5.741437,50.762286,0
              5.741296,50.762332,0
              5.741284,50.762436,0
              5.74124,50.762466,0
              5.741163,50.762586,0
              5.741087,50.762665,0
              5.741224,50.762798,0
              5.74123,50.762853,0
              5.741148,50.763014,0
              5.74106,50.763059,0
              5.740869,50.763093,0
              5.740758,50.763086,0
              5.740601,50.763007,0
              5.740519,50.763013,0
              5.740546,50.763053,0
              5.740555,50.763067,0
              5.741132,50.763926,0
              5.74114,50.763937,0
              5.741158,50.763967,0
              5.741168,50.763984,0
              5.741526,50.76458,0
              5.741627,50.764749,0
              5.741892,50.764697,0
              5.742028,50.764983,0
              5.742121,50.765178,0
              5.742175,50.765321,0
              5.742212,50.765378,0
              5.742241,50.765423,0
              5.742544,50.765893,0
              5.742802,50.766292,0
              5.743117,50.766781,0
              5.74326,50.767003,0
              5.743277,50.767018,0
              5.743821,50.767515,0
              5.744365,50.768011,0
              5.745272,50.768402,0
              5.744896,50.768822,0
              5.745037,50.768869,0
              5.745997,50.769185,0
              5.746064,50.769207,0
              5.746078,50.769212,0
              5.746342,50.769383,0
              5.746063,50.769555,0
              5.746584,50.770024,0
              5.746967,50.770374,0
              5.747089,50.770485,0
              5.748262,50.771221,0
              5.7488,50.771508,0
              5.748831,50.771518,0
              5.749254,50.771651,0
              5.749346,50.77168,0
              5.749389,50.771694,0
              5.749554,50.771749,0
              5.749658,50.771784,0
              5.75003,50.771908,0
              5.750364,50.77215,0
              5.750518,50.772279,0
              5.750536,50.772294,0
              5.751154,50.772831,0
              5.751869,50.77368,0
              5.752345,50.773428,0
              5.753452,50.774346,0
              5.753482,50.77437,0
              5.754089,50.774833,0
              5.754317,50.775006,0
              5.75439,50.775062,0
              5.754558,50.775189,0
              5.754894,50.775127,0
              5.755724,50.775026,0
              5.755776,50.775019,0
              5.75585,50.775145,0
              5.75598,50.775277,0
              5.756221,50.775506,0
              5.756462,50.775736,0
              5.757635,50.776836,0
              5.757866,50.777071,0
              5.758094,50.777312,0
              5.758254,50.77752,0
              5.75837,50.777694,0
              5.758485,50.777927,0
              5.758535,50.777966,0
              5.758826,50.778201,0
              5.759563,50.777957,0
              5.760101,50.778507,0
              5.760146,50.778529,0
              5.760831,50.778864,0
              5.762019,50.779743,0
              5.762041,50.779759,0
              5.762304,50.779953,0
              5.762325,50.779969,0
              5.762637,50.780199,0
              5.762641,50.780202,0
              5.76301,50.780475,0
              5.763512,50.780846,0
              5.764095,50.781278,0
              5.764719,50.781738,0
              5.765195,50.782091,0
              5.765811,50.782546,0
              5.766108,50.782573,0
              5.767152,50.782648,0
              5.768354,50.782775,0
              5.76856,50.782795,0
              5.768755,50.782807,0
              5.769031,50.78282,0
              5.769059,50.782822,0
              5.769161,50.782825,0
              5.769772,50.782886,0
              5.770427,50.782927,0
              5.771748,50.782984,0
              5.772347,50.783016,0
              5.772567,50.783035,0
              5.772788,50.783058,0
              5.773005,50.783095,0
              5.773217,50.783142,0
              5.773575,50.783245,0
              5.776595,50.783014,0
              5.777367,50.782956,0
              5.777092,50.782888,0
              5.776648,50.782247,0
              5.777243,50.78111,0
              5.777545,50.780532,0
              5.777564,50.780496,0
              5.777588,50.780451,0
              5.777644,50.780343,0
              5.778113,50.779447,0
              5.778709,50.777787,0
              5.778771,50.777615,0
              5.778983,50.7769,0
              5.7792,50.776168,0
              5.779332,50.775641,0
              5.779369,50.775496,0
              5.779683,50.774343,0
              5.779715,50.774309,0
              5.779801,50.774219,0
              5.77984,50.774203,0
              5.779903,50.774177,0
              5.780015,50.773883,0
              5.78023,50.773616,0
              5.780273,50.773563,0
              5.780335,50.77334,0
              5.7804,50.773096,0
              5.780484,50.772944,0
              5.780683,50.772681,0
              5.780853,50.772382,0
              5.781347,50.771345,0
              5.781885,50.771412,0
              5.784476,50.767211,0
              5.784483,50.767201,0
              5.784503,50.767169,0
              5.78487,50.767247,0
              5.785238,50.767328,0
              5.786048,50.767485,0
              5.786454,50.767557,0
              5.787134,50.767674,0
              5.787409,50.767736,0
              5.787542,50.767772,0
              5.787921,50.767889,0
              5.78829,50.768013,0
              5.788539,50.768108,0
              5.788657,50.768159,0
              5.788997,50.768322,0
              5.789484,50.768579,0
              5.789735,50.768704,0
              5.790132,50.768891,0
              5.791453,50.769492,0
              5.791788,50.769635,0
              5.792131,50.769774,0
              5.793222,50.770199,0
              5.793241,50.77018,0
              5.793737,50.769688,0
              5.794439,50.768992,0
              5.794773,50.76866,0
              5.794784,50.76865,0
              5.794872,50.768561,0
              5.794892,50.768542,0
              5.79551,50.767925,0
              5.795796,50.767639,0
              5.795924,50.767511,0
              5.796414,50.767022,0
              5.796451,50.766984,0
              5.796462,50.766973,0
              5.79765,50.765787,0
              5.79851,50.764928,0
              5.798572,50.764866,0
              5.800093,50.763347,0
              5.800151,50.763289,0
              5.800167,50.763273,0
              5.800168,50.763272,0
              5.801007,50.762447,0
              5.801085,50.76237,0
              5.801302,50.762156,0
              5.80138,50.762079,0
              5.801535,50.761928,0
              5.801595,50.761869,0
              5.801677,50.761788,0
              5.801882,50.761586,0
              5.802245,50.761229,0
              5.802255,50.761219,0
              5.802281,50.761194,0
              5.802287,50.761188,0
              5.803971,50.759531,0
              5.804005,50.759498,0
              5.80405,50.759453,0
              5.805058,50.758458,0
              5.805092,50.758425,0
              5.805261,50.758258,0
              5.806411,50.757124,0
              5.807246,50.7563,0
              5.807356,50.75619,0
              5.807329,50.756176,0
              5.807412,50.756119,0
              5.807482,50.756089,0
              5.807621,50.756054,0
              5.807696,50.756045,0
              5.80879,50.755928,0
              5.809132,50.755901,0
              5.809234,50.755893,0
              5.809421,50.755888,0
              5.809758,50.755892,0
              5.810273,50.755926,0
              5.810794,50.755955,0
              5.811638,50.75599,0
              5.81221,50.756,0
              5.812588,50.756011,0
              5.813022,50.756041,0
              5.813528,50.756086,0
              5.814202,50.756138,0
              5.814417,50.756163,0
              5.814696,50.75622,0
              5.815145,50.756332,0
              5.815639,50.756472,0
              5.815926,50.756563,0
              5.816902,50.75689,0
              5.817815,50.757238,0
              5.818908,50.757706,0
              5.819608,50.758025,0
              5.819847,50.758125,0
              5.820092,50.758216,0
              5.820595,50.758387,0
              5.821033,50.758509,0
              5.82158,50.758645,0
              5.82187,50.758708,0
              5.822118,50.758753,0
              5.822433,50.758796,0
              5.822711,50.758824,0
              5.823558,50.758886,0
              5.824407,50.75896,0
              5.824706,50.758963,0
              5.825334,50.75894,0
              5.826357,50.758944,0
              5.826395,50.758943,0
              5.826554,50.758934,0
              5.82731,50.758859,0
              5.82879,50.758703,0
              5.829801,50.75859,0
              5.830011,50.758563,0
              5.830678,50.758539,0
              5.83076,50.758559,0
              5.830915,50.758631,0
              5.83102,50.758777,0
              5.831126,50.758857,0
              5.831781,50.759287,0
              5.831842,50.759344,0
              5.832344,50.759866,0
              5.832507,50.760018,0
              5.832658,50.760154,0
              5.832849,50.760302,0
              5.833008,50.760418,0
              5.83321,50.760554,0
              5.833403,50.760676,0
              5.833583,50.760785,0
              5.833737,50.760871,0
              5.833837,50.760926,0
              5.833987,50.761012,0
              5.83436,50.761221,0
              5.834743,50.761442,0
              5.835141,50.761682,0
              5.835509,50.761913,0
              5.835866,50.76215,0
              5.8362,50.762353,0
              5.836435,50.762474,0
              5.836658,50.762573,0
              5.836872,50.762659,0
              5.837483,50.763008,0
              5.837708,50.763136,0
              5.838139,50.763344,0
              5.838358,50.763442,0
              5.838586,50.763542,0
              5.839008,50.763719,0
              5.839199,50.763791,0
              5.839382,50.763856,0
              5.839565,50.763911,0
              5.839988,50.764035,0
              5.840604,50.764204,0
              5.840875,50.764275,0
              5.84169,50.764479,0
              5.842609,50.764706,0
              5.843225,50.764874,0
              5.843433,50.76494,0
              5.843946,50.765083,0
              5.844419,50.765214,0
              5.844892,50.765334,0
              5.845038,50.765371,0
              5.844863,50.765745,0
              5.844749,50.766048,0
              5.844534,50.766573,0
              5.844635,50.76658,0
              5.844691,50.766584,0
              5.844751,50.767124,0
              5.844811,50.768348,0
              5.844836,50.768866,0
              5.844842,50.768981,0
              5.84486,50.769356,0
              5.844863,50.769407,0
              5.84487,50.76956,0
              5.844875,50.769666,0
              5.844907,50.770314,0
              5.844907,50.77032,0
              5.84492,50.770577,0
              5.844901,50.770672,0
              5.84491,50.770764,0
              5.844815,50.771052,0
              5.844747,50.771224,0
              5.844697,50.771337,0
              5.844555,50.771615,0
              5.844478,50.771753,0
              5.84447,50.771766,0
              5.844434,50.771819,0
              5.844367,50.771908,0
              5.844332,50.77195,0
              5.844192,50.772117,0
              5.843999,50.772348,0
              5.843871,50.772488,0
              5.84373,50.77264,0
              5.843595,50.772781,0
              5.843388,50.772968,0
              5.843197,50.773123,0
              5.84317,50.773156,0
              5.843163,50.773165,0
              5.843082,50.773273,0
              5.843045,50.773333,0
              5.842942,50.773523,0
              5.842888,50.773624,0
              5.842819,50.773737,0
              5.842782,50.773785,0
              5.842643,50.773926,0
              5.842547,50.774077,0
              5.842635,50.774091,0
              5.842674,50.774104,0
              5.842894,50.77418,0
              5.842902,50.774185,0
              5.843053,50.774251,0
              5.843175,50.774301,0
              5.843555,50.77439,0
              5.844243,50.774551,0
              5.843908,50.775141,0
              5.843883,50.775185,0
              5.843872,50.775194,0
              5.842106,50.776619,0
              5.842045,50.776668,0
              5.841894,50.776945,0
              5.841512,50.777646,0
              5.841233,50.778133,0
              5.841209,50.778177,0
              5.841164,50.778258,0
              5.841063,50.778437,0
              5.840978,50.778589,0
              5.840877,50.77877,0
              5.840871,50.77878,0
              5.840749,50.779,0
              5.840632,50.779167,0
              5.840626,50.779175,0
              5.840582,50.779238,0
              5.840569,50.779256,0
              5.840414,50.779476,0
              5.840003,50.780088,0
              5.83998,50.780138,0
              5.839719,50.780398,0
              5.839436,50.780684,0
              5.839339,50.780782,0
              5.839058,50.781068,0
              5.839005,50.78112,0
              5.838456,50.78165,0
              5.837191,50.781023,0
              5.836806,50.781166,0
              5.83672,50.781197,0
              5.835256,50.781738,0
              5.835246,50.781756,0
              5.835174,50.781896,0
              5.835109,50.782025,0
              5.835045,50.782156,0
              5.835009,50.782242,0
              5.835,50.782265,0
              5.834988,50.782249,0
              5.834966,50.782293,0
              5.834771,50.782726,0
              5.834737,50.782794,0
              5.834599,50.783072,0
              5.834519,50.783235,0
              5.834503,50.783267,0
              5.834464,50.783346,0
              5.834379,50.783524,0
              5.834354,50.783572,0
              5.834318,50.783649,0
              5.834276,50.783733,0
              5.834225,50.783835,0
              5.834199,50.783889,0
              5.834172,50.783945,0
              5.834062,50.784176,0
              5.833974,50.784367,0
              5.833958,50.784402,0
              5.835472,50.784783,0
              5.835586,50.784812,0
              5.835373,50.78527,0
              5.835658,50.785322,0
              5.835491,50.785872,0
              5.835745,50.785887,0
              5.835886,50.786681,0
              5.835788,50.786681,0
              5.835427,50.786678,0
              5.835242,50.786673,0
              5.835,50.786656,0
              5.834857,50.786638,0
              5.834619,50.7866,0
              5.834601,50.786597,0
              5.834482,50.786579,0
              5.834321,50.786558,0
              5.83422,50.786554,0
              5.834108,50.786554,0
              5.834002,50.786559,0
              5.833523,50.786581,0
              5.833426,50.786584,0
              5.833424,50.786584,0
              5.833301,50.786592,0
              5.833214,50.786595,0
              5.833051,50.786596,0
              5.832919,50.786581,0
              5.83291,50.78658,0
              5.832897,50.786624,0
              5.832884,50.786649,0
              5.832822,50.786791,0
              5.832811,50.786847,0
              5.83281,50.786851,0
              5.832805,50.786873,0
              5.8328,50.7869,0
              5.832765,50.787064,0
              5.832721,50.78728,0
              5.832689,50.787467,0
              5.832678,50.787536,0
              5.83267,50.787589,0
              5.832656,50.787657,0
              5.832644,50.787754,0
              5.83262,50.787835,0
              5.83259,50.787841,0
              5.832583,50.788107,0
              5.832583,50.788116,0
              5.832582,50.788257,0
              5.832581,50.788348,0
              5.832582,50.788447,0
              5.832583,50.7885,0
              5.832584,50.788561,0
              5.832592,50.788565,0
              5.832597,50.78864,0
              5.832376,50.788725,0
              5.832357,50.788733,0
              5.831175,50.789188,0
              5.830457,50.789457,0
              5.830276,50.789526,0
              5.830128,50.789573,0
              5.830104,50.789585,0
              5.82916,50.790021,0
              5.829099,50.790041,0
              5.828405,50.790364,0
              5.828127,50.790499,0
              5.827804,50.790294,0
              5.827533,50.790103,0
              5.827516,50.790091,0
              5.827281,50.790444,0
              5.827036,50.790817,0
              5.826886,50.791043,0
              5.826708,50.7913,0
              5.826658,50.791365,0
              5.826536,50.791524,0
              5.826324,50.79176,0
              5.82632,50.791764,0
              5.826318,50.791767,0
              5.826085,50.792048,0
              5.826078,50.792056,0
              5.826026,50.792119,0
              5.825904,50.792268,0
              5.825901,50.792271,0
              5.825747,50.792448,0
              5.825589,50.792614,0
              5.825499,50.792709,0
              5.825433,50.792774,0
              5.825212,50.792989,0
              5.825072,50.79311,0
              5.82502,50.793154,0
              5.825014,50.793159,0
              5.824829,50.793304,0
              5.82468,50.793415,0
              5.82447,50.793574,0
              5.8244,50.793632,0
              5.824178,50.793816,0
              5.824137,50.79385,0
              5.824134,50.793852,0
              5.824133,50.793853,0
              5.824098,50.793882,0
              5.824062,50.793911,0
              5.824058,50.793915,0
              5.823957,50.793998,0
              5.823773,50.794169,0
              5.823719,50.794214,0
              5.823706,50.794224,0
              5.823691,50.794237,0
              5.823649,50.794271,0
              5.823232,50.794617,0
              5.82313,50.794712,0
              5.82303,50.794823,0
              5.822685,50.795204,0
              5.822656,50.795195,0
              5.822433,50.795422,0
              5.822337,50.795547,0
              5.822328,50.79557,0
              5.822334,50.795577,0
              5.822275,50.795658,0
              5.822273,50.795661,0
              5.822241,50.795704,0
              5.822109,50.795884,0
              5.822007,50.796003,0
              5.821956,50.796054,0
              5.8219,50.796101,0
              5.821816,50.796162,0
              5.821743,50.796213,0
              5.821803,50.796229,0
              5.821257,50.797301,0
              5.821114,50.797546,0
              5.821106,50.79756,0
              5.820816,50.79807,0
              5.820942,50.798101,0
              5.821072,50.798246,0
              5.821062,50.799251,0
              5.821062,50.799399,0
              5.821062,50.799583,0
              5.821062,50.799644,0
              5.821062,50.799689,0
              5.821065,50.799858,0
              5.821091,50.80025,0
              5.8211,50.80049,0
              5.821102,50.800548,0
              5.821112,50.80079,0
              5.821113,50.800828,0
              5.821129,50.80123,0
              5.821054,50.802072,0
              5.821382,50.802152,0
              5.821322,50.802255,0
              5.821293,50.802303,0
              5.821117,50.802601,0
              5.821066,50.802688,0
              5.820929,50.802886,0
              5.820807,50.803095,0
              5.820707,50.803289,0
              5.820644,50.803396,0
              5.82064,50.803402,0
              5.820558,50.803542,0
              5.820474,50.803684,0
              5.82041,50.803792,0
              5.820398,50.803813,0
              5.82033,50.803923,0
              5.820215,50.804093,0
              5.820112,50.804247,0
              5.820049,50.80434,0
              5.820002,50.804404,0
              5.81996,50.804461,0
              5.819907,50.804533,0
              5.819755,50.804749,0
              5.81941,50.805242,0
              5.819491,50.805254,0
              5.819663,50.805284,0
              5.819823,50.805314,0
              5.820006,50.805345,0
              5.820052,50.805351,0
              5.820204,50.805372,0
              5.820324,50.805386,0
              5.820453,50.805397,0
              5.82048,50.805399,0
              5.820566,50.805408,0
              5.820742,50.80541,0
              5.820883,50.805404,0
              5.821059,50.805397,0
              5.821154,50.805393,0
              5.821232,50.805396,0
              5.821271,50.805398,0
              5.8213,50.805399,0
              5.821312,50.805401,0
              5.821562,50.805434,0
              5.821695,50.805455,0
              5.821809,50.805474,0
              5.822132,50.805533,0
              5.822398,50.805594,0
              5.822686,50.805667,0
              5.823097,50.805781,0
              5.823405,50.805868,0
              5.823801,50.805988,0
              5.824151,50.806108,0
              5.824401,50.806195,0
              5.824585,50.806256,0
              5.824819,50.806322,0
              5.824844,50.80633,0
              5.825083,50.8064,0
              5.825464,50.806514,0
              5.825776,50.80661,0
              5.825885,50.806641,0
              5.826013,50.806668,0
              5.826177,50.806696,0
              5.826578,50.806765,0
              5.826926,50.806831,0
              5.827245,50.806888,0
              5.82732,50.806902,0
              5.827374,50.806913,0
              5.827481,50.806934,0
              5.827596,50.806957,0
              5.827752,50.806988,0
              5.827818,50.807,0
              5.82816,50.807082,0
              5.828604,50.807199,0
              5.828958,50.807296,0
              5.829169,50.807356,0
              5.829373,50.807384,0
              5.829554,50.807407,0
              5.829958,50.807535,0
              5.830141,50.807596,0
              5.830408,50.807691,0
              5.830563,50.807795,0
              5.830634,50.807844,0
              5.830652,50.807858,0
              5.830749,50.807939,0
              5.830928,50.80811,0
              5.831148,50.808286,0
              5.831393,50.808478,0
              5.831485,50.808552,0
              5.831516,50.808578,0
              5.831558,50.808614,0
              5.831572,50.808626,0
              5.831627,50.808674,0
              5.831718,50.80877,0
              5.831735,50.808764,0
              5.831847,50.808713,0
              5.832278,50.808542,0
              5.833067,50.808229,0
              5.833478,50.808068,0
              5.83357,50.808193,0
              5.833718,50.808417,0
              5.833737,50.808451,0
              5.834373,50.808246,0
              5.83466,50.808153,0
              5.836173,50.807666,0
              5.83632,50.807619,0
              5.836339,50.807643,0
              5.836559,50.807923,0
              5.83707,50.807715,0
              5.837535,50.80821,0
              5.839203,50.807601,0
              5.83924,50.807588,0
              5.839446,50.80775,0
              5.839574,50.807859,0
              5.840168,50.808323,0
              5.841741,50.809572,0
              5.841934,50.809728,0
              5.841954,50.809744,0
              5.84202,50.809814,0
              5.842101,50.8099,0
              5.842163,50.809966,0
              5.842252,50.810068,0
              5.842338,50.810181,0
              5.84242,50.810313,0
              5.842502,50.810457,0
              5.84281,50.811,0
              5.842823,50.811026,0
              5.842888,50.811154,0
              5.8429,50.811176,0
              5.842912,50.8112,0
              5.842915,50.811206,0
              5.842995,50.811354,0
              5.843049,50.811456,0
              5.843058,50.811473,0
              5.843066,50.811488,0
              5.843073,50.811501,0
              5.843088,50.811529,0
              5.843061,50.811535,0
              5.843068,50.811548,0
              5.843278,50.811939,0
              5.843345,50.812058,0
              5.843359,50.812083,0
              5.84349,50.812316,0
              5.843568,50.812459,0
              5.843674,50.812651,0
              5.843753,50.812792,0
              5.843793,50.812864,0
              5.843907,50.813066,0
              5.843954,50.813145,0
              5.84415,50.813474,0
              5.844166,50.813497,0
              5.844192,50.813491,0
              5.844399,50.81385,0
              5.844419,50.813882,0
              5.844426,50.813892,0
              5.84451,50.814031,0
              5.844556,50.814104,0
              5.844625,50.814221,0
              5.84468,50.814314,0
              5.844793,50.814507,0
              5.844898,50.814687,0
              5.84502,50.814887,0
              5.845176,50.815115,0
              5.845206,50.815178,0
              5.845214,50.815195,0
              5.845041,50.815251,0
              5.845121,50.815398,0
              5.845483,50.815349,0
              5.846709,50.815203,0
              5.8476,50.815065,0
              5.848733,50.814915,0
              5.84875,50.814931,0
              5.84877,50.81495,0
              5.848779,50.814959,0
              5.848781,50.814961,0
              5.848842,50.815021,0
              5.84896,50.815136,0
              5.849104,50.815276,0
              5.849261,50.81543,0
              5.85003,50.816158,0
              5.850756,50.816846,0
              5.850768,50.816858,0
              5.850978,50.817023,0
              5.851077,50.817088,0
              5.851274,50.817217,0
              5.851467,50.817349,0
              5.851562,50.817429,0
              5.852127,50.817587,0
              5.852639,50.817717,0
              5.85287,50.817792,0
              5.85284,50.817817,0
              5.852823,50.817831,0
              5.852507,50.818101,0
              5.851923,50.818561,0
              5.851756,50.818676,0
              5.851656,50.81876,0
              5.851545,50.81885,0
              5.851178,50.819175,0
              5.852099,50.819664,0
              5.852722,50.819979,0
              5.852582,50.820092,0
              5.853392,50.820484,0
              5.853426,50.8205,0
              5.853449,50.820511,0
              5.853193,50.820693,0
              5.853231,50.820705,0
              5.853176,50.820751,0
              5.853261,50.820783,0
              5.854755,50.821347,0
              5.855251,50.820817,0
              5.855613,50.820948,0
              5.855637,50.820922,0
              5.855679,50.820938,0
              5.856485,50.821254,0
              5.856668,50.82111,0
              5.857649,50.82034,0
              5.857729,50.820389,0
              5.85802,50.820564,0
              5.858344,50.820753,0
              5.858597,50.820898,0
              5.858781,50.820997,0
              5.859074,50.821139,0
              5.859293,50.821243,0
              5.859636,50.821398,0
              5.860199,50.821643,0
              5.860333,50.821701,0
              5.863628,50.823137,0
              5.864136,50.823344,0
              5.86406,50.823825,0
              5.86401,50.823995,0
              5.863866,50.824346,0
              5.863691,50.824881,0
              5.86369,50.824884,0
              5.863662,50.824958,0
              5.863637,50.825128,0
              5.863471,50.825518,0
              5.863282,50.826425,0
              5.863129,50.826826,0
              5.863129,50.826827,0
              5.863108,50.826874,0
              5.862574,50.828094,0
              5.862545,50.828176,0
              5.862533,50.828211,0
              5.862522,50.828241,0
              5.862458,50.828423,0
              5.862422,50.828629,0
              5.862416,50.828666,0
              5.862412,50.828688,0
              5.86241,50.828751,0
              5.862408,50.82879,0
              5.862407,50.828819,0
              5.862397,50.829058,0
              5.862362,50.829143,0
              5.862326,50.829232,0
              5.862301,50.829292,0
              5.86223,50.829406,0
              5.862168,50.829503,0
              5.862166,50.829506,0
              5.862017,50.829744,0
              5.861936,50.829833,0
              5.861765,50.83002,0
              5.861475,50.830249,0
              5.861348,50.830337,0
              5.861217,50.830429,0
              5.861173,50.830464,0
              5.860955,50.830636,0
              5.860521,50.831045,0
              5.860298,50.831307,0
              5.860064,50.831582,0
              5.859995,50.831669,0
              5.859863,50.831839,0
              5.85971,50.832078,0
              5.859676,50.832147,0
              5.859587,50.832325,0
              5.859534,50.832515,0
              5.859504,50.832669,0
              5.859465,50.832902,0
              5.859463,50.832955,0
              5.859454,50.833165,0
              5.859456,50.83333,0
              5.859457,50.833395,0
              5.85946,50.833638,0
              5.859461,50.833684,0
              5.859423,50.833657,0
              5.859198,50.833495,0
              5.859005,50.833356,0
              5.858976,50.833335,0
              5.858632,50.833087,0
              5.858393,50.832915,0
              5.857421,50.832109,0
              5.857389,50.832082,0
              5.855896,50.831867,0
              5.854555,50.831674,0
              5.854384,50.831657,0
              5.854252,50.831637,0
              5.854225,50.831633,0
              5.854204,50.831604,0
              5.854179,50.831578,0
              5.85406,50.831543,0
              5.853979,50.831542,0
              5.853979,50.831566,0
              5.85387,50.831898,0
              5.853744,50.831979,0
              5.85365,50.832117,0
              5.853584,50.83238,0
              5.853515,50.832515,0
              5.853509,50.832552,0
              5.853474,50.832609,0
              5.853174,50.832524,0
              5.853026,50.832481,0
              5.852953,50.83246,0
              5.852428,50.832315,0
              5.852337,50.832289,0
              5.851363,50.832019,0
              5.851238,50.831984,0
              5.851188,50.831971,0
              5.851122,50.831954,0
              5.850736,50.831854,0
              5.850681,50.83184,0
              5.849919,50.831954,0
              5.849821,50.832,0
              5.849288,50.832164,0
              5.849129,50.832212,0
              5.84905,50.832235,0
              5.848898,50.832279,0
              5.848723,50.83233,0
              5.847868,50.832578,0
              5.847852,50.832582,0
              5.847826,50.83259,0
              5.847813,50.832594,0
              5.847302,50.832742,0
              5.847145,50.832788,0
              5.84708,50.832806,0
              5.846962,50.832841,0
              5.846315,50.833028,0
              5.846295,50.833034,0
              5.844934,50.833454,0
              5.844048,50.833829,0
              5.843962,50.833749,0
              5.843939,50.833716,0
              5.843906,50.833685,0
              5.84375,50.833539,0
              5.843728,50.833522,0
              5.843547,50.833386,0
              5.843402,50.833286,0
              5.843255,50.833176,0
              5.84319,50.833146,0
              5.843141,50.833136,0
              5.843092,50.833142,0
              5.843072,50.83316,0
              5.842946,50.833273,0
              5.842941,50.833282,0
              5.842924,50.833316,0
              5.842899,50.833334,0
              5.842886,50.833343,0
              5.842841,50.833373,0
              5.842747,50.83343,0
              5.842704,50.833453,0
              5.842656,50.83348,0
              5.842566,50.83353,0
              5.84248,50.833575,0
              5.842461,50.833585,0
              5.842424,50.833604,0
              5.842367,50.833639,0
              5.842248,50.833687,0
              5.842272,50.833697,0
              5.842192,50.833726,0
              5.842023,50.833794,0
              5.841882,50.833847,0
              5.841671,50.833931,0
              5.840246,50.834466,0
              5.836154,50.835926,0
              5.836115,50.835967,0
              5.836091,50.835962,0
              5.836093,50.83594,0
              5.836102,50.835838,0
              5.836153,50.835358,0
              5.836196,50.834937,0
              5.836255,50.834242,0
              5.836302,50.83381,0
              5.836309,50.833728,0
              5.836323,50.833559,0
              5.836371,50.832967,0
              5.836376,50.832909,0
              5.836388,50.832854,0
              5.83641,50.83281,0
              5.836459,50.832728,0
              5.836515,50.832642,0
              5.836582,50.832534,0
              5.83665,50.832428,0
              5.836737,50.832292,0
              5.836784,50.832218,0
              5.836866,50.83211,0
              5.836884,50.832085,0
              5.836885,50.832083,0
              5.837054,50.831838,0
              5.837091,50.831765,0
              5.8371,50.831745,0
              5.837123,50.831698,0
              5.837264,50.831468,0
              5.837364,50.831358,0
              5.837475,50.831263,0
              5.837505,50.831239,0
              5.837414,50.831157,0
              5.837056,50.830831,0
              5.837009,50.830786,0
              5.836293,50.830007,0
              5.836279,50.829991,0
              5.836251,50.829967,0
              5.836248,50.829964,0
              5.836067,50.829954,0
              5.835853,50.829941,0
              5.835293,50.829869,0
              5.835097,50.82984,0
              5.834912,50.829818,0
              5.834515,50.829779,0
              5.8341,50.829737,0
              5.834014,50.829713,0
              5.833539,50.829678,0
              5.833201,50.829649,0
              5.833111,50.829649,0
              5.833111,50.829635,0
              5.833073,50.829637,0
              5.832985,50.82964,0
              5.832898,50.829639,0
              5.832811,50.829636,0
              5.832734,50.829634,0
              5.832629,50.829626,0
              5.832538,50.829614,0
              5.832419,50.829606,0
              5.832303,50.82959,0
              5.832138,50.829575,0
              5.832,50.829561,0
              5.831888,50.829561,0
              5.831745,50.829549,0
              5.831568,50.829549,0
              5.83141,50.829553,0
              5.831232,50.829558,0
              5.831079,50.82957,0
              5.830868,50.829582,0
              5.830662,50.829595,0
              5.830499,50.829605,0
              5.830297,50.829619,0
              5.830151,50.829626,0
              5.830066,50.829626,0
              5.829998,50.829626,0
              5.829938,50.829624,0
              5.829862,50.829618,0
              5.829796,50.829616,0
              5.829715,50.829618,0
              5.829636,50.82962,0
              5.829521,50.829634,0
              5.829397,50.829654,0
              5.829191,50.829683,0
              5.828985,50.8297,0
              5.828772,50.829721,0
              5.828624,50.829738,0
              5.828458,50.829758,0
              5.828372,50.829771,0
              5.828291,50.829791,0
              5.828201,50.829811,0
              5.828077,50.829843,0
              5.827902,50.829885,0
              5.827811,50.829906,0
              5.82779,50.829911,0
              5.827762,50.829918,0
              5.827667,50.829941,0
              5.827637,50.829949,0
              5.827605,50.829957,0
              5.82751,50.829971,0
              5.827403,50.829982,0
              5.827277,50.82999,0
              5.827141,50.829996,0
              5.826886,50.830005,0
              5.826633,50.830011,0
              5.826395,50.830015,0
              5.826173,50.830014,0
              5.826004,50.830019,0
              5.8257,50.830031,0
              5.825427,50.830049,0
              5.825219,50.83007,0
              5.824949,50.830099,0
              5.824686,50.83013,0
              5.824553,50.830147,0
              5.824459,50.830164,0
              5.824317,50.830198,0
              5.824148,50.830241,0
              5.824026,50.830267,0
              5.823853,50.830309,0
              5.823624,50.830355,0
              5.82361,50.830358,0
              5.823536,50.830397,0
              5.82348,50.830426,0
              5.823369,50.830484,0
              5.822639,50.83087,0
              5.822438,50.831022,0
              5.822097,50.831291,0
              5.82198,50.831385,0
              5.8218,50.831527,0
              5.821104,50.831724,0
              5.820849,50.831796,0
              5.820659,50.83185,0
              5.820637,50.831857,0
              5.820681,50.831887,0
              5.820756,50.831953,0
              5.820821,50.83205,0
              5.82086,50.832133,0
              5.820872,50.832201,0
              5.820891,50.832347,0
              5.820907,50.832715,0
              5.820896,50.832789,0
              5.820907,50.83304,0
              5.820913,50.833131,0
              5.820933,50.833665,0
              5.82093,50.834025,0
              5.820935,50.83429,0
              5.82093,50.834318,0
              5.820832,50.834559,0
              5.820784,50.834662,0
              5.820681,50.834822,0
              5.82063,50.834895,0
              5.820608,50.834928,0
              5.82059,50.834966,0
              5.820504,50.835142,0
              5.820484,50.83522,0
              5.82045,50.835359,0
              5.820435,50.835542,0
              5.820425,50.835757,0
              5.820427,50.835843,0
              5.82044,50.835977,0
              5.820486,50.836093,0
              5.820561,50.836227,0
              5.820594,50.836276,0
              5.8206,50.836285,0
              5.82067,50.836389,0
              5.820676,50.836398,0
              5.820694,50.836423,0
              5.820724,50.836466,0
              5.820739,50.836486,0
              5.82076,50.836509,0
              5.820809,50.83664,0
              5.820815,50.836658,0
              5.820873,50.836943,0
              5.820883,50.83699,0
              5.82098,50.837471,0
              5.821068,50.837932,0
              5.821069,50.837938,0
              5.821076,50.837997,0
              5.821084,50.838042,0
              5.821086,50.838053,0
              5.821091,50.838081,0
              5.821094,50.838098,0
              5.8211,50.838126,0
              5.821105,50.838149,0
              5.82111,50.838171,0
              5.821217,50.838655,0
              5.821239,50.838761,0
              5.821128,50.838789,0
              5.820981,50.838826,0
              5.820909,50.838844,0
              5.820712,50.838892,0
              5.819992,50.839041,0
              5.819603,50.839109,0
              5.81955,50.839122,0
              5.819086,50.839227,0
              5.819012,50.839244,0
              5.818652,50.839328,0
              5.818542,50.839355,0
              5.818429,50.839383,0
              5.818319,50.839385,0
              5.818044,50.839452,0
              5.817492,50.839603,0
              5.817234,50.839674,0
              5.817051,50.839724,0
              5.816454,50.839892,0
              5.816403,50.839907,0
              5.815956,50.840035,0
              5.815416,50.840188,0
              5.814979,50.840312,0
              5.814523,50.840441,0
              5.814344,50.840492,0
              5.814087,50.840608,0
              5.813811,50.840743,0
              5.81363,50.840836,0
              5.813245,50.841036,0
              5.81287,50.841231,0
              5.812614,50.841112,0
              5.812575,50.841094,0
              5.812378,50.841002,0
              5.812281,50.840956,0
              5.811397,50.840543,0
              5.811077,50.840394,0
              5.809649,50.840652,0
              5.807898,50.841437,0
              5.807865,50.841452,0
              5.807863,50.841453,0
              5.807836,50.841465,0
              5.807801,50.84151,0
              5.806442,50.842552,0
              5.805301,50.843427,0
              5.805161,50.843665,0
              5.805136,50.843707,0
              5.804654,50.844523,0
              5.804432,50.844899,0
              5.804117,50.845433,0
              5.803731,50.846086,0
              5.803716,50.846126,0
              5.803398,50.846984,0
              5.803382,50.847026,0
              5.80338,50.847032,0
              5.803375,50.847045,0
              5.803353,50.847086,0
              5.803153,50.84712,0
              5.803195,50.847126,0
              5.803229,50.847132,0
              5.803253,50.847176,0
              5.80323,50.847257,0
              5.803158,50.847462,0
              5.803047,50.847674,0
              5.802836,50.84797,0
              5.802649,50.848221,0
              5.802544,50.848371,0
              5.802472,50.848558,0
              5.802442,50.848768,0
              5.802415,50.849004,0
              5.802376,50.84915,0
              5.802318,50.849261,0
              5.802217,50.849376,0
              5.802159,50.849436,0
              5.801987,50.849548,0
              5.801953,50.849529,0
              5.801793,50.849654,0
              5.801676,50.849776,0
              5.801638,50.849875,0
              5.801128,50.849393,0
              5.801123,50.849388,0
              5.801034,50.849284,0
              5.800985,50.849188,0
              5.80093,50.849083,0
              5.800909,50.849042,0
              5.800683,50.848374,0
              5.800667,50.84835,0
              5.798755,50.848377,0
              5.798563,50.84838,0
              5.798262,50.848384,0
              5.79742,50.848396,0
              5.796646,50.848419,0
              5.796083,50.848465,0
              5.795071,50.848566,0
              5.795032,50.84857,0
              5.794994,50.848628,0
              5.794958,50.848663,0
              5.794906,50.848713,0
              5.794813,50.848782,0
              5.79467,50.848854,0
              5.79447,50.848943,0
              5.794447,50.848952,0
              5.794135,50.849083,0
              5.794023,50.849131,0
              5.793932,50.849169,0
              5.793875,50.849193,0
              5.793788,50.84923,0
              5.793572,50.849311,0
              5.79336,50.849384,0
              5.793217,50.84943,0
              5.793025,50.849484,0
              5.792789,50.849538,0
              5.792524,50.849605,0
              5.791872,50.849784,0
              5.791668,50.849829,0
              5.791516,50.849855,0
              5.791385,50.849871,0
              5.791266,50.849879,0
              5.791119,50.849878,0
              5.791004,50.849874,0
              5.790682,50.849854,0
              5.790085,50.849818,0
              5.789252,50.849763,0
              5.788646,50.849716,0
              5.788016,50.849677,0
              5.787478,50.849625,0
              5.787367,50.849608,0
              5.787259,50.849592,0
              5.787224,50.849588,0
              5.787105,50.849576,0
              5.786247,50.849489,0
              5.786029,50.849473,0
              5.785025,50.849407,0
              5.784195,50.849346,0
              5.783998,50.849326,0
              5.783463,50.849276,0
              5.782974,50.849246,0
              5.782703,50.849249,0
              5.782494,50.849265,0
              5.782319,50.849283,0
              5.781359,50.849398,0
              5.781249,50.849411,0
              5.781057,50.849425,0
              5.780858,50.849435,0
              5.780676,50.849438,0
              5.780533,50.849436,0
              5.780503,50.849441,0
              5.780419,50.849454,0
              5.780312,50.849492,0
              5.780254,50.84952,0
              5.78018,50.849565,0
              5.77978,50.849902,0
              5.779514,50.850116,0
              5.779386,50.850228,0
              5.779305,50.850322,0
              5.779276,50.850364,0
              5.77925,50.850401,0
              5.77922,50.85046,0
              5.779185,50.850542,0
              5.779082,50.851136,0
              5.779054,50.851246,0
              5.778908,50.851813,0
              5.778781,50.852304,0
              5.778345,50.852517,0
              5.777858,50.85271,0
              5.777679,50.852767,0
              5.777223,50.852898,0
              5.777176,50.852946,0
              5.776824,50.85303,0
              5.776329,50.853196,0
              5.776299,50.853197,0
              5.776226,50.853199,0
              5.776098,50.853244,0
              5.776001,50.853299,0
              5.775922,50.853354,0
              5.775877,50.85337,0
              5.775792,50.853394,0
              5.775747,50.853397,0
              5.775707,50.85339,0
              5.775655,50.853376,0
              5.77551,50.853314,0
              5.775438,50.853327,0
              5.775336,50.853345,0
              5.775318,50.853342,0
              5.775229,50.853325,0
              5.77516,50.853312,0
              5.775072,50.853295,0
              5.775066,50.85327,0
              5.775038,50.853228,0
              5.774991,50.853183,0
              5.774948,50.85313,0
              5.774858,50.852968,0
              5.774701,50.852727,0
              5.774614,50.852572,0
              5.773106,50.852579,0
              5.772841,50.852588,0
              5.772545,50.85259,0
              5.771834,50.852604,0
              5.771548,50.852621,0
              5.77108,50.852698,0
              5.770753,50.852395,0
              5.769086,50.852943,0
              5.769064,50.85295,0
              5.769033,50.852961,0
              5.76901,50.852934,0
              5.768982,50.852943,0
              5.766806,50.853643,0
              5.766529,50.853732,0
              5.766269,50.853844,0
              5.76529,50.854266,0
              5.765228,50.854273,0
              5.765203,50.854275,0
              5.76516,50.854279,0
              5.764972,50.854298,0
              5.764971,50.854344,0
              5.764182,50.854546,0
              5.764171,50.854621,0
              5.763174,50.854687,0
              5.763122,50.854837,0
              5.762524,50.854836,0
              5.762169,50.854835,0
              5.761611,50.854834,0
              5.761217,50.854834,0
              5.760088,50.854832,0
              5.760119,50.85525,0
              5.759693,50.855256,0
              5.759636,50.855257,0
              5.759282,50.855262,0
              5.759196,50.855263,0
              5.758779,50.855269,0
              5.758575,50.855272,0
              5.75734,50.855291,0
              5.757244,50.855232,0
              5.757212,50.855218,0
              5.757547,50.851674,0
              5.757575,50.851379,0
              5.757607,50.851042,0
              5.757611,50.851002,0
              5.757518,50.850295,0
              5.757559,50.849588,0
              5.75762,50.848815,0
              5.757634,50.848633,0
              5.757637,50.84859,0
              5.757636,50.848583,0
              5.757588,50.84831,0
              5.757585,50.848292,0
              5.757577,50.848248,0
              5.757376,50.847106,0
              5.757375,50.847101,0
              5.757259,50.847036,0
              5.757297,50.84609,0
              5.757326,50.845357,0
              5.75607,50.843569,0
              5.756056,50.843549,0
              5.75604,50.843528,0
              5.75554,50.842815,0
              5.755527,50.842796,0
              5.755507,50.842768,0
              5.755494,50.842749,0
              5.755401,50.842618,0
              5.755365,50.842566,0
              5.755113,50.842208,0
              5.754915,50.841925,0
              5.754855,50.84184,0
              5.753612,50.841698,0
              5.753447,50.841679,0
              5.753445,50.841679,0
              5.751812,50.841491,0
              5.751072,50.841406,0
              5.750409,50.84133,0
              5.750107,50.841312,0
              5.750105,50.841312,0
              5.750093,50.841312,0
              5.74964,50.841284,0
              5.749368,50.841265,0
              5.74934,50.841264,0
              5.748455,50.841216,0
              5.747986,50.841191,0
              5.74799,50.841176,0
              5.748042,50.840985,0
              5.748043,50.840982,0
              5.748049,50.840959,0
              5.748054,50.840942,0
              5.74792,50.840829,0
              5.747873,50.840829,0
              5.747858,50.840829,0
              5.746856,50.840819,0
              5.746858,50.840568,0
              5.746808,50.84027,0
              5.746039,50.840276,0
              5.744678,50.840302,0
              5.744281,50.840309,0
              5.744187,50.840311,0
              5.744134,50.840312,0
              5.743603,50.840271,0
              5.742492,50.840197,0
              5.741261,50.840103,0
              5.741009,50.839755,0
              5.741004,50.839748,0
              5.741003,50.839746,0
              5.740639,50.839157,0
              5.740454,50.838399,0
              5.741496,50.83821,0
              5.741696,50.838167,0
              5.741704,50.838166,0
              5.741705,50.838166,0
              5.742284,50.838063,0
              5.742575,50.838009,0
              5.742583,50.838008,0
              5.742593,50.838006,0
              5.742832,50.837961,0
              5.742842,50.83796,0
              5.742862,50.837956,0
              5.743303,50.837874,0
              5.7436,50.837819,0
              5.743614,50.837817,0
              5.743622,50.837815,0
              5.743683,50.837804,0
              5.743909,50.837763,0
              5.744026,50.837742,0
              5.744143,50.83772,0
              5.744146,50.83772,0
              5.744202,50.83771,0
              5.744221,50.837706,0
              5.7447,50.837619,0
              5.744783,50.837604,0
              5.745942,50.837392,0
              5.74595,50.837391,0
              5.746312,50.837325,0
              5.74626,50.837227,0
              5.746031,50.836796,0
              5.745565,50.836339,0
              5.746071,50.836132,0
              5.746089,50.836125,0
              5.7461,50.83612,0
              5.746706,50.835872,0
              5.746209,50.835666,0
              5.746149,50.835686,0
              5.745596,50.835607,0
              5.745557,50.835618,0
              5.745345,50.835311,0
              5.745626,50.834641,0
              5.745928,50.834586,0
              5.745985,50.834584,0
              5.746023,50.833799,0
              5.746241,50.832368,0
              5.746251,50.832079,0
              5.746368,50.831336,0
              5.746444,50.831036,0
              5.74647,50.830844,0
              5.746523,50.830436,0
              5.746519,50.830417,0
              5.74649,50.830276,0
              5.746486,50.830254,0
              5.74648,50.830227,0
              5.74647,50.829887,0
              5.746822,50.829871,0
              5.746599,50.829264,0
              5.746562,50.829164,0
              5.746427,50.828386,0
              5.746415,50.828313,0
              5.746266,50.827648,0
              5.744915,50.82777,0
              5.744895,50.827616,0
              5.745027,50.827615,0
              5.745124,50.827614,0
              5.745136,50.826454,0
              5.745145,50.826359,0
              5.745145,50.826336,0
              5.745004,50.825961,0
              5.744938,50.825783,0
              5.744788,50.825384,0
              5.745381,50.825285,0
              5.745556,50.825256,0
              5.745544,50.825231,0
              5.745347,50.824684,0
              5.74535,50.824598,0
              5.745354,50.824442,0
              5.745362,50.824107,0
              5.745364,50.824039,0
              5.745365,50.824012,0
              5.745268,50.823796,0
              5.745266,50.823794,0
              5.744873,50.822921,0
              5.744828,50.822924,0
              5.744407,50.822949,0
              5.743698,50.82299,0
              5.743447,50.822363,0
              5.743883,50.822302,0
              5.743767,50.822018,0
              5.7435,50.821363,0
              5.743493,50.821345,0
              5.743482,50.821319,0
              5.743474,50.82132,0
              5.743455,50.821316,0
              5.742001,50.821012,0
              5.741588,50.820925,0
              5.741166,50.820837,0
              5.74079,50.820758,0
              5.740053,50.820604,0
              5.739969,50.820586,0
              5.739928,50.820578,0
              5.739458,50.820479,0
              5.739292,50.820444,0
              5.739261,50.820438,0
              5.739021,50.820388,0
              5.738884,50.820359,0
              5.738814,50.820344,0
              5.738788,50.820339,0
              5.738744,50.82033,0
              5.738244,50.820225,0
              5.737442,50.820058,0
              5.737422,50.820054,0
              5.736898,50.819945,0
              5.736721,50.819908,0
              5.736649,50.819893,0
              5.736585,50.81988,0
              5.736108,50.81978,0
              5.73586,50.819728,0
              5.735722,50.8197,0
              5.735006,50.81955,0
              5.734219,50.819386,0
              5.734046,50.81935,0
              5.73374,50.819286,0
              5.733732,50.819285,0
              5.733715,50.819281,0
              5.733522,50.819241,0
              5.733282,50.819191,0
              5.732596,50.819048,0
              5.732151,50.818918,0
              5.731767,50.818807,0
              5.731731,50.818796,0
              5.731161,50.818631,0
              5.730638,50.818479,0
              5.730562,50.818456,0
              5.730096,50.818321,0
              5.729963,50.818282,0
              5.729848,50.818249,0
              5.729739,50.818217,0
              5.728733,50.817925,0
              5.728283,50.817282,0
              5.72805,50.816949,0
              5.727961,50.816891,0
              5.727869,50.816832,0
              5.727601,50.816657,0
              5.727533,50.816613,0
              5.727279,50.816449,0
              5.727123,50.816359,0
              5.726859,50.816208,0
              5.726267,50.815883,0
              5.726235,50.815851,0
              5.726225,50.815847,0
              5.725853,50.815639,0
              5.725663,50.815472,0
              5.725595,50.815416,0
              5.725564,50.815434,0
              5.725615,50.815561,0
              5.724839,50.815275,0
              5.724661,50.815177,0
              5.723786,50.814925,0
              5.723746,50.814914,0
              5.723308,50.814798,0
              5.723198,50.814729,0
              5.722875,50.81491,0
              5.722726,50.814881,0
              5.722622,50.81487,0
              5.722534,50.814864,0
              5.722372,50.814859,0
              5.722287,50.814854,0
              5.722224,50.814843,0
              5.722192,50.814837,0
              5.72138,50.814694,0
              5.721347,50.814687,0
              5.721311,50.814677,0
              5.721209,50.814643,0
              5.721038,50.814582,0
              5.72093,50.814539,0
              5.72086,50.814514,0
              5.720743,50.814484,0
              5.720584,50.81425,0
              5.720503,50.8143,0
              5.720471,50.814309,0
              5.72044,50.81431,0
              5.720306,50.8143,0
              5.719827,50.81424,0
              5.718985,50.81411,0
              5.718819,50.814084,0
              5.71876,50.814222,0
              5.718683,50.814403,0
              5.718512,50.814415,0
              5.717312,50.814501,0
              5.717296,50.81427,0
              5.717287,50.814024,0
              5.717284,50.81396,0
              5.717282,50.81392,0
              5.717251,50.813034,0
              5.717251,50.813032,0
              5.717242,50.812812,0
              5.717242,50.812809,0
              5.717202,50.811978,0
              5.717201,50.811957,0
              5.717197,50.811854,0
              5.717194,50.811749,0
              5.71718,50.811709,0
              5.717164,50.811258,0
              5.717163,50.811212,0
              5.717162,50.811148,0
              5.717141,50.81095,0
              5.71714,50.810915,0
              5.71714,50.810856,0
              5.717202,50.810849,0
              5.717189,50.810485,0
              5.717148,50.810485,0
              5.717148,50.810434,0
              5.717188,50.810433,0
              5.717187,50.810383,0
              5.717171,50.809867,0
              5.717167,50.80974,0
              5.717148,50.809153,0
              5.717127,50.808657,0
              5.717125,50.808652,0
              5.717097,50.807772,0
              5.717083,50.80731,0
              5.717082,50.807303,0
              5.717076,50.807103,0
              5.71704,50.80612,0
              5.71704,50.806113,0
              5.717015,50.806105,0
              5.717012,50.806061,0
              5.717012,50.806049,0
              5.716988,50.805267,0
              5.716985,50.80517,0
              5.716973,50.804767,0
              5.716969,50.80464,0
              5.716962,50.804401,0
              5.716961,50.804368,0
              5.71696,50.804328,0
              5.716946,50.80387,0
              5.716945,50.803833,0
              5.716944,50.803805,0
              5.716747,50.803809,0
              5.714452,50.80385,0
              5.714463,50.803954,0
              5.714434,50.803955,0
              5.714381,50.803957,0
              5.714377,50.803958,0
              5.714352,50.803958,0
              5.714324,50.80396,0
              5.712537,50.804127,0
              5.711096,50.804255,0
              5.711086,50.804174,0
              5.711082,50.804146,0
              5.711071,50.80406,0
              5.709824,50.804191,0
              5.709895,50.80446,0
              5.709905,50.804498,0
              5.709914,50.804534,0
              5.70997,50.804743,0
              5.70905,50.80485,0
              5.708529,50.804911,0
              5.70859,50.805078,0
              5.708622,50.805163,0
              5.708688,50.805344,0
              5.708691,50.805352,0
              5.708769,50.805571,0
              5.70884,50.805794,0
              5.708893,50.80598,0
              5.708902,50.806014,0
              5.709061,50.806576,0
              5.709098,50.806707,0
              5.709098,50.806708,0
              5.709171,50.806965,0
              5.709208,50.807105,0
              5.709263,50.807299,0
              5.70927,50.80734,0
              5.709286,50.807407,0
              5.709293,50.807435,0
              5.709297,50.807451,0
              5.70931,50.807505,0
              5.709342,50.807646,0
              5.709398,50.80788,0
              5.70945,50.808105,0
              5.709492,50.808278,0
              5.709359,50.808293,0
              5.709329,50.808296,0
              5.709164,50.808314,0
              5.707351,50.808514,0
              5.706825,50.808516,0
              5.705752,50.808519,0
              5.697808,50.808542,0
              5.697537,50.808543,0
              5.697133,50.808544,0
              5.696503,50.808546,0
              5.695158,50.8095,0
              5.693817,50.81045,0
              5.693635,50.80551,0
              5.693594,50.803034,0
              5.693588,50.802676,0
              5.693544,50.800116,0
              5.693592,50.799496,0
              5.693664,50.798826,0
              5.693976,50.796636,0
              5.694595,50.794144,0
              5.695687,50.791352,0
              5.697077,50.788299,0
              5.697328,50.787775,0
              5.697677,50.787048,0
              5.698284,50.785166,0
              5.698491,50.784214,0
              5.698706,50.783149,0
              5.698756,50.782515,0
              5.698824,50.781652,0
              5.698798,50.780996,0
              5.698787,50.78071,0
              5.698773,50.780362,0
              5.698744,50.779619,0
              5.698589,50.778898,0
              5.698351,50.77779,0
              5.698284,50.777478,0
              5.697992,50.776604,0
              5.697366,50.775309,0
              5.697083,50.77494,0
              5.695888,50.773386,0
              5.69521,50.772503,0
              5.694042,50.771249,0
              5.693752,50.770939,0
              5.692863,50.770116,0
              5.692184,50.769489,0
              5.690714,50.76813,0
              5.690694,50.768111,0
              5.690184,50.767587,0
              5.689879,50.767273,0
              5.688657,50.766329,0
              5.687271,50.765258,0
              5.685032,50.763602,0
              5.684666,50.763229,0
              5.683816,50.762361,0
              5.68283,50.761258,0
              5.68218,50.759972,0
              5.68197,50.758858,0
              5.682058,50.757535,0
              5.682172,50.757534,0
            </coordinates>
          </LinearRing>
        </outerBoundaryIs>
      </Polygon>
    </Placemark>
    <Placemark>
      <name>Valkenburg aan de Geul</name>
      <description><![CDATA[beschrijving: <br>@id: relation/305364<br>admin_level: 8<br>authoritative: yes<br>boundary: administrative<br>name: Valkenburg aan de Geul<br>name:li: Valkeberg aan de Geul<br>name:nl: Valkenburg aan de Geul<br>name:ru: <br>population: 16367<br>population:date: 2020-01-01<br>ref:gemeentecode: 0994<br>source:population: CBS<br>type: boundary<br>wikidata: Q9771<br>wikipedia: nl:Valkenburg aan de Geul<br>name:de: Falkenburg an der Göhl<br>name:fy: <br>name:la: <br>name:zh-Hans: <br>name:zh-Hant: <br>name:lt: <br>old_name:de: <br>name:carnaval: <br>alt_name:la: <br>alt_name:fr: <br>alt_name:wa: <br>name:ar: <br>name:en: <br>name:eo: <br>name:es: <br>name:fr: <br>name:he: <br>name:ja: <br>name:ko: <br>name:mk: <br>name:ml: <br>name:nds: <br>name:sr: <br>name:uk: <br>name:wa: <br>name:zea: <br>name:zh: <br>old_name:es: <br>@relations: ]]></description>
      <styleUrl>#poly-000000-1200-77</styleUrl>
      <ExtendedData>
        <Data name="beschrijving">
          <value/>
        </Data>
        <Data name="@id">
          <value>relation/305364</value>
        </Data>
        <Data name="admin_level">
          <value>8</value>
        </Data>
        <Data name="authoritative">
          <value>yes</value>
        </Data>
        <Data name="boundary">
          <value>administrative</value>
        </Data>
        <Data name="name">
          <value>Valkenburg aan de Geul</value>
        </Data>
        <Data name="name:li">
          <value>Valkeberg aan de Geul</value>
        </Data>
        <Data name="name:nl">
          <value>Valkenburg aan de Geul</value>
        </Data>
        <Data name="name:ru">
          <value/>
        </Data>
        <Data name="population">
          <value>16367</value>
        </Data>
        <Data name="population:date">
          <value>2020-01-01</value>
        </Data>
        <Data name="ref:gemeentecode">
          <value>0994</value>
        </Data>
        <Data name="source:population">
          <value>CBS</value>
        </Data>
        <Data name="type">
          <value>boundary</value>
        </Data>
        <Data name="wikidata">
          <value>Q9771</value>
        </Data>
        <Data name="wikipedia">
          <value>nl:Valkenburg aan de Geul</value>
        </Data>
        <Data name="name:de">
          <value>Falkenburg an der Göhl</value>
        </Data>
        <Data name="name:fy">
          <value/>
        </Data>
        <Data name="name:la">
          <value/>
        </Data>
        <Data name="name:zh-Hans">
          <value/>
        </Data>
        <Data name="name:zh-Hant">
          <value/>
        </Data>
        <Data name="name:lt">
          <value/>
        </Data>
        <Data name="old_name:de">
          <value/>
        </Data>
        <Data name="name:carnaval">
          <value/>
        </Data>
        <Data name="alt_name:la">
          <value/>
        </Data>
        <Data name="alt_name:fr">
          <value/>
        </Data>
        <Data name="alt_name:wa">
          <value/>
        </Data>
        <Data name="name:ar">
          <value/>
        </Data>
        <Data name="name:en">
          <value/>
        </Data>
        <Data name="name:eo">
          <value/>
        </Data>
        <Data name="name:es">
          <value/>
        </Data>
        <Data name="name:fr">
          <value/>
        </Data>
        <Data name="name:he">
          <value/>
        </Data>
        <Data name="name:ja">
          <value/>
        </Data>
        <Data name="name:ko">
          <value/>
        </Data>
        <Data name="name:mk">
          <value/>
        </Data>
        <Data name="name:ml">
          <value/>
        </Data>
        <Data name="name:nds">
          <value/>
        </Data>
        <Data name="name:sr">
          <value/>
        </Data>
        <Data name="name:uk">
          <value/>
        </Data>
        <Data name="name:wa">
          <value/>
        </Data>
        <Data name="name:zea">
          <value/>
        </Data>
        <Data name="name:zh">
          <value/>
        </Data>
        <Data name="old_name:es">
          <value/>
        </Data>
        <Data name="@relations">
          <value/>
        </Data>
      </ExtendedData>
      <Polygon>
        <outerBoundaryIs>
          <LinearRing>
            <tessellate>1</tessellate>
            <coordinates>
              5.869132,50.872196,0
              5.869122,50.872205,0
              5.870069,50.873019,0
              5.870016,50.873049,0
              5.869677,50.873247,0
              5.869598,50.873293,0
              5.869572,50.873308,0
              5.869493,50.873354,0
              5.869134,50.873563,0
              5.868594,50.873877,0
              5.868489,50.873938,0
              5.868479,50.873944,0
              5.867665,50.874446,0
              5.867525,50.874533,0
              5.86594,50.875478,0
              5.865848,50.875534,0
              5.865594,50.87569,0
              5.865357,50.875836,0
              5.865349,50.875841,0
              5.86453,50.876548,0
              5.864358,50.876702,0
              5.86432,50.876736,0
              5.864132,50.876886,0
              5.864122,50.876894,0
              5.863964,50.877007,0
              5.863927,50.87705,0
              5.863892,50.877096,0
              5.863874,50.877122,0
              5.86386,50.877153,0
              5.863832,50.87724,0
              5.86379,50.87742,0
              5.863754,50.877546,0
              5.863717,50.877676,0
              5.86365,50.877794,0
              5.863422,50.878544,0
              5.863394,50.878635,0
              5.863329,50.878707,0
              5.863269,50.87876,0
              5.86317,50.878831,0
              5.863052,50.878918,0
              5.862948,50.878998,0
              5.862891,50.879058,0
              5.862814,50.879165,0
              5.86278,50.879236,0
              5.862758,50.879321,0
              5.862754,50.879412,0
              5.862766,50.879528,0
              5.862794,50.879744,0
              5.862102,50.879557,0
              5.861929,50.879795,0
              5.86184,50.879941,0
              5.862751,50.880182,0
              5.862759,50.880185,0
              5.861962,50.881053,0
              5.861721,50.88142,0
              5.861571,50.881665,0
              5.861491,50.881797,0
              5.86161,50.881805,0
              5.861877,50.881842,0
              5.861618,50.882418,0
              5.86027,50.88221,0
              5.860092,50.882186,0
              5.859244,50.882082,0
              5.858345,50.882002,0
              5.857631,50.881946,0
              5.856978,50.881915,0
              5.856407,50.881908,0
              5.856384,50.881908,0
              5.855811,50.881911,0
              5.855766,50.881911,0
              5.853809,50.881999,0
              5.853255,50.882044,0
              5.85266,50.882102,0
              5.852627,50.88216,0
              5.852513,50.882116,0
              5.851665,50.8822,0
              5.851556,50.882634,0
              5.851515,50.882754,0
              5.851506,50.882782,0
              5.851506,50.882795,0
              5.851512,50.882805,0
              5.851528,50.882824,0
              5.851542,50.882834,0
              5.851526,50.882832,0
              5.851226,50.882802,0
              5.851034,50.882982,0
              5.850286,50.883653,0
              5.850012,50.883677,0
              5.84962,50.883717,0
              5.849365,50.883728,0
              5.849147,50.883732,0
              5.848754,50.8837,0
              5.84864,50.883687,0
              5.848252,50.88362,0
              5.847392,50.883395,0
              5.84716,50.883315,0
              5.846601,50.883118,0
              5.846037,50.882927,0
              5.845802,50.882871,0
              5.845272,50.882766,0
              5.844998,50.882725,0
              5.844726,50.882688,0
              5.844496,50.882653,0
              5.844157,50.882626,0
              5.843593,50.882602,0
              5.843567,50.8826,0
              5.84252,50.882508,0
              5.84077,50.882241,0
              5.838339,50.881896,0
              5.838019,50.881843,0
              5.838017,50.881857,0
              5.837976,50.88185,0
              5.836775,50.881608,0
              5.836575,50.88157,0
              5.836085,50.881468,0
              5.835927,50.881483,0
              5.835858,50.881487,0
              5.835792,50.8815,0
              5.835246,50.881286,0
              5.83522,50.880895,0
              5.834829,50.880694,0
              5.834693,50.88064,0
              5.834623,50.880643,0
              5.834612,50.880828,0
              5.834613,50.880964,0
              5.834622,50.881104,0
              5.834646,50.881226,0
              5.834684,50.88132,0
              5.834718,50.881387,0
              5.834791,50.881519,0
              5.834972,50.881813,0
              5.835161,50.882103,0
              5.835234,50.882248,0
              5.835256,50.882297,0
              5.835165,50.882431,0
              5.83501,50.88236,0
              5.834937,50.882326,0
              5.834677,50.882198,0
              5.834581,50.882152,0
              5.834485,50.882094,0
              5.83444,50.882064,0
              5.834398,50.882025,0
              5.834315,50.882045,0
              5.834099,50.882149,0
              5.834004,50.882214,0
              5.833883,50.882321,0
              5.833824,50.882381,0
              5.833764,50.882362,0
              5.833719,50.882347,0
              5.833508,50.882612,0
              5.833303,50.882864,0
              5.833008,50.883327,0
              5.832864,50.883694,0
              5.832873,50.883965,0
              5.832915,50.884334,0
              5.832855,50.884516,0
              5.8327,50.885051,0
              5.832682,50.885108,0
              5.832673,50.885228,0
              5.832678,50.885367,0
              5.832707,50.885539,0
              5.832737,50.885753,0
              5.83275,50.88582,0
              5.832852,50.886017,0
              5.832934,50.886169,0
              5.833219,50.886682,0
              5.833498,50.887151,0
              5.833641,50.887411,0
              5.833739,50.887575,0
              5.833776,50.887655,0
              5.833834,50.88776,0
              5.833948,50.887948,0
              5.834066,50.888128,0
              5.83419,50.888308,0
              5.834324,50.888494,0
              5.834468,50.888683,0
              5.834638,50.888866,0
              5.8348,50.889056,0
              5.834972,50.889246,0
              5.835128,50.88944,0
              5.836215,50.890746,0
              5.836265,50.890818,0
              5.836377,50.891088,0
              5.836529,50.89142,0
              5.836617,50.891605,0
              5.836578,50.891614,0
              5.83566,50.891774,0
              5.833691,50.892132,0
              5.833165,50.892228,0
              5.833165,50.892227,0
              5.833112,50.892209,0
              5.832391,50.891886,0
              5.832306,50.891848,0
              5.832286,50.89184,0
              5.832082,50.891752,0
              5.832056,50.89174,0
              5.831895,50.89167,0
              5.831722,50.891593,0
              5.831364,50.891432,0
              5.831215,50.891365,0
              5.831118,50.891321,0
              5.830915,50.891229,0
              5.830913,50.891228,0
              5.830557,50.891063,0
              5.830017,50.890684,0
              5.830014,50.890682,0
              5.829862,50.890589,0
              5.82982,50.890571,0
              5.829739,50.890537,0
              5.829733,50.890533,0
              5.829633,50.890476,0
              5.829486,50.890364,0
              5.82943,50.890354,0
              5.829382,50.890306,0
              5.82931,50.890286,0
              5.829291,50.890242,0
              5.829211,50.890224,0
              5.82918,50.89018,0
              5.829111,50.890166,0
              5.829051,50.890027,0
              5.829009,50.890016,0
              5.828951,50.889963,0
              5.828771,50.889902,0
              5.828652,50.889834,0
              5.828304,50.889718,0
              5.827975,50.88961,0
              5.827766,50.889544,0
              5.827584,50.889437,0
              5.827418,50.889336,0
              5.827101,50.889137,0
              5.827,50.888967,0
              5.826837,50.888886,0
              5.826801,50.888819,0
              5.826798,50.888816,0
              5.826739,50.888766,0
              5.82662,50.888665,0
              5.826556,50.888637,0
              5.826546,50.888625,0
              5.826473,50.888538,0
              5.826348,50.88838,0
              5.826307,50.888301,0
              5.826168,50.888109,0
              5.826058,50.888047,0
              5.825735,50.887878,0
              5.82545,50.887965,0
              5.825431,50.887945,0
              5.825253,50.88776,0
              5.8252,50.887627,0
              5.8251,50.887594,0
              5.825016,50.887548,0
              5.824977,50.887526,0
              5.824887,50.88746,0
              5.824839,50.887413,0
              5.824799,50.887375,0
              5.824771,50.887347,0
              5.82459,50.887196,0
              5.82443,50.88709,0
              5.824227,50.886997,0
              5.824086,50.886946,0
              5.824022,50.886935,0
              5.823857,50.886907,0
              5.823775,50.886892,0
              5.823533,50.88682,0
              5.823428,50.8868,0
              5.823228,50.88678,0
              5.823064,50.886741,0
              5.823044,50.886736,0
              5.82279,50.886679,0
              5.822648,50.886634,0
              5.822469,50.886601,0
              5.822427,50.886584,0
              5.822133,50.886468,0
              5.821919,50.886382,0
              5.821821,50.886344,0
              5.821283,50.886131,0
              5.821239,50.886106,0
              5.821192,50.886081,0
              5.821009,50.885935,0
              5.820881,50.885865,0
              5.820738,50.885788,0
              5.820548,50.885654,0
              5.820232,50.885438,0
              5.820106,50.885332,0
              5.820124,50.885324,0
              5.820165,50.885306,0
              5.820208,50.885276,0
              5.820172,50.885242,0
              5.819712,50.884813,0
              5.819372,50.884489,0
              5.819193,50.884323,0
              5.819306,50.884255,0
              5.819332,50.884239,0
              5.819364,50.88422,0
              5.81934,50.884158,0
              5.819324,50.884122,0
              5.819319,50.884108,0
              5.819207,50.883843,0
              5.819139,50.883867,0
              5.818346,50.884147,0
              5.817398,50.884481,0
              5.817317,50.884698,0
              5.817311,50.88472,0
              5.817309,50.88473,0
              5.817308,50.884733,0
              5.817305,50.884751,0
              5.817285,50.884768,0
              5.817241,50.884802,0
              5.817059,50.884945,0
              5.816609,50.885261,0
              5.816072,50.885508,0
              5.815843,50.885598,0
              5.815377,50.885952,0
              5.815047,50.886194,0
              5.814994,50.886237,0
              5.81499,50.886239,0
              5.814734,50.886325,0
              5.814082,50.886073,0
              5.813725,50.886224,0
              5.813644,50.886259,0
              5.813666,50.88629,0
              5.81322,50.886503,0
              5.812929,50.886642,0
              5.812891,50.88666,0
              5.812886,50.886663,0
              5.812596,50.886813,0
              5.812446,50.886885,0
              5.812401,50.886907,0
              5.812389,50.886912,0
              5.812271,50.886962,0
              5.81226,50.886967,0
              5.812161,50.887009,0
              5.811714,50.887191,0
              5.811261,50.887375,0
              5.810797,50.887564,0
              5.810467,50.887691,0
              5.810465,50.887689,0
              5.810408,50.887701,0
              5.810367,50.88771,0
              5.810364,50.887711,0
              5.810046,50.887812,0
              5.809866,50.887847,0
              5.809791,50.887848,0
              5.809417,50.887845,0
              5.809093,50.88785,0
              5.808931,50.887846,0
              5.808624,50.8878,0
              5.808433,50.887753,0
              5.808386,50.88774,0
              5.808351,50.887729,0
              5.808264,50.887704,0
              5.808186,50.88768,0
              5.808022,50.88765,0
              5.807821,50.887599,0
              5.807704,50.887569,0
              5.807556,50.887531,0
              5.807512,50.887519,0
              5.807472,50.887512,0
              5.807031,50.887437,0
              5.806969,50.887434,0
              5.806637,50.887399,0
              5.80656,50.88739,0
              5.806426,50.887376,0
              5.805966,50.887329,0
              5.805348,50.88727,0
              5.805343,50.887404,0
              5.80529,50.887398,0
              5.805091,50.887377,0
              5.804548,50.887318,0
              5.803606,50.887226,0
              5.803324,50.88725,0
              5.803166,50.887212,0
              5.803027,50.887185,0
              5.802973,50.887177,0
              5.802872,50.887162,0
              5.802646,50.887131,0
              5.802602,50.887125,0
              5.802519,50.887109,0
              5.802367,50.887079,0
              5.802289,50.887057,0
              5.802193,50.887026,0
              5.802086,50.886986,0
              5.802015,50.88695,0
              5.801935,50.886906,0
              5.80184,50.886848,0
              5.801608,50.886696,0
              5.801499,50.886627,0
              5.801387,50.886563,0
              5.80126,50.886499,0
              5.801155,50.886447,0
              5.800878,50.886316,0
              5.800677,50.886212,0
              5.800441,50.886109,0
              5.800335,50.886054,0
              5.800286,50.886022,0
              5.800237,50.885986,0
              5.800143,50.885911,0
              5.799842,50.885673,0
              5.799768,50.885612,0
              5.799739,50.885548,0
              5.799684,50.885454,0
              5.799625,50.885358,0
              5.7993,50.884816,0
              5.799157,50.884574,0
              5.798837,50.884009,0
              5.798632,50.883643,0
              5.798539,50.883475,0
              5.798493,50.883387,0
              5.798464,50.883309,0
              5.798437,50.883217,0
              5.79841,50.88308,0
              5.798378,50.88288,0
              5.798372,50.88285,0
              5.796506,50.882849,0
              5.796511,50.882758,0
              5.793605,50.882544,0
              5.792856,50.882488,0
              5.792757,50.882572,0
              5.792584,50.882729,0
              5.790908,50.88255,0
              5.790474,50.882504,0
              5.789536,50.88241,0
              5.789478,50.882638,0
              5.789458,50.882852,0
              5.789476,50.882854,0
              5.789643,50.88339,0
              5.789058,50.883275,0
              5.789101,50.883889,0
              5.788668,50.883766,0
              5.787132,50.883733,0
              5.787057,50.883721,0
              5.786711,50.883537,0
              5.786383,50.883395,0
              5.786286,50.883356,0
              5.786312,50.883308,0
              5.785814,50.882904,0
              5.785583,50.88261,0
              5.785104,50.882434,0
              5.784353,50.882399,0
              5.784187,50.882402,0
              5.783474,50.882622,0
              5.782866,50.882806,0
              5.781584,50.883628,0
              5.781512,50.883593,0
              5.781452,50.883543,0
              5.781426,50.883515,0
              5.781399,50.88348,0
              5.781352,50.883403,0
              5.781341,50.883374,0
              5.781338,50.883298,0
              5.781346,50.883213,0
              5.781126,50.883085,0
              5.781,50.882872,0
              5.780947,50.882835,0
              5.780793,50.88275,0
              5.780616,50.882668,0
              5.780569,50.882656,0
              5.780404,50.882749,0
              5.780295,50.882791,0
              5.779977,50.882862,0
              5.779653,50.882914,0
              5.779635,50.882915,0
              5.779419,50.88301,0
              5.779312,50.883062,0
              5.778744,50.883538,0
              5.778468,50.883688,0
              5.777807,50.883654,0
              5.777663,50.883727,0
              5.77707,50.882637,0
              5.777047,50.88259,0
              5.776964,50.882606,0
              5.776773,50.882409,0
              5.776542,50.882478,0
              5.775539,50.881394,0
              5.775559,50.881385,0
              5.774746,50.880176,0
              5.774696,50.880188,0
              5.774198,50.879488,0
              5.774166,50.87944,0
              5.773982,50.879185,0
              5.773672,50.878748,0
              5.773732,50.878732,0
              5.773309,50.878151,0
              5.773039,50.877777,0
              5.772983,50.877788,0
              5.772908,50.877659,0
              5.772692,50.87726,0
              5.772857,50.877208,0
              5.772665,50.876967,0
              5.772771,50.87695,0
              5.772346,50.876194,0
              5.772078,50.875749,0
              5.772149,50.875736,0
              5.772236,50.87572,0
              5.772248,50.875715,0
              5.772486,50.875908,0
              5.773147,50.875604,0
              5.77287,50.875334,0
              5.77281,50.874874,0
              5.773379,50.87471,0
              5.773998,50.874451,0
              5.77322,50.873805,0
              5.772868,50.873941,0
              5.772779,50.873912,0
              5.772679,50.873866,0
              5.772609,50.873803,0
              5.772595,50.873736,0
              5.772639,50.873698,0
              5.772695,50.873675,0
              5.772746,50.873651,0
              5.772876,50.87359,0
              5.773122,50.873498,0
              5.77322,50.87347,0
              5.773311,50.873458,0
              5.773386,50.873476,0
              5.773469,50.873506,0
              5.773592,50.873558,0
              5.773718,50.8736,0
              5.773834,50.873635,0
              5.773967,50.873659,0
              5.774075,50.873669,0
              5.774158,50.873656,0
              5.774219,50.873633,0
              5.774256,50.873613,0
              5.774274,50.873591,0
              5.774286,50.873547,0
              5.774253,50.873503,0
              5.774225,50.873463,0
              5.774201,50.873378,0
              5.77412,50.873356,0
              5.773969,50.873294,0
              5.773764,50.873194,0
              5.773552,50.87307,0
              5.773415,50.872979,0
              5.773303,50.872896,0
              5.77325,50.872822,0
              5.773242,50.872781,0
              5.773255,50.872751,0
              5.773299,50.872726,0
              5.773418,50.872686,0
              5.773332,50.8726,0
              5.773013,50.87228,0
              5.772928,50.872326,0
              5.772846,50.872364,0
              5.772396,50.872423,0
              5.771401,50.872403,0
              5.771186,50.872397,0
              5.770815,50.872389,0
              5.770513,50.872422,0
              5.77019,50.872485,0
              5.770017,50.872526,0
              5.768974,50.872776,0
              5.768511,50.872916,0
              5.768413,50.87294,0
              5.768241,50.872975,0
              5.767845,50.873048,0
              5.767515,50.8731,0
              5.767288,50.873142,0
              5.767128,50.873174,0
              5.767001,50.873203,0
              5.766545,50.872766,0
              5.766266,50.872492,0
              5.76574,50.87181,0
              5.76542,50.871382,0
              5.7648,50.870522,0
              5.764654,50.870309,0
              5.764269,50.869773,0
              5.764272,50.86975,0
              5.76429,50.869733,0
              5.764326,50.86972,0
              5.764444,50.869697,0
              5.764582,50.869684,0
              5.764762,50.869676,0
              5.764908,50.869194,0
              5.765065,50.868672,0
              5.765088,50.868222,0
              5.765056,50.867888,0
              5.764913,50.867507,0
              5.764797,50.867111,0
              5.764637,50.866841,0
              5.763666,50.866766,0
              5.763304,50.866702,0
              5.762954,50.866608,0
              5.76266,50.86651,0
              5.762579,50.866304,0
              5.762565,50.866234,0
              5.762553,50.866143,0
              5.762552,50.866002,0
              5.76255,50.865933,0
              5.762548,50.865851,0
              5.762542,50.86562,0
              5.762557,50.865442,0
              5.762568,50.865372,0
              5.762625,50.865141,0
              5.76265,50.865052,0
              5.762676,50.864969,0
              5.762795,50.864541,0
              5.762876,50.864289,0
              5.762894,50.864232,0
              5.762894,50.86423,0
              5.762925,50.864138,0
              5.762638,50.864036,0
              5.762384,50.863954,0
              5.762225,50.863863,0
              5.761715,50.863614,0
              5.761701,50.86361,0
              5.761232,50.863464,0
              5.760931,50.863361,0
              5.760842,50.863331,0
              5.760732,50.863294,0
              5.760535,50.863219,0
              5.760435,50.863182,0
              5.76028,50.863123,0
              5.760071,50.863044,0
              5.759986,50.863012,0
              5.759974,50.863008,0
              5.759757,50.862926,0
              5.759728,50.862915,0
              5.75972,50.862912,0
              5.759626,50.862875,0
              5.759544,50.862835,0
              5.759505,50.862817,0
              5.759412,50.862772,0
              5.759358,50.862747,0
              5.75928,50.86271,0
              5.759183,50.862664,0
              5.759126,50.862632,0
              5.759016,50.862568,0
              5.758767,50.862376,0
              5.758522,50.862184,0
              5.758068,50.861956,0
              5.757974,50.861881,0
              5.757968,50.861878,0
              5.757437,50.86163,0
              5.756551,50.861198,0
              5.755221,50.86056,0
              5.754606,50.860211,0
              5.754215,50.860014,0
              5.753654,50.85974,0
              5.752879,50.859452,0
              5.752942,50.858516,0
              5.752943,50.85851,0
              5.752157,50.858203,0
              5.751258,50.857856,0
              5.751203,50.857837,0
              5.751129,50.857809,0
              5.751125,50.857807,0
              5.750555,50.8576,0
              5.750529,50.857591,0
              5.749477,50.857217,0
              5.749443,50.857205,0
              5.749287,50.85715,0
              5.749317,50.857081,0
              5.749339,50.857018,0
              5.749737,50.85706,0
              5.750015,50.856969,0
              5.751247,50.856675,0
              5.752993,50.856258,0
              5.75305,50.856264,0
              5.753372,50.8562,0
              5.753416,50.856191,0
              5.753569,50.856172,0
              5.754668,50.856037,0
              5.755038,50.856031,0
              5.755708,50.856018,0
              5.757204,50.855292,0
              5.75734,50.855291,0
              5.758575,50.855272,0
              5.758779,50.855269,0
              5.759196,50.855263,0
              5.759282,50.855262,0
              5.759636,50.855257,0
              5.759693,50.855256,0
              5.760119,50.85525,0
              5.760088,50.854832,0
              5.761217,50.854834,0
              5.761611,50.854834,0
              5.762169,50.854835,0
              5.762524,50.854836,0
              5.763122,50.854837,0
              5.763174,50.854687,0
              5.764171,50.854621,0
              5.764182,50.854546,0
              5.764971,50.854344,0
              5.764972,50.854298,0
              5.76516,50.854279,0
              5.765203,50.854275,0
              5.765228,50.854273,0
              5.76529,50.854266,0
              5.766269,50.853844,0
              5.766529,50.853732,0
              5.766806,50.853643,0
              5.768982,50.852943,0
              5.76901,50.852934,0
              5.769033,50.852961,0
              5.769064,50.85295,0
              5.769086,50.852943,0
              5.770753,50.852395,0
              5.77108,50.852698,0
              5.771548,50.852621,0
              5.771834,50.852604,0
              5.772545,50.85259,0
              5.772841,50.852588,0
              5.773106,50.852579,0
              5.774614,50.852572,0
              5.774701,50.852727,0
              5.774858,50.852968,0
              5.774948,50.85313,0
              5.774991,50.853183,0
              5.775038,50.853228,0
              5.775066,50.85327,0
              5.775072,50.853295,0
              5.77516,50.853312,0
              5.775229,50.853325,0
              5.775318,50.853342,0
              5.775336,50.853345,0
              5.775438,50.853327,0
              5.77551,50.853314,0
              5.775655,50.853376,0
              5.775707,50.85339,0
              5.775747,50.853397,0
              5.775792,50.853394,0
              5.775877,50.85337,0
              5.775922,50.853354,0
              5.776001,50.853299,0
              5.776098,50.853244,0
              5.776226,50.853199,0
              5.776299,50.853197,0
              5.776329,50.853196,0
              5.776824,50.85303,0
              5.777176,50.852946,0
              5.777223,50.852898,0
              5.777679,50.852767,0
              5.777858,50.85271,0
              5.778345,50.852517,0
              5.778781,50.852304,0
              5.778908,50.851813,0
              5.779054,50.851246,0
              5.779082,50.851136,0
              5.779185,50.850542,0
              5.77922,50.85046,0
              5.77925,50.850401,0
              5.779276,50.850364,0
              5.779305,50.850322,0
              5.779386,50.850228,0
              5.779514,50.850116,0
              5.77978,50.849902,0
              5.78018,50.849565,0
              5.780254,50.84952,0
              5.780312,50.849492,0
              5.780419,50.849454,0
              5.780503,50.849441,0
              5.780533,50.849436,0
              5.780676,50.849438,0
              5.780858,50.849435,0
              5.781057,50.849425,0
              5.781249,50.849411,0
              5.781359,50.849398,0
              5.782319,50.849283,0
              5.782494,50.849265,0
              5.782703,50.849249,0
              5.782974,50.849246,0
              5.783463,50.849276,0
              5.783998,50.849326,0
              5.784195,50.849346,0
              5.785025,50.849407,0
              5.786029,50.849473,0
              5.786247,50.849489,0
              5.787105,50.849576,0
              5.787224,50.849588,0
              5.787259,50.849592,0
              5.787367,50.849608,0
              5.787478,50.849625,0
              5.788016,50.849677,0
              5.788646,50.849716,0
              5.789252,50.849763,0
              5.790085,50.849818,0
              5.790682,50.849854,0
              5.791004,50.849874,0
              5.791119,50.849878,0
              5.791266,50.849879,0
              5.791385,50.849871,0
              5.791516,50.849855,0
              5.791668,50.849829,0
              5.791872,50.849784,0
              5.792524,50.849605,0
              5.792789,50.849538,0
              5.793025,50.849484,0
              5.793217,50.84943,0
              5.79336,50.849384,0
              5.793572,50.849311,0
              5.793788,50.84923,0
              5.793875,50.849193,0
              5.793932,50.849169,0
              5.794023,50.849131,0
              5.794135,50.849083,0
              5.794447,50.848952,0
              5.79447,50.848943,0
              5.79467,50.848854,0
              5.794813,50.848782,0
              5.794906,50.848713,0
              5.794958,50.848663,0
              5.794994,50.848628,0
              5.795032,50.84857,0
              5.795071,50.848566,0
              5.796083,50.848465,0
              5.796646,50.848419,0
              5.79742,50.848396,0
              5.798262,50.848384,0
              5.798563,50.84838,0
              5.798755,50.848377,0
              5.800667,50.84835,0
              5.800683,50.848374,0
              5.800909,50.849042,0
              5.80093,50.849083,0
              5.800985,50.849188,0
              5.801034,50.849284,0
              5.801123,50.849388,0
              5.801128,50.849393,0
              5.801638,50.849875,0
              5.801676,50.849776,0
              5.801793,50.849654,0
              5.801953,50.849529,0
              5.801987,50.849548,0
              5.802159,50.849436,0
              5.802217,50.849376,0
              5.802318,50.849261,0
              5.802376,50.84915,0
              5.802415,50.849004,0
              5.802442,50.848768,0
              5.802472,50.848558,0
              5.802544,50.848371,0
              5.802649,50.848221,0
              5.802836,50.84797,0
              5.803047,50.847674,0
              5.803158,50.847462,0
              5.80323,50.847257,0
              5.803253,50.847176,0
              5.803229,50.847132,0
              5.803195,50.847126,0
              5.803153,50.84712,0
              5.803353,50.847086,0
              5.803375,50.847045,0
              5.80338,50.847032,0
              5.803382,50.847026,0
              5.803398,50.846984,0
              5.803716,50.846126,0
              5.803731,50.846086,0
              5.804117,50.845433,0
              5.804432,50.844899,0
              5.804654,50.844523,0
              5.805136,50.843707,0
              5.805161,50.843665,0
              5.805301,50.843427,0
              5.806442,50.842552,0
              5.807801,50.84151,0
              5.807836,50.841465,0
              5.807863,50.841453,0
              5.807865,50.841452,0
              5.807898,50.841437,0
              5.809649,50.840652,0
              5.811077,50.840394,0
              5.811397,50.840543,0
              5.812281,50.840956,0
              5.812378,50.841002,0
              5.812575,50.841094,0
              5.812614,50.841112,0
              5.81287,50.841231,0
              5.813245,50.841036,0
              5.81363,50.840836,0
              5.813811,50.840743,0
              5.814087,50.840608,0
              5.814344,50.840492,0
              5.814523,50.840441,0
              5.814979,50.840312,0
              5.815416,50.840188,0
              5.815956,50.840035,0
              5.816403,50.839907,0
              5.816454,50.839892,0
              5.817051,50.839724,0
              5.817234,50.839674,0
              5.817492,50.839603,0
              5.818044,50.839452,0
              5.818319,50.839385,0
              5.818429,50.839383,0
              5.818542,50.839355,0
              5.818652,50.839328,0
              5.819012,50.839244,0
              5.819086,50.839227,0
              5.81955,50.839122,0
              5.819603,50.839109,0
              5.819992,50.839041,0
              5.820712,50.838892,0
              5.820909,50.838844,0
              5.820981,50.838826,0
              5.821128,50.838789,0
              5.821239,50.838761,0
              5.821217,50.838655,0
              5.82111,50.838171,0
              5.821105,50.838149,0
              5.8211,50.838126,0
              5.821094,50.838098,0
              5.821091,50.838081,0
              5.821086,50.838053,0
              5.821084,50.838042,0
              5.821076,50.837997,0
              5.821069,50.837938,0
              5.821068,50.837932,0
              5.82098,50.837471,0
              5.820883,50.83699,0
              5.820873,50.836943,0
              5.820815,50.836658,0
              5.820809,50.83664,0
              5.82076,50.836509,0
              5.820739,50.836486,0
              5.820724,50.836466,0
              5.820694,50.836423,0
              5.820676,50.836398,0
              5.82067,50.836389,0
              5.8206,50.836285,0
              5.820594,50.836276,0
              5.820561,50.836227,0
              5.820486,50.836093,0
              5.82044,50.835977,0
              5.820427,50.835843,0
              5.820425,50.835757,0
              5.820435,50.835542,0
              5.82045,50.835359,0
              5.820484,50.83522,0
              5.820504,50.835142,0
              5.82059,50.834966,0
              5.820608,50.834928,0
              5.82063,50.834895,0
              5.820681,50.834822,0
              5.820784,50.834662,0
              5.820832,50.834559,0
              5.82093,50.834318,0
              5.820935,50.83429,0
              5.82093,50.834025,0
              5.820933,50.833665,0
              5.820913,50.833131,0
              5.820907,50.83304,0
              5.820896,50.832789,0
              5.820907,50.832715,0
              5.820891,50.832347,0
              5.820872,50.832201,0
              5.82086,50.832133,0
              5.820821,50.83205,0
              5.820756,50.831953,0
              5.820681,50.831887,0
              5.820637,50.831857,0
              5.820659,50.83185,0
              5.820849,50.831796,0
              5.821104,50.831724,0
              5.8218,50.831527,0
              5.82198,50.831385,0
              5.822097,50.831291,0
              5.822438,50.831022,0
              5.822639,50.83087,0
              5.823369,50.830484,0
              5.82348,50.830426,0
              5.823536,50.830397,0
              5.82361,50.830358,0
              5.823624,50.830355,0
              5.823853,50.830309,0
              5.824026,50.830267,0
              5.824148,50.830241,0
              5.824317,50.830198,0
              5.824459,50.830164,0
              5.824553,50.830147,0
              5.824686,50.83013,0
              5.824949,50.830099,0
              5.825219,50.83007,0
              5.825427,50.830049,0
              5.8257,50.830031,0
              5.826004,50.830019,0
              5.826173,50.830014,0
              5.826395,50.830015,0
              5.826633,50.830011,0
              5.826886,50.830005,0
              5.827141,50.829996,0
              5.827277,50.82999,0
              5.827403,50.829982,0
              5.82751,50.829971,0
              5.827605,50.829957,0
              5.827637,50.829949,0
              5.827667,50.829941,0
              5.827762,50.829918,0
              5.82779,50.829911,0
              5.827811,50.829906,0
              5.827902,50.829885,0
              5.828077,50.829843,0
              5.828201,50.829811,0
              5.828291,50.829791,0
              5.828372,50.829771,0
              5.828458,50.829758,0
              5.828624,50.829738,0
              5.828772,50.829721,0
              5.828985,50.8297,0
              5.829191,50.829683,0
              5.829397,50.829654,0
              5.829521,50.829634,0
              5.829636,50.82962,0
              5.829715,50.829618,0
              5.829796,50.829616,0
              5.829862,50.829618,0
              5.829938,50.829624,0
              5.829998,50.829626,0
              5.830066,50.829626,0
              5.830151,50.829626,0
              5.830297,50.829619,0
              5.830499,50.829605,0
              5.830662,50.829595,0
              5.830868,50.829582,0
              5.831079,50.82957,0
              5.831232,50.829558,0
              5.83141,50.829553,0
              5.831568,50.829549,0
              5.831745,50.829549,0
              5.831888,50.829561,0
              5.832,50.829561,0
              5.832138,50.829575,0
              5.832303,50.82959,0
              5.832419,50.829606,0
              5.832538,50.829614,0
              5.832629,50.829626,0
              5.832734,50.829634,0
              5.832811,50.829636,0
              5.832898,50.829639,0
              5.832985,50.82964,0
              5.833073,50.829637,0
              5.833111,50.829635,0
              5.833111,50.829649,0
              5.833201,50.829649,0
              5.833539,50.829678,0
              5.834014,50.829713,0
              5.8341,50.829737,0
              5.834515,50.829779,0
              5.834912,50.829818,0
              5.835097,50.82984,0
              5.835293,50.829869,0
              5.835853,50.829941,0
              5.836067,50.829954,0
              5.836248,50.829964,0
              5.836251,50.829967,0
              5.836279,50.829991,0
              5.836293,50.830007,0
              5.837009,50.830786,0
              5.837056,50.830831,0
              5.837414,50.831157,0
              5.837505,50.831239,0
              5.837475,50.831263,0
              5.837364,50.831358,0
              5.837264,50.831468,0
              5.837123,50.831698,0
              5.8371,50.831745,0
              5.837091,50.831765,0
              5.837054,50.831838,0
              5.836885,50.832083,0
              5.836884,50.832085,0
              5.836866,50.83211,0
              5.836784,50.832218,0
              5.836737,50.832292,0
              5.83665,50.832428,0
              5.836582,50.832534,0
              5.836515,50.832642,0
              5.836459,50.832728,0
              5.83641,50.83281,0
              5.836388,50.832854,0
              5.836376,50.832909,0
              5.836371,50.832967,0
              5.836323,50.833559,0
              5.836309,50.833728,0
              5.836302,50.83381,0
              5.836255,50.834242,0
              5.836196,50.834937,0
              5.836153,50.835358,0
              5.836102,50.835838,0
              5.836093,50.83594,0
              5.836091,50.835962,0
              5.836115,50.835967,0
              5.836154,50.835926,0
              5.840246,50.834466,0
              5.841671,50.833931,0
              5.841882,50.833847,0
              5.842023,50.833794,0
              5.842192,50.833726,0
              5.842272,50.833697,0
              5.842248,50.833687,0
              5.842367,50.833639,0
              5.842424,50.833604,0
              5.842461,50.833585,0
              5.84248,50.833575,0
              5.842566,50.83353,0
              5.842656,50.83348,0
              5.842704,50.833453,0
              5.842747,50.83343,0
              5.842841,50.833373,0
              5.842886,50.833343,0
              5.842899,50.833334,0
              5.842924,50.833316,0
              5.842941,50.833282,0
              5.842946,50.833273,0
              5.843072,50.83316,0
              5.843092,50.833142,0
              5.843141,50.833136,0
              5.84319,50.833146,0
              5.843255,50.833176,0
              5.843402,50.833286,0
              5.843547,50.833386,0
              5.843728,50.833522,0
              5.84375,50.833539,0
              5.843906,50.833685,0
              5.843939,50.833716,0
              5.843962,50.833749,0
              5.844048,50.833829,0
              5.844934,50.833454,0
              5.846295,50.833034,0
              5.846315,50.833028,0
              5.846962,50.832841,0
              5.84708,50.832806,0
              5.847145,50.832788,0
              5.847302,50.832742,0
              5.847813,50.832594,0
              5.847826,50.83259,0
              5.847852,50.832582,0
              5.847868,50.832578,0
              5.848723,50.83233,0
              5.848898,50.832279,0
              5.84905,50.832235,0
              5.849129,50.832212,0
              5.849288,50.832164,0
              5.849821,50.832,0
              5.849919,50.831954,0
              5.850681,50.83184,0
              5.850736,50.831854,0
              5.851122,50.831954,0
              5.851188,50.831971,0
              5.851238,50.831984,0
              5.851363,50.832019,0
              5.852337,50.832289,0
              5.852428,50.832315,0
              5.852953,50.83246,0
              5.853026,50.832481,0
              5.853174,50.832524,0
              5.853474,50.832609,0
              5.853509,50.832552,0
              5.853515,50.832515,0
              5.853584,50.83238,0
              5.85365,50.832117,0
              5.853744,50.831979,0
              5.85387,50.831898,0
              5.853979,50.831566,0
              5.853979,50.831542,0
              5.85406,50.831543,0
              5.854179,50.831578,0
              5.854204,50.831604,0
              5.854225,50.831633,0
              5.854252,50.831637,0
              5.854384,50.831657,0
              5.854555,50.831674,0
              5.855896,50.831867,0
              5.857389,50.832082,0
              5.857421,50.832109,0
              5.858393,50.832915,0
              5.858632,50.833087,0
              5.858976,50.833335,0
              5.859005,50.833356,0
              5.859198,50.833495,0
              5.859423,50.833657,0
              5.859461,50.833684,0
              5.859511,50.833716,0
              5.859962,50.833873,0
              5.860364,50.834042,0
              5.86053,50.834125,0
              5.86054,50.83413,0
              5.861055,50.834393,0
              5.861454,50.834645,0
              5.861459,50.834648,0
              5.862373,50.835245,0
              5.862381,50.83525,0
              5.862426,50.835278,0
              5.862481,50.835313,0
              5.863324,50.835853,0
              5.865377,50.837164,0
              5.865524,50.837257,0
              5.865681,50.837357,0
              5.865684,50.83736,0
              5.865801,50.837434,0
              5.865907,50.837502,0
              5.86593,50.837575,0
              5.866014,50.837839,0
              5.86612,50.837834,0
              5.866134,50.837956,0
              5.866168,50.83825,0
              5.866191,50.838314,0
              5.866214,50.838712,0
              5.867037,50.838673,0
              5.867147,50.838662,0
              5.86717,50.83866,0
              5.869852,50.838403,0
              5.87094,50.838298,0
              5.871003,50.838293,0
              5.87089,50.837959,0
              5.870821,50.837701,0
              5.870719,50.83739,0
              5.870692,50.837339,0
              5.870259,50.836535,0
              5.871087,50.836518,0
              5.871543,50.836748,0
              5.871628,50.83679,0
              5.871641,50.836797,0
              5.872229,50.837083,0
              5.872477,50.837203,0
              5.872767,50.83733,0
              5.872794,50.837342,0
              5.873258,50.837538,0
              5.873283,50.837559,0
              5.873492,50.837644,0
              5.873683,50.837748,0
              5.873952,50.837924,0
              5.874941,50.838955,0
              5.875317,50.839346,0
              5.875336,50.839354,0
              5.875383,50.839372,0
              5.87577,50.839519,0
              5.875815,50.839536,0
              5.875953,50.839654,0
              5.876022,50.839711,0
              5.876078,50.839758,0
              5.876191,50.83986,0
              5.876263,50.839932,0
              5.876286,50.839954,0
              5.876303,50.839971,0
              5.876454,50.840142,0
              5.87655,50.840241,0
              5.876791,50.840516,0
              5.876911,50.840648,0
              5.876996,50.840735,0
              5.877086,50.840837,0
              5.877182,50.840945,0
              5.877264,50.841034,0
              5.877318,50.841092,0
              5.877382,50.841163,0
              5.877411,50.84119,0
              5.877482,50.841247,0
              5.877579,50.841319,0
              5.877566,50.841339,0
              5.877547,50.841356,0
              5.877522,50.841369,0
              5.877492,50.841379,0
              5.877508,50.841388,0
              5.877528,50.841404,0
              5.877563,50.841423,0
              5.877132,50.841806,0
              5.877016,50.84191,0
              5.877012,50.841914,0
              5.876733,50.842206,0
              5.876689,50.842258,0
              5.876667,50.842308,0
              5.876442,50.842699,0
              5.87647,50.842823,0
              5.87642,50.842873,0
              5.876354,50.842946,0
              5.876309,50.84305,0
              5.876242,50.843131,0
              5.876226,50.843156,0
              5.876192,50.843235,0
              5.876115,50.843322,0
              5.876076,50.843316,0
              5.87607,50.843315,0
              5.876023,50.843404,0
              5.875956,50.843526,0
              5.875955,50.843529,0
              5.875893,50.843673,0
              5.875892,50.843676,0
              5.875822,50.843803,0
              5.875817,50.843809,0
              5.875636,50.844068,0
              5.875634,50.844071,0
              5.875241,50.844562,0
              5.875173,50.844655,0
              5.875006,50.84494,0
              5.875002,50.844949,0
              5.874898,50.845229,0
              5.874881,50.845276,0
              5.874841,50.845377,0
              5.87482,50.845454,0
              5.874817,50.84546,0
              5.874808,50.845483,0
              5.874744,50.845956,0
              5.874744,50.845975,0
              5.874743,50.846035,0
              5.874753,50.846311,0
              5.874765,50.846684,0
              5.87487,50.846704,0
              5.874885,50.846694,0
              5.874932,50.846698,0
              5.87499,50.846704,0
              5.875005,50.846731,0
              5.875005,50.846732,0
              5.875008,50.846747,0
              5.875019,50.846791,0
              5.875037,50.84685,0
              5.875059,50.846905,0
              5.8751,50.846962,0
              5.875135,50.847,0
              5.875147,50.847014,0
              5.875203,50.847053,0
              5.875246,50.84708,0
              5.875313,50.847106,0
              5.875382,50.847114,0
              5.875452,50.847114,0
              5.875566,50.847112,0
              5.875646,50.847112,0
              5.875647,50.846948,0
              5.875648,50.846891,0
              5.875649,50.846866,0
              5.875653,50.846714,0
              5.875688,50.846655,0
              5.875704,50.846627,0
              5.875705,50.846626,0
              5.87573,50.846565,0
              5.875753,50.846522,0
              5.875755,50.846498,0
              5.875907,50.846451,0
              5.875929,50.846436,0
              5.876112,50.846323,0
              5.876146,50.846305,0
              5.876156,50.8463,0
              5.876268,50.846258,0
              5.876326,50.846245,0
              5.87646,50.846244,0
              5.876517,50.846247,0
              5.87678,50.846282,0
              5.876903,50.846298,0
              5.876997,50.846306,0
              5.87711,50.846312,0
              5.877169,50.846316,0
              5.877224,50.846322,0
              5.877298,50.846318,0
              5.877349,50.846317,0
              5.877376,50.84632,0
              5.877475,50.846333,0
              5.87745,50.846402,0
              5.877532,50.846407,0
              5.879363,50.846495,0
              5.879375,50.846496,0
              5.879411,50.846437,0
              5.879484,50.846315,0
              5.879494,50.846317,0
              5.880232,50.84646,0
              5.880563,50.846524,0
              5.880943,50.846597,0
              5.880947,50.846598,0
              5.881518,50.846714,0
              5.881689,50.846755,0
              5.881797,50.846783,0
              5.882392,50.846933,0
              5.883061,50.847089,0
              5.883297,50.847232,0
              5.883392,50.847193,0
              5.883923,50.847284,0
              5.884144,50.847321,0
              5.884297,50.847346,0
              5.884563,50.847391,0
              5.884971,50.847472,0
              5.885123,50.847482,0
              5.885259,50.847482,0
              5.885329,50.847471,0
              5.885442,50.847431,0
              5.885487,50.847406,0
              5.885814,50.847284,0
              5.886132,50.847203,0
              5.886295,50.847167,0
              5.886591,50.847107,0
              5.886725,50.847081,0
              5.886924,50.847041,0
              5.887382,50.846955,0
              5.887556,50.846961,0
              5.887758,50.846965,0
              5.887759,50.846966,0
              5.88782,50.846973,0
              5.887824,50.84697,0
              5.88794,50.847003,0
              5.887937,50.847006,0
              5.887993,50.847034,0
              5.888009,50.847052,0
              5.887978,50.847132,0
              5.88767,50.847416,0
              5.887554,50.8476,0
              5.887412,50.84782,0
              5.887258,50.84811,0
              5.88701,50.84844,0
              5.886773,50.848721,0
              5.886776,50.848724,0
              5.886627,50.848894,0
              5.886564,50.848965,0
              5.886418,50.84916,0
              5.886178,50.849476,0
              5.885679,50.849989,0
              5.885515,50.850152,0
              5.88546,50.850204,0
              5.885192,50.850446,0
              5.884949,50.85066,0
              5.884847,50.850748,0
              5.884775,50.850808,0
              5.884718,50.850855,0
              5.884539,50.851004,0
              5.884274,50.851204,0
              5.884101,50.851337,0
              5.88405,50.851375,0
              5.883672,50.851677,0
              5.88345,50.851817,0
              5.883174,50.851963,0
              5.882951,50.852144,0
              5.882721,50.852324,0
              5.882585,50.852414,0
              5.882536,50.852439,0
              5.882423,50.852412,0
              5.88237,50.852437,0
              5.882368,50.852486,0
              5.881704,50.852959,0
              5.881137,50.853271,0
              5.881032,50.853328,0
              5.880095,50.853767,0
              5.879841,50.853885,0
              5.879782,50.853912,0
              5.879608,50.853992,0
              5.879032,50.854225,0
              5.878306,50.854488,0
              5.87768,50.854662,0
              5.877373,50.854749,0
              5.877213,50.854798,0
              5.877073,50.854841,0
              5.876642,50.855028,0
              5.876513,50.855186,0
              5.876491,50.855201,0
              5.876468,50.855215,0
              5.87643,50.855225,0
              5.876384,50.855237,0
              5.876134,50.855302,0
              5.875664,50.855415,0
              5.875728,50.855527,0
              5.875824,50.855695,0
              5.875831,50.855703,0
              5.875964,50.855848,0
              5.876052,50.855943,0
              5.87622,50.856124,0
              5.876404,50.856323,0
              5.87663,50.856566,0
              5.876639,50.856588,0
              5.876283,50.856783,0
              5.87628,50.856785,0
              5.876221,50.856817,0
              5.87596,50.85696,0
              5.875927,50.856977,0
              5.875362,50.857063,0
              5.875187,50.85709,0
              5.874914,50.857132,0
              5.874652,50.857172,0
              5.874436,50.857205,0
              5.874429,50.857207,0
              5.874375,50.857223,0
              5.874371,50.857224,0
              5.874307,50.857243,0
              5.874304,50.857244,0
              5.87428,50.857251,0
              5.873987,50.857124,0
              5.873979,50.857121,0
              5.873973,50.857118,0
              5.873765,50.857032,0
              5.873594,50.856986,0
              5.873449,50.857012,0
              5.873431,50.857018,0
              5.87343,50.857017,0
              5.873202,50.85708,0
              5.872904,50.857003,0
              5.872656,50.856952,0
              5.87256,50.856932,0
              5.872554,50.856931,0
              5.872543,50.856929,0
              5.872159,50.856864,0
              5.872146,50.856862,0
              5.87175,50.856796,0
              5.871729,50.856793,0
              5.871728,50.856793,0
              5.871718,50.856791,0
              5.871695,50.856788,0
              5.871693,50.856787,0
              5.871305,50.856746,0
              5.871145,50.856818,0
              5.871109,50.856816,0
              5.871176,50.856674,0
              5.871082,50.856663,0
              5.870479,50.856669,0
              5.869772,50.856696,0
              5.869246,50.856666,0
              5.869041,50.856679,0
              5.869033,50.856679,0
              5.869108,50.856834,0
              5.869332,50.857152,0
              5.869484,50.857353,0
              5.86955,50.857448,0
              5.869194,50.857567,0
              5.869311,50.857808,0
              5.869377,50.857986,0
              5.869462,50.858342,0
              5.86947,50.858376,0
              5.869474,50.858386,0
              5.869482,50.858414,0
              5.869589,50.858773,0
              5.869704,50.859045,0
              5.869826,50.859252,0
              5.871119,50.860155,0
              5.870664,50.860366,0
              5.871403,50.860811,0
              5.871304,50.860876,0
              5.871491,50.861012,0
              5.871187,50.861139,0
              5.871405,50.862871,0
              5.871403,50.862995,0
              5.871421,50.86301,0
              5.871423,50.863012,0
              5.871495,50.863073,0
              5.871533,50.863106,0
              5.871595,50.86318,0
              5.87167,50.863246,0
              5.871785,50.863337,0
              5.871957,50.863464,0
              5.872124,50.86361,0
              5.872133,50.863617,0
              5.872341,50.863799,0
              5.872597,50.864067,0
              5.872658,50.864116,0
              5.872761,50.864183,0
              5.873365,50.864449,0
              5.873371,50.864452,0
              5.873431,50.864478,0
              5.873367,50.864516,0
              5.873121,50.864652,0
              5.873104,50.864661,0
              5.872756,50.864988,0
              5.872679,50.865071,0
              5.872631,50.865108,0
              5.872595,50.865159,0
              5.872582,50.865176,0
              5.872483,50.865256,0
              5.872917,50.865362,0
              5.872488,50.86603,0
              5.872393,50.866178,0
              5.872382,50.866194,0
              5.872375,50.866206,0
              5.87237,50.866214,0
              5.872338,50.866264,0
              5.872329,50.866278,0
              5.872259,50.866387,0
              5.872204,50.866472,0
              5.872044,50.866721,0
              5.871976,50.866826,0
              5.871827,50.867056,0
              5.871333,50.86781,0
              5.871327,50.86781,0
              5.870583,50.867734,0
              5.870505,50.867726,0
              5.870408,50.867717,0
              5.870401,50.867716,0
              5.870142,50.868641,0
              5.870138,50.868654,0
              5.870136,50.86866,0
              5.869902,50.868615,0
              5.869658,50.868576,0
              5.869408,50.868537,0
              5.869234,50.8685,0
              5.869224,50.868618,0
              5.86904,50.8687,0
              5.869062,50.868757,0
              5.869051,50.86876,0
              5.869037,50.868765,0
              5.869062,50.86883,0
              5.869164,50.868958,0
              5.869205,50.869008,0
              5.869194,50.869014,0
              5.869245,50.869076,0
              5.86933,50.86918,0
              5.869435,50.869312,0
              5.869623,50.869525,0
              5.869773,50.869697,0
              5.869778,50.869703,0
              5.869893,50.86984,0
              5.869978,50.869945,0
              5.869989,50.869958,0
              5.87011,50.870097,0
              5.870193,50.870191,0
              5.870376,50.870406,0
              5.870462,50.870507,0
              5.870586,50.870653,0
              5.870591,50.87066,0
              5.870671,50.870755,0
              5.870509,50.870931,0
              5.870289,50.871168,0
              5.869956,50.87147,0
              5.869927,50.871497,0
              5.869859,50.87152,0
              5.869704,50.871662,0
              5.869616,50.871742,0
              5.869482,50.871862,0
              5.869318,50.872008,0
              5.869163,50.872165,0
              5.869132,50.872196,0
            </coordinates>
          </LinearRing>
        </outerBoundaryIs>
      </Polygon>
    </Placemark>
    <Placemark>
      <name>Voerendaal</name>
      <description><![CDATA[beschrijving: <br>@id: relation/305705<br>admin_level: 8<br>authoritative: yes<br>boundary: administrative<br>name: Voerendaal<br>name:li: Voelender<br>name:nl: <br>name:ru: <br>population: 12475<br>population:date: 2020-01-01<br>ref:gemeentecode: 0986<br>source:population: CBS<br>type: boundary<br>wikidata: Q9770<br>wikipedia: nl:Voerendaal (gemeente)<br>name:de: <br>name:fy: <br>name:la: <br>name:zh-Hans: <br>name:zh-Hant: <br>name:lt: <br>old_name:de: <br>name:carnaval: <br>alt_name:la: <br>alt_name:fr: <br>alt_name:wa: <br>name:ar: <br>name:en: <br>name:eo: <br>name:es: <br>name:fr: <br>name:he: <br>name:ja: <br>name:ko: <br>name:mk: <br>name:ml: <br>name:nds: <br>name:sr: <br>name:uk: <br>name:wa: <br>name:zea: <br>name:zh: <br>old_name:es: <br>@relations: ]]></description>
      <styleUrl>#poly-000000-1200-77</styleUrl>
      <ExtendedData>
        <Data name="beschrijving">
          <value/>
        </Data>
        <Data name="@id">
          <value>relation/305705</value>
        </Data>
        <Data name="admin_level">
          <value>8</value>
        </Data>
        <Data name="authoritative">
          <value>yes</value>
        </Data>
        <Data name="boundary">
          <value>administrative</value>
        </Data>
        <Data name="name">
          <value>Voerendaal</value>
        </Data>
        <Data name="name:li">
          <value>Voelender</value>
        </Data>
        <Data name="name:nl">
          <value/>
        </Data>
        <Data name="name:ru">
          <value/>
        </Data>
        <Data name="population">
          <value>12475</value>
        </Data>
        <Data name="population:date">
          <value>2020-01-01</value>
        </Data>
        <Data name="ref:gemeentecode">
          <value>0986</value>
        </Data>
        <Data name="source:population">
          <value>CBS</value>
        </Data>
        <Data name="type">
          <value>boundary</value>
        </Data>
        <Data name="wikidata">
          <value>Q9770</value>
        </Data>
        <Data name="wikipedia">
          <value>nl:Voerendaal (gemeente)</value>
        </Data>
        <Data name="name:de">
          <value/>
        </Data>
        <Data name="name:fy">
          <value/>
        </Data>
        <Data name="name:la">
          <value/>
        </Data>
        <Data name="name:zh-Hans">
          <value/>
        </Data>
        <Data name="name:zh-Hant">
          <value/>
        </Data>
        <Data name="name:lt">
          <value/>
        </Data>
        <Data name="old_name:de">
          <value/>
        </Data>
        <Data name="name:carnaval">
          <value/>
        </Data>
        <Data name="alt_name:la">
          <value/>
        </Data>
        <Data name="alt_name:fr">
          <value/>
        </Data>
        <Data name="alt_name:wa">
          <value/>
        </Data>
        <Data name="name:ar">
          <value/>
        </Data>
        <Data name="name:en">
          <value/>
        </Data>
        <Data name="name:eo">
          <value/>
        </Data>
        <Data name="name:es">
          <value/>
        </Data>
        <Data name="name:fr">
          <value/>
        </Data>
        <Data name="name:he">
          <value/>
        </Data>
        <Data name="name:ja">
          <value/>
        </Data>
        <Data name="name:ko">
          <value/>
        </Data>
        <Data name="name:mk">
          <value/>
        </Data>
        <Data name="name:ml">
          <value/>
        </Data>
        <Data name="name:nds">
          <value/>
        </Data>
        <Data name="name:sr">
          <value/>
        </Data>
        <Data name="name:uk">
          <value/>
        </Data>
        <Data name="name:wa">
          <value/>
        </Data>
        <Data name="name:zea">
          <value/>
        </Data>
        <Data name="name:zh">
          <value/>
        </Data>
        <Data name="old_name:es">
          <value/>
        </Data>
        <Data name="@relations">
          <value/>
        </Data>
      </ExtendedData>
      <Polygon>
        <outerBoundaryIs>
          <LinearRing>
            <tessellate>1</tessellate>
            <coordinates>
              5.861618,50.882418,0
              5.861877,50.881842,0
              5.86161,50.881805,0
              5.861491,50.881797,0
              5.861571,50.881665,0
              5.861721,50.88142,0
              5.861962,50.881053,0
              5.862759,50.880185,0
              5.862751,50.880182,0
              5.86184,50.879941,0
              5.861929,50.879795,0
              5.862102,50.879557,0
              5.862794,50.879744,0
              5.862766,50.879528,0
              5.862754,50.879412,0
              5.862758,50.879321,0
              5.86278,50.879236,0
              5.862814,50.879165,0
              5.862891,50.879058,0
              5.862948,50.878998,0
              5.863052,50.878918,0
              5.86317,50.878831,0
              5.863269,50.87876,0
              5.863329,50.878707,0
              5.863394,50.878635,0
              5.863422,50.878544,0
              5.86365,50.877794,0
              5.863717,50.877676,0
              5.863754,50.877546,0
              5.86379,50.87742,0
              5.863832,50.87724,0
              5.86386,50.877153,0
              5.863874,50.877122,0
              5.863892,50.877096,0
              5.863927,50.87705,0
              5.863964,50.877007,0
              5.864122,50.876894,0
              5.864132,50.876886,0
              5.86432,50.876736,0
              5.864358,50.876702,0
              5.86453,50.876548,0
              5.865349,50.875841,0
              5.865357,50.875836,0
              5.865594,50.87569,0
              5.865848,50.875534,0
              5.86594,50.875478,0
              5.867525,50.874533,0
              5.867665,50.874446,0
              5.868479,50.873944,0
              5.868489,50.873938,0
              5.868594,50.873877,0
              5.869134,50.873563,0
              5.869493,50.873354,0
              5.869572,50.873308,0
              5.869598,50.873293,0
              5.869677,50.873247,0
              5.870016,50.873049,0
              5.870069,50.873019,0
              5.869122,50.872205,0
              5.869132,50.872196,0
              5.869163,50.872165,0
              5.869318,50.872008,0
              5.869482,50.871862,0
              5.869616,50.871742,0
              5.869704,50.871662,0
              5.869859,50.87152,0
              5.869927,50.871497,0
              5.869956,50.87147,0
              5.870289,50.871168,0
              5.870509,50.870931,0
              5.870671,50.870755,0
              5.870591,50.87066,0
              5.870586,50.870653,0
              5.870462,50.870507,0
              5.870376,50.870406,0
              5.870193,50.870191,0
              5.87011,50.870097,0
              5.869989,50.869958,0
              5.869978,50.869945,0
              5.869893,50.86984,0
              5.869778,50.869703,0
              5.869773,50.869697,0
              5.869623,50.869525,0
              5.869435,50.869312,0
              5.86933,50.86918,0
              5.869245,50.869076,0
              5.869194,50.869014,0
              5.869205,50.869008,0
              5.869164,50.868958,0
              5.869062,50.86883,0
              5.869037,50.868765,0
              5.869051,50.86876,0
              5.869062,50.868757,0
              5.86904,50.8687,0
              5.869224,50.868618,0
              5.869234,50.8685,0
              5.869408,50.868537,0
              5.869658,50.868576,0
              5.869902,50.868615,0
              5.870136,50.86866,0
              5.870138,50.868654,0
              5.870142,50.868641,0
              5.870401,50.867716,0
              5.870408,50.867717,0
              5.870505,50.867726,0
              5.870583,50.867734,0
              5.871327,50.86781,0
              5.871333,50.86781,0
              5.871827,50.867056,0
              5.871976,50.866826,0
              5.872044,50.866721,0
              5.872204,50.866472,0
              5.872259,50.866387,0
              5.872329,50.866278,0
              5.872338,50.866264,0
              5.87237,50.866214,0
              5.872375,50.866206,0
              5.872382,50.866194,0
              5.872393,50.866178,0
              5.872488,50.86603,0
              5.872917,50.865362,0
              5.872483,50.865256,0
              5.872582,50.865176,0
              5.872595,50.865159,0
              5.872631,50.865108,0
              5.872679,50.865071,0
              5.872756,50.864988,0
              5.873104,50.864661,0
              5.873121,50.864652,0
              5.873367,50.864516,0
              5.873431,50.864478,0
              5.873371,50.864452,0
              5.873365,50.864449,0
              5.872761,50.864183,0
              5.872658,50.864116,0
              5.872597,50.864067,0
              5.872341,50.863799,0
              5.872133,50.863617,0
              5.872124,50.86361,0
              5.871957,50.863464,0
              5.871785,50.863337,0
              5.87167,50.863246,0
              5.871595,50.86318,0
              5.871533,50.863106,0
              5.871495,50.863073,0
              5.871423,50.863012,0
              5.871421,50.86301,0
              5.871403,50.862995,0
              5.871405,50.862871,0
              5.871187,50.861139,0
              5.871491,50.861012,0
              5.871304,50.860876,0
              5.871403,50.860811,0
              5.870664,50.860366,0
              5.871119,50.860155,0
              5.869826,50.859252,0
              5.869704,50.859045,0
              5.869589,50.858773,0
              5.869482,50.858414,0
              5.869474,50.858386,0
              5.86947,50.858376,0
              5.869462,50.858342,0
              5.869377,50.857986,0
              5.869311,50.857808,0
              5.869194,50.857567,0
              5.86955,50.857448,0
              5.869484,50.857353,0
              5.869332,50.857152,0
              5.869108,50.856834,0
              5.869033,50.856679,0
              5.869041,50.856679,0
              5.869246,50.856666,0
              5.869772,50.856696,0
              5.870479,50.856669,0
              5.871082,50.856663,0
              5.871176,50.856674,0
              5.871109,50.856816,0
              5.871145,50.856818,0
              5.871305,50.856746,0
              5.871693,50.856787,0
              5.871695,50.856788,0
              5.871718,50.856791,0
              5.871728,50.856793,0
              5.871729,50.856793,0
              5.87175,50.856796,0
              5.872146,50.856862,0
              5.872159,50.856864,0
              5.872543,50.856929,0
              5.872554,50.856931,0
              5.87256,50.856932,0
              5.872656,50.856952,0
              5.872904,50.857003,0
              5.873202,50.85708,0
              5.87343,50.857017,0
              5.873431,50.857018,0
              5.873449,50.857012,0
              5.873594,50.856986,0
              5.873765,50.857032,0
              5.873973,50.857118,0
              5.873979,50.857121,0
              5.873987,50.857124,0
              5.87428,50.857251,0
              5.874304,50.857244,0
              5.874307,50.857243,0
              5.874371,50.857224,0
              5.874375,50.857223,0
              5.874429,50.857207,0
              5.874436,50.857205,0
              5.874652,50.857172,0
              5.874914,50.857132,0
              5.875187,50.85709,0
              5.875362,50.857063,0
              5.875927,50.856977,0
              5.87596,50.85696,0
              5.876221,50.856817,0
              5.87628,50.856785,0
              5.876283,50.856783,0
              5.876639,50.856588,0
              5.87663,50.856566,0
              5.876404,50.856323,0
              5.87622,50.856124,0
              5.876052,50.855943,0
              5.875964,50.855848,0
              5.875831,50.855703,0
              5.875824,50.855695,0
              5.875728,50.855527,0
              5.875664,50.855415,0
              5.876134,50.855302,0
              5.876384,50.855237,0
              5.87643,50.855225,0
              5.876468,50.855215,0
              5.876491,50.855201,0
              5.876513,50.855186,0
              5.876642,50.855028,0
              5.877073,50.854841,0
              5.877213,50.854798,0
              5.877373,50.854749,0
              5.87768,50.854662,0
              5.878306,50.854488,0
              5.879032,50.854225,0
              5.879608,50.853992,0
              5.879782,50.853912,0
              5.879841,50.853885,0
              5.880095,50.853767,0
              5.881032,50.853328,0
              5.881137,50.853271,0
              5.881704,50.852959,0
              5.882368,50.852486,0
              5.88237,50.852437,0
              5.882423,50.852412,0
              5.882536,50.852439,0
              5.882585,50.852414,0
              5.882721,50.852324,0
              5.882951,50.852144,0
              5.883174,50.851963,0
              5.88345,50.851817,0
              5.883672,50.851677,0
              5.88405,50.851375,0
              5.884101,50.851337,0
              5.884274,50.851204,0
              5.884539,50.851004,0
              5.884718,50.850855,0
              5.884775,50.850808,0
              5.884847,50.850748,0
              5.884949,50.85066,0
              5.885192,50.850446,0
              5.88546,50.850204,0
              5.885515,50.850152,0
              5.885679,50.849989,0
              5.886178,50.849476,0
              5.886418,50.84916,0
              5.886564,50.848965,0
              5.886627,50.848894,0
              5.886776,50.848724,0
              5.886773,50.848721,0
              5.88701,50.84844,0
              5.887258,50.84811,0
              5.887412,50.84782,0
              5.887554,50.8476,0
              5.88767,50.847416,0
              5.887978,50.847132,0
              5.888009,50.847052,0
              5.887993,50.847034,0
              5.888031,50.846977,0
              5.888032,50.846976,0
              5.888134,50.84688,0
              5.88816,50.846857,0
              5.888347,50.846599,0
              5.888386,50.846553,0
              5.888798,50.846054,0
              5.888767,50.846043,0
              5.889415,50.845201,0
              5.889457,50.845211,0
              5.889488,50.845159,0
              5.889744,50.844721,0
              5.889908,50.844441,0
              5.889926,50.84441,0
              5.89004,50.844284,0
              5.890226,50.844078,0
              5.890187,50.84401,0
              5.890226,50.843957,0
              5.8905,50.843862,0
              5.890589,50.843765,0
              5.891276,50.842799,0
              5.891257,50.842755,0
              5.891244,50.842747,0
              5.891288,50.842755,0
              5.891825,50.842912,0
              5.892273,50.843031,0
              5.892393,50.84305,0
              5.892693,50.843078,0
              5.893295,50.843106,0
              5.893894,50.84313,0
              5.894693,50.8432,0
              5.894752,50.843206,0
              5.895454,50.843262,0
              5.895989,50.84328,0
              5.89796,50.843275,0
              5.898274,50.843278,0
              5.89835,50.843286,0
              5.898413,50.843291,0
              5.898578,50.843313,0
              5.898678,50.84333,0
              5.898772,50.843351,0
              5.898845,50.843372,0
              5.898932,50.843399,0
              5.899039,50.843437,0
              5.899099,50.843461,0
              5.899146,50.84348,0
              5.899219,50.843514,0
              5.899304,50.843555,0
              5.899421,50.843616,0
              5.899691,50.843762,0
              5.899846,50.843854,0
              5.900125,50.844025,0
              5.900415,50.844176,0
              5.90057,50.844246,0
              5.900612,50.844265,0
              5.900814,50.844355,0
              5.900843,50.844367,0
              5.9011,50.844484,0
              5.901321,50.844584,0
              5.901491,50.844667,0
              5.901495,50.84467,0
              5.901649,50.844756,0
              5.901732,50.844837,0
              5.90176,50.844861,0
              5.901774,50.84488,0
              5.901982,50.845114,0
              5.901995,50.845129,0
              5.902005,50.84514,0
              5.902031,50.845153,0
              5.902109,50.845193,0
              5.902321,50.845293,0
              5.902492,50.845371,0
              5.902542,50.845395,0
              5.902594,50.845426,0
              5.902635,50.845448,0
              5.902678,50.845476,0
              5.902707,50.845497,0
              5.902742,50.845529,0
              5.902763,50.84554,0
              5.902787,50.845551,0
              5.902847,50.845574,0
              5.902959,50.845609,0
              5.902998,50.845621,0
              5.903115,50.84566,0
              5.903258,50.845706,0
              5.903432,50.845756,0
              5.903674,50.84582,0
              5.904007,50.84591,0
              5.904527,50.846034,0
              5.904818,50.846108,0
              5.904957,50.846147,0
              5.905155,50.846206,0
              5.905346,50.846264,0
              5.905481,50.846306,0
              5.905799,50.846409,0
              5.906075,50.846501,0
              5.906371,50.846604,0
              5.906541,50.846659,0
              5.906596,50.846676,0
              5.906743,50.846719,0
              5.90711,50.846819,0
              5.907388,50.846897,0
              5.907626,50.846963,0
              5.908158,50.847096,0
              5.908174,50.847077,0
              5.908926,50.84725,0
              5.908981,50.847262,0
              5.909086,50.847291,0
              5.909122,50.847304,0
              5.909264,50.847336,0
              5.90943,50.847368,0
              5.90951,50.847382,0
              5.910608,50.847562,0
              5.911026,50.847631,0
              5.91111,50.847645,0
              5.911206,50.847665,0
              5.911339,50.847701,0
              5.911445,50.847734,0
              5.911549,50.847765,0
              5.911744,50.84783,0
              5.911824,50.847853,0
              5.912005,50.847903,0
              5.912217,50.84796,0
              5.912373,50.847998,0
              5.912591,50.84805,0
              5.912788,50.848095,0
              5.913325,50.848212,0
              5.91403,50.84836,0
              5.91417,50.848389,0
              5.91437,50.848437,0
              5.914688,50.848514,0
              5.914826,50.848549,0
              5.915432,50.84868,0
              5.915767,50.848743,0
              5.91617,50.848819,0
              5.91629,50.848832,0
              5.916714,50.848889,0
              5.916945,50.84884,0
              5.91721,50.848852,0
              5.917428,50.848855,0
              5.917787,50.848855,0
              5.91817,50.848848,0
              5.918177,50.848848,0
              5.91832,50.848848,0
              5.91973,50.848648,0
              5.919839,50.848628,0
              5.919952,50.848604,0
              5.920086,50.848599,0
              5.920622,50.848681,0
              5.921204,50.848795,0
              5.921401,50.848839,0
              5.921913,50.848868,0
              5.922069,50.848853,0
              5.922653,50.848833,0
              5.92349,50.848804,0
              5.924122,50.848783,0
              5.925002,50.848841,0
              5.92505,50.848739,0
              5.925051,50.848737,0
              5.925078,50.848685,0
              5.925079,50.848683,0
              5.925091,50.84866,0
              5.925095,50.848653,0
              5.925495,50.847901,0
              5.925642,50.847626,0
              5.925886,50.847162,0
              5.9262,50.846565,0
              5.926382,50.84625,0
              5.926524,50.84609,0
              5.926625,50.845997,0
              5.927208,50.845464,0
              5.927466,50.845229,0
              5.927579,50.845126,0
              5.92811,50.844625,0
              5.928239,50.84446,0
              5.928476,50.84406,0
              5.928676,50.843717,0
              5.928682,50.843707,0
              5.928881,50.84339,0
              5.929109,50.843043,0
              5.929281,50.842688,0
              5.929352,50.842542,0
              5.929536,50.842099,0
              5.929613,50.841915,0
              5.929753,50.841578,0
              5.92978,50.841512,0
              5.929897,50.84123,0
              5.929996,50.840991,0
              5.929997,50.840957,0
              5.930008,50.840682,0
              5.929968,50.840608,0
              5.929916,50.840507,0
              5.929704,50.840269,0
              5.92953,50.84023,0
              5.92982,50.840142,0
              5.930017,50.840074,0
              5.93034,50.839965,0
              5.930377,50.839954,0
              5.93049,50.839931,0
              5.930636,50.839905,0
              5.930748,50.839892,0
              5.930978,50.839865,0
              5.931039,50.839859,0
              5.931448,50.839844,0
              5.931601,50.839841,0
              5.93217,50.839839,0
              5.932563,50.839801,0
              5.932802,50.839748,0
              5.933004,50.839666,0
              5.933181,50.83966,0
              5.933187,50.839661,0
              5.934054,50.839812,0
              5.934327,50.839859,0
              5.934834,50.839946,0
              5.934842,50.839948,0
              5.936021,50.840179,0
              5.93677,50.840349,0
              5.936772,50.84035,0
              5.93784,50.840623,0
              5.937843,50.840624,0
              5.938288,50.84076,0
              5.93883,50.840933,0
              5.939442,50.841148,0
              5.940017,50.841409,0
              5.940022,50.841411,0
              5.940077,50.841436,0
              5.940309,50.841478,0
              5.940414,50.841516,0
              5.940694,50.841631,0
              5.941004,50.841758,0
              5.941101,50.841798,0
              5.941162,50.841823,0
              5.941535,50.841987,0
              5.941589,50.842011,0
              5.941591,50.842012,0
              5.942108,50.842243,0
              5.94211,50.842244,0
              5.942369,50.842369,0
              5.942371,50.84237,0
              5.94244,50.842407,0
              5.942592,50.842487,0
              5.942594,50.842488,0
              5.942706,50.842549,0
              5.942881,50.842643,0
              5.94304,50.842729,0
              5.943206,50.84282,0
              5.943209,50.842821,0
              5.944666,50.843617,0
              5.944676,50.843621,0
              5.945237,50.843839,0
              5.945238,50.84384,0
              5.945417,50.843929,0
              5.945639,50.844039,0
              5.945767,50.844102,0
              5.946154,50.844312,0
              5.946259,50.844369,0
              5.946361,50.844424,0
              5.946367,50.844428,0
              5.946524,50.844521,0
              5.946576,50.844551,0
              5.946578,50.844552,0
              5.946704,50.844625,0
              5.94677,50.844666,0
              5.946802,50.844686,0
              5.946872,50.844618,0
              5.946968,50.844638,0
              5.946976,50.844627,0
              5.946985,50.844613,0
              5.947089,50.844656,0
              5.947103,50.844659,0
              5.94714,50.844668,0
              5.947145,50.844675,0
              5.947159,50.844695,0
              5.947163,50.844696,0
              5.947195,50.844705,0
              5.947264,50.844725,0
              5.947273,50.844728,0
              5.947496,50.844796,0
              5.947633,50.844837,0
              5.947735,50.844853,0
              5.947981,50.844867,0
              5.948193,50.844841,0
              5.948293,50.844828,0
              5.948473,50.844794,0
              5.948615,50.844778,0
              5.948637,50.844775,0
              5.948684,50.84477,0
              5.948885,50.844746,0
              5.949409,50.84468,0
              5.949845,50.844627,0
              5.950171,50.84459,0
              5.950352,50.84457,0
              5.950528,50.844552,0
              5.950674,50.844547,0
              5.95071,50.844546,0
              5.951085,50.844592,0
              5.951137,50.844598,0
              5.951176,50.844603,0
              5.951344,50.844644,0
              5.951399,50.844659,0
              5.951433,50.844667,0
              5.951436,50.844668,0
              5.951583,50.844715,0
              5.951666,50.844743,0
              5.951697,50.844752,0
              5.951715,50.844757,0
              5.951743,50.844762,0
              5.951839,50.844795,0
              5.95204,50.84488,0
              5.952283,50.84499,0
              5.952441,50.845066,0
              5.952447,50.845069,0
              5.952582,50.845116,0
              5.95276,50.845188,0
              5.952948,50.84526,0
              5.952951,50.845261,0
              5.952972,50.845269,0
              5.953268,50.84538,0
              5.953299,50.845392,0
              5.953302,50.845393,0
              5.953728,50.845558,0
              5.954119,50.845703,0
              5.954384,50.845806,0
              5.954549,50.845868,0
              5.954773,50.845929,0
              5.954741,50.845961,0
              5.954781,50.84595,0
              5.954831,50.845956,0
              5.95495,50.845995,0
              5.95496,50.846002,0
              5.954995,50.846025,0
              5.955035,50.846057,0
              5.95507,50.846088,0
              5.955103,50.846123,0
              5.955122,50.84615,0
              5.955207,50.846276,0
              5.955346,50.846502,0
              5.955376,50.846581,0
              5.955384,50.846661,0
              5.955376,50.846742,0
              5.955364,50.846795,0
              5.955341,50.846845,0
              5.955333,50.846858,0
              5.955296,50.846921,0
              5.955233,50.84699,0
              5.955163,50.847049,0
              5.955064,50.847119,0
              5.954936,50.84719,0
              5.954714,50.847293,0
              5.954244,50.847512,0
              5.953648,50.847789,0
              5.953631,50.8478,0
              5.953545,50.847852,0
              5.953467,50.847917,0
              5.9534,50.847985,0
              5.953343,50.848057,0
              5.953299,50.84813,0
              5.953264,50.848218,0
              5.953253,50.848306,0
              5.953265,50.848382,0
              5.953309,50.848541,0
              5.953344,50.848658,0
              5.953353,50.848687,0
              5.953423,50.848919,0
              5.953641,50.849646,0
              5.953831,50.850295,0
              5.95384,50.850324,0
              5.953856,50.850342,0
              5.95387,50.850352,0
              5.953892,50.850364,0
              5.953908,50.85037,0
              5.953925,50.85038,0
              5.953948,50.850387,0
              5.953974,50.85039,0
              5.953883,50.850414,0
              5.953888,50.850464,0
              5.953804,50.850494,0
              5.954162,50.85154,0
              5.954164,50.851545,0
              5.95426,50.851585,0
              5.954415,50.851642,0
              5.954506,50.851676,0
              5.954859,50.851803,0
              5.955003,50.851858,0
              5.955022,50.851865,0
              5.954925,50.852004,0
              5.954819,50.852166,0
              5.954723,50.852302,0
              5.95459,50.852487,0
              5.954568,50.852516,0
              5.954518,50.852563,0
              5.95452,50.852563,0
              5.954519,50.852569,0
              5.954518,50.852573,0
              5.9546,50.852578,0
              5.954837,50.852594,0
              5.954872,50.852597,0
              5.954906,50.852599,0
              5.954941,50.852601,0
              5.954976,50.852604,0
              5.955011,50.852606,0
              5.955046,50.852609,0
              5.95508,50.852612,0
              5.955086,50.852612,0
              5.955168,50.852619,0
              5.95525,50.852626,0
              5.955281,50.852629,0
              5.955311,50.852632,0
              5.955341,50.852634,0
              5.955371,50.852637,0
              5.955401,50.85264,0
              5.955431,50.852644,0
              5.955461,50.852647,0
              5.955491,50.85265,0
              5.955521,50.852654,0
              5.955551,50.852658,0
              5.955581,50.852662,0
              5.955611,50.852666,0
              5.955641,50.85267,0
              5.95567,50.852674,0
              5.9557,50.852678,0
              5.95573,50.852683,0
              5.95576,50.852688,0
              5.955789,50.852692,0
              5.955818,50.852697,0
              5.955852,50.852704,0
              5.955884,50.85271,0
              5.955917,50.852717,0
              5.95595,50.852724,0
              5.955983,50.852731,0
              5.956015,50.852738,0
              5.956048,50.852745,0
              5.95608,50.852753,0
              5.956113,50.85276,0
              5.956145,50.852768,0
              5.956178,50.852776,0
              5.95621,50.852783,0
              5.956242,50.852791,0
              5.956274,50.8528,0
              5.956674,50.852902,0
              5.956963,50.852973,0
              5.956991,50.85298,0
              5.957019,50.852986,0
              5.957048,50.852993,0
              5.957076,50.853,0
              5.957104,50.853006,0
              5.957132,50.853013,0
              5.957161,50.853019,0
              5.95719,50.853025,0
              5.957224,50.853032,0
              5.957257,50.853039,0
              5.957273,50.853043,0
              5.957289,50.853046,0
              5.957305,50.85305,0
              5.957321,50.853054,0
              5.957337,50.853057,0
              5.957352,50.853061,0
              5.957368,50.853065,0
              5.957383,50.85307,0
              5.957399,50.853074,0
              5.957414,50.853078,0
              5.957429,50.853083,0
              5.957444,50.853087,0
              5.957459,50.853092,0
              5.957474,50.853097,0
              5.957489,50.853102,0
              5.957508,50.853108,0
              5.957526,50.853115,0
              5.957547,50.853123,0
              5.95755,50.853124,0
              5.957553,50.853126,0
              5.957574,50.853135,0
              5.957595,50.853144,0
              5.957616,50.853154,0
              5.957637,50.853164,0
              5.957657,50.853173,0
              5.957678,50.853183,0
              5.957698,50.853193,0
              5.957718,50.853203,0
              5.957738,50.853213,0
              5.957758,50.853223,0
              5.957778,50.853234,0
              5.957797,50.853244,0
              5.957816,50.853255,0
              5.957836,50.853265,0
              5.957855,50.853276,0
              5.957874,50.853287,0
              5.957893,50.853298,0
              5.957912,50.853309,0
              5.957936,50.853324,0
              5.95796,50.853338,0
              5.957984,50.853353,0
              5.958008,50.853368,0
              5.958031,50.853383,0
              5.958055,50.853398,0
              5.958078,50.853413,0
              5.958102,50.853428,0
              5.958125,50.853444,0
              5.958148,50.853459,0
              5.95817,50.853475,0
              5.958193,50.85349,0
              5.958215,50.853506,0
              5.958238,50.853522,0
              5.95826,50.853538,0
              5.958282,50.853554,0
              5.958303,50.85357,0
              5.958325,50.853586,0
              5.958346,50.853602,0
              5.958391,50.853637,0
              5.958457,50.853688,0
              5.958508,50.853728,0
              5.958568,50.853771,0
              5.958605,50.853796,0
              5.958641,50.853821,0
              5.958709,50.853866,0
              5.958804,50.853927,0
              5.958906,50.85399,0
              5.958981,50.854035,0
              5.959061,50.85408,0
              5.959169,50.85414,0
              5.959221,50.854168,0
              5.959257,50.854187,0
              5.959523,50.854328,0
              5.959885,50.854512,0
              5.959924,50.854531,0
              5.959963,50.854549,0
              5.960002,50.854568,0
              5.960041,50.854586,0
              5.960081,50.854605,0
              5.96012,50.854623,0
              5.96016,50.854641,0
              5.9602,50.854659,0
              5.96024,50.854677,0
              5.96028,50.854695,0
              5.96032,50.854713,0
              5.960357,50.85473,0
              5.960395,50.854746,0
              5.960432,50.854763,0
              5.96047,50.854779,0
              5.960508,50.854796,0
              5.960546,50.854812,0
              5.960584,50.854828,0
              5.960622,50.854844,0
              5.96066,50.85486,0
              5.960698,50.854876,0
              5.960737,50.854892,0
              5.961154,50.854284,0
              5.961407,50.853915,0
              5.962499,50.85431,0
              5.963862,50.854804,0
              5.964806,50.855146,0
              5.964891,50.85532,0
              5.964935,50.855421,0
              5.964966,50.855501,0
              5.964968,50.855503,0
              5.96508,50.855675,0
              5.965226,50.855631,0
              5.965257,50.855622,0
              5.966383,50.855301,0
              5.966374,50.855328,0
              5.966365,50.855354,0
              5.966207,50.855609,0
              5.966186,50.855695,0
              5.96617,50.855717,0
              5.965916,50.856062,0
              5.965845,50.85616,0
              5.965811,50.856215,0
              5.965748,50.856398,0
              5.965747,50.856498,0
              5.965774,50.856652,0
              5.965982,50.857056,0
              5.966101,50.857027,0
              5.966639,50.857433,0
              5.967406,50.857998,0
              5.968096,50.858492,0
              5.968081,50.858548,0
              5.967805,50.858717,0
              5.967834,50.859038,0
              5.967968,50.859181,0
              5.968088,50.859183,0
              5.968217,50.859304,0
              5.96831,50.859385,0
              5.96846,50.859512,0
              5.968568,50.85959,0
              5.968716,50.859692,0
              5.969087,50.859931,0
              5.969362,50.86008,0
              5.969145,50.8605,0
              5.969145,50.860501,0
              5.969086,50.860614,0
              5.968987,50.860679,0
              5.968961,50.860701,0
              5.968933,50.860728,0
              5.968916,50.860748,0
              5.968845,50.860821,0
              5.968793,50.860865,0
              5.968756,50.860913,0
              5.968662,50.861009,0
              5.968644,50.861034,0
              5.968609,50.861083,0
              5.968602,50.861082,0
              5.968599,50.861085,0
              5.968596,50.861089,0
              5.968593,50.861095,0
              5.968567,50.86114,0
              5.968548,50.861171,0
              5.968526,50.861204,0
              5.968453,50.861307,0
              5.968431,50.861336,0
              5.968392,50.861394,0
              5.968313,50.861502,0
              5.968183,50.861677,0
              5.967989,50.861944,0
              5.967903,50.862059,0
              5.967842,50.862141,0
              5.967795,50.862201,0
              5.967646,50.862399,0
              5.967528,50.862558,0
              5.967413,50.862708,0
              5.967332,50.862819,0
              5.967298,50.862863,0
              5.967126,50.86308,0
              5.967002,50.863234,0
              5.966931,50.863354,0
              5.966682,50.86382,0
              5.966655,50.863864,0
              5.966626,50.863912,0
              5.966512,50.864059,0
              5.966428,50.864164,0
              5.966383,50.864219,0
              5.96629,50.864328,0
              5.966231,50.864404,0
              5.966205,50.86444,0
              5.966165,50.864498,0
              5.966107,50.864587,0
              5.966042,50.8647,0
              5.965997,50.864772,0
              5.965918,50.864912,0
              5.965882,50.864969,0
              5.965828,50.865046,0
              5.96575,50.865153,0
              5.965672,50.865275,0
              5.965616,50.865368,0
              5.965558,50.865477,0
              5.965474,50.865642,0
              5.965422,50.865732,0
              5.965385,50.865809,0
              5.965339,50.865921,0
              5.965335,50.865931,0
              5.965256,50.86609,0
              5.965232,50.866157,0
              5.965216,50.866193,0
              5.965199,50.866222,0
              5.965175,50.866255,0
              5.96508,50.866347,0
              5.965062,50.866367,0
              5.965011,50.866416,0
              5.964906,50.866521,0
              5.964864,50.866565,0
              5.964813,50.866613,0
              5.964791,50.86663,0
              5.964762,50.866649,0
              5.96461,50.866744,0
              5.96448,50.866822,0
              5.964313,50.866926,0
              5.964237,50.866976,0
              5.963982,50.867154,0
              5.963952,50.867173,0
              5.963893,50.867217,0
              5.96386,50.86724,0
              5.96351,50.867468,0
              5.963468,50.867494,0
              5.963374,50.867555,0
              5.963272,50.867629,0
              5.963236,50.867658,0
              5.96308,50.867784,0
              5.962971,50.867894,0
              5.962609,50.868261,0
              5.962492,50.86838,0
              5.962193,50.868686,0
              5.962177,50.868703,0
              5.962143,50.868737,0
              5.961977,50.86909,0
              5.961913,50.8692,0
              5.961872,50.869246,0
              5.961858,50.869265,0
              5.961741,50.869418,0
              5.961653,50.869518,0
              5.96165,50.869521,0
              5.961624,50.869552,0
              5.961511,50.869652,0
              5.961413,50.8696,0
              5.961322,50.869654,0
              5.961006,50.869817,0
              5.960577,50.870105,0
              5.960403,50.870233,0
              5.960279,50.870336,0
              5.960168,50.870426,0
              5.959864,50.870705,0
              5.959646,50.870925,0
              5.959533,50.871049,0
              5.959239,50.871414,0
              5.959207,50.871438,0
              5.959183,50.871456,0
              5.95921,50.871475,0
              5.959235,50.871494,0
              5.958593,50.872039,0
              5.958261,50.872313,0
              5.95782,50.872687,0
              5.957498,50.872945,0
              5.957339,50.873063,0
              5.957321,50.873076,0
              5.957266,50.873111,0
              5.957534,50.873231,0
              5.956584,50.874083,0
              5.956396,50.87425,0
              5.956367,50.874274,0
              5.956346,50.874293,0
              5.956319,50.874313,0
              5.956302,50.874326,0
              5.95629,50.874342,0
              5.95626,50.874371,0
              5.956218,50.874405,0
              5.955898,50.874688,0
              5.955737,50.874832,0
              5.955477,50.875067,0
              5.955335,50.875194,0
              5.9552,50.875302,0
              5.954908,50.875566,0
              5.954831,50.87555,0
              5.954692,50.875774,0
              5.954524,50.876042,0
              5.954071,50.876514,0
              5.954029,50.876503,0
              5.953716,50.876796,0
              5.953501,50.876996,0
              5.953098,50.877368,0
              5.952733,50.877777,0
              5.952616,50.877895,0
              5.952524,50.877988,0
              5.952351,50.878135,0
              5.951987,50.878523,0
              5.951957,50.878554,0
              5.951946,50.878566,0
              5.95193,50.878584,0
              5.951627,50.878905,0
              5.950585,50.880068,0
              5.950236,50.880456,0
              5.949488,50.881216,0
              5.949123,50.881597,0
              5.948346,50.882345,0
              5.948129,50.882528,0
              5.948108,50.882546,0
              5.947922,50.882704,0
              5.947218,50.88348,0
              5.946802,50.883842,0
              5.946398,50.884209,0
              5.946054,50.884605,0
              5.945566,50.884933,0
              5.945105,50.885274,0
              5.943783,50.886329,0
              5.943346,50.886683,0
              5.942885,50.887026,0
              5.942576,50.887272,0
              5.941509,50.88819,0
              5.941482,50.888215,0
              5.941514,50.888229,0
              5.941168,50.888428,0
              5.940733,50.888769,0
              5.939831,50.889513,0
              5.939415,50.88988,0
              5.939107,50.890152,0
              5.939089,50.890168,0
              5.938874,50.89036,0
              5.938713,50.890509,0
              5.938712,50.89051,0
              5.938194,50.891,0
              5.937621,50.891545,0
              5.937407,50.891748,0
              5.936995,50.892117,0
              5.936586,50.892487,0
              5.93628,50.892768,0
              5.936199,50.892843,0
              5.936181,50.892859,0
              5.936144,50.892895,0
              5.936105,50.892933,0
              5.935989,50.893046,0
              5.935834,50.893197,0
              5.935792,50.893238,0
              5.935611,50.893416,0
              5.935554,50.893473,0
              5.935407,50.893618,0
              5.934616,50.89437,0
              5.934451,50.894519,0
              5.933382,50.89548,0
              5.932889,50.895818,0
              5.932478,50.896186,0
              5.932423,50.89624,0
              5.932284,50.896376,0
              5.932114,50.896542,0
              5.932059,50.896648,0
              5.932046,50.896673,0
              5.931924,50.896908,0
              5.931919,50.897024,0
              5.931807,50.897244,0
              5.931687,50.897461,0
              5.931513,50.897656,0
              5.931299,50.897837,0
              5.931077,50.898015,0
              5.931,50.898084,0
              5.930998,50.898085,0
              5.93099,50.898093,0
              5.930922,50.898154,0
              5.930904,50.89817,0
              5.93089,50.898182,0
              5.930561,50.898475,0
              5.930559,50.898477,0
              5.930526,50.898506,0
              5.930483,50.898544,0
              5.930372,50.898644,0
              5.930272,50.898732,0
              5.930179,50.898815,0
              5.930062,50.898934,0
              5.930024,50.898977,0
              5.929881,50.899132,0
              5.929835,50.899195,0
              5.929806,50.899235,0
              5.929801,50.899241,0
              5.929738,50.899328,0
              5.929731,50.899337,0
              5.929614,50.899478,0
              5.929517,50.899593,0
              5.929484,50.899633,0
              5.929438,50.899687,0
              5.929399,50.899734,0
              5.929327,50.899803,0
              5.929264,50.899862,0
              5.929196,50.899927,0
              5.929,50.900113,0
              5.928674,50.900412,0
              5.928645,50.900439,0
              5.928596,50.900483,0
              5.928515,50.900521,0
              5.928513,50.900522,0
              5.928502,50.900527,0
              5.928182,50.900681,0
              5.92814,50.9007,0
              5.927992,50.900768,0
              5.927976,50.900774,0
              5.927462,50.900968,0
              5.927408,50.900956,0
              5.92739,50.900969,0
              5.927395,50.900979,0
              5.927121,50.901183,0
              5.926982,50.901291,0
              5.926919,50.90134,0
              5.926857,50.901385,0
              5.926795,50.901426,0
              5.926747,50.901456,0
              5.926607,50.901533,0
              5.926417,50.901643,0
              5.926149,50.901801,0
              5.925957,50.901928,0
              5.925946,50.901938,0
              5.925934,50.901933,0
              5.925485,50.902609,0
              5.925478,50.902619,0
              5.92559,50.903282,0
              5.925493,50.903399,0
              5.925495,50.903401,0
              5.925467,50.903504,0
              5.925407,50.903731,0
              5.925352,50.90384,0
              5.925297,50.903949,0
              5.925047,50.90411,0
              5.924841,50.904298,0
              5.924628,50.904469,0
              5.924461,50.904656,0
              5.924181,50.904844,0
              5.923826,50.904617,0
              5.923666,50.904454,0
              5.923518,50.904333,0
              5.923472,50.904362,0
              5.923405,50.904406,0
              5.923155,50.904246,0
              5.923017,50.904176,0
              5.922577,50.903982,0
              5.922089,50.903785,0
              5.922016,50.903756,0
              5.921392,50.903504,0
              5.92094,50.903345,0
              5.920795,50.903272,0
              5.920695,50.903203,0
              5.920609,50.903121,0
              5.920543,50.903064,0
              5.919841,50.903078,0
              5.919551,50.903086,0
              5.919309,50.903104,0
              5.919138,50.903125,0
              5.919049,50.903146,0
              5.918994,50.903174,0
              5.918835,50.903193,0
              5.918716,50.903258,0
              5.918604,50.903327,0
              5.918495,50.903402,0
              5.918407,50.903462,0
              5.918138,50.903672,0
              5.918001,50.90378,0
              5.917839,50.903924,0
              5.917783,50.903983,0
              5.917731,50.904044,0
              5.91768,50.904118,0
              5.917657,50.904177,0
              5.917635,50.904235,0
              5.917598,50.904399,0
              5.917445,50.904342,0
              5.917401,50.904325,0
              5.916397,50.903942,0
              5.916366,50.904131,0
              5.914614,50.903303,0
              5.914457,50.903228,0
              5.913594,50.90282,0
              5.913546,50.902798,0
              5.913543,50.902796,0
              5.913478,50.902766,0
              5.913393,50.902725,0
              5.9134,50.902721,0
              5.913699,50.902494,0
              5.914375,50.901979,0
              5.914707,50.901722,0
              5.913216,50.901038,0
              5.913155,50.901009,0
              5.912391,50.900652,0
              5.911817,50.900383,0
              5.911622,50.900291,0
              5.91089,50.899949,0
              5.910019,50.899536,0
              5.909405,50.89925,0
              5.909252,50.899179,0
              5.908776,50.89895,0
              5.908226,50.898684,0
              5.907659,50.898416,0
              5.907133,50.898184,0
              5.906744,50.898003,0
              5.906568,50.897924,0
              5.906473,50.897882,0
              5.905959,50.897657,0
              5.905506,50.897465,0
              5.905483,50.897456,0
              5.905385,50.897414,0
              5.904971,50.897236,0
              5.90475,50.897142,0
              5.904603,50.897082,0
              5.904472,50.89703,0
              5.90449,50.897027,0
              5.904412,50.896994,0
              5.904314,50.896952,0
              5.9042,50.896904,0
              5.90399,50.896816,0
              5.903695,50.896691,0
              5.903668,50.89668,0
              5.903644,50.89667,0
              5.903555,50.896632,0
              5.903438,50.896582,0
              5.903252,50.896504,0
              5.903154,50.896463,0
              5.903082,50.896433,0
              5.903031,50.896411,0
              5.902851,50.896335,0
              5.90275,50.896292,0
              5.902626,50.89624,0
              5.902552,50.896209,0
              5.902369,50.896131,0
              5.902063,50.896002,0
              5.901765,50.895876,0
              5.901659,50.895831,0
              5.901657,50.895831,0
              5.901572,50.895794,0
              5.901533,50.895776,0
              5.901547,50.895766,0
              5.90156,50.895757,0
              5.901785,50.895593,0
              5.901951,50.895472,0
              5.901974,50.895455,0
              5.90253,50.895056,0
              5.902686,50.894943,0
              5.902898,50.894791,0
              5.903225,50.894555,0
              5.903352,50.894463,0
              5.903626,50.894267,0
              5.903666,50.894238,0
              5.903458,50.894145,0
              5.903258,50.894062,0
              5.903244,50.894058,0
              5.903069,50.894011,0
              5.903038,50.894002,0
              5.902982,50.893977,0
              5.902929,50.893953,0
              5.902828,50.893911,0
              5.902785,50.893893,0
              5.902784,50.893893,0
              5.902632,50.893836,0
              5.902247,50.893692,0
              5.902244,50.893691,0
              5.902204,50.893676,0
              5.902108,50.893631,0
              5.901928,50.893551,0
              5.901858,50.893518,0
              5.901814,50.893497,0
              5.901611,50.893396,0
              5.900935,50.893078,0
              5.900929,50.893075,0
              5.900752,50.892993,0
              5.900744,50.892989,0
              5.899329,50.892279,0
              5.899311,50.89227,0
              5.898871,50.892099,0
              5.898561,50.891965,0
              5.89778,50.891811,0
              5.897507,50.891701,0
              5.897471,50.891686,0
              5.897073,50.891524,0
              5.897072,50.891524,0
              5.897036,50.891506,0
              5.896732,50.891354,0
              5.896308,50.891125,0
              5.895952,50.890934,0
              5.895916,50.890915,0
              5.895725,50.890815,0
              5.895691,50.890797,0
              5.895506,50.890672,0
              5.89526,50.890516,0
              5.895096,50.890392,0
              5.895079,50.890379,0
              5.895076,50.890377,0
              5.89482,50.890172,0
              5.894807,50.890162,0
              5.894596,50.889994,0
              5.894267,50.889761,0
              5.894173,50.889718,0
              5.894028,50.889651,0
              5.892098,50.888986,0
              5.892027,50.888962,0
              5.89104,50.888632,0
              5.890924,50.888593,0
              5.890436,50.888429,0
              5.89039,50.888413,0
              5.890412,50.888392,0
              5.890428,50.888378,0
              5.890507,50.888305,0
              5.890496,50.888298,0
              5.890675,50.888094,0
              5.890951,50.887826,0
              5.891604,50.887309,0
              5.891856,50.887126,0
              5.892175,50.886897,0
              5.892355,50.886709,0
              5.892546,50.886542,0
              5.89277,50.886362,0
              5.893242,50.886069,0
              5.894003,50.885605,0
              5.893354,50.885501,0
              5.893217,50.885482,0
              5.893025,50.885457,0
              5.892763,50.885396,0
              5.892502,50.88533,0
              5.892473,50.885345,0
              5.891884,50.885213,0
              5.891661,50.885188,0
              5.891009,50.885108,0
              5.890663,50.88507,0
              5.890531,50.885059,0
              5.890479,50.885078,0
              5.889977,50.885479,0
              5.889636,50.885638,0
              5.889581,50.885612,0
              5.889395,50.885236,0
              5.889326,50.885114,0
              5.889205,50.884896,0
              5.889169,50.884835,0
              5.889124,50.884768,0
              5.889089,50.884725,0
              5.889033,50.88466,0
              5.888984,50.88461,0
              5.888955,50.884582,0
              5.888885,50.884524,0
              5.888781,50.884449,0
              5.888705,50.884398,0
              5.888652,50.884364,0
              5.888549,50.884302,0
              5.888463,50.884253,0
              5.888382,50.884211,0
              5.888166,50.884104,0
              5.888013,50.884033,0
              5.88785,50.883962,0
              5.887701,50.883899,0
              5.887626,50.883868,0
              5.887581,50.883849,0
              5.887526,50.883826,0
              5.887428,50.883793,0
              5.887356,50.883769,0
              5.887299,50.883752,0
              5.887229,50.883733,0
              5.887104,50.883704,0
              5.887038,50.883692,0
              5.88684,50.883693,0
              5.886788,50.883705,0
              5.886755,50.883716,0
              5.886724,50.883729,0
              5.886697,50.883741,0
              5.886656,50.883768,0
              5.885836,50.88428,0
              5.884802,50.883912,0
              5.882606,50.883146,0
              5.880793,50.88253,0
              5.880921,50.882515,0
              5.880824,50.882482,0
              5.880582,50.882475,0
              5.880554,50.882482,0
              5.880154,50.882611,0
              5.879752,50.882711,0
              5.87919,50.882809,0
              5.878391,50.882893,0
              5.87743,50.88296,0
              5.877036,50.883004,0
              5.876389,50.883105,0
              5.875478,50.883262,0
              5.875184,50.883308,0
              5.874663,50.88336,0
              5.874114,50.883399,0
              5.871845,50.883455,0
              5.871628,50.883464,0
              5.870932,50.88347,0
              5.870632,50.883469,0
              5.870192,50.883459,0
              5.86993,50.883444,0
              5.869633,50.883423,0
              5.869465,50.883415,0
              5.869319,50.883402,0
              5.86912,50.883391,0
              5.868869,50.883371,0
              5.868354,50.883325,0
              5.86796,50.883283,0
              5.867883,50.883276,0
              5.867783,50.883263,0
              5.867687,50.883252,0
              5.867519,50.883229,0
              5.867182,50.883168,0
              5.867,50.883144,0
              5.862802,50.882572,0
              5.862041,50.882475,0
              5.86193,50.88246,0
              5.861808,50.882445,0
              5.861618,50.882418,0
            </coordinates>
          </LinearRing>
        </outerBoundaryIs>
      </Polygon>
    </Placemark>
    <Placemark>
      <name>Heerlen</name>
      <description><![CDATA[beschrijving: <br>@id: relation/406105<br>admin_level: 8<br>authoritative: yes<br>boundary: administrative<br>name: Heerlen<br>name:li: Heële<br>name:nl: Heerlen<br>name:ru: Херлен<br>population: 87086<br>population:date: 2020-01-01<br>ref:gemeentecode: 0917<br>source:population: CBS<br>type: boundary<br>wikidata: Q9799<br>wikipedia: nl:Heerlen<br>name:de: <br>name:fy: Hearlen<br>name:la: Coriovallum<br>name:zh-Hans: 海尔伦<br>name:zh-Hant: 海爾倫<br>name:lt: <br>old_name:de: <br>name:carnaval: <br>alt_name:la: <br>alt_name:fr: <br>alt_name:wa: <br>name:ar: <br>name:en: <br>name:eo: <br>name:es: <br>name:fr: <br>name:he: <br>name:ja: <br>name:ko: <br>name:mk: <br>name:ml: <br>name:nds: <br>name:sr: <br>name:uk: <br>name:wa: <br>name:zea: <br>name:zh: <br>old_name:es: <br>@relations: ]]></description>
      <styleUrl>#poly-000000-1200-77</styleUrl>
      <ExtendedData>
        <Data name="beschrijving">
          <value/>
        </Data>
        <Data name="@id">
          <value>relation/406105</value>
        </Data>
        <Data name="admin_level">
          <value>8</value>
        </Data>
        <Data name="authoritative">
          <value>yes</value>
        </Data>
        <Data name="boundary">
          <value>administrative</value>
        </Data>
        <Data name="name">
          <value>Heerlen</value>
        </Data>
        <Data name="name:li">
          <value>Heële</value>
        </Data>
        <Data name="name:nl">
          <value>Heerlen</value>
        </Data>
        <Data name="name:ru">
          <value>Херлен</value>
        </Data>
        <Data name="population">
          <value>87086</value>
        </Data>
        <Data name="population:date">
          <value>2020-01-01</value>
        </Data>
        <Data name="ref:gemeentecode">
          <value>0917</value>
        </Data>
        <Data name="source:population">
          <value>CBS</value>
        </Data>
        <Data name="type">
          <value>boundary</value>
        </Data>
        <Data name="wikidata">
          <value>Q9799</value>
        </Data>
        <Data name="wikipedia">
          <value>nl:Heerlen</value>
        </Data>
        <Data name="name:de">
          <value/>
        </Data>
        <Data name="name:fy">
          <value>Hearlen</value>
        </Data>
        <Data name="name:la">
          <value>Coriovallum</value>
        </Data>
        <Data name="name:zh-Hans">
          <value>海尔伦</value>
        </Data>
        <Data name="name:zh-Hant">
          <value>海爾倫</value>
        </Data>
        <Data name="name:lt">
          <value/>
        </Data>
        <Data name="old_name:de">
          <value/>
        </Data>
        <Data name="name:carnaval">
          <value/>
        </Data>
        <Data name="alt_name:la">
          <value/>
        </Data>
        <Data name="alt_name:fr">
          <value/>
        </Data>
        <Data name="alt_name:wa">
          <value/>
        </Data>
        <Data name="name:ar">
          <value/>
        </Data>
        <Data name="name:en">
          <value/>
        </Data>
        <Data name="name:eo">
          <value/>
        </Data>
        <Data name="name:es">
          <value/>
        </Data>
        <Data name="name:fr">
          <value/>
        </Data>
        <Data name="name:he">
          <value/>
        </Data>
        <Data name="name:ja">
          <value/>
        </Data>
        <Data name="name:ko">
          <value/>
        </Data>
        <Data name="name:mk">
          <value/>
        </Data>
        <Data name="name:ml">
          <value/>
        </Data>
        <Data name="name:nds">
          <value/>
        </Data>
        <Data name="name:sr">
          <value/>
        </Data>
        <Data name="name:uk">
          <value/>
        </Data>
        <Data name="name:wa">
          <value/>
        </Data>
        <Data name="name:zea">
          <value/>
        </Data>
        <Data name="name:zh">
          <value/>
        </Data>
        <Data name="old_name:es">
          <value/>
        </Data>
        <Data name="@relations">
          <value/>
        </Data>
      </ExtendedData>
      <Polygon>
        <outerBoundaryIs>
          <LinearRing>
            <tessellate>1</tessellate>
            <coordinates>
              5.969362,50.86008,0
              5.969625,50.860217,0
              5.969645,50.860228,0
              5.969699,50.860195,0
              5.969995,50.859881,0
              5.970036,50.859838,0
              5.970063,50.85981,0
              5.970181,50.859655,0
              5.970216,50.859609,0
              5.970292,50.859388,0
              5.970432,50.859179,0
              5.970602,50.859072,0
              5.970748,50.858889,0
              5.970753,50.858882,0
              5.970836,50.858768,0
              5.970838,50.858765,0
              5.970875,50.858681,0
              5.970961,50.858696,0
              5.971011,50.858606,0
              5.971236,50.858178,0
              5.971255,50.858141,0
              5.971465,50.857749,0
              5.971666,50.857316,0
              5.971678,50.857292,0
              5.971768,50.857104,0
              5.971782,50.857075,0
              5.97193,50.856774,0
              5.971942,50.85675,0
              5.972018,50.856599,0
              5.972036,50.856562,0
              5.972093,50.856448,0
              5.972203,50.856236,0
              5.972259,50.856129,0
              5.972562,50.855621,0
              5.972886,50.855202,0
              5.973274,50.854767,0
              5.973342,50.854705,0
              5.97342,50.854584,0
              5.973557,50.854372,0
              5.973695,50.854225,0
              5.973742,50.854174,0
              5.9739,50.853967,0
              5.974072,50.853765,0
              5.974254,50.853565,0
              5.974441,50.853367,0
              5.97465,50.853177,0
              5.974867,50.852964,0
              5.975046,50.852788,0
              5.975345,50.852385,0
              5.975358,50.852368,0
              5.975362,50.852364,0
              5.975373,50.852352,0
              5.975391,50.852334,0
              5.975515,50.852208,0
              5.975744,50.851974,0
              5.976156,50.851588,0
              5.976613,50.851223,0
              5.976995,50.850853,0
              5.977408,50.850466,0
              5.977887,50.850111,0
              5.978387,50.849769,0
              5.97893,50.849457,0
              5.980249,50.848699,0
              5.980706,50.848436,0
              5.981268,50.848175,0
              5.981362,50.848131,0
              5.983595,50.847025,0
              5.983826,50.846915,0
              5.984018,50.84683,0
              5.984182,50.846761,0
              5.984463,50.846646,0
              5.984755,50.846534,0
              5.984883,50.846485,0
              5.985013,50.84644,0
              5.985144,50.846399,0
              5.985455,50.846301,0
              5.985547,50.846267,0
              5.985607,50.846233,0
              5.985922,50.846097,0
              5.986152,50.846002,0
              5.986288,50.845961,0
              5.986474,50.845904,0
              5.986749,50.84581,0
              5.986791,50.845796,0
              5.987026,50.845625,0
              5.987271,50.845486,0
              5.987293,50.845473,0
              5.987499,50.845286,0
              5.987513,50.845272,0
              5.98777,50.84511,0
              5.988021,50.844963,0
              5.988037,50.844954,0
              5.988316,50.844814,0
              5.988603,50.844681,0
              5.988682,50.844634,0
              5.988868,50.844526,0
              5.989135,50.844378,0
              5.989408,50.844232,0
              5.989525,50.84417,0
              5.988956,50.84389,0
              5.989921,50.843491,0
              5.990071,50.843576,0
              5.990394,50.843712,0
              5.990666,50.843847,0
              5.990938,50.843801,0
              5.991367,50.843721,0
              5.991759,50.843645,0
              5.992377,50.843422,0
              5.992609,50.843287,0
              5.992615,50.843283,0
              5.992906,50.843085,0
              5.992994,50.843126,0
              5.993478,50.842846,0
              5.99403,50.842559,0
              5.994067,50.842527,0
              5.994357,50.842273,0
              5.994331,50.842195,0
              5.994409,50.842145,0
              5.994155,50.841887,0
              5.994265,50.841581,0
              5.994886,50.841878,0
              5.994906,50.841869,0
              5.995684,50.841691,0
              5.996633,50.841452,0
              5.996721,50.841562,0
              5.99676,50.841612,0
              5.997156,50.84148,0
              5.99777,50.841254,0
              5.998358,50.841002,0
              5.998935,50.840741,0
              5.999493,50.840474,0
              5.999779,50.84032,0
              5.99949,50.840107,0
              6.000011,50.839827,0
              6.001534,50.839008,0
              6.001616,50.838978,0
              6.001625,50.838975,0
              6.00199,50.838845,0
              6.001995,50.838842,0
              6.003014,50.838118,0
              6.003208,50.838225,0
              6.003268,50.838256,0
              6.00413,50.837678,0
              6.004221,50.837604,0
              6.004445,50.837398,0
              6.004782,50.837029,0
              6.004915,50.836837,0
              6.004973,50.836732,0
              6.005042,50.836575,0
              6.005255,50.835993,0
              6.005312,50.835805,0
              6.005345,50.835634,0
              6.005397,50.834942,0
              6.005394,50.834936,0
              6.005239,50.834435,0
              6.005062,50.83395,0
              6.005048,50.833914,0
              6.004823,50.833467,0
              6.004624,50.833151,0
              6.004335,50.832806,0
              6.004284,50.832745,0
              6.004228,50.832699,0
              6.004072,50.832572,0
              6.003966,50.832484,0
              6.003708,50.832346,0
              6.003705,50.832344,0
              6.003699,50.832342,0
              6.003688,50.832336,0
              6.003021,50.832026,0
              6.00337,50.831827,0
              6.003554,50.831723,0
              6.003744,50.831615,0
              6.004086,50.83142,0
              6.004707,50.831656,0
              6.004933,50.831737,0
              6.005087,50.831779,0
              6.00534,50.831818,0
              6.005505,50.831837,0
              6.005754,50.831856,0
              6.00601,50.83187,0
              6.006598,50.831868,0
              6.006592,50.831792,0
              6.006979,50.831796,0
              6.007496,50.831779,0
              6.00802,50.831718,0
              6.008648,50.831634,0
              6.009377,50.831507,0
              6.010041,50.831351,0
              6.010419,50.831238,0
              6.010987,50.831,0
              6.011464,50.830764,0
              6.011817,50.830544,0
              6.012246,50.830199,0
              6.012257,50.83019,0
              6.012331,50.83013,0
              6.013152,50.829303,0
              6.013907,50.828543,0
              6.014536,50.82791,0
              6.014667,50.827784,0
              6.01506,50.827409,0
              6.015604,50.826899,0
              6.015608,50.826894,0
              6.015873,50.826669,0
              6.016189,50.826373,0
              6.016279,50.8263,0
              6.01703,50.825702,0
              6.016072,50.82518,0
              6.016096,50.825111,0
              6.016151,50.824964,0
              6.016213,50.824846,0
              6.016273,50.824751,0
              6.016364,50.824633,0
              6.016481,50.824492,0
              6.01655,50.824412,0
              6.016604,50.824342,0
              6.01661,50.824335,0
              6.016671,50.824246,0
              6.016479,50.824152,0
              6.015766,50.82382,0
              6.015746,50.823812,0
              6.015936,50.823627,0
              6.016066,50.8235,0
              6.016363,50.823092,0
              6.016631,50.822729,0
              6.016663,50.822685,0
              6.016981,50.822284,0
              6.017141,50.822088,0
              6.017175,50.822047,0
              6.017292,50.821904,0
              6.017308,50.821884,0
              6.017472,50.821685,0
              6.017657,50.821494,0
              6.017819,50.821352,0
              6.017865,50.821312,0
              6.018051,50.821168,0
              6.018058,50.821162,0
              6.018335,50.820975,0
              6.018589,50.820827,0
              6.018596,50.820823,0
              6.018865,50.820677,0
              6.019134,50.820531,0
              6.019677,50.820242,0
              6.020222,50.819954,0
              6.020632,50.819739,0
              6.020637,50.81974,0
              6.021017,50.819849,0
              6.021317,50.819952,0
              6.021858,50.820148,0
              6.021883,50.8201,0
              6.022044,50.820159,0
              6.022747,50.819508,0
              6.022935,50.819329,0
              6.023314,50.818957,0
              6.02366,50.818618,0
              6.023723,50.818402,0
              6.024407,50.81868,0
              6.024485,50.818711,0
              6.024533,50.818731,0
              6.024656,50.818783,0
              6.02478,50.81883,0
              6.024829,50.818852,0
              6.025642,50.819184,0
              6.026006,50.819603,0
              6.026032,50.819634,0
              6.026307,50.819955,0
              6.026355,50.820033,0
              6.026379,50.820122,0
              6.02636,50.820231,0
              6.026231,50.820369,0
              6.025135,50.821455,0
              6.025001,50.821548,0
              6.024698,50.821595,0
              6.024639,50.821816,0
              6.024533,50.822215,0
              6.024509,50.822303,0
              6.024501,50.822354,0
              6.024491,50.822418,0
              6.024486,50.822446,0
              6.024433,50.822766,0
              6.024268,50.823833,0
              6.024196,50.824127,0
              6.023956,50.825104,0
              6.023955,50.825105,0
              6.023952,50.825108,0
              6.022744,50.826606,0
              6.024526,50.827418,0
              6.024539,50.827408,0
              6.025264,50.827784,0
              6.02527,50.82782,0
              6.025063,50.827878,0
              6.024147,50.828136,0
              6.023067,50.82844,0
              6.022932,50.828478,0
              6.022882,50.828492,0
              6.022575,50.828578,0
              6.02098,50.829026,0
              6.020671,50.829112,0
              6.019774,50.829364,0
              6.019026,50.829574,0
              6.018769,50.829695,0
              6.018677,50.829766,0
              6.018698,50.829779,0
              6.018717,50.829791,0
              6.018641,50.82992,0
              6.018542,50.830088,0
              6.018284,50.830526,0
              6.018123,50.8308,0
              6.018113,50.830817,0
              6.017971,50.831058,0
              6.01764,50.831621,0
              6.01764,50.831622,0
              6.017547,50.831779,0
              6.017542,50.831788,0
              6.017542,50.831789,0
              6.017463,50.831923,0
              6.01736,50.832097,0
              6.01736,50.832098,0
              6.017231,50.832318,0
              6.017112,50.832523,0
              6.0171,50.832543,0
              6.016904,50.832878,0
              6.016857,50.832959,0
              6.016316,50.833884,0
              6.016389,50.833998,0
              6.016564,50.834272,0
              6.016685,50.834472,0
              6.016729,50.834545,0
              6.016941,50.834894,0
              6.016973,50.834946,0
              6.017024,50.835027,0
              6.017092,50.835136,0
              6.017356,50.83556,0
              6.017439,50.835693,0
              6.017579,50.835917,0
              6.017722,50.836146,0
              6.018344,50.837173,0
              6.018435,50.837304,0
              6.01845,50.837329,0
              6.01776,50.837769,0
              6.017138,50.838133,0
              6.015942,50.838796,0
              6.016286,50.839665,0
              6.01712,50.841699,0
              6.017126,50.841715,0
              6.017457,50.842549,0
              6.017907,50.843675,0
              6.017959,50.843806,0
              6.016932,50.843676,0
              6.0162,50.843757,0
              6.015742,50.843811,0
              6.015017,50.844327,0
              6.0149,50.844406,0
              6.014788,50.844474,0
              6.01467,50.844539,0
              6.014546,50.8446,0
              6.014092,50.844857,0
              6.013973,50.844929,0
              6.013858,50.845003,0
              6.013746,50.845078,0
              6.013638,50.845155,0
              6.01354,50.845228,0
              6.012423,50.846173,0
              6.012336,50.846135,0
              6.012184,50.84626,0
              6.012024,50.846116,0
              6.011514,50.846584,0
              6.011237,50.846844,0
              6.010992,50.847059,0
              6.011194,50.847292,0
              6.01096,50.847442,0
              6.010532,50.847709,0
              6.010356,50.847867,0
              6.010267,50.847965,0
              6.010144,50.848092,0
              6.01008,50.848171,0
              6.01,50.84828,0
              6.00992,50.8484,0
              6.009826,50.848559,0
              6.009759,50.848688,0
              6.009357,50.849544,0
              6.008999,50.84993,0
              6.007988,50.850595,0
              6.007748,50.85075,0
              6.00734,50.850991,0
              6.007081,50.851163,0
              6.00691,50.851281,0
              6.006546,50.851543,0
              6.006124,50.8519,0
              6.005811,50.852187,0
              6.003536,50.854344,0
              6.003079,50.854872,0
              6.002992,50.854908,0
              6.002945,50.854941,0
              6.000568,50.857735,0
              6.000944,50.857893,0
              6.001053,50.857924,0
              6.001159,50.857957,0
              6.00133,50.858031,0
              6.001572,50.858142,0
              6.002098,50.85834,0
              6.002445,50.858437,0
              6.002668,50.858488,0
              6.003032,50.858552,0
              6.003529,50.858613,0
              6.004224,50.85864,0
              6.00476,50.858637,0
              6.005196,50.85863,0
              6.005546,50.858669,0
              6.005911,50.858729,0
              6.00677,50.859018,0
              6.0071,50.859118,0
              6.007143,50.859134,0
              6.007587,50.85925,0
              6.008172,50.859423,0
              6.007926,50.859682,0
              6.006977,50.860801,0
              6.007137,50.860884,0
              6.007405,50.861026,0
              6.00761,50.861122,0
              6.008537,50.86168,0
              6.008619,50.861768,0
              6.008778,50.861947,0
              6.008918,50.86209,0
              6.009023,50.862196,0
              6.009335,50.862498,0
              6.009512,50.862674,0
              6.009714,50.862872,0
              6.009974,50.86312,0
              6.010087,50.863222,0
              6.010341,50.863434,0
              6.010479,50.863536,0
              6.010667,50.86367,0
              6.011016,50.863924,0
              6.011527,50.86409,0
              6.011833,50.864192,0
              6.012104,50.864281,0
              6.012224,50.864323,0
              6.012389,50.864397,0
              6.012483,50.864446,0
              6.013385,50.865026,0
              6.013532,50.865118,0
              6.013756,50.86525,0
              6.01426,50.865502,0
              6.014753,50.865753,0
              6.015144,50.865985,0
              6.015194,50.866019,0
              6.015473,50.866225,0
              6.015676,50.866365,0
              6.016016,50.866605,0
              6.01657,50.866924,0
              6.016901,50.867108,0
              6.017413,50.867397,0
              6.01861,50.868089,0
              6.01885,50.868221,0
              6.019364,50.868518,0
              6.019447,50.868542,0
              6.019643,50.868406,0
              6.020309,50.868791,0
              6.019932,50.86904,0
              6.018937,50.869702,0
              6.018781,50.869831,0
              6.018315,50.869676,0
              6.017991,50.870048,0
              6.017939,50.870029,0
              6.017823,50.86998,0
              6.017689,50.869921,0
              6.017499,50.86983,0
              6.017394,50.869772,0
              6.017076,50.870112,0
              6.017111,50.870295,0
              6.017142,50.870467,0
              6.017004,50.87044,0
              6.016443,50.870332,0
              6.016432,50.87033,0
              6.016169,50.870279,0
              6.016159,50.870277,0
              6.016014,50.87025,0
              6.015919,50.870231,0
              6.01586,50.87022,0
              6.015759,50.871623,0
              6.015743,50.871836,0
              6.015694,50.872514,0
              6.015599,50.872614,0
              6.015521,50.872696,0
              6.015457,50.872763,0
              6.015349,50.872876,0
              6.015338,50.872888,0
              6.01524,50.873131,0
              6.015189,50.873259,0
              6.015141,50.873379,0
              6.015137,50.873388,0
              6.015087,50.873515,0
              6.015026,50.87356,0
              6.014986,50.873591,0
              6.014918,50.873642,0
              6.014884,50.873668,0
              6.014504,50.873887,0
              6.014267,50.874023,0
              6.014198,50.874063,0
              6.014195,50.874065,0
              6.014058,50.874144,0
              6.013758,50.874317,0
              6.013381,50.874534,0
              6.013184,50.874726,0
              6.012956,50.875022,0
              6.012902,50.875064,0
              6.012846,50.875159,0
              6.011407,50.876195,0
              6.011178,50.87636,0
              6.010965,50.876513,0
              6.010952,50.876522,0
              6.010896,50.876562,0
              6.010602,50.876774,0
              6.010477,50.876894,0
              6.010559,50.876937,0
              6.010018,50.877449,0
              6.010091,50.877599,0
              6.010094,50.877605,0
              6.009894,50.877794,0
              6.009856,50.877866,0
              6.009534,50.878476,0
              6.009515,50.878705,0
              6.009429,50.879776,0
              6.009401,50.880127,0
              6.009326,50.88105,0
              6.009284,50.881566,0
              6.009241,50.882102,0
              6.00924,50.882113,0
              6.009207,50.882528,0
              6.009199,50.882626,0
              6.009098,50.88388,0
              6.009084,50.884047,0
              6.009008,50.884177,0
              6.008562,50.884936,0
              6.008496,50.885047,0
              6.008265,50.885562,0
              6.007426,50.886126,0
              6.007066,50.886367,0
              6.006642,50.886782,0
              6.006398,50.886992,0
              6.005892,50.887365,0
              6.005505,50.887676,0
              6.00548,50.887696,0
              6.005387,50.88777,0
              6.005372,50.88778,0
              6.005356,50.887792,0
              6.004465,50.888422,0
              6.003835,50.888869,0
              6.003017,50.889449,0
              6.003005,50.889458,0
              6.002862,50.889565,0
              6.001687,50.890456,0
              6.001686,50.890457,0
              6.001355,50.890557,0
              6.001354,50.890558,0
              6.001238,50.890586,0
              6.001007,50.890644,0
              6.001003,50.890644,0
              6.001001,50.890646,0
              6.000987,50.890653,0
              6.000881,50.890712,0
              6.000744,50.890778,0
              6.000628,50.890849,0
              6.000564,50.890892,0
              6.000447,50.890962,0
              6.000432,50.890971,0
              6.00043,50.890972,0
              6.000415,50.890982,0
              6.000403,50.890991,0
              6.000213,50.891123,0
              6.000039,50.891269,0
              5.999899,50.891208,0
              5.999897,50.891206,0
              5.999867,50.891193,0
              5.99978,50.891154,0
              5.999776,50.891153,0
              5.999644,50.891286,0
              5.999618,50.891316,0
              5.999438,50.891527,0
              5.999431,50.891535,0
              5.999377,50.891602,0
              5.999343,50.891645,0
              5.999342,50.891647,0
              5.999334,50.891657,0
              5.999321,50.891673,0
              5.999181,50.891849,0
              5.99913,50.891913,0
              5.998869,50.891872,0
              5.99885,50.891868,0
              5.998506,50.891803,0
              5.998506,50.891805,0
              5.998617,50.892829,0
              5.998617,50.892833,0
              5.998618,50.892837,0
              5.998625,50.892907,0
              5.998624,50.892918,0
              5.998135,50.892827,0
              5.997603,50.892744,0
              5.997458,50.892721,0
              5.997329,50.89269,0
              5.996602,50.892556,0
              5.996571,50.892574,0
              5.996566,50.892598,0
              5.996564,50.892601,0
              5.996398,50.892858,0
              5.9963,50.893008,0
              5.996299,50.89301,0
              5.996269,50.893059,0
              5.996268,50.893061,0
              5.996103,50.893331,0
              5.995464,50.894384,0
              5.995301,50.894648,0
              5.99504,50.895089,0
              5.994996,50.895178,0
              5.994809,50.895575,0
              5.994791,50.896144,0
              5.994788,50.896932,0
              5.994788,50.897091,0
              5.994768,50.897629,0
              5.994765,50.897711,0
              5.99475,50.898306,0
              5.994744,50.898429,0
              5.994742,50.898486,0
              5.994738,50.898556,0
              5.994734,50.898803,0
              5.994724,50.899006,0
              5.994719,50.899196,0
              5.994692,50.899919,0
              5.994687,50.900125,0
              5.994675,50.900434,0
              5.99467,50.900541,0
              5.994668,50.900831,0
              5.99466,50.901027,0
              5.994657,50.901212,0
              5.994631,50.902035,0
              5.994627,50.902261,0
              5.994626,50.902293,0
              5.994625,50.9023,0
              5.994622,50.902354,0
              5.99462,50.902397,0
              5.994619,50.902418,0
              5.994616,50.902465,0
              5.994589,50.902706,0
              5.994576,50.902852,0
              5.994575,50.902856,0
              5.994564,50.902972,0
              5.994543,50.903163,0
              5.994506,50.903514,0
              5.994281,50.903509,0
              5.994042,50.9035,0
              5.99375,50.90342,0
              5.993368,50.903644,0
              5.993509,50.903965,0
              5.993562,50.904088,0
              5.993702,50.904408,0
              5.993413,50.904482,0
              5.99345,50.904593,0
              5.993292,50.904625,0
              5.993234,50.904636,0
              5.993105,50.90466,0
              5.992971,50.904685,0
              5.99304,50.904843,0
              5.992612,50.904955,0
              5.99243,50.904973,0
              5.992119,50.905005,0
              5.992098,50.905007,0
              5.99181,50.905036,0
              5.991605,50.905057,0
              5.99164,50.905108,0
              5.991734,50.905253,0
              5.991754,50.905283,0
              5.991834,50.905407,0
              5.991838,50.905413,0
              5.992039,50.905515,0
              5.992153,50.90562,0
              5.992188,50.905651,0
              5.992204,50.905666,0
              5.992379,50.906131,0
              5.99229,50.906137,0
              5.992258,50.906139,0
              5.991909,50.90615,0
              5.991746,50.906154,0
              5.991403,50.906163,0
              5.990935,50.906172,0
              5.990833,50.906175,0
              5.99081,50.906177,0
              5.990759,50.906181,0
              5.990708,50.906184,0
              5.990627,50.906193,0
              5.990715,50.906315,0
              5.990734,50.90634,0
              5.990872,50.906324,0
              5.990963,50.906446,0
              5.991082,50.906626,0
              5.991219,50.906843,0
              5.991428,50.907178,0
              5.991465,50.907238,0
              5.991587,50.907437,0
              5.991692,50.907608,0
              5.991916,50.907974,0
              5.992008,50.908113,0
              5.99212,50.908285,0
              5.992274,50.908535,0
              5.992437,50.908787,0
              5.992682,50.909164,0
              5.992852,50.909429,0
              5.993269,50.910083,0
              5.993432,50.91005,0
              5.99384,50.91034,0
              5.994401,50.910752,0
              5.995651,50.911647,0
              5.99568,50.91167,0
              5.995682,50.911672,0
              5.995737,50.911727,0
              5.996716,50.912443,0
              5.997003,50.912653,0
              5.997144,50.912756,0
              5.997286,50.91286,0
              5.997451,50.912981,0
              5.997559,50.91306,0
              5.99776,50.913208,0
              5.999107,50.914197,0
              6.000314,50.915083,0
              6.0004,50.915147,0
              6.003231,50.917225,0
              6.004301,50.917723,0
              6.004691,50.917904,0
              6.004756,50.917934,0
              6.004783,50.917948,0
              6.004838,50.917977,0
              6.005102,50.918112,0
              6.005718,50.918429,0
              6.005939,50.918542,0
              6.006105,50.918679,0
              6.006376,50.919011,0
              6.006823,50.919543,0
              6.007151,50.919943,0
              6.007195,50.919996,0
              6.007939,50.920897,0
              6.008396,50.921444,0
              6.010855,50.92443,0
              6.011448,50.92514,0
              6.012383,50.926272,0
              6.011588,50.926332,0
              6.011696,50.92644,0
              6.010583,50.926514,0
              6.010157,50.926542,0
              6.008557,50.926648,0
              6.007474,50.926721,0
              6.006264,50.926804,0
              6.005361,50.926866,0
              6.004529,50.926925,0
              6.003687,50.926987,0
              6.00298,50.927038,0
              6.002338,50.927082,0
              6.000856,50.927191,0
              5.997099,50.927466,0
              5.993534,50.927719,0
              5.991686,50.927844,0
              5.988666,50.928048,0
              5.987934,50.928103,0
              5.984234,50.928378,0
              5.983413,50.928439,0
              5.981183,50.928593,0
              5.980094,50.928668,0
              5.979604,50.928703,0
              5.978684,50.928769,0
              5.977717,50.928839,0
              5.977105,50.928886,0
              5.976743,50.928912,0
              5.97585,50.928975,0
              5.97548,50.929003,0
              5.975334,50.92895,0
              5.975099,50.928878,0
              5.97472,50.928787,0
              5.974637,50.928848,0
              5.974501,50.928938,0
              5.974259,50.929098,0
              5.973991,50.929279,0
              5.973597,50.929543,0
              5.973632,50.929631,0
              5.973189,50.929868,0
              5.972743,50.930139,0
              5.972724,50.930152,0
              5.972606,50.93023,0
              5.972506,50.930297,0
              5.972504,50.930298,0
              5.972345,50.930394,0
              5.972067,50.930562,0
              5.97205,50.930572,0
              5.971756,50.930734,0
              5.971704,50.930758,0
              5.9715,50.930855,0
              5.971462,50.930873,0
              5.971327,50.930939,0
              5.971214,50.930992,0
              5.971186,50.931,0
              5.971095,50.931031,0
              5.971009,50.931061,0
              5.971005,50.931062,0
              5.970511,50.931167,0
              5.970252,50.931226,0
              5.970101,50.931258,0
              5.970042,50.931272,0
              5.96999,50.931282,0
              5.969776,50.931329,0
              5.96963,50.931372,0
              5.969564,50.931392,0
              5.969529,50.931403,0
              5.969059,50.931556,0
              5.968988,50.931566,0
              5.968969,50.931568,0
              5.968775,50.93159,0
              5.968478,50.931641,0
              5.968189,50.93169,0
              5.967624,50.931871,0
              5.967134,50.932018,0
              5.966946,50.932061,0
              5.966824,50.932089,0
              5.966736,50.932111,0
              5.966588,50.93215,0
              5.966514,50.932174,0
              5.966405,50.932207,0
              5.966216,50.932322,0
              5.966061,50.932412,0
              5.965833,50.93256,0
              5.965719,50.932671,0
              5.965581,50.932782,0
              5.965418,50.932885,0
              5.965235,50.932972,0
              5.964448,50.933247,0
              5.964434,50.933252,0
              5.964307,50.933302,0
              5.964197,50.933358,0
              5.964162,50.933387,0
              5.964102,50.933437,0
              5.96402,50.933556,0
              5.963919,50.933811,0
              5.963834,50.933811,0
              5.963651,50.933824,0
              5.963456,50.933849,0
              5.963119,50.933904,0
              5.963057,50.933914,0
              5.962167,50.934051,0
              5.961266,50.934189,0
              5.961114,50.934207,0
              5.960952,50.934214,0
              5.960598,50.934222,0
              5.960258,50.934211,0
              5.959893,50.934198,0
              5.959338,50.934166,0
              5.958152,50.93408,0
              5.956813,50.933978,0
              5.955669,50.933898,0
              5.955572,50.933891,0
              5.954894,50.933838,0
              5.9549,50.933794,0
              5.954564,50.933724,0
              5.954113,50.933548,0
              5.95405,50.93339,0
              5.954238,50.932959,0
              5.953335,50.932705,0
              5.9528,50.93263,0
              5.952796,50.932629,0
              5.952362,50.932502,0
              5.95228,50.932478,0
              5.951138,50.931984,0
              5.949955,50.931472,0
              5.949486,50.931269,0
              5.94868,50.93092,0
              5.947296,50.930321,0
              5.946878,50.930145,0
              5.946443,50.929957,0
              5.946312,50.929901,0
              5.946049,50.929764,0
              5.946013,50.929742,0
              5.945981,50.929711,0
              5.945922,50.929654,0
              5.945888,50.929615,0
              5.945834,50.929555,0
              5.945782,50.929489,0
              5.945723,50.92939,0
              5.94568,50.929286,0
              5.945634,50.929128,0
              5.945605,50.928982,0
              5.945587,50.92883,0
              5.945584,50.928653,0
              5.945529,50.928641,0
              5.945458,50.928626,0
              5.945485,50.92837,0
              5.945264,50.92823,0
              5.945016,50.928164,0
              5.94421,50.927947,0
              5.944176,50.927998,0
              5.944096,50.927976,0
              5.943894,50.927923,0
              5.943642,50.927856,0
              5.943636,50.927855,0
              5.943638,50.927851,0
              5.943291,50.927759,0
              5.942926,50.927662,0
              5.942961,50.927609,0
              5.942997,50.927554,0
              5.943104,50.92739,0
              5.941859,50.927086,0
              5.941738,50.927152,0
              5.941632,50.92721,0
              5.941451,50.927303,0
              5.941413,50.927318,0
              5.941295,50.927363,0
              5.941186,50.927406,0
              5.941175,50.92741,0
              5.940624,50.927642,0
              5.940618,50.927644,0
              5.940088,50.927872,0
              5.939792,50.928006,0
              5.939654,50.928069,0
              5.939626,50.928082,0
              5.939511,50.928138,0
              5.939392,50.928197,0
              5.939191,50.928301,0
              5.938969,50.928418,0
              5.938755,50.928541,0
              5.938712,50.928507,0
              5.938142,50.928896,0
              5.938124,50.928888,0
              5.938066,50.928935,0
              5.937952,50.929027,0
              5.937819,50.929134,0
              5.937752,50.929182,0
              5.936725,50.929886,0
              5.936435,50.930057,0
              5.936185,50.930205,0
              5.936096,50.930257,0
              5.936039,50.930293,0
              5.935856,50.93041,0
              5.935609,50.930568,0
              5.935305,50.930766,0
              5.935036,50.93094,0
              5.934974,50.93098,0
              5.934942,50.930999,0
              5.934861,50.931054,0
              5.934811,50.931085,0
              5.934772,50.931112,0
              5.934738,50.931135,0
              5.934677,50.931174,0
              5.934608,50.93122,0
              5.934552,50.931257,0
              5.934312,50.931412,0
              5.934127,50.931529,0
              5.93404,50.931589,0
              5.934038,50.93159,0
              5.933992,50.93162,0
              5.933617,50.931859,0
              5.933524,50.931922,0
              5.933542,50.931934,0
              5.933485,50.931971,0
              5.933467,50.931963,0
              5.933296,50.932073,0
              5.933308,50.932082,0
              5.9332,50.932154,0
              5.933155,50.932183,0
              5.933083,50.93223,0
              5.933067,50.932239,0
              5.933026,50.932267,0
              5.932912,50.932342,0
              5.932766,50.932437,0
              5.932742,50.932452,0
              5.932601,50.932547,0
              5.932538,50.932585,0
              5.93246,50.932635,0
              5.932374,50.932691,0
              5.932293,50.932743,0
              5.932217,50.932792,0
              5.932195,50.93281,0
              5.931968,50.932958,0
              5.931843,50.93304,0
              5.931778,50.933083,0
              5.931715,50.933124,0
              5.931603,50.933197,0
              5.931486,50.933273,0
              5.931364,50.933351,0
              5.931229,50.93344,0
              5.931203,50.933457,0
              5.931202,50.933458,0
              5.931033,50.93357,0
              5.93084,50.933697,0
              5.930735,50.933765,0
              5.930713,50.933751,0
              5.930564,50.933849,0
              5.930582,50.93386,0
              5.930528,50.933898,0
              5.930468,50.933939,0
              5.930376,50.934002,0
              5.930388,50.934009,0
              5.930348,50.934043,0
              5.930224,50.934156,0
              5.930222,50.934157,0
              5.93014,50.934212,0
              5.930138,50.934214,0
              5.930114,50.934234,0
              5.930135,50.93424,0
              5.930111,50.934274,0
              5.929746,50.93479,0
              5.929205,50.935554,0
              5.929108,50.935689,0
              5.928964,50.935893,0
              5.928955,50.935891,0
              5.928907,50.935957,0
              5.928877,50.936,0
              5.928901,50.936007,0
              5.928856,50.93607,0
              5.928726,50.93625,0
              5.928698,50.936244,0
              5.928625,50.936349,0
              5.928646,50.936356,0
              5.928577,50.936456,0
              5.928549,50.936498,0
              5.92847,50.936612,0
              5.92813,50.936507,0
              5.927652,50.936347,0
              5.927417,50.93627,0
              5.927391,50.936262,0
              5.926997,50.936132,0
              5.926666,50.936024,0
              5.926305,50.935908,0
              5.9263,50.935906,0
              5.926256,50.93589,0
              5.926224,50.935878,0
              5.925137,50.935475,0
              5.924698,50.935316,0
              5.924367,50.935194,0
              5.923822,50.935,0
              5.922939,50.93456,0
              5.922675,50.934432,0
              5.921486,50.93393,0
              5.921482,50.93393,0
              5.921232,50.933876,0
              5.920994,50.933762,0
              5.920677,50.933609,0
              5.920138,50.933348,0
              5.919868,50.93332,0
              5.919585,50.933291,0
              5.919523,50.933285,0
              5.919371,50.933269,0
              5.91921,50.933253,0
              5.918962,50.933227,0
              5.91895,50.933226,0
              5.918934,50.933224,0
              5.919223,50.932882,0
              5.919223,50.932881,0
              5.919953,50.932017,0
              5.919954,50.932015,0
              5.92021,50.931712,0
              5.919952,50.931601,0
              5.91994,50.931596,0
              5.919826,50.931547,0
              5.919816,50.931542,0
              5.919631,50.931461,0
              5.919625,50.931458,0
              5.919615,50.931453,0
              5.91952,50.931405,0
              5.919512,50.931401,0
              5.91937,50.93133,0
              5.919359,50.931324,0
              5.91914,50.931215,0
              5.918945,50.931121,0
              5.918527,50.930909,0
              5.918186,50.930758,0
              5.917348,50.930406,0
              5.917104,50.930312,0
              5.91675,50.930169,0
              5.91626,50.92992,0
              5.915547,50.929525,0
              5.915234,50.929372,0
              5.914904,50.929198,0
              5.914853,50.929173,0
              5.914841,50.929167,0
              5.914832,50.929162,0
              5.91472,50.929113,0
              5.914709,50.929109,0
              5.914494,50.928954,0
              5.914342,50.92884,0
              5.914336,50.928836,0
              5.914329,50.928831,0
              5.914067,50.92864,0
              5.913864,50.928488,0
              5.913526,50.928259,0
              5.913374,50.928168,0
              5.913147,50.928052,0
              5.913212,50.928003,0
              5.913265,50.927962,0
              5.913257,50.927957,0
              5.913132,50.927894,0
              5.912925,50.927807,0
              5.912781,50.927747,0
              5.912501,50.927652,0
              5.912298,50.927589,0
              5.912296,50.927588,0
              5.912206,50.927562,0
              5.912203,50.927561,0
              5.912119,50.927536,0
              5.912116,50.927536,0
              5.911927,50.92748,0
              5.911558,50.927372,0
              5.91149,50.927352,0
              5.911422,50.927332,0
              5.91141,50.927328,0
              5.911408,50.927328,0
              5.911404,50.927327,0
              5.911334,50.927301,0
              5.911177,50.927241,0
              5.911069,50.927206,0
              5.910898,50.927152,0
              5.910731,50.927101,0
              5.910661,50.927079,0
              5.910488,50.927039,0
              5.910376,50.927013,0
              5.910329,50.927004,0
              5.910219,50.926986,0
              5.910104,50.926978,0
              5.910058,50.926974,0
              5.909935,50.926971,0
              5.909847,50.926973,0
              5.909766,50.926975,0
              5.909591,50.926997,0
              5.909292,50.927049,0
              5.909099,50.92708,0
              5.909026,50.92709,0
              5.908926,50.9271,0
              5.908839,50.927106,0
              5.908692,50.927108,0
              5.90862,50.927108,0
              5.908455,50.927126,0
              5.908348,50.927138,0
              5.908098,50.927127,0
              5.907872,50.927116,0
              5.907836,50.927114,0
              5.907615,50.927121,0
              5.907364,50.927128,0
              5.907156,50.927135,0
              5.906955,50.927164,0
              5.906929,50.927167,0
              5.906782,50.927212,0
              5.906583,50.927269,0
              5.906377,50.927321,0
              5.906311,50.927339,0
              5.906157,50.927388,0
              5.906085,50.927411,0
              5.90593,50.927465,0
              5.905818,50.927502,0
              5.905653,50.927531,0
              5.905514,50.927555,0
              5.905368,50.927558,0
              5.905274,50.927553,0
              5.905126,50.927418,0
              5.905063,50.927314,0
              5.905048,50.927288,0
              5.904946,50.92708,0
              5.904855,50.926971,0
              5.904847,50.926964,0
              5.904707,50.926848,0
              5.90461,50.926767,0
              5.904555,50.926721,0
              5.904441,50.926626,0
              5.904432,50.926619,0
              5.90429,50.926522,0
              5.90414,50.926416,0
              5.904101,50.926389,0
              5.90405,50.926361,0
              5.903985,50.926316,0
              5.903954,50.926294,0
              5.903952,50.926292,0
              5.903879,50.926202,0
              5.903842,50.926157,0
              5.903808,50.926116,0
              5.903528,50.925947,0
              5.903408,50.925875,0
              5.90339,50.925854,0
              5.903362,50.92582,0
              5.903282,50.925723,0
              5.90328,50.92572,0
              5.903257,50.925706,0
              5.903185,50.925659,0
              5.903154,50.925623,0
              5.902978,50.925424,0
              5.90295,50.925392,0
              5.902865,50.925299,0
              5.901696,50.925121,0
              5.901484,50.925109,0
              5.901141,50.925087,0
              5.901132,50.925061,0
              5.900867,50.92433,0
              5.900777,50.924037,0
              5.900751,50.92396,0
              5.900724,50.923802,0
              5.900699,50.923697,0
              5.900601,50.923424,0
              5.900651,50.923195,0
              5.900676,50.923198,0
              5.900674,50.92316,0
              5.900675,50.923118,0
              5.900679,50.923098,0
              5.900709,50.923023,0
              5.900746,50.922983,0
              5.900349,50.923021,0
              5.900372,50.923004,0
              5.900155,50.923025,0
              5.90015,50.923025,0
              5.899643,50.923082,0
              5.899631,50.923083,0
              5.899184,50.923133,0
              5.898807,50.923176,0
              5.89869,50.923189,0
              5.898428,50.923219,0
              5.898309,50.923232,0
              5.898379,50.923293,0
              5.898225,50.923309,0
              5.897965,50.92308,0
              5.897674,50.922819,0
              5.897553,50.922684,0
              5.897377,50.922475,0
              5.897187,50.922238,0
              5.896961,50.921969,0
              5.896761,50.921719,0
              5.89647,50.921354,0
              5.896373,50.921229,0
              5.895865,50.920571,0
              5.895723,50.920391,0
              5.895617,50.920266,0
              5.895506,50.920135,0
              5.895456,50.920038,0
              5.895426,50.919946,0
              5.89541,50.919844,0
              5.895409,50.919723,0
              5.895418,50.919644,0
              5.895445,50.919561,0
              5.89554,50.919307,0
              5.8956,50.919286,0
              5.895758,50.918968,0
              5.895951,50.918796,0
              5.896012,50.918756,0
              5.896144,50.918674,0
              5.896345,50.918558,0
              5.896484,50.918494,0
              5.8965,50.918458,0
              5.897106,50.918231,0
              5.897193,50.918192,0
              5.897506,50.918016,0
              5.897966,50.91775,0
              5.898843,50.917259,0
              5.899379,50.916928,0
              5.899491,50.916868,0
              5.899586,50.916824,0
              5.899808,50.916768,0
              5.900036,50.916726,0
              5.900124,50.916714,0
              5.900227,50.916705,0
              5.900334,50.916704,0
              5.900396,50.916706,0
              5.90052,50.916716,0
              5.900691,50.91674,0
              5.900698,50.916737,0
              5.900699,50.916738,0
              5.900733,50.916745,0
              5.90078,50.916756,0
              5.900822,50.916765,0
              5.900871,50.916778,0
              5.900921,50.916792,0
              5.900963,50.916804,0
              5.901008,50.916817,0
              5.90104,50.916828,0
              5.901078,50.91684,0
              5.901108,50.916852,0
              5.901119,50.916856,0
              5.901157,50.916865,0
              5.901192,50.916888,0
              5.901227,50.9169,0
              5.90134,50.916937,0
              5.901497,50.916984,0
              5.901704,50.917055,0
              5.901842,50.917099,0
              5.901874,50.917092,0
              5.901941,50.917136,0
              5.902086,50.91718,0
              5.902267,50.917219,0
              5.902423,50.917239,0
              5.902467,50.917244,0
              5.902494,50.917247,0
              5.90252,50.917248,0
              5.902544,50.917249,0
              5.902572,50.91725,0
              5.90262,50.917252,0
              5.90267,50.917255,0
              5.902724,50.917258,0
              5.902816,50.917262,0
              5.902943,50.917269,0
              5.90306,50.917274,0
              5.903235,50.917284,0
              5.90341,50.917292,0
              5.903551,50.9173,0
              5.903651,50.917305,0
              5.90372,50.91731,0
              5.903747,50.917311,0
              5.903771,50.917312,0
              5.903796,50.917312,0
              5.903823,50.917312,0
              5.903849,50.91731,0
              5.903879,50.917309,0
              5.903904,50.917307,0
              5.903931,50.917305,0
              5.903957,50.917302,0
              5.903982,50.9173,0
              5.904027,50.917294,0
              5.904071,50.917288,0
              5.904104,50.917284,0
              5.90414,50.917278,0
              5.90417,50.917272,0
              5.904209,50.917265,0
              5.904248,50.917257,0
              5.904282,50.917249,0
              5.904314,50.917242,0
              5.904349,50.917232,0
              5.90438,50.917224,0
              5.904403,50.917217,0
              5.904436,50.917205,0
              5.904462,50.917196,0
              5.90449,50.917185,0
              5.904518,50.917173,0
              5.904544,50.917162,0
              5.904575,50.917148,0
              5.904616,50.917128,0
              5.904653,50.917112,0
              5.904696,50.917093,0
              5.904738,50.917074,0
              5.90478,50.917055,0
              5.904808,50.917041,0
              5.904834,50.917028,0
              5.904878,50.917006,0
              5.904933,50.916979,0
              5.90497,50.916963,0
              5.904995,50.916951,0
              5.90507,50.916918,0
              5.905162,50.916878,0
              5.905235,50.916846,0
              5.905306,50.916814,0
              5.90537,50.916787,0
              5.905395,50.916776,0
              5.905472,50.916741,0
              5.905538,50.916712,0
              5.905633,50.916671,0
              5.905715,50.916634,0
              5.905802,50.916596,0
              5.905888,50.916558,0
              5.905965,50.916524,0
              5.90602,50.9165,0
              5.906067,50.916479,0
              5.906135,50.916449,0
              5.906216,50.916414,0
              5.906325,50.916367,0
              5.90639,50.916339,0
              5.906291,50.916316,0
              5.906449,50.916242,0
              5.906552,50.916266,0
              5.906562,50.91626,0
              5.906594,50.916239,0
              5.906623,50.916223,0
              5.906645,50.916211,0
              5.906658,50.916203,0
              5.906668,50.916197,0
              5.906669,50.916197,0
              5.906682,50.916191,0
              5.906698,50.916183,0
              5.906717,50.916175,0
              5.906732,50.916168,0
              5.906775,50.916151,0
              5.90679,50.916145,0
              5.906806,50.91614,0
              5.906821,50.916134,0
              5.906837,50.916127,0
              5.906854,50.91612,0
              5.906868,50.916115,0
              5.90689,50.916106,0
              5.906929,50.916088,0
              5.906969,50.916071,0
              5.906988,50.916062,0
              5.907013,50.916051,0
              5.907037,50.91604,0
              5.907079,50.91602,0
              5.907141,50.91599,0
              5.907194,50.915966,0
              5.907213,50.915957,0
              5.907265,50.915933,0
              5.907336,50.915901,0
              5.907426,50.915859,0
              5.907484,50.915832,0
              5.907543,50.915805,0
              5.907618,50.915772,0
              5.907691,50.915738,0
              5.907771,50.915701,0
              5.90785,50.915666,0
              5.907899,50.915643,0
              5.907935,50.915627,0
              5.90796,50.915616,0
              5.907978,50.915607,0
              5.908001,50.915596,0
              5.908021,50.915585,0
              5.908061,50.915562,0
              5.908114,50.915534,0
              5.908183,50.915497,0
              5.908233,50.91547,0
              5.908249,50.915459,0
              5.908172,50.91544,0
              5.908094,50.915421,0
              5.908019,50.915402,0
              5.907819,50.915353,0
              5.907758,50.915328,0
              5.907704,50.915287,0
              5.907672,50.915242,0
              5.907666,50.915212,0
              5.907654,50.915178,0
              5.907635,50.915149,0
              5.907436,50.914946,0
              5.90743,50.91494,0
              5.90742,50.914937,0
              5.90722,50.914887,0
              5.906611,50.914694,0
              5.905902,50.914466,0
              5.905816,50.914446,0
              5.905758,50.914438,0
              5.905663,50.914429,0
              5.905581,50.914431,0
              5.905471,50.914443,0
              5.905277,50.914499,0
              5.905204,50.914514,0
              5.905196,50.91454,0
              5.905188,50.914565,0
              5.90488,50.914465,0
              5.904713,50.91429,0
              5.904682,50.914257,0
              5.904664,50.914237,0
              5.904848,50.914173,0
              5.904824,50.914146,0
              5.904207,50.913448,0
              5.904397,50.913381,0
              5.904767,50.913277,0
              5.90498,50.913223,0
              5.905855,50.912998,0
              5.905907,50.912985,0
              5.905958,50.912967,0
              5.906029,50.912946,0
              5.906103,50.91292,0
              5.906169,50.912892,0
              5.906225,50.912865,0
              5.906841,50.912699,0
              5.906842,50.912699,0
              5.908018,50.912382,0
              5.908046,50.912375,0
              5.90808,50.912365,0
              5.90811,50.912357,0
              5.909817,50.911876,0
              5.910002,50.911822,0
              5.91042,50.911695,0
              5.910564,50.911652,0
              5.911054,50.911508,0
              5.911943,50.91124,0
              5.91266,50.91102,0
              5.912982,50.910936,0
              5.913365,50.910819,0
              5.913385,50.910813,0
              5.914357,50.910534,0
              5.91498,50.910363,0
              5.915155,50.910305,0
              5.91529,50.910263,0
              5.91534,50.910245,0
              5.915606,50.910141,0
              5.915939,50.910091,0
              5.916305,50.909965,0
              5.916327,50.909948,0
              5.91638,50.909908,0
              5.916433,50.909868,0
              5.916438,50.909864,0
              5.916629,50.909718,0
              5.916712,50.909652,0
              5.916835,50.909556,0
              5.916909,50.909498,0
              5.916921,50.909488,0
              5.916994,50.909431,0
              5.91712,50.909333,0
              5.917232,50.909337,0
              5.917297,50.909339,0
              5.917592,50.909223,0
              5.918725,50.908715,0
              5.919264,50.908438,0
              5.920286,50.907845,0
              5.920434,50.907736,0
              5.920965,50.907346,0
              5.92161,50.906835,0
              5.921613,50.906833,0
              5.921648,50.906807,0
              5.921662,50.906796,0
              5.922056,50.906502,0
              5.922237,50.906354,0
              5.922483,50.906157,0
              5.922956,50.90585,0
              5.923517,50.90557,0
              5.923484,50.905405,0
              5.923418,50.905422,0
              5.923366,50.905429,0
              5.923225,50.90544,0
              5.923078,50.905455,0
              5.922911,50.905478,0
              5.922717,50.905509,0
              5.922556,50.905543,0
              5.92239,50.905585,0
              5.922056,50.905681,0
              5.921884,50.905733,0
              5.921866,50.90571,0
              5.921765,50.905571,0
              5.921759,50.905563,0
              5.923721,50.904965,0
              5.923605,50.904691,0
              5.923429,50.904526,0
              5.923343,50.904446,0
              5.923405,50.904406,0
              5.923472,50.904362,0
              5.923518,50.904333,0
              5.923666,50.904454,0
              5.923826,50.904617,0
              5.924181,50.904844,0
              5.924461,50.904656,0
              5.924628,50.904469,0
              5.924841,50.904298,0
              5.925047,50.90411,0
              5.925297,50.903949,0
              5.925352,50.90384,0
              5.925407,50.903731,0
              5.925467,50.903504,0
              5.925495,50.903401,0
              5.925493,50.903399,0
              5.92559,50.903282,0
              5.925478,50.902619,0
              5.925485,50.902609,0
              5.925934,50.901933,0
              5.925946,50.901938,0
              5.925957,50.901928,0
              5.926149,50.901801,0
              5.926417,50.901643,0
              5.926607,50.901533,0
              5.926747,50.901456,0
              5.926795,50.901426,0
              5.926857,50.901385,0
              5.926919,50.90134,0
              5.926982,50.901291,0
              5.927121,50.901183,0
              5.927395,50.900979,0
              5.92739,50.900969,0
              5.927408,50.900956,0
              5.927462,50.900968,0
              5.927976,50.900774,0
              5.927992,50.900768,0
              5.92814,50.9007,0
              5.928182,50.900681,0
              5.928502,50.900527,0
              5.928513,50.900522,0
              5.928515,50.900521,0
              5.928596,50.900483,0
              5.928645,50.900439,0
              5.928674,50.900412,0
              5.929,50.900113,0
              5.929196,50.899927,0
              5.929264,50.899862,0
              5.929327,50.899803,0
              5.929399,50.899734,0
              5.929438,50.899687,0
              5.929484,50.899633,0
              5.929517,50.899593,0
              5.929614,50.899478,0
              5.929731,50.899337,0
              5.929738,50.899328,0
              5.929801,50.899241,0
              5.929806,50.899235,0
              5.929835,50.899195,0
              5.929881,50.899132,0
              5.930024,50.898977,0
              5.930062,50.898934,0
              5.930179,50.898815,0
              5.930272,50.898732,0
              5.930372,50.898644,0
              5.930483,50.898544,0
              5.930526,50.898506,0
              5.930559,50.898477,0
              5.930561,50.898475,0
              5.93089,50.898182,0
              5.930904,50.89817,0
              5.930922,50.898154,0
              5.93099,50.898093,0
              5.930998,50.898085,0
              5.931,50.898084,0
              5.931077,50.898015,0
              5.931299,50.897837,0
              5.931513,50.897656,0
              5.931687,50.897461,0
              5.931807,50.897244,0
              5.931919,50.897024,0
              5.931924,50.896908,0
              5.932046,50.896673,0
              5.932059,50.896648,0
              5.932114,50.896542,0
              5.932284,50.896376,0
              5.932423,50.89624,0
              5.932478,50.896186,0
              5.932889,50.895818,0
              5.933382,50.89548,0
              5.934451,50.894519,0
              5.934616,50.89437,0
              5.935407,50.893618,0
              5.935554,50.893473,0
              5.935611,50.893416,0
              5.935792,50.893238,0
              5.935834,50.893197,0
              5.935989,50.893046,0
              5.936105,50.892933,0
              5.936144,50.892895,0
              5.936181,50.892859,0
              5.936199,50.892843,0
              5.93628,50.892768,0
              5.936586,50.892487,0
              5.936995,50.892117,0
              5.937407,50.891748,0
              5.937621,50.891545,0
              5.938194,50.891,0
              5.938712,50.89051,0
              5.938713,50.890509,0
              5.938874,50.89036,0
              5.939089,50.890168,0
              5.939107,50.890152,0
              5.939415,50.88988,0
              5.939831,50.889513,0
              5.940733,50.888769,0
              5.941168,50.888428,0
              5.941514,50.888229,0
              5.941482,50.888215,0
              5.941509,50.88819,0
              5.942576,50.887272,0
              5.942885,50.887026,0
              5.943346,50.886683,0
              5.943783,50.886329,0
              5.945105,50.885274,0
              5.945566,50.884933,0
              5.946054,50.884605,0
              5.946398,50.884209,0
              5.946802,50.883842,0
              5.947218,50.88348,0
              5.947922,50.882704,0
              5.948108,50.882546,0
              5.948129,50.882528,0
              5.948346,50.882345,0
              5.949123,50.881597,0
              5.949488,50.881216,0
              5.950236,50.880456,0
              5.950585,50.880068,0
              5.951627,50.878905,0
              5.95193,50.878584,0
              5.951946,50.878566,0
              5.951957,50.878554,0
              5.951987,50.878523,0
              5.952351,50.878135,0
              5.952524,50.877988,0
              5.952616,50.877895,0
              5.952733,50.877777,0
              5.953098,50.877368,0
              5.953501,50.876996,0
              5.953716,50.876796,0
              5.954029,50.876503,0
              5.954071,50.876514,0
              5.954524,50.876042,0
              5.954692,50.875774,0
              5.954831,50.87555,0
              5.954908,50.875566,0
              5.9552,50.875302,0
              5.955335,50.875194,0
              5.955477,50.875067,0
              5.955737,50.874832,0
              5.955898,50.874688,0
              5.956218,50.874405,0
              5.95626,50.874371,0
              5.95629,50.874342,0
              5.956302,50.874326,0
              5.956319,50.874313,0
              5.956346,50.874293,0
              5.956367,50.874274,0
              5.956396,50.87425,0
              5.956584,50.874083,0
              5.957534,50.873231,0
              5.957266,50.873111,0
              5.957321,50.873076,0
              5.957339,50.873063,0
              5.957498,50.872945,0
              5.95782,50.872687,0
              5.958261,50.872313,0
              5.958593,50.872039,0
              5.959235,50.871494,0
              5.95921,50.871475,0
              5.959183,50.871456,0
              5.959207,50.871438,0
              5.959239,50.871414,0
              5.959533,50.871049,0
              5.959646,50.870925,0
              5.959864,50.870705,0
              5.960168,50.870426,0
              5.960279,50.870336,0
              5.960403,50.870233,0
              5.960577,50.870105,0
              5.961006,50.869817,0
              5.961322,50.869654,0
              5.961413,50.8696,0
              5.961511,50.869652,0
              5.961624,50.869552,0
              5.96165,50.869521,0
              5.961653,50.869518,0
              5.961741,50.869418,0
              5.961858,50.869265,0
              5.961872,50.869246,0
              5.961913,50.8692,0
              5.961977,50.86909,0
              5.962143,50.868737,0
              5.962177,50.868703,0
              5.962193,50.868686,0
              5.962492,50.86838,0
              5.962609,50.868261,0
              5.962971,50.867894,0
              5.96308,50.867784,0
              5.963236,50.867658,0
              5.963272,50.867629,0
              5.963374,50.867555,0
              5.963468,50.867494,0
              5.96351,50.867468,0
              5.96386,50.86724,0
              5.963893,50.867217,0
              5.963952,50.867173,0
              5.963982,50.867154,0
              5.964237,50.866976,0
              5.964313,50.866926,0
              5.96448,50.866822,0
              5.96461,50.866744,0
              5.964762,50.866649,0
              5.964791,50.86663,0
              5.964813,50.866613,0
              5.964864,50.866565,0
              5.964906,50.866521,0
              5.965011,50.866416,0
              5.965062,50.866367,0
              5.96508,50.866347,0
              5.965175,50.866255,0
              5.965199,50.866222,0
              5.965216,50.866193,0
              5.965232,50.866157,0
              5.965256,50.86609,0
              5.965335,50.865931,0
              5.965339,50.865921,0
              5.965385,50.865809,0
              5.965422,50.865732,0
              5.965474,50.865642,0
              5.965558,50.865477,0
              5.965616,50.865368,0
              5.965672,50.865275,0
              5.96575,50.865153,0
              5.965828,50.865046,0
              5.965882,50.864969,0
              5.965918,50.864912,0
              5.965997,50.864772,0
              5.966042,50.8647,0
              5.966107,50.864587,0
              5.966165,50.864498,0
              5.966205,50.86444,0
              5.966231,50.864404,0
              5.96629,50.864328,0
              5.966383,50.864219,0
              5.966428,50.864164,0
              5.966512,50.864059,0
              5.966626,50.863912,0
              5.966655,50.863864,0
              5.966682,50.86382,0
              5.966931,50.863354,0
              5.967002,50.863234,0
              5.967126,50.86308,0
              5.967298,50.862863,0
              5.967332,50.862819,0
              5.967413,50.862708,0
              5.967528,50.862558,0
              5.967646,50.862399,0
              5.967795,50.862201,0
              5.967842,50.862141,0
              5.967903,50.862059,0
              5.967989,50.861944,0
              5.968183,50.861677,0
              5.968313,50.861502,0
              5.968392,50.861394,0
              5.968431,50.861336,0
              5.968453,50.861307,0
              5.968526,50.861204,0
              5.968548,50.861171,0
              5.968567,50.86114,0
              5.968593,50.861095,0
              5.968596,50.861089,0
              5.968599,50.861085,0
              5.968602,50.861082,0
              5.968609,50.861083,0
              5.968644,50.861034,0
              5.968662,50.861009,0
              5.968756,50.860913,0
              5.968793,50.860865,0
              5.968845,50.860821,0
              5.968916,50.860748,0
              5.968933,50.860728,0
              5.968961,50.860701,0
              5.968987,50.860679,0
              5.969086,50.860614,0
              5.969145,50.860501,0
              5.969145,50.8605,0
              5.969362,50.86008,0
            </coordinates>
          </LinearRing>
        </outerBoundaryIs>
      </Polygon>
    </Placemark>
    <Placemark>
      <name>Landgraaf</name>
      <description><![CDATA[beschrijving: <br>@id: relation/406384<br>admin_level: 8<br>authoritative: yes<br>boundary: administrative<br>name: Landgraaf<br>name:li: <br>name:nl: <br>name:ru: <br>population: 37445<br>population:date: 2020-01-01<br>ref:gemeentecode: 0882<br>source:population: CBS<br>type: boundary<br>wikidata: Q9795<br>wikipedia: nl:Landgraaf (gemeente)<br>name:de: <br>name:fy: <br>name:la: <br>name:zh-Hans: <br>name:zh-Hant: <br>name:lt: <br>old_name:de: <br>name:carnaval: <br>alt_name:la: <br>alt_name:fr: <br>alt_name:wa: <br>name:ar: <br>name:en: <br>name:eo: <br>name:es: <br>name:fr: <br>name:he: <br>name:ja: <br>name:ko: <br>name:mk: <br>name:ml: <br>name:nds: <br>name:sr: <br>name:uk: <br>name:wa: <br>name:zea: <br>name:zh: <br>old_name:es: <br>@relations: ]]></description>
      <styleUrl>#poly-000000-1200-77</styleUrl>
      <ExtendedData>
        <Data name="beschrijving">
          <value/>
        </Data>
        <Data name="@id">
          <value>relation/406384</value>
        </Data>
        <Data name="admin_level">
          <value>8</value>
        </Data>
        <Data name="authoritative">
          <value>yes</value>
        </Data>
        <Data name="boundary">
          <value>administrative</value>
        </Data>
        <Data name="name">
          <value>Landgraaf</value>
        </Data>
        <Data name="name:li">
          <value/>
        </Data>
        <Data name="name:nl">
          <value/>
        </Data>
        <Data name="name:ru">
          <value/>
        </Data>
        <Data name="population">
          <value>37445</value>
        </Data>
        <Data name="population:date">
          <value>2020-01-01</value>
        </Data>
        <Data name="ref:gemeentecode">
          <value>0882</value>
        </Data>
        <Data name="source:population">
          <value>CBS</value>
        </Data>
        <Data name="type">
          <value>boundary</value>
        </Data>
        <Data name="wikidata">
          <value>Q9795</value>
        </Data>
        <Data name="wikipedia">
          <value>nl:Landgraaf (gemeente)</value>
        </Data>
        <Data name="name:de">
          <value/>
        </Data>
        <Data name="name:fy">
          <value/>
        </Data>
        <Data name="name:la">
          <value/>
        </Data>
        <Data name="name:zh-Hans">
          <value/>
        </Data>
        <Data name="name:zh-Hant">
          <value/>
        </Data>
        <Data name="name:lt">
          <value/>
        </Data>
        <Data name="old_name:de">
          <value/>
        </Data>
        <Data name="name:carnaval">
          <value/>
        </Data>
        <Data name="alt_name:la">
          <value/>
        </Data>
        <Data name="alt_name:fr">
          <value/>
        </Data>
        <Data name="alt_name:wa">
          <value/>
        </Data>
        <Data name="name:ar">
          <value/>
        </Data>
        <Data name="name:en">
          <value/>
        </Data>
        <Data name="name:eo">
          <value/>
        </Data>
        <Data name="name:es">
          <value/>
        </Data>
        <Data name="name:fr">
          <value/>
        </Data>
        <Data name="name:he">
          <value/>
        </Data>
        <Data name="name:ja">
          <value/>
        </Data>
        <Data name="name:ko">
          <value/>
        </Data>
        <Data name="name:mk">
          <value/>
        </Data>
        <Data name="name:ml">
          <value/>
        </Data>
        <Data name="name:nds">
          <value/>
        </Data>
        <Data name="name:sr">
          <value/>
        </Data>
        <Data name="name:uk">
          <value/>
        </Data>
        <Data name="name:wa">
          <value/>
        </Data>
        <Data name="name:zea">
          <value/>
        </Data>
        <Data name="name:zh">
          <value/>
        </Data>
        <Data name="old_name:es">
          <value/>
        </Data>
        <Data name="@relations">
          <value/>
        </Data>
      </ExtendedData>
      <Polygon>
        <outerBoundaryIs>
          <LinearRing>
            <tessellate>1</tessellate>
            <coordinates>
              6.011696,50.92644,0
              6.011588,50.926332,0
              6.012383,50.926272,0
              6.011448,50.92514,0
              6.010855,50.92443,0
              6.008396,50.921444,0
              6.007939,50.920897,0
              6.007195,50.919996,0
              6.007151,50.919943,0
              6.006823,50.919543,0
              6.006376,50.919011,0
              6.006105,50.918679,0
              6.005939,50.918542,0
              6.005718,50.918429,0
              6.005102,50.918112,0
              6.004838,50.917977,0
              6.004783,50.917948,0
              6.004756,50.917934,0
              6.004691,50.917904,0
              6.004301,50.917723,0
              6.003231,50.917225,0
              6.0004,50.915147,0
              6.000314,50.915083,0
              5.999107,50.914197,0
              5.99776,50.913208,0
              5.997559,50.91306,0
              5.997451,50.912981,0
              5.997286,50.91286,0
              5.997144,50.912756,0
              5.997003,50.912653,0
              5.996716,50.912443,0
              5.995737,50.911727,0
              5.995682,50.911672,0
              5.99568,50.91167,0
              5.995651,50.911647,0
              5.994401,50.910752,0
              5.99384,50.91034,0
              5.993432,50.91005,0
              5.993269,50.910083,0
              5.992852,50.909429,0
              5.992682,50.909164,0
              5.992437,50.908787,0
              5.992274,50.908535,0
              5.99212,50.908285,0
              5.992008,50.908113,0
              5.991916,50.907974,0
              5.991692,50.907608,0
              5.991587,50.907437,0
              5.991465,50.907238,0
              5.991428,50.907178,0
              5.991219,50.906843,0
              5.991082,50.906626,0
              5.990963,50.906446,0
              5.990872,50.906324,0
              5.990734,50.90634,0
              5.990715,50.906315,0
              5.990627,50.906193,0
              5.990708,50.906184,0
              5.990759,50.906181,0
              5.99081,50.906177,0
              5.990833,50.906175,0
              5.990935,50.906172,0
              5.991403,50.906163,0
              5.991746,50.906154,0
              5.991909,50.90615,0
              5.992258,50.906139,0
              5.99229,50.906137,0
              5.992379,50.906131,0
              5.992204,50.905666,0
              5.992188,50.905651,0
              5.992153,50.90562,0
              5.992039,50.905515,0
              5.991838,50.905413,0
              5.991834,50.905407,0
              5.991754,50.905283,0
              5.991734,50.905253,0
              5.99164,50.905108,0
              5.991605,50.905057,0
              5.99181,50.905036,0
              5.992098,50.905007,0
              5.992119,50.905005,0
              5.99243,50.904973,0
              5.992612,50.904955,0
              5.99304,50.904843,0
              5.992971,50.904685,0
              5.993105,50.90466,0
              5.993234,50.904636,0
              5.993292,50.904625,0
              5.99345,50.904593,0
              5.993413,50.904482,0
              5.993702,50.904408,0
              5.993562,50.904088,0
              5.993509,50.903965,0
              5.993368,50.903644,0
              5.99375,50.90342,0
              5.994042,50.9035,0
              5.994281,50.903509,0
              5.994506,50.903514,0
              5.994543,50.903163,0
              5.994564,50.902972,0
              5.994575,50.902856,0
              5.994576,50.902852,0
              5.994589,50.902706,0
              5.994616,50.902465,0
              5.994619,50.902418,0
              5.99462,50.902397,0
              5.994622,50.902354,0
              5.994625,50.9023,0
              5.994626,50.902293,0
              5.994627,50.902261,0
              5.994631,50.902035,0
              5.994657,50.901212,0
              5.99466,50.901027,0
              5.994668,50.900831,0
              5.99467,50.900541,0
              5.994675,50.900434,0
              5.994687,50.900125,0
              5.994692,50.899919,0
              5.994719,50.899196,0
              5.994724,50.899006,0
              5.994734,50.898803,0
              5.994738,50.898556,0
              5.994742,50.898486,0
              5.994744,50.898429,0
              5.99475,50.898306,0
              5.994765,50.897711,0
              5.994768,50.897629,0
              5.994788,50.897091,0
              5.994788,50.896932,0
              5.994791,50.896144,0
              5.994809,50.895575,0
              5.994996,50.895178,0
              5.99504,50.895089,0
              5.995301,50.894648,0
              5.995464,50.894384,0
              5.996103,50.893331,0
              5.996268,50.893061,0
              5.996269,50.893059,0
              5.996299,50.89301,0
              5.9963,50.893008,0
              5.996398,50.892858,0
              5.996564,50.892601,0
              5.996566,50.892598,0
              5.996571,50.892574,0
              5.996602,50.892556,0
              5.997329,50.89269,0
              5.997458,50.892721,0
              5.997603,50.892744,0
              5.998135,50.892827,0
              5.998624,50.892918,0
              5.998625,50.892907,0
              5.998618,50.892837,0
              5.998617,50.892833,0
              5.998617,50.892829,0
              5.998506,50.891805,0
              5.998506,50.891803,0
              5.99885,50.891868,0
              5.998869,50.891872,0
              5.99913,50.891913,0
              5.999181,50.891849,0
              5.999321,50.891673,0
              5.999334,50.891657,0
              5.999342,50.891647,0
              5.999343,50.891645,0
              5.999377,50.891602,0
              5.999431,50.891535,0
              5.999438,50.891527,0
              5.999618,50.891316,0
              5.999644,50.891286,0
              5.999776,50.891153,0
              5.99978,50.891154,0
              5.999867,50.891193,0
              5.999897,50.891206,0
              5.999899,50.891208,0
              6.000039,50.891269,0
              6.000213,50.891123,0
              6.000403,50.890991,0
              6.000415,50.890982,0
              6.00043,50.890972,0
              6.000432,50.890971,0
              6.000447,50.890962,0
              6.000564,50.890892,0
              6.000628,50.890849,0
              6.000744,50.890778,0
              6.000881,50.890712,0
              6.000987,50.890653,0
              6.001001,50.890646,0
              6.001003,50.890644,0
              6.001007,50.890644,0
              6.001238,50.890586,0
              6.001354,50.890558,0
              6.001355,50.890557,0
              6.001686,50.890457,0
              6.001687,50.890456,0
              6.002862,50.889565,0
              6.003005,50.889458,0
              6.003017,50.889449,0
              6.003835,50.888869,0
              6.004465,50.888422,0
              6.005356,50.887792,0
              6.005372,50.88778,0
              6.005387,50.88777,0
              6.00548,50.887696,0
              6.005505,50.887676,0
              6.005892,50.887365,0
              6.006398,50.886992,0
              6.006642,50.886782,0
              6.007066,50.886367,0
              6.007426,50.886126,0
              6.008265,50.885562,0
              6.008496,50.885047,0
              6.008562,50.884936,0
              6.009008,50.884177,0
              6.009084,50.884047,0
              6.009098,50.88388,0
              6.009199,50.882626,0
              6.009207,50.882528,0
              6.00924,50.882113,0
              6.009241,50.882102,0
              6.009284,50.881566,0
              6.009326,50.88105,0
              6.009401,50.880127,0
              6.009429,50.879776,0
              6.009515,50.878705,0
              6.009534,50.878476,0
              6.009856,50.877866,0
              6.009894,50.877794,0
              6.010094,50.877605,0
              6.010091,50.877599,0
              6.010018,50.877449,0
              6.010559,50.876937,0
              6.010477,50.876894,0
              6.010602,50.876774,0
              6.010896,50.876562,0
              6.010952,50.876522,0
              6.010965,50.876513,0
              6.011178,50.87636,0
              6.011407,50.876195,0
              6.012846,50.875159,0
              6.012902,50.875064,0
              6.012956,50.875022,0
              6.013184,50.874726,0
              6.013381,50.874534,0
              6.013758,50.874317,0
              6.014058,50.874144,0
              6.014195,50.874065,0
              6.014198,50.874063,0
              6.014267,50.874023,0
              6.014504,50.873887,0
              6.014884,50.873668,0
              6.014918,50.873642,0
              6.014986,50.873591,0
              6.015026,50.87356,0
              6.015087,50.873515,0
              6.015137,50.873388,0
              6.015141,50.873379,0
              6.015189,50.873259,0
              6.01524,50.873131,0
              6.015338,50.872888,0
              6.015349,50.872876,0
              6.015457,50.872763,0
              6.015521,50.872696,0
              6.015599,50.872614,0
              6.015694,50.872514,0
              6.015743,50.871836,0
              6.015759,50.871623,0
              6.01586,50.87022,0
              6.015919,50.870231,0
              6.016014,50.87025,0
              6.016159,50.870277,0
              6.016169,50.870279,0
              6.016432,50.87033,0
              6.016443,50.870332,0
              6.017004,50.87044,0
              6.017142,50.870467,0
              6.017287,50.870545,0
              6.017604,50.870604,0
              6.019728,50.871326,0
              6.01974,50.871316,0
              6.020245,50.87155,0
              6.02062,50.871231,0
              6.020698,50.871216,0
              6.021123,50.871423,0
              6.021116,50.871429,0
              6.021233,50.871487,0
              6.021353,50.871543,0
              6.021477,50.871594,0
              6.021606,50.871636,0
              6.021771,50.871679,0
              6.021981,50.871726,0
              6.022144,50.871756,0
              6.022274,50.871773,0
              6.022374,50.871784,0
              6.022574,50.87181,0
              6.022721,50.871814,0
              6.022943,50.871791,0
              6.025598,50.871664,0
              6.026227,50.871638,0
              6.026655,50.871626,0
              6.02713,50.871617,0
              6.029609,50.8716,0
              6.031076,50.871592,0
              6.03114,50.871587,0
              6.031144,50.872442,0
              6.03169,50.873543,0
              6.03182,50.8738,0
              6.031994,50.874146,0
              6.032951,50.876615,0
              6.034798,50.879167,0
              6.034027,50.880581,0
              6.034492,50.881108,0
              6.035177,50.882533,0
              6.036053,50.884288,0
              6.037055,50.88632,0
              6.040415,50.88824,0
              6.040792,50.888078,0
              6.041642,50.887608,0
              6.041973,50.887452,0
              6.042141,50.887378,0
              6.042249,50.887334,0
              6.04232,50.88731,0
              6.042723,50.887183,0
              6.043037,50.88712,0
              6.043084,50.887233,0
              6.043172,50.887252,0
              6.043306,50.887512,0
              6.043455,50.887765,0
              6.043626,50.888015,0
              6.043815,50.88826,0
              6.044021,50.888498,0
              6.044249,50.88873,0
              6.044557,50.889087,0
              6.044969,50.889505,0
              6.045534,50.889896,0
              6.044673,50.890293,0
              6.043952,50.890647,0
              6.043631,50.890792,0
              6.043286,50.890944,0
              6.041811,50.891525,0
              6.040421,50.892066,0
              6.04058,50.892132,0
              6.040586,50.892222,0
              6.040634,50.892269,0
              6.040671,50.89232,0
              6.04068,50.89238,0
              6.040714,50.892448,0
              6.040669,50.892504,0
              6.040721,50.892576,0
              6.040832,50.892594,0
              6.040918,50.892611,0
              6.041016,50.892658,0
              6.041035,50.892707,0
              6.040984,50.892777,0
              6.040979,50.892849,0
              6.041072,50.892859,0
              6.041179,50.892876,0
              6.041233,50.892882,0
              6.041418,50.892866,0
              6.04153,50.892804,0
              6.04158,50.892784,0
              6.041665,50.892785,0
              6.041751,50.892775,0
              6.041929,50.892786,0
              6.042018,50.892785,0
              6.042101,50.892789,0
              6.042208,50.892815,0
              6.042287,50.892809,0
              6.042344,50.892797,0
              6.042444,50.892825,0
              6.042537,50.892836,0
              6.042371,50.89313,0
              6.042278,50.893367,0
              6.042137,50.893809,0
              6.042098,50.894067,0
              6.042078,50.894263,0
              6.042078,50.894387,0
              6.042092,50.894604,0
              6.042102,50.894696,0
              6.042108,50.894806,0
              6.042127,50.894965,0
              6.042194,50.894973,0
              6.042206,50.895298,0
              6.04214,50.895313,0
              6.042214,50.895484,0
              6.042174,50.895562,0
              6.042068,50.895652,0
              6.042008,50.895724,0
              6.041974,50.895798,0
              6.041946,50.895907,0
              6.04198,50.895987,0
              6.042032,50.896062,0
              6.042222,50.896245,0
              6.042343,50.896333,0
              6.042423,50.896399,0
              6.042557,50.896483,0
              6.042732,50.896507,0
              6.042822,50.896591,0
              6.042961,50.896792,0
              6.043155,50.897083,0
              6.043308,50.897333,0
              6.043495,50.897615,0
              6.043536,50.897723,0
              6.043529,50.897822,0
              6.043456,50.89798,0
              6.043375,50.898069,0
              6.042998,50.898367,0
              6.042816,50.898574,0
              6.042602,50.898831,0
              6.042557,50.898908,0
              6.042507,50.899,0
              6.042484,50.899174,0
              6.042521,50.899394,0
              6.04262,50.899746,0
              6.042897,50.900409,0
              6.044503,50.900091,0
              6.044669,50.900135,0
              6.045245,50.900026,0
              6.04601,50.899894,0
              6.046882,50.899717,0
              6.047285,50.899647,0
              6.047402,50.899626,0
              6.047503,50.899613,0
              6.047755,50.89958,0
              6.047999,50.899549,0
              6.048084,50.89953,0
              6.048552,50.899427,0
              6.048688,50.899415,0
              6.050332,50.899536,0
              6.052413,50.899686,0
              6.052424,50.899623,0
              6.053367,50.899693,0
              6.053356,50.899753,0
              6.055878,50.899932,0
              6.055858,50.900077,0
              6.056635,50.900114,0
              6.0565,50.900946,0
              6.056526,50.90142,0
              6.056501,50.901487,0
              6.056535,50.901492,0
              6.056514,50.901574,0
              6.056423,50.901742,0
              6.056328,50.901845,0
              6.056552,50.901917,0
              6.056789,50.901987,0
              6.058256,50.902334,0
              6.05873,50.902448,0
              6.059351,50.901212,0
              6.064022,50.902324,0
              6.063859,50.903506,0
              6.063824,50.903658,0
              6.065047,50.903847,0
              6.066461,50.904264,0
              6.073993,50.905109,0
              6.075854,50.905348,0
              6.076082,50.905351,0
              6.079813,50.90577,0
              6.079864,50.90594,0
              6.079973,50.906295,0
              6.079988,50.906344,0
              6.080102,50.906694,0
              6.080222,50.907018,0
              6.080349,50.907337,0
              6.08056,50.9078,0
              6.08076,50.908182,0
              6.080791,50.908242,0
              6.080816,50.90829,0
              6.080838,50.908334,0
              6.080851,50.908358,0
              6.080884,50.908417,0
              6.08091,50.908464,0
              6.080941,50.908522,0
              6.080984,50.908597,0
              6.080991,50.908611,0
              6.081003,50.908632,0
              6.081033,50.908685,0
              6.081047,50.908712,0
              6.081065,50.908742,0
              6.081087,50.908783,0
              6.0811,50.908803,0
              6.081117,50.908832,0
              6.081126,50.908849,0
              6.081146,50.908883,0
              6.081175,50.908923,0
              6.081197,50.908956,0
              6.081246,50.909036,0
              6.081254,50.909049,0
              6.081265,50.909066,0
              6.081274,50.90908,0
              6.081288,50.9091,0
              6.081313,50.909136,0
              6.081349,50.909181,0
              6.0814,50.909246,0
              6.081435,50.909293,0
              6.08146,50.909325,0
              6.081483,50.90935,0
              6.081497,50.909367,0
              6.081501,50.909372,0
              6.081528,50.909406,0
              6.081583,50.909462,0
              6.081601,50.909481,0
              6.081619,50.909496,0
              6.081642,50.90952,0
              6.081679,50.909553,0
              6.081703,50.909576,0
              6.081719,50.909589,0
              6.081771,50.90964,0
              6.081799,50.909666,0
              6.081816,50.909681,0
              6.081833,50.909697,0
              6.08185,50.909714,0
              6.081881,50.909742,0
              6.081902,50.909761,0
              6.081921,50.909778,0
              6.081926,50.909783,0
              6.081956,50.909808,0
              6.082017,50.909854,0
              6.082056,50.909886,0
              6.082107,50.909925,0
              6.082143,50.909953,0
              6.082177,50.90998,0
              6.08219,50.90999,0
              6.082198,50.909995,0
              6.082211,50.910004,0
              6.082268,50.910039,0
              6.082349,50.910093,0
              6.082547,50.910218,0
              6.082704,50.910308,0
              6.082762,50.910341,0
              6.082795,50.910361,0
              6.082833,50.910379,0
              6.082966,50.91045,0
              6.083155,50.910543,0
              6.083882,50.910904,0
              6.084864,50.911401,0
              6.085076,50.911509,0
              6.085137,50.91154,0
              6.085814,50.911883,0
              6.086036,50.912018,0
              6.08635,50.912258,0
              6.086498,50.912412,0
              6.086645,50.912622,0
              6.086654,50.912641,0
              6.086744,50.912819,0
              6.086799,50.913015,0
              6.086806,50.913222,0
              6.086782,50.913378,0
              6.08677,50.913424,0
              6.086743,50.913525,0
              6.086738,50.913553,0
              6.086711,50.913726,0
              6.086738,50.913886,0
              6.086742,50.913906,0
              6.086839,50.914095,0
              6.086984,50.914248,0
              6.08869,50.915713,0
              6.088933,50.915925,0
              6.089339,50.916234,0
              6.089562,50.91634,0
              6.089872,50.916453,0
              6.091038,50.916868,0
              6.0913,50.916968,0
              6.091549,50.917089,0
              6.091576,50.917105,0
              6.091583,50.91711,0
              6.091774,50.917226,0
              6.09197,50.917364,0
              6.092147,50.917512,0
              6.092331,50.9177,0
              6.09303,50.918515,0
              6.093149,50.918664,0
              6.093237,50.918774,0
              6.09335,50.91893,0
              6.093415,50.919031,0
              6.093537,50.91922,0
              6.094098,50.920179,0
              6.094159,50.920307,0
              6.094184,50.920438,0
              6.094181,50.920572,0
              6.094149,50.920702,0
              6.094081,50.920828,0
              6.093989,50.920946,0
              6.093726,50.921231,0
              6.093609,50.921176,0
              6.093597,50.921171,0
              6.092473,50.920648,0
              6.090371,50.919669,0
              6.090331,50.919651,0
              6.090162,50.919572,0
              6.090016,50.919362,0
              6.089436,50.918525,0
              6.088726,50.91875,0
              6.088232,50.918906,0
              6.087642,50.919093,0
              6.087388,50.919174,0
              6.086831,50.919372,0
              6.085379,50.920103,0
              6.085076,50.920266,0
              6.084031,50.92083,0
              6.083839,50.920933,0
              6.083716,50.920977,0
              6.083557,50.921033,0
              6.08355,50.921036,0
              6.082128,50.921541,0
              6.081592,50.92166,0
              6.080281,50.921952,0
              6.077675,50.922532,0
              6.077465,50.922578,0
              6.075578,50.922756,0
              6.075447,50.922745,0
              6.075424,50.922746,0
              6.075366,50.922749,0
              6.074948,50.922767,0
              6.071775,50.923133,0
              6.070676,50.922375,0
              6.07003,50.921929,0
              6.069824,50.921786,0
              6.069744,50.921731,0
              6.068308,50.920738,0
              6.068209,50.92067,0
              6.068184,50.920653,0
              6.067372,50.920726,0
              6.066825,50.920756,0
              6.066378,50.92089,0
              6.065766,50.92106,0
              6.064484,50.921446,0
              6.063604,50.921767,0
              6.063289,50.921882,0
              6.062964,50.922037,0
              6.06257,50.921828,0
              6.062465,50.921758,0
              6.062278,50.921639,0
              6.061998,50.921424,0
              6.061816,50.921238,0
              6.058858,50.921623,0
              6.058727,50.92166,0
              6.057847,50.921755,0
              6.057489,50.921819,0
              6.057011,50.921882,0
              6.056935,50.921892,0
              6.056851,50.921885,0
              6.056837,50.921887,0
              6.05638,50.921945,0
              6.055995,50.921994,0
              6.055606,50.922044,0
              6.054674,50.922164,0
              6.054023,50.922247,0
              6.054502,50.923338,0
              6.054656,50.923714,0
              6.055656,50.925999,0
              6.055672,50.926034,0
              6.055799,50.926327,0
              6.05616,50.927152,0
              6.056122,50.927171,0
              6.055683,50.927376,0
              6.055338,50.927538,0
              6.054571,50.927944,0
              6.053474,50.928526,0
              6.053256,50.928642,0
              6.052392,50.929098,0
              6.05195,50.929331,0
              6.051347,50.929649,0
              6.050894,50.929893,0
              6.050889,50.929896,0
              6.050871,50.929905,0
              6.049578,50.929532,0
              6.049147,50.929382,0
              6.048593,50.929052,0
              6.047527,50.928575,0
              6.047195,50.928425,0
              6.046946,50.928344,0
              6.045582,50.92808,0
              6.04531,50.928511,0
              6.045047,50.928868,0
              6.044999,50.928956,0
              6.044894,50.929063,0
              6.044856,50.92905,0
              6.044729,50.929147,0
              6.044599,50.929246,0
              6.044415,50.929341,0
              6.044151,50.929448,0
              6.043525,50.929698,0
              6.041789,50.930242,0
              6.041502,50.93033,0
              6.041038,50.930472,0
              6.039793,50.930852,0
              6.038589,50.930862,0
              6.038386,50.9309,0
              6.038134,50.930948,0
              6.034118,50.931706,0
              6.030276,50.932429,0
              6.029282,50.932616,0
              6.027314,50.932985,0
              6.022466,50.933896,0
              6.02059,50.93425,0
              6.02008,50.934346,0
              6.018236,50.934695,0
              6.018202,50.934701,0
              6.018112,50.934538,0
              6.01787,50.934101,0
              6.017867,50.934097,0
              6.017525,50.933446,0
              6.017081,50.932603,0
              6.017003,50.932455,0
              6.016648,50.931781,0
              6.016249,50.931024,0
              6.016249,50.931023,0
              6.016137,50.930811,0
              6.01302,50.927743,0
              6.013018,50.927741,0
              6.012459,50.927191,0
              6.012396,50.927128,0
              6.01239,50.927122,0
              6.012287,50.927021,0
              6.012174,50.92691,0
              6.011941,50.926681,0
              6.011811,50.926552,0
              6.011696,50.92644,0
            </coordinates>
          </LinearRing>
        </outerBoundaryIs>
      </Polygon>
    </Placemark>
    <Placemark>
      <name>Kerkrade</name>
      <description><![CDATA[beschrijving: <br>@id: relation/406420<br>admin_level: 8<br>authoritative: yes<br>boundary: administrative<br>name: Kerkrade<br>name:li: Kirchroa<br>name:nl: <br>name:ru: <br>population: 45749<br>population:date: 2020-01-01<br>ref:gemeentecode: 0928<br>source:population: CBS<br>type: boundary<br>wikidata: Q9796<br>wikipedia: nl:Kerkrade (gemeente)<br>name:de: Kerkrade<br>name:fy: <br>name:la: <br>name:zh-Hans: <br>name:zh-Hant: <br>name:lt: Kerkradė<br>old_name:de: Kirchrath<br>name:carnaval: <br>alt_name:la: <br>alt_name:fr: <br>alt_name:wa: <br>name:ar: <br>name:en: <br>name:eo: <br>name:es: <br>name:fr: <br>name:he: <br>name:ja: <br>name:ko: <br>name:mk: <br>name:ml: <br>name:nds: <br>name:sr: <br>name:uk: <br>name:wa: <br>name:zea: <br>name:zh: <br>old_name:es: <br>@relations: ]]></description>
      <styleUrl>#poly-000000-1200-77</styleUrl>
      <ExtendedData>
        <Data name="beschrijving">
          <value/>
        </Data>
        <Data name="@id">
          <value>relation/406420</value>
        </Data>
        <Data name="admin_level">
          <value>8</value>
        </Data>
        <Data name="authoritative">
          <value>yes</value>
        </Data>
        <Data name="boundary">
          <value>administrative</value>
        </Data>
        <Data name="name">
          <value>Kerkrade</value>
        </Data>
        <Data name="name:li">
          <value>Kirchroa</value>
        </Data>
        <Data name="name:nl">
          <value/>
        </Data>
        <Data name="name:ru">
          <value/>
        </Data>
        <Data name="population">
          <value>45749</value>
        </Data>
        <Data name="population:date">
          <value>2020-01-01</value>
        </Data>
        <Data name="ref:gemeentecode">
          <value>0928</value>
        </Data>
        <Data name="source:population">
          <value>CBS</value>
        </Data>
        <Data name="type">
          <value>boundary</value>
        </Data>
        <Data name="wikidata">
          <value>Q9796</value>
        </Data>
        <Data name="wikipedia">
          <value>nl:Kerkrade (gemeente)</value>
        </Data>
        <Data name="name:de">
          <value>Kerkrade</value>
        </Data>
        <Data name="name:fy">
          <value/>
        </Data>
        <Data name="name:la">
          <value/>
        </Data>
        <Data name="name:zh-Hans">
          <value/>
        </Data>
        <Data name="name:zh-Hant">
          <value/>
        </Data>
        <Data name="name:lt">
          <value>Kerkradė</value>
        </Data>
        <Data name="old_name:de">
          <value>Kirchrath</value>
        </Data>
        <Data name="name:carnaval">
          <value/>
        </Data>
        <Data name="alt_name:la">
          <value/>
        </Data>
        <Data name="alt_name:fr">
          <value/>
        </Data>
        <Data name="alt_name:wa">
          <value/>
        </Data>
        <Data name="name:ar">
          <value/>
        </Data>
        <Data name="name:en">
          <value/>
        </Data>
        <Data name="name:eo">
          <value/>
        </Data>
        <Data name="name:es">
          <value/>
        </Data>
        <Data name="name:fr">
          <value/>
        </Data>
        <Data name="name:he">
          <value/>
        </Data>
        <Data name="name:ja">
          <value/>
        </Data>
        <Data name="name:ko">
          <value/>
        </Data>
        <Data name="name:mk">
          <value/>
        </Data>
        <Data name="name:ml">
          <value/>
        </Data>
        <Data name="name:nds">
          <value/>
        </Data>
        <Data name="name:sr">
          <value/>
        </Data>
        <Data name="name:uk">
          <value/>
        </Data>
        <Data name="name:wa">
          <value/>
        </Data>
        <Data name="name:zea">
          <value/>
        </Data>
        <Data name="name:zh">
          <value/>
        </Data>
        <Data name="old_name:es">
          <value/>
        </Data>
        <Data name="@relations">
          <value/>
        </Data>
      </ExtendedData>
      <Polygon>
        <outerBoundaryIs>
          <LinearRing>
            <tessellate>1</tessellate>
            <coordinates>
              6.017142,50.870467,0
              6.017111,50.870295,0
              6.017076,50.870112,0
              6.017394,50.869772,0
              6.017499,50.86983,0
              6.017689,50.869921,0
              6.017823,50.86998,0
              6.017939,50.870029,0
              6.017991,50.870048,0
              6.018315,50.869676,0
              6.018781,50.869831,0
              6.018937,50.869702,0
              6.019932,50.86904,0
              6.020309,50.868791,0
              6.019643,50.868406,0
              6.019447,50.868542,0
              6.019364,50.868518,0
              6.01885,50.868221,0
              6.01861,50.868089,0
              6.017413,50.867397,0
              6.016901,50.867108,0
              6.01657,50.866924,0
              6.016016,50.866605,0
              6.015676,50.866365,0
              6.015473,50.866225,0
              6.015194,50.866019,0
              6.015144,50.865985,0
              6.014753,50.865753,0
              6.01426,50.865502,0
              6.013756,50.86525,0
              6.013532,50.865118,0
              6.013385,50.865026,0
              6.012483,50.864446,0
              6.012389,50.864397,0
              6.012224,50.864323,0
              6.012104,50.864281,0
              6.011833,50.864192,0
              6.011527,50.86409,0
              6.011016,50.863924,0
              6.010667,50.86367,0
              6.010479,50.863536,0
              6.010341,50.863434,0
              6.010087,50.863222,0
              6.009974,50.86312,0
              6.009714,50.862872,0
              6.009512,50.862674,0
              6.009335,50.862498,0
              6.009023,50.862196,0
              6.008918,50.86209,0
              6.008778,50.861947,0
              6.008619,50.861768,0
              6.008537,50.86168,0
              6.00761,50.861122,0
              6.007405,50.861026,0
              6.007137,50.860884,0
              6.006977,50.860801,0
              6.007926,50.859682,0
              6.008172,50.859423,0
              6.007587,50.85925,0
              6.007143,50.859134,0
              6.0071,50.859118,0
              6.00677,50.859018,0
              6.005911,50.858729,0
              6.005546,50.858669,0
              6.005196,50.85863,0
              6.00476,50.858637,0
              6.004224,50.85864,0
              6.003529,50.858613,0
              6.003032,50.858552,0
              6.002668,50.858488,0
              6.002445,50.858437,0
              6.002098,50.85834,0
              6.001572,50.858142,0
              6.00133,50.858031,0
              6.001159,50.857957,0
              6.001053,50.857924,0
              6.000944,50.857893,0
              6.000568,50.857735,0
              6.002945,50.854941,0
              6.002992,50.854908,0
              6.003079,50.854872,0
              6.003536,50.854344,0
              6.005811,50.852187,0
              6.006124,50.8519,0
              6.006546,50.851543,0
              6.00691,50.851281,0
              6.007081,50.851163,0
              6.00734,50.850991,0
              6.007748,50.85075,0
              6.007988,50.850595,0
              6.008999,50.84993,0
              6.009357,50.849544,0
              6.009759,50.848688,0
              6.009826,50.848559,0
              6.00992,50.8484,0
              6.01,50.84828,0
              6.01008,50.848171,0
              6.010144,50.848092,0
              6.010267,50.847965,0
              6.010356,50.847867,0
              6.010532,50.847709,0
              6.01096,50.847442,0
              6.011194,50.847292,0
              6.010992,50.847059,0
              6.011237,50.846844,0
              6.011514,50.846584,0
              6.012024,50.846116,0
              6.012184,50.84626,0
              6.012336,50.846135,0
              6.012423,50.846173,0
              6.01354,50.845228,0
              6.013638,50.845155,0
              6.013746,50.845078,0
              6.013858,50.845003,0
              6.013973,50.844929,0
              6.014092,50.844857,0
              6.014546,50.8446,0
              6.01467,50.844539,0
              6.014788,50.844474,0
              6.0149,50.844406,0
              6.015017,50.844327,0
              6.015742,50.843811,0
              6.0162,50.843757,0
              6.016932,50.843676,0
              6.017959,50.843806,0
              6.018746,50.845791,0
              6.018934,50.846229,0
              6.018946,50.846256,0
              6.019069,50.846268,0
              6.019223,50.846271,0
              6.019458,50.846277,0
              6.019769,50.846288,0
              6.020024,50.846305,0
              6.020188,50.846314,0
              6.020879,50.846359,0
              6.021025,50.846382,0
              6.021609,50.846367,0
              6.02199,50.846384,0
              6.022205,50.846467,0
              6.022395,50.846497,0
              6.022653,50.846586,0
              6.022719,50.846633,0
              6.023214,50.846892,0
              6.025647,50.847722,0
              6.026033,50.847238,0
              6.026864,50.847404,0
              6.027133,50.847464,0
              6.027839,50.84763,0
              6.028012,50.847679,0
              6.028975,50.84808,0
              6.029161,50.848167,0
              6.029258,50.848216,0
              6.029596,50.848381,0
              6.030047,50.848598,0
              6.031199,50.849098,0
              6.031725,50.849346,0
              6.031634,50.84943,0
              6.032107,50.849713,0
              6.032314,50.849834,0
              6.032349,50.849856,0
              6.032372,50.84988,0
              6.03244,50.849941,0
              6.032517,50.849986,0
              6.032601,50.850027,0
              6.032746,50.850082,0
              6.03282,50.85012,0
              6.032854,50.850129,0
              6.033052,50.850208,0
              6.033054,50.850192,0
              6.033045,50.850155,0
              6.033047,50.850141,0
              6.033059,50.85013,0
              6.033069,50.850124,0
              6.033079,50.850123,0
              6.033093,50.850124,0
              6.033114,50.850129,0
              6.033714,50.850345,0
              6.033728,50.850344,0
              6.033802,50.850347,0
              6.033851,50.850356,0
              6.033871,50.850363,0
              6.03389,50.850375,0
              6.033906,50.850387,0
              6.033919,50.8504,0
              6.033915,50.85042,0
              6.033915,50.850455,0
              6.033924,50.850461,0
              6.034282,50.850575,0
              6.034352,50.85058,0
              6.034458,50.850591,0
              6.034475,50.85059,0
              6.034522,50.850581,0
              6.034546,50.85057,0
              6.034562,50.850552,0
              6.034588,50.850506,0
              6.034601,50.850496,0
              6.034619,50.85049,0
              6.034648,50.850488,0
              6.034677,50.850484,0
              6.034692,50.850479,0
              6.034708,50.85048,0
              6.034774,50.850492,0
              6.034858,50.850513,0
              6.034946,50.850528,0
              6.035004,50.850536,0
              6.035043,50.850547,0
              6.035097,50.850552,0
              6.035195,50.850555,0
              6.035218,50.850553,0
              6.035269,50.850556,0
              6.035306,50.850555,0
              6.035328,50.850552,0
              6.035392,50.850529,0
              6.035423,50.850522,0
              6.035456,50.850519,0
              6.035586,50.850519,0
              6.035638,50.850515,0
              6.035665,50.850518,0
              6.035688,50.850519,0
              6.035725,50.850528,0
              6.035771,50.850535,0
              6.035787,50.850532,0
              6.035815,50.850512,0
              6.03583,50.850505,0
              6.035851,50.850504,0
              6.035887,50.850497,0
              6.035898,50.850496,0
              6.035919,50.850476,0
              6.035933,50.850466,0
              6.035945,50.850464,0
              6.035984,50.850464,0
              6.036044,50.850447,0
              6.036051,50.850447,0
              6.036074,50.850443,0
              6.03609,50.850442,0
              6.036112,50.850447,0
              6.036143,50.850456,0
              6.036238,50.850498,0
              6.036274,50.85051,0
              6.036291,50.850519,0
              6.036342,50.850524,0
              6.036366,50.850534,0
              6.036387,50.850548,0
              6.036397,50.85056,0
              6.036435,50.850581,0
              6.03651,50.850611,0
              6.036543,50.850621,0
              6.036581,50.850638,0
              6.036629,50.850642,0
              6.036692,50.85066,0
              6.036704,50.850666,0
              6.036754,50.850703,0
              6.03677,50.850711,0
              6.036781,50.850716,0
              6.036808,50.850724,0
              6.036849,50.850738,0
              6.036881,50.850755,0
              6.036932,50.850766,0
              6.036987,50.850782,0
              6.037023,50.850796,0
              6.037045,50.850806,0
              6.037074,50.850832,0
              6.037098,50.850846,0
              6.037133,50.850855,0
              6.037198,50.850861,0
              6.037236,50.850876,0
              6.037278,50.850887,0
              6.037299,50.850894,0
              6.03732,50.850904,0
              6.037345,50.850918,0
              6.037416,50.850955,0
              6.037479,50.850994,0
              6.037496,50.851006,0
              6.037526,50.851015,0
              6.03755,50.851018,0
              6.0376,50.851019,0
              6.037941,50.851003,0
              6.038548,50.85098,0
              6.038767,50.850931,0
              6.038936,50.850927,0
              6.039117,50.850917,0
              6.039514,50.851052,0
              6.039674,50.851186,0
              6.039685,50.851194,0
              6.039705,50.851193,0
              6.039713,50.851191,0
              6.03974,50.851187,0
              6.039761,50.851187,0
              6.039807,50.851182,0
              6.039873,50.85117,0
              6.039884,50.851166,0
              6.039898,50.851158,0
              6.039922,50.85114,0
              6.039929,50.851131,0
              6.039948,50.85107,0
              6.039965,50.851045,0
              6.039974,50.85104,0
              6.03999,50.851035,0
              6.040015,50.851034,0
              6.040032,50.851036,0
              6.040082,50.851051,0
              6.040095,50.851057,0
              6.040136,50.851069,0
              6.040156,50.851071,0
              6.04017,50.851071,0
              6.040211,50.851067,0
              6.040261,50.851067,0
              6.040284,50.851066,0
              6.040326,50.851073,0
              6.040359,50.851075,0
              6.040387,50.851074,0
              6.040429,50.851076,0
              6.040456,50.851075,0
              6.040602,50.851062,0
              6.040624,50.851064,0
              6.040642,50.851068,0
              6.04069,50.851089,0
              6.040711,50.851101,0
              6.040728,50.851113,0
              6.040756,50.851129,0
              6.040768,50.85114,0
              6.040773,50.851147,0
              6.040781,50.851152,0
              6.040788,50.851155,0
              6.040795,50.851179,0
              6.040794,50.851193,0
              6.040798,50.851207,0
              6.040804,50.851215,0
              6.040823,50.851228,0
              6.04084,50.851233,0
              6.040847,50.851233,0
              6.040864,50.851227,0
              6.040901,50.851205,0
              6.040935,50.851178,0
              6.040966,50.851158,0
              6.041004,50.851128,0
              6.041016,50.85112,0
              6.041042,50.851114,0
              6.04106,50.851115,0
              6.041335,50.851164,0
              6.041426,50.851177,0
              6.041505,50.851192,0
              6.041515,50.851197,0
              6.041531,50.851211,0
              6.04153,50.85122,0
              6.041521,50.851247,0
              6.041526,50.851261,0
              6.041555,50.851286,0
              6.041577,50.851296,0
              6.0416,50.851303,0
              6.04162,50.851307,0
              6.041617,50.851315,0
              6.04163,50.851315,0
              6.041703,50.851296,0
              6.041719,50.851288,0
              6.041733,50.851272,0
              6.041736,50.851261,0
              6.041744,50.851255,0
              6.041803,50.851242,0
              6.041826,50.851244,0
              6.04184,50.851252,0
              6.041846,50.851262,0
              6.041844,50.851271,0
              6.041846,50.851304,0
              6.041854,50.851309,0
              6.041894,50.851308,0
              6.041931,50.851302,0
              6.041956,50.851294,0
              6.041981,50.851283,0
              6.042008,50.851268,0
              6.042027,50.851253,0
              6.042057,50.851225,0
              6.042073,50.851213,0
              6.042079,50.851212,0
              6.04209,50.851214,0
              6.042102,50.851217,0
              6.042141,50.851236,0
              6.042217,50.851301,0
              6.042236,50.851313,0
              6.042266,50.851315,0
              6.042312,50.851311,0
              6.042332,50.851306,0
              6.042345,50.851317,0
              6.042354,50.851327,0
              6.042367,50.851347,0
              6.042372,50.851366,0
              6.042372,50.851377,0
              6.042362,50.851417,0
              6.042363,50.851426,0
              6.042401,50.851471,0
              6.042455,50.851519,0
              6.04249,50.851545,0
              6.042551,50.851576,0
              6.042601,50.851598,0
              6.042622,50.851611,0
              6.042635,50.85162,0
              6.04264,50.851631,0
              6.042641,50.851656,0
              6.042654,50.85171,0
              6.042664,50.85172,0
              6.042679,50.851726,0
              6.042785,50.851746,0
              6.042832,50.851751,0
              6.04284,50.851756,0
              6.042843,50.85176,0
              6.042862,50.85181,0
              6.042884,50.851813,0
              6.042906,50.85181,0
              6.042964,50.851823,0
              6.042987,50.851833,0
              6.04301,50.851846,0
              6.043052,50.85188,0
              6.043076,50.851894,0
              6.0431,50.851908,0
              6.043131,50.851919,0
              6.04315,50.851924,0
              6.043188,50.851924,0
              6.043202,50.851927,0
              6.04322,50.851931,0
              6.04326,50.851946,0
              6.043281,50.851948,0
              6.04332,50.851948,0
              6.04334,50.851951,0
              6.043362,50.851958,0
              6.043404,50.851976,0
              6.04343,50.851989,0
              6.043446,50.851991,0
              6.04351,50.851978,0
              6.043526,50.851978,0
              6.043542,50.85198,0
              6.043571,50.851988,0
              6.043588,50.851989,0
              6.043611,50.851987,0
              6.043641,50.851984,0
              6.04368,50.851976,0
              6.043752,50.851954,0
              6.04377,50.851956,0
              6.043848,50.851972,0
              6.043877,50.851979,0
              6.043877,50.851984,0
              6.043866,50.851996,0
              6.043841,50.852008,0
              6.043829,50.852018,0
              6.04381,50.852028,0
              6.043827,50.852083,0
              6.043828,50.852115,0
              6.043812,50.852134,0
              6.043776,50.852186,0
              6.043767,50.852217,0
              6.043772,50.852234,0
              6.043781,50.852246,0
              6.043796,50.852259,0
              6.043819,50.852275,0
              6.043848,50.852292,0
              6.043886,50.852306,0
              6.043927,50.852318,0
              6.043949,50.852327,0
              6.043953,50.852341,0
              6.043959,50.852349,0
              6.043956,50.85236,0
              6.043946,50.852367,0
              6.043905,50.85239,0
              6.04389,50.852402,0
              6.043879,50.852411,0
              6.04387,50.852429,0
              6.043875,50.852452,0
              6.043936,50.852527,0
              6.043956,50.852543,0
              6.043982,50.852535,0
              6.044012,50.852518,0
              6.044137,50.852475,0
              6.044166,50.852473,0
              6.044176,50.852477,0
              6.044198,50.852493,0
              6.04423,50.852528,0
              6.044256,50.852549,0
              6.044283,50.852583,0
              6.044341,50.85262,0
              6.044406,50.852691,0
              6.04442,50.852695,0
              6.044468,50.852704,0
              6.044478,50.852704,0
              6.044499,50.852707,0
              6.044578,50.852693,0
              6.044654,50.852671,0
              6.044674,50.852662,0
              6.044689,50.852651,0
              6.044708,50.852628,0
              6.044711,50.852619,0
              6.04471,50.852608,0
              6.044704,50.852578,0
              6.044662,50.852535,0
              6.044653,50.852522,0
              6.044649,50.852514,0
              6.044648,50.852506,0
              6.044653,50.8525,0
              6.044663,50.852494,0
              6.044671,50.852493,0
              6.044696,50.852499,0
              6.044714,50.852506,0
              6.044744,50.852525,0
              6.044759,50.852526,0
              6.044766,50.85252,0
              6.044776,50.852509,0
              6.044785,50.852485,0
              6.044791,50.852455,0
              6.0448,50.852445,0
              6.044816,50.852434,0
              6.044853,50.852418,0
              6.044874,50.852412,0
              6.045046,50.852383,0
              6.045068,50.852385,0
              6.045082,50.852391,0
              6.045107,50.852409,0
              6.045141,50.85245,0
              6.045149,50.852473,0
              6.045156,50.852485,0
              6.045155,50.852498,0
              6.045146,50.852537,0
              6.045143,50.852561,0
              6.045154,50.852568,0
              6.045168,50.852571,0
              6.045213,50.852565,0
              6.04526,50.852556,0
              6.04528,50.852559,0
              6.045293,50.852566,0
              6.045302,50.852574,0
              6.045305,50.852582,0
              6.045289,50.852614,0
              6.045278,50.852649,0
              6.045289,50.852669,0
              6.045316,50.8527,0
              6.04534,50.852721,0
              6.045361,50.852736,0
              6.045381,50.852747,0
              6.045391,50.85275,0
              6.04547,50.852738,0
              6.045524,50.852735,0
              6.045627,50.852738,0
              6.045643,50.852742,0
              6.045644,50.852747,0
              6.045638,50.852758,0
              6.045636,50.852776,0
              6.045643,50.85279,0
              6.04565,50.852798,0
              6.045664,50.852808,0
              6.045683,50.852814,0
              6.045726,50.852816,0
              6.045757,50.852809,0
              6.045788,50.852798,0
              6.045822,50.852787,0
              6.045836,50.852785,0
              6.045846,50.852785,0
              6.045857,50.852788,0
              6.045863,50.85279,0
              6.04588,50.852803,0
              6.045905,50.852827,0
              6.045932,50.852847,0
              6.045963,50.85286,0
              6.046006,50.852869,0
              6.046061,50.852874,0
              6.04611,50.852882,0
              6.046123,50.852886,0
              6.046154,50.852903,0
              6.046225,50.852964,0
              6.04625,50.852976,0
              6.046265,50.852978,0
              6.046275,50.852979,0
              6.046283,50.852974,0
              6.046289,50.852968,0
              6.046298,50.852956,0
              6.0463,50.852939,0
              6.046279,50.852899,0
              6.046254,50.852868,0
              6.046246,50.852851,0
              6.046254,50.852839,0
              6.04627,50.852828,0
              6.046281,50.852826,0
              6.046298,50.852828,0
              6.046313,50.852831,0
              6.046407,50.852846,0
              6.046458,50.852848,0
              6.046484,50.852852,0
              6.046525,50.852863,0
              6.046551,50.852881,0
              6.046582,50.852909,0
              6.046606,50.852926,0
              6.046644,50.852972,0
              6.046673,50.853002,0
              6.046713,50.853036,0
              6.046744,50.853057,0
              6.046684,50.853103,0
              6.04667,50.853119,0
              6.046667,50.85313,0
              6.046678,50.853143,0
              6.046689,50.853152,0
              6.046793,50.853159,0
              6.046804,50.853165,0
              6.046836,50.8532,0
              6.046848,50.853219,0
              6.046864,50.853232,0
              6.046893,50.85324,0
              6.046915,50.853245,0
              6.046958,50.853252,0
              6.047106,50.853265,0
              6.047108,50.85328,0
              6.047092,50.853302,0
              6.047098,50.853312,0
              6.047106,50.853316,0
              6.047122,50.853321,0
              6.047198,50.853341,0
              6.047213,50.853346,0
              6.047228,50.85336,0
              6.047279,50.85339,0
              6.047364,50.853417,0
              6.047453,50.85345,0
              6.047469,50.853462,0
              6.04748,50.853475,0
              6.047564,50.853553,0
              6.04758,50.853566,0
              6.047588,50.853568,0
              6.047644,50.853568,0
              6.04771,50.853572,0
              6.047727,50.853575,0
              6.047788,50.853611,0
              6.047862,50.853645,0
              6.047903,50.853661,0
              6.047934,50.85367,0
              6.047957,50.853675,0
              6.047981,50.853677,0
              6.047999,50.853673,0
              6.04798,50.853707,0
              6.048002,50.853714,0
              6.048034,50.853719,0
              6.048073,50.853719,0
              6.048092,50.85372,0
              6.048172,50.853656,0
              6.04824,50.853698,0
              6.048284,50.853707,0
              6.048268,50.853763,0
              6.048297,50.853769,0
              6.048317,50.853769,0
              6.048381,50.853759,0
              6.048418,50.853762,0
              6.048455,50.85377,0
              6.048489,50.85378,0
              6.048504,50.853789,0
              6.04852,50.853808,0
              6.048527,50.853826,0
              6.048527,50.853842,0
              6.04853,50.853862,0
              6.048539,50.853873,0
              6.048655,50.853931,0
              6.048675,50.853938,0
              6.04881,50.853952,0
              6.049004,50.853966,0
              6.04912,50.85397,0
              6.049153,50.853973,0
              6.04931,50.854002,0
              6.049447,50.854023,0
              6.049459,50.854027,0
              6.049476,50.854039,0
              6.049481,50.854047,0
              6.049476,50.854062,0
              6.049477,50.854069,0
              6.049482,50.854076,0
              6.049491,50.85408,0
              6.049544,50.854094,0
              6.049659,50.854095,0
              6.049697,50.8541,0
              6.049738,50.854106,0
              6.049772,50.854115,0
              6.049803,50.854128,0
              6.049829,50.854142,0
              6.049856,50.854155,0
              6.049905,50.854174,0
              6.050044,50.85421,0
              6.050082,50.854225,0
              6.050094,50.854233,0
              6.050102,50.854242,0
              6.050128,50.854311,0
              6.050149,50.854392,0
              6.05016,50.854402,0
              6.050187,50.854421,0
              6.050193,50.854431,0
              6.050193,50.854442,0
              6.050204,50.854491,0
              6.050211,50.854508,0
              6.050222,50.854524,0
              6.050236,50.854539,0
              6.050257,50.854553,0
              6.050285,50.854567,0
              6.05031,50.854578,0
              6.05032,50.854586,0
              6.050324,50.854594,0
              6.050319,50.854626,0
              6.050301,50.854664,0
              6.050294,50.854693,0
              6.050272,50.854711,0
              6.050265,50.854714,0
              6.050254,50.854717,0
              6.050238,50.854719,0
              6.050221,50.854719,0
              6.050183,50.854724,0
              6.050167,50.854733,0
              6.050151,50.854744,0
              6.050146,50.854753,0
              6.050145,50.854761,0
              6.050154,50.85477,0
              6.050307,50.854862,0
              6.050317,50.854872,0
              6.05032,50.854876,0
              6.050322,50.854884,0
              6.050312,50.8549,0
              6.050304,50.854906,0
              6.050287,50.854916,0
              6.050254,50.854949,0
              6.050245,50.854965,0
              6.050242,50.854996,0
              6.050248,50.855011,0
              6.050266,50.855031,0
              6.050303,50.855057,0
              6.05037,50.85509,0
              6.050426,50.85513,0
              6.050447,50.855143,0
              6.050511,50.85517,0
              6.050544,50.855181,0
              6.050652,50.855224,0
              6.050652,50.855238,0
              6.050633,50.855286,0
              6.05064,50.855301,0
              6.050642,50.855304,0
              6.050668,50.855299,0
              6.050673,50.855303,0
              6.050676,50.855314,0
              6.050706,50.855356,0
              6.050757,50.855413,0
              6.05077,50.855422,0
              6.050783,50.855427,0
              6.05081,50.855425,0
              6.050838,50.85542,0
              6.050872,50.855407,0
              6.050944,50.855376,0
              6.050948,50.855419,0
              6.050956,50.855428,0
              6.050982,50.855447,0
              6.050998,50.855446,0
              6.051004,50.855444,0
              6.051017,50.855443,0
              6.051043,50.855414,0
              6.051044,50.855404,0
              6.051051,50.855395,0
              6.051074,50.855372,0
              6.051083,50.855364,0
              6.051094,50.855361,0
              6.051105,50.855362,0
              6.051232,50.855377,0
              6.051361,50.855394,0
              6.051375,50.855398,0
              6.051381,50.855402,0
              6.051404,50.85541,0
              6.051426,50.855414,0
              6.051474,50.855427,0
              6.051542,50.855432,0
              6.051555,50.855436,0
              6.051581,50.85545,0
              6.051602,50.855467,0
              6.051651,50.855486,0
              6.051673,50.855489,0
              6.051685,50.855488,0
              6.051713,50.855481,0
              6.051737,50.855478,0
              6.051766,50.855477,0
              6.051776,50.855479,0
              6.051784,50.855485,0
              6.051789,50.855492,0
              6.051788,50.855504,0
              6.051809,50.855551,0
              6.051828,50.85556,0
              6.051838,50.855575,0
              6.05186,50.855596,0
              6.051873,50.855598,0
              6.051884,50.855596,0
              6.051898,50.855579,0
              6.051928,50.855539,0
              6.051951,50.855521,0
              6.052006,50.855524,0
              6.052068,50.85554,0
              6.052099,50.855547,0
              6.052131,50.855552,0
              6.052193,50.855556,0
              6.052229,50.855561,0
              6.052244,50.855566,0
              6.052264,50.855582,0
              6.052284,50.855611,0
              6.052319,50.855673,0
              6.052327,50.855698,0
              6.052322,50.855714,0
              6.052323,50.855732,0
              6.052356,50.855758,0
              6.052359,50.855764,0
              6.052357,50.855768,0
              6.052357,50.855807,0
              6.05236,50.855822,0
              6.052403,50.855849,0
              6.052411,50.855859,0
              6.052416,50.855877,0
              6.052418,50.855928,0
              6.052433,50.85594,0
              6.052456,50.855952,0
              6.052467,50.855955,0
              6.05248,50.855956,0
              6.052503,50.855961,0
              6.052522,50.855963,0
              6.052538,50.855961,0
              6.052589,50.855977,0
              6.052602,50.855984,0
              6.05265,50.856015,0
              6.05269,50.856048,0
              6.052717,50.856076,0
              6.05273,50.856084,0
              6.052782,50.85609,0
              6.052808,50.856095,0
              6.052826,50.856101,0
              6.052832,50.856105,0
              6.052842,50.856116,0
              6.052896,50.856146,0
              6.052914,50.856148,0
              6.052948,50.85615,0
              6.05297,50.856145,0
              6.052991,50.856147,0
              6.053001,50.856152,0
              6.052976,50.856182,0
              6.052975,50.856188,0
              6.052986,50.8562,0
              6.052997,50.856205,0
              6.05306,50.856219,0
              6.053087,50.856228,0
              6.053128,50.856257,0
              6.053161,50.856267,0
              6.053169,50.856262,0
              6.053206,50.856224,0
              6.053218,50.856223,0
              6.053252,50.85623,0
              6.05327,50.856238,0
              6.053289,50.856255,0
              6.053303,50.856265,0
              6.053338,50.856324,0
              6.053343,50.856348,0
              6.053345,50.856376,0
              6.053331,50.8564,0
              6.053328,50.856419,0
              6.053331,50.856426,0
              6.053354,50.856446,0
              6.05336,50.856463,0
              6.053382,50.856489,0
              6.053409,50.856528,0
              6.053459,50.856576,0
              6.053572,50.856666,0
              6.053624,50.856705,0
              6.053679,50.856741,0
              6.053759,50.856802,0
              6.053884,50.856891,0
              6.05391,50.856908,0
              6.053961,50.856951,0
              6.05404,50.856894,0
              6.05406,50.85691,0
              6.054095,50.8569,0
              6.054116,50.856902,0
              6.054162,50.85691,0
              6.054474,50.857074,0
              6.054744,50.85715,0
              6.054822,50.857181,0
              6.054927,50.857206,0
              6.055051,50.857234,0
              6.0551,50.857235,0
              6.055437,50.857245,0
              6.05627,50.857207,0
              6.056343,50.857198,0
              6.056364,50.857193,0
              6.056415,50.857174,0
              6.056511,50.857146,0
              6.056554,50.857118,0
              6.056798,50.85673,0
              6.056872,50.856441,0
              6.056964,50.856118,0
              6.057097,50.855666,0
              6.057149,50.855512,0
              6.056973,50.85531,0
              6.056786,50.855103,0
              6.056658,50.854956,0
              6.056633,50.854702,0
              6.056633,50.854687,0
              6.056649,50.854645,0
              6.056605,50.85459,0
              6.056569,50.854374,0
              6.056604,50.854351,0
              6.05678,50.854372,0
              6.056857,50.854435,0
              6.05701,50.854411,0
              6.057076,50.854312,0
              6.057084,50.85414,0
              6.056911,50.852984,0
              6.056966,50.852833,0
              6.057222,50.852021,0
              6.056788,50.851877,0
              6.056953,50.851586,0
              6.056748,50.851536,0
              6.056637,50.851547,0
              6.056506,50.851357,0
              6.056795,50.85124,0
              6.056711,50.851076,0
              6.057515,50.85104,0
              6.057583,50.851047,0
              6.057837,50.851075,0
              6.058422,50.851069,0
              6.05906,50.851062,0
              6.05914,50.851043,0
              6.059244,50.851058,0
              6.059311,50.851037,0
              6.059362,50.851005,0
              6.059428,50.850963,0
              6.05948,50.85096,0
              6.059526,50.850967,0
              6.059566,50.850957,0
              6.059584,50.850897,0
              6.05969,50.850911,0
              6.059782,50.850916,0
              6.059909,50.850949,0
              6.059925,50.850952,0
              6.060226,50.850798,0
              6.060295,50.850763,0
              6.060325,50.850759,0
              6.060357,50.850755,0
              6.060358,50.850723,0
              6.060397,50.85072,0
              6.060516,50.85074,0
              6.060676,50.850724,0
              6.060769,50.850641,0
              6.060823,50.850591,0
              6.06091,50.850589,0
              6.061078,50.85052,0
              6.061265,50.850515,0
              6.061306,50.850538,0
              6.061333,50.850574,0
              6.061539,50.850541,0
              6.06181,50.850493,0
              6.061931,50.850472,0
              6.062029,50.850477,0
              6.062168,50.850412,0
              6.062195,50.850344,0
              6.062237,50.850319,0
              6.06233,50.850332,0
              6.062404,50.850343,0
              6.062457,50.850367,0
              6.062511,50.850358,0
              6.062564,50.850272,0
              6.062618,50.850261,0
              6.062799,50.850306,0
              6.062885,50.850308,0
              6.062913,50.850308,0
              6.062982,50.850309,0
              6.063247,50.850268,0
              6.063511,50.850168,0
              6.063636,50.850022,0
              6.063857,50.849961,0
              6.063898,50.849914,0
              6.06404,50.849877,0
              6.064097,50.849874,0
              6.064235,50.849826,0
              6.065061,50.849525,0
              6.065937,50.849278,0
              6.066944,50.848989,0
              6.067044,50.848954,0
              6.067531,50.848774,0
              6.067935,50.848659,0
              6.068919,50.848379,0
              6.069494,50.848203,0
              6.069731,50.848132,0
              6.069877,50.848098,0
              6.070566,50.84787,0
              6.071014,50.847707,0
              6.07107,50.847687,0
              6.071158,50.847661,0
              6.071749,50.847486,0
              6.072413,50.847259,0
              6.072606,50.847178,0
              6.072683,50.847141,0
              6.072685,50.847142,0
              6.072702,50.847135,0
              6.072991,50.847011,0
              6.073018,50.846998,0
              6.073102,50.846961,0
              6.073142,50.846943,0
              6.073359,50.846846,0
              6.073477,50.846794,0
              6.073728,50.846694,0
              6.074035,50.846564,0
              6.07404,50.846562,0
              6.07405,50.846559,0
              6.074066,50.846554,0
              6.074081,50.846548,0
              6.074169,50.846536,0
              6.07417,50.846538,0
              6.07424,50.846732,0
              6.07546,50.852619,0
              6.075843,50.854343,0
              6.076048,50.855445,0
              6.076235,50.856252,0
              6.076751,50.858478,0
              6.076743,50.858478,0
              6.077218,50.860527,0
              6.077242,50.860625,0
              6.077254,50.86066,0
              6.077268,50.860695,0
              6.077298,50.860756,0
              6.077318,50.860788,0
              6.077358,50.860845,0
              6.077389,50.860874,0
              6.077441,50.860929,0
              6.07749,50.860974,0
              6.077555,50.861025,0
              6.077614,50.861066,0
              6.077676,50.861104,0
              6.077757,50.861146,0
              6.077813,50.861171,0
              6.08047,50.862321,0
              6.080571,50.862362,0
              6.080625,50.862386,0
              6.08104,50.862564,0
              6.081043,50.862681,0
              6.081004,50.862798,0
              6.081027,50.864544,0
              6.08158,50.8646,0
              6.08194,50.86464,0
              6.083029,50.864793,0
              6.083396,50.864837,0
              6.085123,50.867304,0
              6.085764,50.868167,0
              6.086235,50.868803,0
              6.086406,50.869064,0
              6.086541,50.869331,0
              6.086643,50.869606,0
              6.086706,50.869884,0
              6.086733,50.870165,0
              6.086728,50.870274,0
              6.086725,50.870354,0
              6.086722,50.870447,0
              6.086675,50.870727,0
              6.086647,50.870827,0
              6.086619,50.870931,0
              6.086593,50.871004,0
              6.086536,50.871066,0
              6.086346,50.871217,0
              6.086141,50.871476,0
              6.086244,50.871561,0
              6.088073,50.872293,0
              6.088102,50.872427,0
              6.087291,50.873414,0
              6.086726,50.874558,0
              6.086662,50.874606,0
              6.086646,50.874633,0
              6.086316,50.875185,0
              6.086035,50.87554,0
              6.085699,50.875845,0
              6.085252,50.876219,0
              6.085074,50.876368,0
              6.086322,50.877433,0
              6.086534,50.877551,0
              6.087026,50.878115,0
              6.08711,50.878281,0
              6.087208,50.878474,0
              6.086781,50.879284,0
              6.086681,50.87945,0
              6.086541,50.879642,0
              6.086438,50.87976,0
              6.086333,50.879877,0
              6.086302,50.879889,0
              6.086274,50.879898,0
              6.086205,50.879913,0
              6.086175,50.879916,0
              6.086024,50.879929,0
              6.085937,50.879945,0
              6.085887,50.879957,0
              6.085834,50.879972,0
              6.085778,50.879986,0
              6.085595,50.880051,0
              6.08552,50.880073,0
              6.085407,50.880101,0
              6.085315,50.880121,0
              6.085217,50.88014,0
              6.085108,50.880155,0
              6.085072,50.880164,0
              6.085025,50.880184,0
              6.084985,50.880215,0
              6.084962,50.880243,0
              6.084941,50.880273,0
              6.084937,50.880323,0
              6.084939,50.880337,0
              6.084946,50.880372,0
              6.084955,50.8804,0
              6.084962,50.880442,0
              6.084959,50.88047,0
              6.084939,50.880522,0
              6.084906,50.880573,0
              6.084885,50.880593,0
              6.084795,50.880654,0
              6.084725,50.880696,0
              6.08459,50.880769,0
              6.084553,50.880783,0
              6.084418,50.880827,0
              6.084329,50.880847,0
              6.08426,50.880868,0
              6.084134,50.880922,0
              6.084098,50.880933,0
              6.08401,50.88095,0
              6.083897,50.880961,0
              6.083801,50.88098,0
              6.08375,50.880994,0
              6.083645,50.881028,0
              6.08357,50.88106,0
              6.083485,50.8811,0
              6.083402,50.881143,0
              6.083193,50.881225,0
              6.083109,50.88126,0
              6.082995,50.881332,0
              6.082851,50.881446,0
              6.082804,50.881477,0
              6.082746,50.881508,0
              6.082654,50.881547,0
              6.082582,50.881575,0
              6.082425,50.881621,0
              6.082382,50.881631,0
              6.082333,50.881636,0
              6.082299,50.881634,0
              6.082263,50.881638,0
              6.082244,50.881647,0
              6.082251,50.881669,0
              6.08229,50.881724,0
              6.08232,50.881762,0
              6.082379,50.881815,0
              6.082419,50.881846,0
              6.08246,50.881872,0
              6.082549,50.881914,0
              6.082622,50.881937,0
              6.082683,50.881952,0
              6.082869,50.881991,0
              6.082912,50.88202,0
              6.082945,50.882049,0
              6.082963,50.882085,0
              6.082972,50.882138,0
              6.082931,50.882226,0
              6.082915,50.882245,0
              6.08283,50.882324,0
              6.082722,50.882406,0
              6.082663,50.882444,0
              6.082609,50.882475,0
              6.082537,50.882507,0
              6.082453,50.88253,0
              6.082379,50.88254,0
              6.082306,50.882542,0
              6.082204,50.882529,0
              6.082146,50.882517,0
              6.082086,50.882498,0
              6.082025,50.882475,0
              6.081979,50.882453,0
              6.081945,50.882428,0
              6.081874,50.882368,0
              6.081791,50.882303,0
              6.081733,50.882273,0
              6.081646,50.882238,0
              6.081579,50.882216,0
              6.081462,50.882181,0
              6.081437,50.882172,0
              6.081423,50.882164,0
              6.081392,50.882156,0
              6.081358,50.882155,0
              6.081245,50.882184,0
              6.081145,50.882238,0
              6.081071,50.882288,0
              6.081004,50.882352,0
              6.080948,50.882421,0
              6.0809,50.88249,0
              6.080813,50.882611,0
              6.080764,50.882659,0
              6.080713,50.882695,0
              6.080666,50.882711,0
              6.080631,50.88272,0
              6.080559,50.88273,0
              6.080515,50.882734,0
              6.080484,50.882731,0
              6.080414,50.882722,0
              6.080366,50.882713,0
              6.080314,50.882699,0
              6.080264,50.882681,0
              6.080222,50.882656,0
              6.080143,50.882601,0
              6.0801,50.882539,0
              6.08006,50.88245,0
              6.080062,50.88237,0
              6.080061,50.882302,0
              6.080043,50.882264,0
              6.080002,50.882231,0
              6.079913,50.882188,0
              6.079842,50.882159,0
              6.079779,50.882154,0
              6.079718,50.882166,0
              6.07968,50.882185,0
              6.079637,50.88223,0
              6.07958,50.882308,0
              6.079496,50.882403,0
              6.07945,50.882474,0
              6.079415,50.882545,0
              6.079397,50.882621,0
              6.079396,50.882715,0
              6.07942,50.882829,0
              6.079442,50.882912,0
              6.079453,50.882943,0
              6.079492,50.882992,0
              6.079523,50.883028,0
              6.079638,50.883135,0
              6.079668,50.883168,0
              6.079698,50.883206,0
              6.079712,50.883243,0
              6.079739,50.883357,0
              6.07974,50.883405,0
              6.079737,50.88345,0
              6.079732,50.883487,0
              6.079715,50.883541,0
              6.079682,50.883617,0
              6.079664,50.883646,0
              6.079641,50.883679,0
              6.079211,50.884125,0
              6.079174,50.884159,0
              6.079152,50.884174,0
              6.079128,50.884184,0
              6.079077,50.884214,0
              6.07902,50.884266,0
              6.078994,50.884294,0
              6.078976,50.88432,0
              6.078944,50.884383,0
              6.07892,50.884414,0
              6.078891,50.884443,0
              6.078873,50.884464,0
              6.078859,50.88451,0
              6.078852,50.884591,0
              6.078837,50.884659,0
              6.078801,50.88475,0
              6.078789,50.884798,0
              6.078776,50.88482,0
              6.078757,50.884831,0
              6.078717,50.884841,0
              6.078673,50.884843,0
              6.078623,50.884855,0
              6.07861,50.884859,0
              6.078569,50.884878,0
              6.078525,50.884891,0
              6.078509,50.884893,0
              6.078472,50.88489,0
              6.078456,50.884886,0
              6.078398,50.884865,0
              6.078366,50.884862,0
              6.078326,50.884873,0
              6.078307,50.884888,0
              6.078296,50.884902,0
              6.07829,50.884917,0
              6.078287,50.884934,0
              6.078281,50.88499,0
              6.078271,50.885029,0
              6.078255,50.885077,0
              6.078225,50.885135,0
              6.078222,50.885156,0
              6.078225,50.885208,0
              6.078253,50.885261,0
              6.078286,50.885298,0
              6.078348,50.885344,0
              6.078422,50.885385,0
              6.07851,50.885426,0
              6.078569,50.885448,0
              6.078626,50.885467,0
              6.078655,50.885476,0
              6.07873,50.885492,0
              6.07877,50.885504,0
              6.078808,50.885517,0
              6.078851,50.885536,0
              6.07889,50.885558,0
              6.078922,50.885581,0
              6.078946,50.885602,0
              6.078957,50.88562,0
              6.078964,50.885636,0
              6.078982,50.88565,0
              6.079086,50.885722,0
              6.079175,50.885799,0
              6.079311,50.885938,0
              6.07933,50.885962,0
              6.079342,50.885987,0
              6.079353,50.886021,0
              6.079355,50.886049,0
              6.079348,50.886115,0
              6.079274,50.886185,0
              6.07918,50.886269,0
              6.079068,50.886362,0
              6.079062,50.886403,0
              6.079063,50.886414,0
              6.07907,50.886434,0
              6.079082,50.886452,0
              6.079098,50.88647,0
              6.079302,50.886647,0
              6.07932,50.886669,0
              6.079336,50.886696,0
              6.079339,50.886727,0
              6.079336,50.886735,0
              6.079332,50.886743,0
              6.07931,50.886767,0
              6.079295,50.886781,0
              6.079274,50.886792,0
              6.079229,50.886806,0
              6.078988,50.88685,0
              6.078969,50.886856,0
              6.078851,50.886909,0
              6.07883,50.886925,0
              6.078816,50.886943,0
              6.078814,50.886949,0
              6.078811,50.887017,0
              6.078818,50.887052,0
              6.07883,50.887092,0
              6.078844,50.887128,0
              6.078877,50.887192,0
              6.07889,50.887228,0
              6.078891,50.887246,0
              6.078886,50.887329,0
              6.07888,50.887359,0
              6.078869,50.887393,0
              6.078832,50.887468,0
              6.078769,50.887556,0
              6.078644,50.887702,0
              6.078615,50.887729,0
              6.078463,50.887835,0
              6.078291,50.887935,0
              6.07821,50.887977,0
              6.078163,50.887994,0
              6.078046,50.88803,0
              6.078004,50.888037,0
              6.077958,50.88804,0
              6.077891,50.888035,0
              6.077796,50.888009,0
              6.077779,50.888002,0
              6.077762,50.887993,0
              6.077735,50.88797,0
              6.077723,50.887953,0
              6.077708,50.887924,0
              6.077703,50.887905,0
              6.077702,50.88789,0
              6.077745,50.887755,0
              6.077752,50.887715,0
              6.077753,50.887675,0
              6.077739,50.887614,0
              6.077709,50.887573,0
              6.077696,50.88756,0
              6.077672,50.887544,0
              6.077638,50.887531,0
              6.077609,50.887524,0
              6.077552,50.887522,0
              6.077528,50.887527,0
              6.077452,50.887551,0
              6.07743,50.887563,0
              6.077406,50.887573,0
              6.077338,50.887617,0
              6.077223,50.887711,0
              6.077185,50.887748,0
              6.07714,50.8878,0
              6.077091,50.887872,0
              6.077061,50.887928,0
              6.077024,50.888011,0
              6.076996,50.888087,0
              6.076982,50.888133,0
              6.076957,50.888262,0
              6.076941,50.888312,0
              6.0769,50.888395,0
              6.076886,50.888412,0
              6.076847,50.888447,0
              6.076827,50.88846,0
              6.076805,50.88848,0
              6.076679,50.888565,0
              6.07665,50.88859,0
              6.076621,50.88862,0
              6.076571,50.888665,0
              6.076542,50.888694,0
              6.076491,50.888754,0
              6.076449,50.888816,0
              6.076428,50.888852,0
              6.076396,50.888922,0
              6.076369,50.889,0
              6.076355,50.889054,0
              6.076352,50.889104,0
              6.076346,50.889134,0
              6.076343,50.889224,0
              6.076343,50.889357,0
              6.07634,50.889395,0
              6.076329,50.889448,0
              6.076319,50.889485,0
              6.076288,50.889574,0
              6.076265,50.889622,0
              6.076234,50.889677,0
              6.076158,50.889781,0
              6.076135,50.889807,0
              6.076012,50.889916,0
              6.075959,50.889955,0
              6.075893,50.889992,0
              6.075817,50.890012,0
              6.075802,50.890018,0
              6.075772,50.890036,0
              6.075762,50.890044,0
              6.075755,50.890052,0
              6.075751,50.890062,0
              6.075743,50.890086,0
              6.075741,50.890096,0
              6.075733,50.890113,0
              6.075705,50.890163,0
              6.075669,50.890213,0
              6.075645,50.890238,0
              6.075616,50.890265,0
              6.075578,50.890295,0
              6.075563,50.890309,0
              6.075546,50.89033,0
              6.075533,50.890354,0
              6.075524,50.890386,0
              6.075522,50.890407,0
              6.07551,50.890439,0
              6.075495,50.890459,0
              6.075468,50.890485,0
              6.075418,50.890519,0
              6.075383,50.89054,0
              6.075374,50.890549,0
              6.075367,50.890565,0
              6.075366,50.890573,0
              6.075398,50.890648,0
              6.075407,50.890698,0
              6.075406,50.890709,0
              6.075409,50.890728,0
              6.07541,50.890774,0
              6.075406,50.890795,0
              6.075401,50.89085,0
              6.075382,50.890914,0
              6.075376,50.890962,0
              6.075378,50.891006,0
              6.075384,50.891027,0
              6.075379,50.891135,0
              6.075388,50.891145,0
              6.07544,50.891166,0
              6.075602,50.891247,0
              6.075669,50.891276,0
              6.075716,50.891294,0
              6.0759,50.891361,0
              6.07596,50.891378,0
              6.076097,50.891414,0
              6.076125,50.891423,0
              6.076192,50.891447,0
              6.07624,50.891473,0
              6.076259,50.891485,0
              6.076284,50.891509,0
              6.0763,50.891532,0
              6.076302,50.89154,0
              6.076298,50.891562,0
              6.076244,50.891652,0
              6.076228,50.891685,0
              6.076204,50.89177,0
              6.076194,50.891895,0
              6.076194,50.891972,0
              6.07619,50.892026,0
              6.076171,50.892077,0
              6.076139,50.892127,0
              6.076131,50.892138,0
              6.076115,50.892153,0
              6.076,50.892241,0
              6.075966,50.892264,0
              6.075936,50.892292,0
              6.075863,50.892348,0
              6.075783,50.892412,0
              6.075747,50.892449,0
              6.075689,50.8925,0
              6.075552,50.89256,0
              6.075422,50.892636,0
              6.075296,50.892703,0
              6.075206,50.892782,0
              6.075182,50.892953,0
              6.075254,50.893058,0
              6.075365,50.893138,0
              6.075603,50.89341,0
              6.075706,50.893493,0
              6.075863,50.89364,0
              6.075886,50.893667,0
              6.075924,50.893725,0
              6.075931,50.893752,0
              6.075923,50.893782,0
              6.075909,50.893808,0
              6.0759,50.893822,0
              6.075884,50.893839,0
              6.075816,50.893893,0
              6.075788,50.89392,0
              6.075752,50.894024,0
              6.075805,50.894107,0
              6.075946,50.89415,0
              6.076114,50.894182,0
              6.076189,50.894216,0
              6.076206,50.894226,0
              6.076218,50.894236,0
              6.076226,50.894249,0
              6.076229,50.894262,0
              6.076229,50.894274,0
              6.076224,50.894292,0
              6.076217,50.894305,0
              6.076189,50.894342,0
              6.076146,50.894395,0
              6.076094,50.894505,0
              6.076157,50.894598,0
              6.076321,50.894594,0
              6.076354,50.894587,0
              6.076427,50.894576,0
              6.076445,50.894575,0
              6.076463,50.894577,0
              6.076506,50.894587,0
              6.076517,50.894591,0
              6.076525,50.894598,0
              6.076548,50.89463,0
              6.076552,50.89464,0
              6.076554,50.894656,0
              6.076553,50.894699,0
              6.076533,50.89475,0
              6.07649,50.894822,0
              6.076429,50.894895,0
              6.076455,50.894995,0
              6.076464,50.895032,0
              6.076464,50.895046,0
              6.076476,50.89508,0
              6.076482,50.895115,0
              6.076483,50.895148,0
              6.076475,50.895211,0
              6.076488,50.89541,0
              6.076556,50.895605,0
              6.076559,50.895628,0
              6.076587,50.895683,0
              6.076621,50.895813,0
              6.07666,50.895925,0
              6.076697,50.89608,0
              6.076691,50.896216,0
              6.076682,50.896303,0
              6.076695,50.896329,0
              6.076691,50.896376,0
              6.07677,50.896452,0
              6.077206,50.896845,0
              6.077317,50.897024,0
              6.077267,50.897218,0
              6.077362,50.897978,0
              6.077366,50.898872,0
              6.077398,50.899107,0
              6.077761,50.899869,0
              6.078175,50.900518,0
              6.078713,50.901304,0
              6.07921,50.901887,0
              6.079601,50.902483,0
              6.07979,50.902717,0
              6.079909,50.902917,0
              6.07999,50.903188,0
              6.079954,50.903321,0
              6.079905,50.903361,0
              6.079913,50.903514,0
              6.079934,50.903537,0
              6.080125,50.903712,0
              6.08019,50.903882,0
              6.080156,50.904076,0
              6.07999,50.904493,0
              6.079956,50.904633,0
              6.079945,50.904708,0
              6.079958,50.904724,0
              6.079949,50.904771,0
              6.079926,50.904771,0
              6.079844,50.904894,0
              6.079809,50.904952,0
              6.079779,50.905011,0
              6.079754,50.905072,0
              6.079738,50.905121,0
              6.079723,50.905183,0
              6.079713,50.905245,0
              6.079709,50.905308,0
              6.079711,50.90537,0
              6.079718,50.905433,0
              6.079738,50.90552,0
              6.079813,50.90577,0
              6.076082,50.905351,0
              6.075854,50.905348,0
              6.073993,50.905109,0
              6.066461,50.904264,0
              6.065047,50.903847,0
              6.063824,50.903658,0
              6.063859,50.903506,0
              6.064022,50.902324,0
              6.059351,50.901212,0
              6.05873,50.902448,0
              6.058256,50.902334,0
              6.056789,50.901987,0
              6.056552,50.901917,0
              6.056328,50.901845,0
              6.056423,50.901742,0
              6.056514,50.901574,0
              6.056535,50.901492,0
              6.056501,50.901487,0
              6.056526,50.90142,0
              6.0565,50.900946,0
              6.056635,50.900114,0
              6.055858,50.900077,0
              6.055878,50.899932,0
              6.053356,50.899753,0
              6.053367,50.899693,0
              6.052424,50.899623,0
              6.052413,50.899686,0
              6.050332,50.899536,0
              6.048688,50.899415,0
              6.048552,50.899427,0
              6.048084,50.89953,0
              6.047999,50.899549,0
              6.047755,50.89958,0
              6.047503,50.899613,0
              6.047402,50.899626,0
              6.047285,50.899647,0
              6.046882,50.899717,0
              6.04601,50.899894,0
              6.045245,50.900026,0
              6.044669,50.900135,0
              6.044503,50.900091,0
              6.042897,50.900409,0
              6.04262,50.899746,0
              6.042521,50.899394,0
              6.042484,50.899174,0
              6.042507,50.899,0
              6.042557,50.898908,0
              6.042602,50.898831,0
              6.042816,50.898574,0
              6.042998,50.898367,0
              6.043375,50.898069,0
              6.043456,50.89798,0
              6.043529,50.897822,0
              6.043536,50.897723,0
              6.043495,50.897615,0
              6.043308,50.897333,0
              6.043155,50.897083,0
              6.042961,50.896792,0
              6.042822,50.896591,0
              6.042732,50.896507,0
              6.042557,50.896483,0
              6.042423,50.896399,0
              6.042343,50.896333,0
              6.042222,50.896245,0
              6.042032,50.896062,0
              6.04198,50.895987,0
              6.041946,50.895907,0
              6.041974,50.895798,0
              6.042008,50.895724,0
              6.042068,50.895652,0
              6.042174,50.895562,0
              6.042214,50.895484,0
              6.04214,50.895313,0
              6.042206,50.895298,0
              6.042194,50.894973,0
              6.042127,50.894965,0
              6.042108,50.894806,0
              6.042102,50.894696,0
              6.042092,50.894604,0
              6.042078,50.894387,0
              6.042078,50.894263,0
              6.042098,50.894067,0
              6.042137,50.893809,0
              6.042278,50.893367,0
              6.042371,50.89313,0
              6.042537,50.892836,0
              6.042444,50.892825,0
              6.042344,50.892797,0
              6.042287,50.892809,0
              6.042208,50.892815,0
              6.042101,50.892789,0
              6.042018,50.892785,0
              6.041929,50.892786,0
              6.041751,50.892775,0
              6.041665,50.892785,0
              6.04158,50.892784,0
              6.04153,50.892804,0
              6.041418,50.892866,0
              6.041233,50.892882,0
              6.041179,50.892876,0
              6.041072,50.892859,0
              6.040979,50.892849,0
              6.040984,50.892777,0
              6.041035,50.892707,0
              6.041016,50.892658,0
              6.040918,50.892611,0
              6.040832,50.892594,0
              6.040721,50.892576,0
              6.040669,50.892504,0
              6.040714,50.892448,0
              6.04068,50.89238,0
              6.040671,50.89232,0
              6.040634,50.892269,0
              6.040586,50.892222,0
              6.04058,50.892132,0
              6.040421,50.892066,0
              6.041811,50.891525,0
              6.043286,50.890944,0
              6.043631,50.890792,0
              6.043952,50.890647,0
              6.044673,50.890293,0
              6.045534,50.889896,0
              6.044969,50.889505,0
              6.044557,50.889087,0
              6.044249,50.88873,0
              6.044021,50.888498,0
              6.043815,50.88826,0
              6.043626,50.888015,0
              6.043455,50.887765,0
              6.043306,50.887512,0
              6.043172,50.887252,0
              6.043084,50.887233,0
              6.043037,50.88712,0
              6.042723,50.887183,0
              6.04232,50.88731,0
              6.042249,50.887334,0
              6.042141,50.887378,0
              6.041973,50.887452,0
              6.041642,50.887608,0
              6.040792,50.888078,0
              6.040415,50.88824,0
              6.037055,50.88632,0
              6.036053,50.884288,0
              6.035177,50.882533,0
              6.034492,50.881108,0
              6.034027,50.880581,0
              6.034798,50.879167,0
              6.032951,50.876615,0
              6.031994,50.874146,0
              6.03182,50.8738,0
              6.03169,50.873543,0
              6.031144,50.872442,0
              6.03114,50.871587,0
              6.031076,50.871592,0
              6.029609,50.8716,0
              6.02713,50.871617,0
              6.026655,50.871626,0
              6.026227,50.871638,0
              6.025598,50.871664,0
              6.022943,50.871791,0
              6.022721,50.871814,0
              6.022574,50.87181,0
              6.022374,50.871784,0
              6.022274,50.871773,0
              6.022144,50.871756,0
              6.021981,50.871726,0
              6.021771,50.871679,0
              6.021606,50.871636,0
              6.021477,50.871594,0
              6.021353,50.871543,0
              6.021233,50.871487,0
              6.021116,50.871429,0
              6.021123,50.871423,0
              6.020698,50.871216,0
              6.02062,50.871231,0
              6.020245,50.87155,0
              6.01974,50.871316,0
              6.019728,50.871326,0
              6.017604,50.870604,0
              6.017287,50.870545,0
              6.017142,50.870467,0
            </coordinates>
          </LinearRing>
        </outerBoundaryIs>
      </Polygon>
    </Placemark>
    <Placemark>
      <name>Simpelveld</name>
      <description><![CDATA[beschrijving: <br>@id: relation/406428<br>admin_level: 8<br>authoritative: yes<br>boundary: administrative<br>name: Simpelveld<br>name:li: <br>name:nl: <br>name:ru: <br>population: 10555<br>population:date: 2020-01-01<br>ref:gemeentecode: 0965<br>source:population: CBS<br>type: boundary<br>wikidata: Q9769<br>wikipedia: nl:Simpelveld (gemeente)<br>name:de: Simpelfeld<br>name:fy: <br>name:la: <br>name:zh-Hans: <br>name:zh-Hant: <br>name:lt: <br>old_name:de: <br>name:carnaval: Zumpelveld<br>alt_name:la: <br>alt_name:fr: <br>alt_name:wa: <br>name:ar: <br>name:en: <br>name:eo: <br>name:es: <br>name:fr: <br>name:he: <br>name:ja: <br>name:ko: <br>name:mk: <br>name:ml: <br>name:nds: <br>name:sr: <br>name:uk: <br>name:wa: <br>name:zea: <br>name:zh: <br>old_name:es: <br>@relations: ]]></description>
      <styleUrl>#poly-000000-1200-77</styleUrl>
      <ExtendedData>
        <Data name="beschrijving">
          <value/>
        </Data>
        <Data name="@id">
          <value>relation/406428</value>
        </Data>
        <Data name="admin_level">
          <value>8</value>
        </Data>
        <Data name="authoritative">
          <value>yes</value>
        </Data>
        <Data name="boundary">
          <value>administrative</value>
        </Data>
        <Data name="name">
          <value>Simpelveld</value>
        </Data>
        <Data name="name:li">
          <value/>
        </Data>
        <Data name="name:nl">
          <value/>
        </Data>
        <Data name="name:ru">
          <value/>
        </Data>
        <Data name="population">
          <value>10555</value>
        </Data>
        <Data name="population:date">
          <value>2020-01-01</value>
        </Data>
        <Data name="ref:gemeentecode">
          <value>0965</value>
        </Data>
        <Data name="source:population">
          <value>CBS</value>
        </Data>
        <Data name="type">
          <value>boundary</value>
        </Data>
        <Data name="wikidata">
          <value>Q9769</value>
        </Data>
        <Data name="wikipedia">
          <value>nl:Simpelveld (gemeente)</value>
        </Data>
        <Data name="name:de">
          <value>Simpelfeld</value>
        </Data>
        <Data name="name:fy">
          <value/>
        </Data>
        <Data name="name:la">
          <value/>
        </Data>
        <Data name="name:zh-Hans">
          <value/>
        </Data>
        <Data name="name:zh-Hant">
          <value/>
        </Data>
        <Data name="name:lt">
          <value/>
        </Data>
        <Data name="old_name:de">
          <value/>
        </Data>
        <Data name="name:carnaval">
          <value>Zumpelveld</value>
        </Data>
        <Data name="alt_name:la">
          <value/>
        </Data>
        <Data name="alt_name:fr">
          <value/>
        </Data>
        <Data name="alt_name:wa">
          <value/>
        </Data>
        <Data name="name:ar">
          <value/>
        </Data>
        <Data name="name:en">
          <value/>
        </Data>
        <Data name="name:eo">
          <value/>
        </Data>
        <Data name="name:es">
          <value/>
        </Data>
        <Data name="name:fr">
          <value/>
        </Data>
        <Data name="name:he">
          <value/>
        </Data>
        <Data name="name:ja">
          <value/>
        </Data>
        <Data name="name:ko">
          <value/>
        </Data>
        <Data name="name:mk">
          <value/>
        </Data>
        <Data name="name:ml">
          <value/>
        </Data>
        <Data name="name:nds">
          <value/>
        </Data>
        <Data name="name:sr">
          <value/>
        </Data>
        <Data name="name:uk">
          <value/>
        </Data>
        <Data name="name:wa">
          <value/>
        </Data>
        <Data name="name:zea">
          <value/>
        </Data>
        <Data name="name:zh">
          <value/>
        </Data>
        <Data name="old_name:es">
          <value/>
        </Data>
        <Data name="@relations">
          <value/>
        </Data>
      </ExtendedData>
      <Polygon>
        <outerBoundaryIs>
          <LinearRing>
            <tessellate>1</tessellate>
            <coordinates>
              5.969362,50.86008,0
              5.969087,50.859931,0
              5.968716,50.859692,0
              5.968568,50.85959,0
              5.96846,50.859512,0
              5.96831,50.859385,0
              5.968217,50.859304,0
              5.968088,50.859183,0
              5.967968,50.859181,0
              5.967834,50.859038,0
              5.967805,50.858717,0
              5.968081,50.858548,0
              5.968096,50.858492,0
              5.967406,50.857998,0
              5.966639,50.857433,0
              5.966101,50.857027,0
              5.965982,50.857056,0
              5.965774,50.856652,0
              5.965747,50.856498,0
              5.965748,50.856398,0
              5.965811,50.856215,0
              5.965845,50.85616,0
              5.965916,50.856062,0
              5.96617,50.855717,0
              5.966186,50.855695,0
              5.966207,50.855609,0
              5.966365,50.855354,0
              5.966374,50.855328,0
              5.966383,50.855301,0
              5.965257,50.855622,0
              5.965226,50.855631,0
              5.96508,50.855675,0
              5.964968,50.855503,0
              5.964966,50.855501,0
              5.964935,50.855421,0
              5.964891,50.85532,0
              5.964806,50.855146,0
              5.963862,50.854804,0
              5.962499,50.85431,0
              5.961407,50.853915,0
              5.961154,50.854284,0
              5.960737,50.854892,0
              5.960698,50.854876,0
              5.96066,50.85486,0
              5.960622,50.854844,0
              5.960584,50.854828,0
              5.960546,50.854812,0
              5.960508,50.854796,0
              5.96047,50.854779,0
              5.960432,50.854763,0
              5.960395,50.854746,0
              5.960357,50.85473,0
              5.96032,50.854713,0
              5.96028,50.854695,0
              5.96024,50.854677,0
              5.9602,50.854659,0
              5.96016,50.854641,0
              5.96012,50.854623,0
              5.960081,50.854605,0
              5.960041,50.854586,0
              5.960002,50.854568,0
              5.959963,50.854549,0
              5.959924,50.854531,0
              5.959885,50.854512,0
              5.959523,50.854328,0
              5.959257,50.854187,0
              5.959221,50.854168,0
              5.959169,50.85414,0
              5.959061,50.85408,0
              5.958981,50.854035,0
              5.958906,50.85399,0
              5.958804,50.853927,0
              5.958709,50.853866,0
              5.958641,50.853821,0
              5.958605,50.853796,0
              5.958568,50.853771,0
              5.958508,50.853728,0
              5.958457,50.853688,0
              5.958391,50.853637,0
              5.958346,50.853602,0
              5.958325,50.853586,0
              5.958303,50.85357,0
              5.958282,50.853554,0
              5.95826,50.853538,0
              5.958238,50.853522,0
              5.958215,50.853506,0
              5.958193,50.85349,0
              5.95817,50.853475,0
              5.958148,50.853459,0
              5.958125,50.853444,0
              5.958102,50.853428,0
              5.958078,50.853413,0
              5.958055,50.853398,0
              5.958031,50.853383,0
              5.958008,50.853368,0
              5.957984,50.853353,0
              5.95796,50.853338,0
              5.957936,50.853324,0
              5.957912,50.853309,0
              5.957893,50.853298,0
              5.957874,50.853287,0
              5.957855,50.853276,0
              5.957836,50.853265,0
              5.957816,50.853255,0
              5.957797,50.853244,0
              5.957778,50.853234,0
              5.957758,50.853223,0
              5.957738,50.853213,0
              5.957718,50.853203,0
              5.957698,50.853193,0
              5.957678,50.853183,0
              5.957657,50.853173,0
              5.957637,50.853164,0
              5.957616,50.853154,0
              5.957595,50.853144,0
              5.957574,50.853135,0
              5.957553,50.853126,0
              5.95755,50.853124,0
              5.957547,50.853123,0
              5.957526,50.853115,0
              5.957508,50.853108,0
              5.957489,50.853102,0
              5.957474,50.853097,0
              5.957459,50.853092,0
              5.957444,50.853087,0
              5.957429,50.853083,0
              5.957414,50.853078,0
              5.957399,50.853074,0
              5.957383,50.85307,0
              5.957368,50.853065,0
              5.957352,50.853061,0
              5.957337,50.853057,0
              5.957321,50.853054,0
              5.957305,50.85305,0
              5.957289,50.853046,0
              5.957273,50.853043,0
              5.957257,50.853039,0
              5.957224,50.853032,0
              5.95719,50.853025,0
              5.957161,50.853019,0
              5.957132,50.853013,0
              5.957104,50.853006,0
              5.957076,50.853,0
              5.957048,50.852993,0
              5.957019,50.852986,0
              5.956991,50.85298,0
              5.956963,50.852973,0
              5.956674,50.852902,0
              5.956274,50.8528,0
              5.956242,50.852791,0
              5.95621,50.852783,0
              5.956178,50.852776,0
              5.956145,50.852768,0
              5.956113,50.85276,0
              5.95608,50.852753,0
              5.956048,50.852745,0
              5.956015,50.852738,0
              5.955983,50.852731,0
              5.95595,50.852724,0
              5.955917,50.852717,0
              5.955884,50.85271,0
              5.955852,50.852704,0
              5.955818,50.852697,0
              5.955789,50.852692,0
              5.95576,50.852688,0
              5.95573,50.852683,0
              5.9557,50.852678,0
              5.95567,50.852674,0
              5.955641,50.85267,0
              5.955611,50.852666,0
              5.955581,50.852662,0
              5.955551,50.852658,0
              5.955521,50.852654,0
              5.955491,50.85265,0
              5.955461,50.852647,0
              5.955431,50.852644,0
              5.955401,50.85264,0
              5.955371,50.852637,0
              5.955341,50.852634,0
              5.955311,50.852632,0
              5.955281,50.852629,0
              5.95525,50.852626,0
              5.955168,50.852619,0
              5.955086,50.852612,0
              5.95508,50.852612,0
              5.955046,50.852609,0
              5.955011,50.852606,0
              5.954976,50.852604,0
              5.954941,50.852601,0
              5.954906,50.852599,0
              5.954872,50.852597,0
              5.954837,50.852594,0
              5.9546,50.852578,0
              5.954518,50.852573,0
              5.954519,50.852569,0
              5.95452,50.852563,0
              5.954518,50.852563,0
              5.954568,50.852516,0
              5.95459,50.852487,0
              5.954723,50.852302,0
              5.954819,50.852166,0
              5.954925,50.852004,0
              5.955022,50.851865,0
              5.955003,50.851858,0
              5.954859,50.851803,0
              5.954506,50.851676,0
              5.954415,50.851642,0
              5.95426,50.851585,0
              5.954164,50.851545,0
              5.954162,50.85154,0
              5.953804,50.850494,0
              5.953888,50.850464,0
              5.953883,50.850414,0
              5.953974,50.85039,0
              5.953948,50.850387,0
              5.953925,50.85038,0
              5.953908,50.85037,0
              5.953892,50.850364,0
              5.95387,50.850352,0
              5.953856,50.850342,0
              5.95384,50.850324,0
              5.953831,50.850295,0
              5.953641,50.849646,0
              5.953423,50.848919,0
              5.953353,50.848687,0
              5.953344,50.848658,0
              5.953309,50.848541,0
              5.953265,50.848382,0
              5.953253,50.848306,0
              5.953264,50.848218,0
              5.953299,50.84813,0
              5.953343,50.848057,0
              5.9534,50.847985,0
              5.953467,50.847917,0
              5.953545,50.847852,0
              5.953631,50.8478,0
              5.953648,50.847789,0
              5.954244,50.847512,0
              5.954714,50.847293,0
              5.954936,50.84719,0
              5.955064,50.847119,0
              5.955163,50.847049,0
              5.955233,50.84699,0
              5.955296,50.846921,0
              5.955333,50.846858,0
              5.955341,50.846845,0
              5.955364,50.846795,0
              5.955376,50.846742,0
              5.955384,50.846661,0
              5.955376,50.846581,0
              5.955346,50.846502,0
              5.955207,50.846276,0
              5.955122,50.84615,0
              5.955103,50.846123,0
              5.95507,50.846088,0
              5.955035,50.846057,0
              5.954995,50.846025,0
              5.95496,50.846002,0
              5.95495,50.845995,0
              5.954831,50.845956,0
              5.954781,50.84595,0
              5.954885,50.845877,0
              5.954995,50.845762,0
              5.955115,50.845611,0
              5.955148,50.845544,0
              5.955183,50.845427,0
              5.955175,50.845382,0
              5.955169,50.845157,0
              5.955178,50.845065,0
              5.955207,50.844967,0
              5.95529,50.844734,0
              5.955343,50.844582,0
              5.955406,50.844445,0
              5.955417,50.844412,0
              5.955519,50.844232,0
              5.955646,50.84401,0
              5.955666,50.843815,0
              5.955828,50.84346,0
              5.955871,50.843353,0
              5.955942,50.843186,0
              5.955974,50.843106,0
              5.955992,50.843046,0
              5.956022,50.842957,0
              5.956039,50.842913,0
              5.956061,50.842831,0
              5.956114,50.84261,0
              5.956183,50.842341,0
              5.956225,50.842184,0
              5.956227,50.842134,0
              5.956231,50.842072,0
              5.956239,50.842004,0
              5.956243,50.841918,0
              5.956238,50.841832,0
              5.956213,50.841615,0
              5.956198,50.841423,0
              5.956172,50.841187,0
              5.956129,50.840876,0
              5.956088,50.840698,0
              5.956039,50.840522,0
              5.95601,50.840393,0
              5.955985,50.840296,0
              5.955962,50.840209,0
              5.95592,50.840072,0
              5.955891,50.839969,0
              5.955864,50.839888,0
              5.955847,50.839828,0
              5.955839,50.839786,0
              5.955837,50.839763,0
              5.955808,50.839748,0
              5.955796,50.839714,0
              5.955794,50.8397,0
              5.955792,50.839692,0
              5.955767,50.839515,0
              5.955766,50.839508,0
              5.955763,50.839429,0
              5.955761,50.839372,0
              5.955761,50.839366,0
              5.95576,50.839296,0
              5.95577,50.839242,0
              5.95577,50.839237,0
              5.955776,50.839207,0
              5.955805,50.839053,0
              5.955806,50.839048,0
              5.955821,50.838994,0
              5.955835,50.838942,0
              5.955836,50.838939,0
              5.955883,50.838817,0
              5.955884,50.838814,0
              5.95589,50.838794,0
              5.955922,50.838685,0
              5.955923,50.838683,0
              5.955996,50.838516,0
              5.956065,50.838326,0
              5.956066,50.838325,0
              5.956166,50.838052,0
              5.956167,50.83805,0
              5.956222,50.837896,0
              5.956223,50.837894,0
              5.956271,50.837761,0
              5.956272,50.837759,0
              5.956304,50.837669,0
              5.95631,50.837628,0
              5.95631,50.837626,0
              5.956313,50.8376,0
              5.956379,50.837425,0
              5.956424,50.837277,0
              5.956425,50.837275,0
              5.956446,50.837206,0
              5.95654,50.836952,0
              5.956542,50.836936,0
              5.956549,50.836861,0
              5.956561,50.836846,0
              5.956602,50.836793,0
              5.956666,50.836672,0
              5.956673,50.836652,0
              5.956688,50.836611,0
              5.956645,50.83646,0
              5.956697,50.836363,0
              5.956778,50.836204,0
              5.956834,50.836092,0
              5.956932,50.8359,0
              5.956947,50.835843,0
              5.956591,50.835769,0
              5.9564,50.835763,0
              5.956408,50.835711,0
              5.956337,50.83574,0
              5.95625,50.835793,0
              5.956176,50.835865,0
              5.955936,50.835814,0
              5.955753,50.83571,0
              5.955525,50.835396,0
              5.955546,50.83531,0
              5.95563,50.835172,0
              5.95577,50.834983,0
              5.955846,50.834867,0
              5.955904,50.834747,0
              5.95594,50.834691,0
              5.956095,50.83445,0
              5.956145,50.834372,0
              5.956149,50.834366,0
              5.956388,50.834024,0
              5.956421,50.83398,0
              5.956484,50.833894,0
              5.95658,50.833743,0
              5.956774,50.833433,0
              5.956795,50.833395,0
              5.957044,50.83294,0
              5.957162,50.832602,0
              5.95747,50.831763,0
              5.957601,50.831556,0
              5.957664,50.831447,0
              5.957763,50.831271,0
              5.957877,50.831043,0
              5.957971,50.830858,0
              5.958062,50.830718,0
              5.958068,50.83071,0
              5.958111,50.830652,0
              5.958112,50.83065,0
              5.958144,50.830564,0
              5.958159,50.830518,0
              5.958202,50.830413,0
              5.958229,50.830351,0
              5.958234,50.83034,0
              5.958285,50.830232,0
              5.958339,50.830141,0
              5.958393,50.830048,0
              5.958447,50.82996,0
              5.9585,50.829887,0
              5.958535,50.829838,0
              5.95861,50.82973,0
              5.958638,50.829693,0
              5.958664,50.829642,0
              5.958679,50.829615,0
              5.958736,50.82951,0
              5.958785,50.829435,0
              5.958794,50.829419,0
              5.958903,50.829227,0
              5.95905,50.829012,0
              5.95916,50.828858,0
              5.959233,50.828774,0
              5.95942,50.828567,0
              5.959486,50.828482,0
              5.959514,50.828425,0
              5.959547,50.828353,0
              5.959544,50.828318,0
              5.959494,50.828242,0
              5.959451,50.828169,0
              5.959441,50.828132,0
              5.959436,50.828108,0
              5.959453,50.828081,0
              5.959472,50.828074,0
              5.959624,50.828034,0
              5.959669,50.828031,0
              5.959794,50.828051,0
              5.959876,50.828069,0
              5.960035,50.828108,0
              5.960093,50.828123,0
              5.960118,50.828088,0
              5.960124,50.82808,0
              5.960191,50.827988,0
              5.960215,50.827953,0
              5.960336,50.827889,0
              5.960629,50.827736,0
              5.961056,50.82751,0
              5.961343,50.827355,0
              5.961453,50.827296,0
              5.961495,50.827273,0
              5.961878,50.827065,0
              5.962168,50.826829,0
              5.962401,50.826642,0
              5.962403,50.826641,0
              5.962689,50.826411,0
              5.963069,50.826108,0
              5.963451,50.825802,0
              5.963868,50.825466,0
              5.964258,50.825154,0
              5.964816,50.824704,0
              5.96518,50.824409,0
              5.965318,50.824304,0
              5.96542,50.824143,0
              5.965577,50.823946,0
              5.965608,50.82396,0
              5.96579,50.823777,0
              5.965923,50.823671,0
              5.965926,50.823666,0
              5.965948,50.823652,0
              5.966045,50.823586,0
              5.966296,50.823444,0
              5.966732,50.823206,0
              5.967048,50.823002,0
              5.967259,50.822832,0
              5.967353,50.822749,0
              5.967473,50.822644,0
              5.967604,50.822544,0
              5.967704,50.822479,0
              5.967904,50.822352,0
              5.967975,50.822313,0
              5.968083,50.82225,0
              5.968143,50.822233,0
              5.96817,50.822216,0
              5.968222,50.822189,0
              5.968268,50.822165,0
              5.969037,50.821967,0
              5.969068,50.82196,0
              5.970029,50.82172,0
              5.970239,50.821668,0
              5.970586,50.821583,0
              5.970688,50.821558,0
              5.970965,50.82149,0
              5.971865,50.821271,0
              5.971371,50.819941,0
              5.97094,50.81879,0
              5.970928,50.818756,0
              5.97062,50.81882,0
              5.970603,50.818781,0
              5.970578,50.81873,0
              5.970565,50.818703,0
              5.97056,50.818693,0
              5.970518,50.818606,0
              5.970389,50.818334,0
              5.970346,50.818339,0
              5.970044,50.817661,0
              5.96983,50.817725,0
              5.969787,50.817635,0
              5.969324,50.816663,0
              5.969318,50.816646,0
              5.970569,50.816414,0
              5.971173,50.816305,0
              5.971196,50.816301,0
              5.971483,50.816249,0
              5.971558,50.816236,0
              5.971609,50.816227,0
              5.971709,50.816209,0
              5.971997,50.816158,0
              5.972154,50.816129,0
              5.972162,50.816128,0
              5.972172,50.816126,0
              5.972212,50.816118,0
              5.972272,50.816107,0
              5.97233,50.816094,0
              5.972913,50.815967,0
              5.972931,50.815964,0
              5.973052,50.815937,0
              5.973165,50.815912,0
              5.973183,50.815908,0
              5.973212,50.815902,0
              5.973425,50.815856,0
              5.973545,50.81583,0
              5.973564,50.815826,0
              5.973712,50.815793,0
              5.973856,50.815762,0
              5.973894,50.815754,0
              5.973914,50.815749,0
              5.974071,50.815715,0
              5.974413,50.81564,0
              5.974433,50.815636,0
              5.974717,50.815574,0
              5.974852,50.815545,0
              5.974891,50.815536,0
              5.974913,50.815532,0
              5.975064,50.815499,0
              5.975086,50.815493,0
              5.975105,50.815488,0
              5.975512,50.815373,0
              5.975775,50.815322,0
              5.976048,50.815269,0
              5.976103,50.815258,0
              5.976625,50.815159,0
              5.977304,50.81503,0
              5.977635,50.814967,0
              5.977688,50.814957,0
              5.977692,50.814956,0
              5.977754,50.814944,0
              5.977845,50.814928,0
              5.978086,50.814882,0
              5.978192,50.814859,0
              5.978254,50.814845,0
              5.978312,50.814832,0
              5.978325,50.81483,0
              5.978376,50.814819,0
              5.978496,50.814795,0
              5.978507,50.814792,0
              5.978639,50.814766,0
              5.978649,50.814764,0
              5.978743,50.814745,0
              5.978918,50.81471,0
              5.978927,50.814709,0
              5.979141,50.814666,0
              5.97922,50.81465,0
              5.979228,50.814648,0
              5.979466,50.814601,0
              5.979523,50.814576,0
              5.97956,50.81453,0
              5.979565,50.814524,0
              5.979926,50.814072,0
              5.980008,50.81395,0
              5.980106,50.813804,0
              5.980278,50.813548,0
              5.980279,50.813547,0
              5.980341,50.813441,0
              5.980373,50.813386,0
              5.980373,50.813385,0
              5.980413,50.81327,0
              5.980445,50.813179,0
              5.980476,50.81309,0
              5.980479,50.813086,0
              5.980539,50.813005,0
              5.980559,50.812978,0
              5.980719,50.81289,0
              5.980922,50.812774,0
              5.981134,50.812654,0
              5.981146,50.812647,0
              5.98137,50.812519,0
              5.981583,50.812397,0
              5.981833,50.812254,0
              5.982052,50.812129,0
              5.982292,50.811982,0
              5.982626,50.811439,0
              5.982643,50.811412,0
              5.982669,50.811369,0
              5.982926,50.811438,0
              5.98297,50.811383,0
              5.98292,50.811299,0
              5.982916,50.811295,0
              5.982873,50.811249,0
              5.982872,50.811248,0
              5.982838,50.811221,0
              5.982722,50.811163,0
              5.98261,50.811112,0
              5.982482,50.811065,0
              5.982478,50.811064,0
              5.982377,50.81103,0
              5.982262,50.810994,0
              5.982258,50.810993,0
              5.982082,50.810934,0
              5.981918,50.810858,0
              5.983482,50.809755,0
              5.983518,50.80973,0
              5.984361,50.810227,0
              5.98489,50.810426,0
              5.985449,50.810559,0
              5.985514,50.810574,0
              5.985647,50.810521,0
              5.986371,50.810142,0
              5.986821,50.8099,0
              5.986908,50.809879,0
              5.987512,50.809639,0
              5.989451,50.80893,0
              5.990158,50.808619,0
              5.990683,50.80838,0
              5.991385,50.808045,0
              5.99158,50.807884,0
              5.991806,50.80771,0
              5.99204,50.807549,0
              5.992786,50.807122,0
              5.993057,50.806915,0
              5.993813,50.806482,0
              5.995008,50.805877,0
              5.995411,50.805694,0
              5.997165,50.804924,0
              5.99885,50.804214,0
              5.998944,50.804182,0
              5.998916,50.804121,0
              5.999938,50.803604,0
              6.000432,50.803346,0
              6.002168,50.802301,0
              6.00237,50.80218,0
              6.003563,50.801464,0
              6.003629,50.801462,0
              6.003693,50.801472,0
              6.004758,50.801871,0
              6.005266,50.802041,0
              6.005885,50.802237,0
              6.006187,50.802334,0
              6.007006,50.802582,0
              6.007637,50.802753,0
              6.00789,50.802912,0
              6.00806,50.803,0
              6.008269,50.803109,0
              6.008432,50.803194,0
              6.008749,50.803359,0
              6.009686,50.803829,0
              6.009995,50.803988,0
              6.010079,50.804046,0
              6.010133,50.804083,0
              6.010564,50.804415,0
              6.011276,50.805107,0
              6.011299,50.805129,0
              6.011393,50.805217,0
              6.011419,50.805242,0
              6.011447,50.805269,0
              6.01196,50.805754,0
              6.012709,50.806417,0
              6.013132,50.806681,0
              6.013585,50.807304,0
              6.01386,50.807675,0
              6.014034,50.80785,0
              6.014509,50.808314,0
              6.014774,50.808536,0
              6.014804,50.808561,0
              6.014834,50.808587,0
              6.014974,50.808704,0
              6.015393,50.809018,0
              6.016166,50.80955,0
              6.016201,50.809574,0
              6.016212,50.809581,0
              6.0165,50.80978,0
              6.016679,50.80988,0
              6.017167,50.810153,0
              6.018,50.810581,0
              6.018083,50.810618,0
              6.019077,50.811071,0
              6.01977,50.811429,0
              6.021042,50.812059,0
              6.021638,50.812332,0
              6.02229,50.812696,0
              6.023328,50.813154,0
              6.02333,50.813155,0
              6.023465,50.813254,0
              6.02371,50.813373,0
              6.023779,50.813406,0
              6.023825,50.813426,0
              6.024071,50.813537,0
              6.024322,50.813652,0
              6.024358,50.813667,0
              6.02442,50.813694,0
              6.024758,50.813888,0
              6.02495,50.814061,0
              6.025029,50.814132,0
              6.023529,50.81465,0
              6.023558,50.814699,0
              6.02377,50.815058,0
              6.02409,50.815411,0
              6.02433,50.815744,0
              6.02449,50.815924,0
              6.024111,50.816111,0
              6.023394,50.816396,0
              6.022469,50.816705,0
              6.022103,50.816809,0
              6.022128,50.816884,0
              6.022241,50.817025,0
              6.023135,50.817874,0
              6.023596,50.818164,0
              6.023768,50.818264,0
              6.023723,50.818402,0
              6.02366,50.818618,0
              6.023314,50.818957,0
              6.022935,50.819329,0
              6.022747,50.819508,0
              6.022044,50.820159,0
              6.021883,50.8201,0
              6.021858,50.820148,0
              6.021317,50.819952,0
              6.021017,50.819849,0
              6.020637,50.81974,0
              6.020632,50.819739,0
              6.020222,50.819954,0
              6.019677,50.820242,0
              6.019134,50.820531,0
              6.018865,50.820677,0
              6.018596,50.820823,0
              6.018589,50.820827,0
              6.018335,50.820975,0
              6.018058,50.821162,0
              6.018051,50.821168,0
              6.017865,50.821312,0
              6.017819,50.821352,0
              6.017657,50.821494,0
              6.017472,50.821685,0
              6.017308,50.821884,0
              6.017292,50.821904,0
              6.017175,50.822047,0
              6.017141,50.822088,0
              6.016981,50.822284,0
              6.016663,50.822685,0
              6.016631,50.822729,0
              6.016363,50.823092,0
              6.016066,50.8235,0
              6.015936,50.823627,0
              6.015746,50.823812,0
              6.015766,50.82382,0
              6.016479,50.824152,0
              6.016671,50.824246,0
              6.01661,50.824335,0
              6.016604,50.824342,0
              6.01655,50.824412,0
              6.016481,50.824492,0
              6.016364,50.824633,0
              6.016273,50.824751,0
              6.016213,50.824846,0
              6.016151,50.824964,0
              6.016096,50.825111,0
              6.016072,50.82518,0
              6.01703,50.825702,0
              6.016279,50.8263,0
              6.016189,50.826373,0
              6.015873,50.826669,0
              6.015608,50.826894,0
              6.015604,50.826899,0
              6.01506,50.827409,0
              6.014667,50.827784,0
              6.014536,50.82791,0
              6.013907,50.828543,0
              6.013152,50.829303,0
              6.012331,50.83013,0
              6.012257,50.83019,0
              6.012246,50.830199,0
              6.011817,50.830544,0
              6.011464,50.830764,0
              6.010987,50.831,0
              6.010419,50.831238,0
              6.010041,50.831351,0
              6.009377,50.831507,0
              6.008648,50.831634,0
              6.00802,50.831718,0
              6.007496,50.831779,0
              6.006979,50.831796,0
              6.006592,50.831792,0
              6.006598,50.831868,0
              6.00601,50.83187,0
              6.005754,50.831856,0
              6.005505,50.831837,0
              6.00534,50.831818,0
              6.005087,50.831779,0
              6.004933,50.831737,0
              6.004707,50.831656,0
              6.004086,50.83142,0
              6.003744,50.831615,0
              6.003554,50.831723,0
              6.00337,50.831827,0
              6.003021,50.832026,0
              6.003688,50.832336,0
              6.003699,50.832342,0
              6.003705,50.832344,0
              6.003708,50.832346,0
              6.003966,50.832484,0
              6.004072,50.832572,0
              6.004228,50.832699,0
              6.004284,50.832745,0
              6.004335,50.832806,0
              6.004624,50.833151,0
              6.004823,50.833467,0
              6.005048,50.833914,0
              6.005062,50.83395,0
              6.005239,50.834435,0
              6.005394,50.834936,0
              6.005397,50.834942,0
              6.005345,50.835634,0
              6.005312,50.835805,0
              6.005255,50.835993,0
              6.005042,50.836575,0
              6.004973,50.836732,0
              6.004915,50.836837,0
              6.004782,50.837029,0
              6.004445,50.837398,0
              6.004221,50.837604,0
              6.00413,50.837678,0
              6.003268,50.838256,0
              6.003208,50.838225,0
              6.003014,50.838118,0
              6.001995,50.838842,0
              6.00199,50.838845,0
              6.001625,50.838975,0
              6.001616,50.838978,0
              6.001534,50.839008,0
              6.000011,50.839827,0
              5.99949,50.840107,0
              5.999779,50.84032,0
              5.999493,50.840474,0
              5.998935,50.840741,0
              5.998358,50.841002,0
              5.99777,50.841254,0
              5.997156,50.84148,0
              5.99676,50.841612,0
              5.996721,50.841562,0
              5.996633,50.841452,0
              5.995684,50.841691,0
              5.994906,50.841869,0
              5.994886,50.841878,0
              5.994265,50.841581,0
              5.994155,50.841887,0
              5.994409,50.842145,0
              5.994331,50.842195,0
              5.994357,50.842273,0
              5.994067,50.842527,0
              5.99403,50.842559,0
              5.993478,50.842846,0
              5.992994,50.843126,0
              5.992906,50.843085,0
              5.992615,50.843283,0
              5.992609,50.843287,0
              5.992377,50.843422,0
              5.991759,50.843645,0
              5.991367,50.843721,0
              5.990938,50.843801,0
              5.990666,50.843847,0
              5.990394,50.843712,0
              5.990071,50.843576,0
              5.989921,50.843491,0
              5.988956,50.84389,0
              5.989525,50.84417,0
              5.989408,50.844232,0
              5.989135,50.844378,0
              5.988868,50.844526,0
              5.988682,50.844634,0
              5.988603,50.844681,0
              5.988316,50.844814,0
              5.988037,50.844954,0
              5.988021,50.844963,0
              5.98777,50.84511,0
              5.987513,50.845272,0
              5.987499,50.845286,0
              5.987293,50.845473,0
              5.987271,50.845486,0
              5.987026,50.845625,0
              5.986791,50.845796,0
              5.986749,50.84581,0
              5.986474,50.845904,0
              5.986288,50.845961,0
              5.986152,50.846002,0
              5.985922,50.846097,0
              5.985607,50.846233,0
              5.985547,50.846267,0
              5.985455,50.846301,0
              5.985144,50.846399,0
              5.985013,50.84644,0
              5.984883,50.846485,0
              5.984755,50.846534,0
              5.984463,50.846646,0
              5.984182,50.846761,0
              5.984018,50.84683,0
              5.983826,50.846915,0
              5.983595,50.847025,0
              5.981362,50.848131,0
              5.981268,50.848175,0
              5.980706,50.848436,0
              5.980249,50.848699,0
              5.97893,50.849457,0
              5.978387,50.849769,0
              5.977887,50.850111,0
              5.977408,50.850466,0
              5.976995,50.850853,0
              5.976613,50.851223,0
              5.976156,50.851588,0
              5.975744,50.851974,0
              5.975515,50.852208,0
              5.975391,50.852334,0
              5.975373,50.852352,0
              5.975362,50.852364,0
              5.975358,50.852368,0
              5.975345,50.852385,0
              5.975046,50.852788,0
              5.974867,50.852964,0
              5.97465,50.853177,0
              5.974441,50.853367,0
              5.974254,50.853565,0
              5.974072,50.853765,0
              5.9739,50.853967,0
              5.973742,50.854174,0
              5.973695,50.854225,0
              5.973557,50.854372,0
              5.97342,50.854584,0
              5.973342,50.854705,0
              5.973274,50.854767,0
              5.972886,50.855202,0
              5.972562,50.855621,0
              5.972259,50.856129,0
              5.972203,50.856236,0
              5.972093,50.856448,0
              5.972036,50.856562,0
              5.972018,50.856599,0
              5.971942,50.85675,0
              5.97193,50.856774,0
              5.971782,50.857075,0
              5.971768,50.857104,0
              5.971678,50.857292,0
              5.971666,50.857316,0
              5.971465,50.857749,0
              5.971255,50.858141,0
              5.971236,50.858178,0
              5.971011,50.858606,0
              5.970961,50.858696,0
              5.970875,50.858681,0
              5.970838,50.858765,0
              5.970836,50.858768,0
              5.970753,50.858882,0
              5.970748,50.858889,0
              5.970602,50.859072,0
              5.970432,50.859179,0
              5.970292,50.859388,0
              5.970216,50.859609,0
              5.970181,50.859655,0
              5.970063,50.85981,0
              5.970036,50.859838,0
              5.969995,50.859881,0
              5.969699,50.860195,0
              5.969645,50.860228,0
              5.969625,50.860217,0
              5.969362,50.86008,0
            </coordinates>
          </LinearRing>
        </outerBoundaryIs>
      </Polygon>
    </Placemark>
    <Placemark>
      <name>Vaals</name>
      <description><![CDATA[beschrijving: <br>@id: relation/406607<br>admin_level: 8<br>authoritative: yes<br>boundary: administrative<br>name: Vaals<br>name:li: Vols<br>name:nl: <br>name:ru: Валс<br>population: 10105<br>population:date: 2020-01-01<br>ref:gemeentecode: 0981<br>source:population: CBS<br>type: boundary<br>wikidata: Q9768<br>wikipedia: nl:Vaals (gemeente)<br>name:de: <br>name:fy: <br>name:la: Valis<br>name:zh-Hans: 瓦尔斯<br>name:zh-Hant: 瓦爾斯<br>name:lt: <br>old_name:de: <br>name:carnaval: <br>alt_name:la: Vallis<br>alt_name:fr: <br>alt_name:wa: <br>name:ar: <br>name:en: <br>name:eo: <br>name:es: <br>name:fr: <br>name:he: <br>name:ja: <br>name:ko: <br>name:mk: <br>name:ml: <br>name:nds: <br>name:sr: <br>name:uk: <br>name:wa: <br>name:zea: <br>name:zh: <br>old_name:es: <br>@relations: ]]></description>
      <styleUrl>#poly-000000-1200-77</styleUrl>
      <ExtendedData>
        <Data name="beschrijving">
          <value/>
        </Data>
        <Data name="@id">
          <value>relation/406607</value>
        </Data>
        <Data name="admin_level">
          <value>8</value>
        </Data>
        <Data name="authoritative">
          <value>yes</value>
        </Data>
        <Data name="boundary">
          <value>administrative</value>
        </Data>
        <Data name="name">
          <value>Vaals</value>
        </Data>
        <Data name="name:li">
          <value>Vols</value>
        </Data>
        <Data name="name:nl">
          <value/>
        </Data>
        <Data name="name:ru">
          <value>Валс</value>
        </Data>
        <Data name="population">
          <value>10105</value>
        </Data>
        <Data name="population:date">
          <value>2020-01-01</value>
        </Data>
        <Data name="ref:gemeentecode">
          <value>0981</value>
        </Data>
        <Data name="source:population">
          <value>CBS</value>
        </Data>
        <Data name="type">
          <value>boundary</value>
        </Data>
        <Data name="wikidata">
          <value>Q9768</value>
        </Data>
        <Data name="wikipedia">
          <value>nl:Vaals (gemeente)</value>
        </Data>
        <Data name="name:de">
          <value/>
        </Data>
        <Data name="name:fy">
          <value/>
        </Data>
        <Data name="name:la">
          <value>Valis</value>
        </Data>
        <Data name="name:zh-Hans">
          <value>瓦尔斯</value>
        </Data>
        <Data name="name:zh-Hant">
          <value>瓦爾斯</value>
        </Data>
        <Data name="name:lt">
          <value/>
        </Data>
        <Data name="old_name:de">
          <value/>
        </Data>
        <Data name="name:carnaval">
          <value/>
        </Data>
        <Data name="alt_name:la">
          <value>Vallis</value>
        </Data>
        <Data name="alt_name:fr">
          <value/>
        </Data>
        <Data name="alt_name:wa">
          <value/>
        </Data>
        <Data name="name:ar">
          <value/>
        </Data>
        <Data name="name:en">
          <value/>
        </Data>
        <Data name="name:eo">
          <value/>
        </Data>
        <Data name="name:es">
          <value/>
        </Data>
        <Data name="name:fr">
          <value/>
        </Data>
        <Data name="name:he">
          <value/>
        </Data>
        <Data name="name:ja">
          <value/>
        </Data>
        <Data name="name:ko">
          <value/>
        </Data>
        <Data name="name:mk">
          <value/>
        </Data>
        <Data name="name:ml">
          <value/>
        </Data>
        <Data name="name:nds">
          <value/>
        </Data>
        <Data name="name:sr">
          <value/>
        </Data>
        <Data name="name:uk">
          <value/>
        </Data>
        <Data name="name:wa">
          <value/>
        </Data>
        <Data name="name:zea">
          <value/>
        </Data>
        <Data name="name:zh">
          <value/>
        </Data>
        <Data name="old_name:es">
          <value/>
        </Data>
        <Data name="@relations">
          <value/>
        </Data>
      </ExtendedData>
      <Polygon>
        <outerBoundaryIs>
          <LinearRing>
            <tessellate>1</tessellate>
            <coordinates>
              5.923831,50.775213,0
              5.923829,50.775161,0
              5.923818,50.775122,0
              5.923807,50.775073,0
              5.92378,50.775007,0
              5.923749,50.774934,0
              5.923693,50.774841,0
              5.923647,50.774767,0
              5.923585,50.774682,0
              5.923528,50.774614,0
              5.923467,50.774532,0
              5.923409,50.774463,0
              5.923347,50.774394,0
              5.923303,50.774353,0
              5.923236,50.774302,0
              5.923161,50.774246,0
              5.923087,50.774195,0
              5.922996,50.774138,0
              5.922909,50.774085,0
              5.922839,50.774042,0
              5.922798,50.774013,0
              5.922776,50.773992,0
              5.922745,50.773931,0
              5.92269,50.773811,0
              5.922629,50.773682,0
              5.922587,50.773602,0
              5.922564,50.773572,0
              5.922531,50.773559,0
              5.922478,50.773554,0
              5.922442,50.773552,0
              5.922374,50.773563,0
              5.922265,50.773588,0
              5.922229,50.773571,0
              5.922193,50.773551,0
              5.922167,50.773529,0
              5.922159,50.773515,0
              5.922152,50.773484,0
              5.922144,50.773449,0
              5.922132,50.773402,0
              5.922113,50.773346,0
              5.922065,50.773316,0
              5.922052,50.773299,0
              5.921905,50.773354,0
              5.921896,50.773331,0
              5.921877,50.773272,0
              5.921875,50.773266,0
              5.921692,50.772714,0
              5.921579,50.772362,0
              5.9215,50.772122,0
              5.921356,50.771692,0
              5.921203,50.771246,0
              5.921118,50.770972,0
              5.921059,50.770792,0
              5.921013,50.770662,0
              5.920972,50.770561,0
              5.920857,50.770238,0
              5.920699,50.769791,0
              5.920541,50.769333,0
              5.921187,50.768927,0
              5.921829,50.768525,0
              5.922302,50.76824,0
              5.922505,50.768118,0
              5.923022,50.767802,0
              5.923453,50.767542,0
              5.924004,50.767204,0
              5.924516,50.766891,0
              5.925084,50.766547,0
              5.925414,50.766359,0
              5.925429,50.76635,0
              5.925476,50.766321,0
              5.925565,50.765905,0
              5.925648,50.765512,0
              5.925656,50.765479,0
              5.925706,50.765252,0
              5.925718,50.765196,0
              5.925796,50.764867,0
              5.925805,50.764817,0
              5.925814,50.764771,0
              5.925817,50.764752,0
              5.925848,50.764605,0
              5.925696,50.764567,0
              5.925658,50.764556,0
              5.925613,50.764554,0
              5.925712,50.76449,0
              5.925804,50.764431,0
              5.925925,50.764331,0
              5.925998,50.764262,0
              5.926056,50.764191,0
              5.926099,50.764143,0
              5.926124,50.76409,0
              5.926136,50.76404,0
              5.926129,50.764,0
              5.926108,50.763957,0
              5.92608,50.763925,0
              5.926055,50.763901,0
              5.926,50.763871,0
              5.925943,50.763867,0
              5.925857,50.763875,0
              5.925772,50.763888,0
              5.925712,50.763888,0
              5.925605,50.763889,0
              5.925491,50.763881,0
              5.925386,50.763862,0
              5.925262,50.763828,0
              5.925166,50.763794,0
              5.925088,50.763741,0
              5.925051,50.763685,0
              5.925059,50.763651,0
              5.925083,50.763635,0
              5.925093,50.763628,0
              5.9252,50.763594,0
              5.925367,50.763557,0
              5.925579,50.763526,0
              5.925792,50.763516,0
              5.925956,50.763515,0
              5.926093,50.76353,0
              5.926197,50.763533,0
              5.926323,50.763521,0
              5.926417,50.763497,0
              5.926466,50.763459,0
              5.926508,50.763402,0
              5.926553,50.763347,0
              5.926597,50.763274,0
              5.926646,50.763204,0
              5.926688,50.76316,0
              5.926737,50.763128,0
              5.926784,50.763109,0
              5.926835,50.763096,0
              5.926893,50.763092,0
              5.926954,50.763104,0
              5.927014,50.763127,0
              5.927074,50.763156,0
              5.92712,50.763188,0
              5.927154,50.763228,0
              5.927172,50.763284,0
              5.927186,50.76334,0
              5.927171,50.763403,0
              5.927143,50.76346,0
              5.927102,50.763528,0
              5.927058,50.76359,0
              5.926998,50.763648,0
              5.926941,50.763682,0
              5.926909,50.763728,0
              5.9269,50.763759,0
              5.926918,50.763785,0
              5.926952,50.763805,0
              5.927001,50.763819,0
              5.927072,50.763821,0
              5.927172,50.763812,0
              5.927286,50.763787,0
              5.927368,50.763748,0
              5.92746,50.763694,0
              5.927536,50.76364,0
              5.927616,50.763571,0
              5.927669,50.763532,0
              5.927699,50.763496,0
              5.927707,50.763465,0
              5.927705,50.763451,0
              5.927703,50.763439,0
              5.927685,50.763406,0
              5.927642,50.763389,0
              5.927587,50.763385,0
              5.927523,50.763384,0
              5.927478,50.763376,0
              5.927438,50.763357,0
              5.927414,50.763324,0
              5.927406,50.763297,0
              5.927413,50.763265,0
              5.927441,50.763241,0
              5.927502,50.763222,0
              5.927634,50.763189,0
              5.927751,50.763168,0
              5.927905,50.76315,0
              5.928022,50.763139,0
              5.928077,50.763121,0
              5.928108,50.763097,0
              5.92813,50.76307,0
              5.92814,50.763034,0
              5.928139,50.763009,0
              5.928122,50.762983,0
              5.928088,50.762928,0
              5.928043,50.76289,0
              5.927993,50.762849,0
              5.927963,50.762812,0
              5.927936,50.762764,0
              5.927923,50.762701,0
              5.927906,50.76264,0
              5.92791,50.762606,0
              5.927921,50.762553,0
              5.92794,50.76251,0
              5.927955,50.762478,0
              5.927983,50.762458,0
              5.92802,50.762447,0
              5.928078,50.76244,0
              5.928138,50.76244,0
              5.928202,50.762431,0
              5.92825,50.762419,0
              5.928299,50.762409,0
              5.928377,50.762412,0
              5.928476,50.762425,0
              5.92856,50.76244,0
              5.928642,50.762458,0
              5.928745,50.762472,0
              5.928831,50.762478,0
              5.92892,50.76248,0
              5.929018,50.76248,0
              5.929123,50.762479,0
              5.929183,50.762474,0
              5.929258,50.762462,0
              5.929333,50.762447,0
              5.929411,50.762437,0
              5.929486,50.762434,0
              5.929552,50.762436,0
              5.929575,50.762443,0
              5.929624,50.762467,0
              5.929659,50.762497,0
              5.929686,50.762536,0
              5.929789,50.76261,0
              5.929843,50.762631,0
              5.929914,50.762646,0
              5.929988,50.762655,0
              5.930084,50.762651,0
              5.930143,50.762636,0
              5.93019,50.762604,0
              5.930213,50.76257,0
              5.930227,50.762515,0
              5.93024,50.762458,0
              5.930245,50.762393,0
              5.930247,50.762344,0
              5.930243,50.762309,0
              5.93022,50.762284,0
              5.930184,50.762259,0
              5.930126,50.76224,0
              5.930052,50.762223,0
              5.929984,50.762204,0
              5.929932,50.762176,0
              5.929899,50.762143,0
              5.929877,50.762111,0
              5.929876,50.762073,0
              5.929898,50.762033,0
              5.929941,50.762004,0
              5.930001,50.76198,0
              5.930095,50.761978,0
              5.930182,50.761987,0
              5.930302,50.762016,0
              5.930426,50.762026,0
              5.930524,50.762031,0
              5.930594,50.762022,0
              5.93064,50.762005,0
              5.930692,50.761968,0
              5.930731,50.761933,0
              5.930747,50.761904,0
              5.930746,50.761876,0
              5.930711,50.761819,0
              5.930669,50.761765,0
              5.930634,50.761704,0
              5.930611,50.761648,0
              5.930604,50.761606,0
              5.930626,50.76157,0
              5.930674,50.761529,0
              5.930723,50.761497,0
              5.93077,50.761476,0
              5.930816,50.761464,0
              5.930869,50.761464,0
              5.930924,50.761476,0
              5.931005,50.761497,0
              5.931105,50.761513,0
              5.931219,50.76152,0
              5.931337,50.761495,0
              5.931368,50.76146,0
              5.931386,50.761418,0
              5.93138,50.761378,0
              5.931359,50.761318,0
              5.931326,50.761267,0
              5.931283,50.761221,0
              5.931227,50.761179,0
              5.931169,50.761142,0
              5.931119,50.761097,0
              5.931084,50.761048,0
              5.931058,50.761002,0
              5.931043,50.760966,0
              5.931038,50.760929,0
              5.931049,50.760905,0
              5.931078,50.760877,0
              5.931127,50.760858,0
              5.931186,50.760844,0
              5.931263,50.760829,0
              5.931355,50.760819,0
              5.931441,50.760826,0
              5.931601,50.760885,0
              5.931729,50.760927,0
              5.931816,50.760951,0
              5.931886,50.760962,0
              5.931969,50.760963,0
              5.932034,50.760957,0
              5.932083,50.760936,0
              5.932124,50.760913,0
              5.932142,50.760887,0
              5.932151,50.76085,0
              5.932142,50.760779,0
              5.932122,50.760677,0
              5.93211,50.760596,0
              5.932082,50.760518,0
              5.93206,50.760466,0
              5.932036,50.760439,0
              5.931991,50.760409,0
              5.931943,50.760385,0
              5.931881,50.760371,0
              5.931809,50.760367,0
              5.931726,50.760372,0
              5.931662,50.760377,0
              5.931596,50.760362,0
              5.931529,50.760345,0
              5.93143,50.760298,0
              5.931333,50.760242,0
              5.93122,50.760164,0
              5.931153,50.760114,0
              5.93112,50.76008,0
              5.931122,50.760045,0
              5.931134,50.760019,0
              5.931139,50.760001,0
              5.931133,50.759973,0
              5.931105,50.759958,0
              5.931056,50.759938,0
              5.930984,50.759924,0
              5.930896,50.759908,0
              5.930783,50.759897,0
              5.930675,50.759893,0
              5.930576,50.75988,0
              5.93049,50.759866,0
              5.930417,50.759853,0
              5.930367,50.759849,0
              5.930302,50.759854,0
              5.930201,50.759866,0
              5.930106,50.75987,0
              5.930032,50.759866,0
              5.929968,50.759856,0
              5.929939,50.759841,0
              5.929917,50.759812,0
              5.929907,50.759787,0
              5.929912,50.759747,0
              5.92992,50.759721,0
              5.929936,50.75969,0
              5.929962,50.759663,0
              5.930006,50.759633,0
              5.930082,50.75961,0
              5.93014,50.759603,0
              5.930192,50.759592,0
              5.930218,50.75956,0
              5.930223,50.75953,0
              5.930208,50.75949,0
              5.930179,50.759439,0
              5.930151,50.759379,0
              5.930115,50.759309,0
              5.930092,50.759254,0
              5.930078,50.759206,0
              5.930077,50.759168,0
              5.930078,50.759122,0
              5.93008,50.759071,0
              5.930094,50.75904,0
              5.930134,50.759015,0
              5.930188,50.759003,0
              5.930245,50.758995,0
              5.930306,50.758995,0
              5.930373,50.759004,0
              5.930429,50.759019,0
              5.930481,50.759045,0
              5.930532,50.759076,0
              5.930594,50.759109,0
              5.930643,50.759131,0
              5.930699,50.759142,0
              5.930759,50.759143,0
              5.930794,50.759134,0
              5.930812,50.759117,0
              5.930823,50.759081,0
              5.930808,50.759026,0
              5.930779,50.758995,0
              5.930752,50.758956,0
              5.930726,50.758916,0
              5.930706,50.758888,0
              5.930698,50.758857,0
              5.930703,50.758829,0
              5.930714,50.758803,0
              5.930754,50.758736,0
              5.930782,50.758697,0
              5.930808,50.758664,0
              5.93085,50.75864,0
              5.930902,50.758625,0
              5.930962,50.758616,0
              5.931026,50.758616,0
              5.931085,50.758614,0
              5.931147,50.758596,0
              5.931187,50.758575,0
              5.931227,50.758548,0
              5.931268,50.758532,0
              5.931362,50.758515,0
              5.931446,50.758506,0
              5.931528,50.758506,0
              5.931598,50.758517,0
              5.931675,50.758535,0
              5.931742,50.758548,0
              5.931808,50.758551,0
              5.931859,50.758531,0
              5.931899,50.758504,0
              5.931927,50.758463,0
              5.931943,50.758418,0
              5.931955,50.75836,0
              5.93196,50.758317,0
              5.931955,50.758288,0
              5.931939,50.758246,0
              5.931942,50.758214,0
              5.931957,50.758184,0
              5.931995,50.758152,0
              5.932047,50.758126,0
              5.932096,50.758112,0
              5.932157,50.758107,0
              5.932211,50.75811,0
              5.932268,50.758129,0
              5.93231,50.758153,0
              5.932342,50.758182,0
              5.932374,50.758225,0
              5.932381,50.75827,0
              5.932376,50.758299,0
              5.932361,50.758331,0
              5.932334,50.75836,0
              5.932301,50.758387,0
              5.932258,50.758411,0
              5.932212,50.758444,0
              5.932189,50.758473,0
              5.932187,50.758506,0
              5.932189,50.758542,0
              5.932198,50.758566,0
              5.93223,50.758586,0
              5.932277,50.758597,0
              5.932337,50.758594,0
              5.932422,50.758578,0
              5.932486,50.758561,0
              5.932528,50.758545,0
              5.932585,50.758543,0
              5.932651,50.758544,0
              5.932745,50.758537,0
              5.932833,50.758543,0
              5.932887,50.758548,0
              5.932897,50.75857,0
              5.932895,50.7586,0
              5.93288,50.758637,0
              5.932874,50.758676,0
              5.93288,50.758703,0
              5.932913,50.758732,0
              5.932959,50.758756,0
              5.933003,50.758772,0
              5.933052,50.758778,0
              5.933102,50.758767,0
              5.933153,50.758739,0
              5.933201,50.75871,0
              5.933251,50.758678,0
              5.933302,50.758651,0
              5.933346,50.75863,0
              5.933411,50.758611,0
              5.933488,50.758598,0
              5.933588,50.758589,0
              5.933692,50.758585,0
              5.933778,50.75858,0
              5.933838,50.75855,0
              5.933886,50.7585,0
              5.933946,50.758456,0
              5.934029,50.75838,0
              5.934118,50.758309,0
              5.934166,50.758275,0
              5.934186,50.758265,0
              5.934248,50.758291,0
              5.934329,50.758322,0
              5.934378,50.758352,0
              5.934429,50.758386,0
              5.934459,50.758422,0
              5.934507,50.758455,0
              5.93455,50.758488,0
              5.934572,50.758504,0
              5.93461,50.758508,0
              5.934671,50.758507,0
              5.934711,50.758494,0
              5.93475,50.758469,0
              5.934786,50.75843,0
              5.93479,50.758422,0
              5.934803,50.758395,0
              5.93482,50.758343,0
              5.934809,50.7583,0
              5.934778,50.758262,0
              5.934745,50.75822,0
              5.934722,50.758167,0
              5.934703,50.758114,0
              5.934688,50.758051,0
              5.934707,50.757982,0
              5.934737,50.757923,0
              5.934752,50.757874,0
              5.934769,50.757832,0
              5.934742,50.757831,0
              5.934776,50.757807,0
              5.934804,50.75777,0
              5.93482,50.757745,0
              5.934834,50.757704,0
              5.934864,50.757649,0
              5.934894,50.757601,0
              5.934924,50.757555,0
              5.934975,50.757507,0
              5.935039,50.75746,0
              5.935103,50.757409,0
              5.935189,50.757345,0
              5.935248,50.757296,0
              5.935312,50.757245,0
              5.935395,50.757186,0
              5.935496,50.757122,0
              5.935582,50.757065,0
              5.935662,50.757026,0
              5.935737,50.75699,0
              5.935758,50.756979,0
              5.935972,50.756906,0
              5.93615,50.75683,0
              5.936174,50.756787,0
              5.936197,50.756801,0
              5.93623,50.756822,0
              5.936236,50.756825,0
              5.936311,50.756856,0
              5.937143,50.757195,0
              5.938969,50.757939,0
              5.938995,50.757937,0
              5.939013,50.757931,0
              5.939025,50.757928,0
              5.939067,50.757914,0
              5.939193,50.757903,0
              5.939294,50.757899,0
              5.939496,50.757848,0
              5.939594,50.757842,0
              5.939685,50.757859,0
              5.93979,50.757843,0
              5.939963,50.757888,0
              5.940058,50.757892,0
              5.940044,50.757841,0
              5.940175,50.757824,0
              5.940344,50.757842,0
              5.940486,50.757786,0
              5.941161,50.757901,0
              5.941224,50.757889,0
              5.941275,50.757949,0
              5.941414,50.757962,0
              5.941468,50.757962,0
              5.941502,50.757958,0
              5.941549,50.757943,0
              5.941592,50.757918,0
              5.941669,50.757986,0
              5.941702,50.758003,0
              5.941921,50.758004,0
              5.941948,50.758016,0
              5.941967,50.75806,0
              5.942007,50.758085,0
              5.942058,50.758106,0
              5.942127,50.758112,0
              5.94222,50.75814,0
              5.942304,50.75817,0
              5.942369,50.758172,0
              5.94242,50.758204,0
              5.942554,50.758226,0
              5.942657,50.758249,0
              5.942721,50.758231,0
              5.94278,50.758227,0
              5.942876,50.758243,0
              5.94296,50.75826,0
              5.942993,50.758277,0
              5.943016,50.758324,0
              5.943033,50.758357,0
              5.943062,50.758371,0
              5.943121,50.758376,0
              5.943309,50.75835,0
              5.943425,50.75833,0
              5.943579,50.758315,0
              5.943721,50.758394,0
              5.943907,50.758506,0
              5.944083,50.758427,0
              5.944247,50.758473,0
              5.944286,50.758488,0
              5.944361,50.758538,0
              5.944585,50.758632,0
              5.944848,50.758768,0
              5.944957,50.758805,0
              5.944982,50.758807,0
              5.945033,50.758799,0
              5.945185,50.758811,0
              5.945303,50.75886,0
              5.94534,50.758881,0
              5.945394,50.758906,0
              5.94565,50.759057,0
              5.945697,50.759134,0
              5.945725,50.75918,0
              5.945745,50.759259,0
              5.945939,50.759391,0
              5.946086,50.759509,0
              5.946174,50.759586,0
              5.946423,50.759782,0
              5.946446,50.759798,0
              5.946493,50.759818,0
              5.946532,50.759814,0
              5.946594,50.759808,0
              5.946737,50.759773,0
              5.946808,50.759786,0
              5.946866,50.759778,0
              5.946991,50.759761,0
              5.947152,50.759866,0
              5.947309,50.7599,0
              5.94737,50.7599,0
              5.94741,50.759883,0
              5.947482,50.759847,0
              5.947674,50.759757,0
              5.947813,50.759774,0
              5.947948,50.759786,0
              5.947992,50.759803,0
              5.948043,50.759824,0
              5.948092,50.759847,0
              5.948123,50.759871,0
              5.948207,50.759937,0
              5.94828,50.759972,0
              5.948326,50.759989,0
              5.948382,50.759994,0
              5.948559,50.759993,0
              5.948636,50.760003,0
              5.948697,50.760021,0
              5.94877,50.760046,0
              5.948858,50.760059,0
              5.948924,50.76006,0
              5.948951,50.760057,0
              5.94908,50.760046,0
              5.949124,50.760032,0
              5.949172,50.760001,0
              5.949218,50.759982,0
              5.949262,50.759987,0
              5.949374,50.760047,0
              5.949387,50.760053,0
              5.949434,50.76007,0
              5.949614,50.760073,0
              5.949658,50.760087,0
              5.94977,50.760112,0
              5.950148,50.760279,0
              5.950312,50.760295,0
              5.950391,50.760312,0
              5.950466,50.760318,0
              5.950633,50.760334,0
              5.950834,50.760387,0
              5.951132,50.760464,0
              5.951201,50.76047,0
              5.951292,50.760466,0
              5.951415,50.760459,0
              5.951465,50.760458,0
              5.95151,50.760469,0
              5.951563,50.760518,0
              5.951706,50.760548,0
              5.951832,50.760508,0
              5.951908,50.760477,0
              5.952025,50.760477,0
              5.952099,50.760479,0
              5.952275,50.760487,0
              5.952328,50.76048,0
              5.952375,50.760466,0
              5.952462,50.76042,0
              5.952544,50.760387,0
              5.952668,50.760339,0
              5.952765,50.760303,0
              5.952792,50.760287,0
              5.952828,50.760263,0
              5.952879,50.760216,0
              5.95291,50.76019,0
              5.952938,50.760172,0
              5.95297,50.760156,0
              5.953068,50.760148,0
              5.953117,50.760132,0
              5.953156,50.760104,0
              5.953209,50.760082,0
              5.953266,50.760074,0
              5.953325,50.760091,0
              5.953427,50.760118,0
              5.953583,50.760142,0
              5.953624,50.760162,0
              5.953664,50.760195,0
              5.953748,50.760298,0
              5.953778,50.760333,0
              5.954005,50.760451,0
              5.954069,50.760454,0
              5.954121,50.760457,0
              5.954175,50.760455,0
              5.954226,50.760445,0
              5.954374,50.760379,0
              5.954412,50.760485,0
              5.954444,50.760505,0
              5.954515,50.760536,0
              5.95465,50.760579,0
              5.954758,50.760612,0
              5.954988,50.76068,0
              5.955067,50.760701,0
              5.955117,50.760708,0
              5.95521,50.760718,0
              5.955359,50.760795,0
              5.956255,50.761251,0
              5.956869,50.761563,0
              5.957339,50.761789,0
              5.957376,50.761806,0
              5.957418,50.761825,0
              5.957464,50.761846,0
              5.957624,50.76194,0
              5.957632,50.761944,0
              5.957728,50.761994,0
              5.957786,50.762023,0
              5.957965,50.76211,0
              5.957974,50.762113,0
              5.958598,50.762266,0
              5.958607,50.762268,0
              5.959008,50.762367,0
              5.959072,50.762356,0
              5.959078,50.762355,0
              5.959321,50.762312,0
              5.959328,50.762311,0
              5.959682,50.762268,0
              5.959792,50.76225,0
              5.960236,50.762354,0
              5.96038,50.762367,0
              5.960663,50.762475,0
              5.960762,50.762305,0
              5.960791,50.762162,0
              5.960836,50.761918,0
              5.960849,50.761877,0
              5.96088,50.761723,0
              5.960909,50.761604,0
              5.960926,50.761538,0
              5.961912,50.761559,0
              5.962752,50.761507,0
              5.962764,50.761507,0
              5.962963,50.761468,0
              5.963077,50.761446,0
              5.96344,50.761376,0
              5.964034,50.76126,0
              5.964101,50.761252,0
              5.964651,50.761179,0
              5.964861,50.761152,0
              5.965606,50.761073,0
              5.965612,50.761072,0
              5.96631,50.760999,0
              5.966317,50.760998,0
              5.967102,50.760931,0
              5.967472,50.760869,0
              5.967834,50.760775,0
              5.967894,50.76076,0
              5.968032,50.760735,0
              5.968372,50.7607,0
              5.96853,50.76068,0
              5.96885,50.760636,0
              5.969205,50.760601,0
              5.96976,50.76047,0
              5.969993,50.760402,0
              5.970145,50.760356,0
              5.970369,50.760297,0
              5.970577,50.760263,0
              5.97075,50.760222,0
              5.970898,50.760186,0
              5.9712,50.760073,0
              5.97143,50.760016,0
              5.971906,50.759905,0
              5.972363,50.759795,0
              5.972529,50.75975,0
              5.972642,50.759708,0
              5.972761,50.759673,0
              5.972821,50.759648,0
              5.972895,50.759606,0
              5.972967,50.759569,0
              5.97312,50.759456,0
              5.97325,50.759361,0
              5.974622,50.758238,0
              5.975118,50.757888,0
              5.975122,50.757862,0
              5.975101,50.757735,0
              5.975024,50.757544,0
              5.974959,50.757357,0
              5.974885,50.757108,0
              5.974796,50.756798,0
              5.974729,50.756645,0
              5.974665,50.756543,0
              5.974615,50.756399,0
              5.97457,50.756227,0
              5.974587,50.756118,0
              5.974535,50.756092,0
              5.974527,50.75608,0
              5.974526,50.756064,0
              5.974525,50.756026,0
              5.974521,50.756,0
              5.974512,50.755969,0
              5.974509,50.755964,0
              5.974491,50.755928,0
              5.974477,50.755888,0
              5.97448,50.755866,0
              5.974493,50.755834,0
              5.974486,50.755799,0
              5.97445,50.755759,0
              5.974442,50.75574,0
              5.974443,50.755704,0
              5.974435,50.755682,0
              5.974426,50.75567,0
              5.974371,50.755631,0
              5.974356,50.75561,0
              5.97433,50.755559,0
              5.974263,50.755485,0
              5.974147,50.755227,0
              5.97414,50.755212,0
              5.974192,50.755205,0
              5.974359,50.755181,0
              5.974532,50.755178,0
              5.974613,50.755065,0
              5.974692,50.755002,0
              5.974783,50.754944,0
              5.97492,50.754892,0
              5.974987,50.75488,0
              5.975125,50.754842,0
              5.975479,50.754682,0
              5.976037,50.754516,0
              5.976291,50.754438,0
              5.976368,50.754402,0
              5.976418,50.754376,0
              5.976474,50.754335,0
              5.976496,50.754353,0
              5.976543,50.754392,0
              5.97666,50.754456,0
              5.97675,50.75449,0
              5.976828,50.754498,0
              5.977011,50.754541,0
              5.977244,50.754574,0
              5.977363,50.754567,0
              5.977549,50.754583,0
              5.977665,50.754582,0
              5.977983,50.754593,0
              5.978177,50.754579,0
              5.978457,50.754514,0
              5.978509,50.754523,0
              5.978516,50.754524,0
              5.978729,50.754556,0
              5.978893,50.754565,0
              5.979022,50.754599,0
              5.979119,50.754649,0
              5.979335,50.754632,0
              5.979845,50.754447,0
              5.980087,50.754327,0
              5.980635,50.754025,0
              5.980666,50.754021,0
              5.980797,50.753971,0
              5.980934,50.753922,0
              5.981184,50.753815,0
              5.981519,50.753656,0
              5.981913,50.753457,0
              5.982086,50.753365,0
              5.982199,50.753309,0
              5.982232,50.753292,0
              5.982256,50.753314,0
              5.982314,50.753357,0
              5.98319,50.75282,0
              5.983278,50.752862,0
              5.9834,50.752912,0
              5.983561,50.752967,0
              5.983642,50.753007,0
              5.983875,50.753085,0
              5.983899,50.753097,0
              5.98406,50.753174,0
              5.984447,50.753334,0
              5.984523,50.753397,0
              5.986287,50.753206,0
              5.990081,50.752936,0
              5.990212,50.752935,0
              5.99025,50.752934,0
              5.990692,50.752887,0
              5.990838,50.752862,0
              5.990866,50.752862,0
              5.991115,50.752864,0
              5.991988,50.752941,0
              5.992224,50.752938,0
              5.992628,50.753003,0
              5.992723,50.753002,0
              5.992817,50.752982,0
              5.993096,50.752803,0
              5.993269,50.752765,0
              5.993372,50.75276,0
              5.993535,50.752791,0
              5.993702,50.752842,0
              5.993814,50.752901,0
              5.994137,50.753,0
              5.994571,50.753191,0
              5.995473,50.753488,0
              5.995845,50.75351,0
              5.996019,50.753524,0
              5.996204,50.753601,0
              5.996394,50.753736,0
              5.996532,50.753806,0
              5.997214,50.753865,0
              5.997547,50.753787,0
              5.997901,50.753661,0
              5.998069,50.753608,0
              5.998298,50.75353,0
              5.998404,50.75348,0
              5.998648,50.753389,0
              5.998867,50.753272,0
              5.998983,50.753192,0
              5.999139,50.753093,0
              5.999235,50.753054,0
              5.999278,50.753026,0
              5.999475,50.753087,0
              5.999691,50.7532,0
              5.999838,50.753255,0
              5.999988,50.753328,0
              6.000294,50.753385,0
              6.000493,50.753416,0
              6.000754,50.753492,0
              6.000867,50.753518,0
              6.00097,50.753536,0
              6.001092,50.753551,0
              6.00117,50.753562,0
              6.001173,50.75361,0
              6.001201,50.753692,0
              6.001285,50.753655,0
              6.001354,50.753616,0
              6.001432,50.75358,0
              6.001512,50.753586,0
              6.001649,50.753645,0
              6.001791,50.753743,0
              6.002219,50.753962,0
              6.002386,50.754065,0
              6.002482,50.75411,0
              6.002565,50.754114,0
              6.002829,50.754059,0
              6.003034,50.753966,0
              6.003195,50.754044,0
              6.003247,50.75402,0
              6.003344,50.753838,0
              6.003389,50.753825,0
              6.003438,50.753831,0
              6.003612,50.75388,0
              6.003691,50.753918,0
              6.00378,50.753932,0
              6.003912,50.75395,0
              6.004027,50.753998,0
              6.004046,50.754006,0
              6.004064,50.754014,0
              6.004092,50.753962,0
              6.004311,50.753789,0
              6.004413,50.753807,0
              6.004523,50.753799,0
              6.00518,50.753905,0
              6.005213,50.753962,0
              6.005373,50.753979,0
              6.005672,50.754068,0
              6.006114,50.754069,0
              6.006129,50.754071,0
              6.006262,50.754086,0
              6.00642,50.754106,0
              6.006604,50.754147,0
              6.007002,50.754196,0
              6.007449,50.75427,0
              6.007521,50.754282,0
              6.007629,50.7543,0
              6.007768,50.754314,0
              6.008055,50.754347,0
              6.008288,50.754336,0
              6.008584,50.754378,0
              6.008853,50.754437,0
              6.00925,50.754438,0
              6.00964,50.754389,0
              6.009917,50.754441,0
              6.010077,50.75445,0
              6.010228,50.754465,0
              6.010363,50.754469,0
              6.010419,50.75447,0
              6.01066,50.754513,0
              6.010783,50.754535,0
              6.011406,50.754626,0
              6.011479,50.754637,0
              6.01175,50.754692,0
              6.01219,50.754779,0
              6.012626,50.754922,0
              6.012669,50.754932,0
              6.013084,50.755031,0
              6.01313,50.755037,0
              6.013257,50.755052,0
              6.013293,50.755056,0
              6.013415,50.755069,0
              6.013481,50.755068,0
              6.013938,50.755056,0
              6.014082,50.755053,0
              6.0143,50.755061,0
              6.014702,50.755026,0
              6.015093,50.755019,0
              6.015244,50.755004,0
              6.015334,50.754961,0
              6.01543,50.754914,0
              6.015473,50.754906,0
              6.015536,50.754893,0
              6.015696,50.754917,0
              6.015963,50.754937,0
              6.015999,50.75494,0
              6.016136,50.754928,0
              6.016282,50.754909,0
              6.016622,50.754866,0
              6.016837,50.754886,0
              6.017138,50.754986,0
              6.017352,50.755014,0
              6.017474,50.755004,0
              6.017581,50.754982,0
              6.017868,50.75489,0
              6.018041,50.754884,0
              6.018325,50.754867,0
              6.018559,50.754864,0
              6.018896,50.754836,0
              6.018998,50.754827,0
              6.01933,50.754769,0
              6.019502,50.754718,0
              6.019724,50.754674,0
              6.01979,50.754676,0
              6.019822,50.754676,0
              6.019914,50.754654,0
              6.019966,50.754641,0
              6.020002,50.754632,0
              6.020255,50.75453,0
              6.020487,50.754463,0
              6.020649,50.754416,0
              6.020706,50.754396,0
              6.021007,50.754287,0
              6.020883,50.754695,0
              6.020826,50.754993,0
              6.020659,50.755519,0
              6.020595,50.75583,0
              6.020495,50.756049,0
              6.02044,50.756303,0
              6.02032,50.7567,0
              6.020245,50.756968,0
              6.020079,50.757355,0
              6.02003,50.757461,0
              6.019971,50.757589,0
              6.019855,50.75777,0
              6.019669,50.758366,0
              6.019639,50.758576,0
              6.019585,50.758707,0
              6.019534,50.759003,0
              6.019509,50.759159,0
              6.019429,50.759443,0
              6.01936,50.759574,0
              6.019224,50.75997,0
              6.019179,50.760307,0
              6.019052,50.760654,0
              6.018979,50.760924,0
              6.018963,50.76107,0
              6.018876,50.761327,0
              6.018854,50.761555,0
              6.018776,50.761733,0
              6.018748,50.762163,0
              6.018726,50.762266,0
              6.018653,50.762437,0
              6.018614,50.762631,0
              6.018526,50.762822,0
              6.018474,50.763048,0
              6.0184,50.763187,0
              6.018361,50.763356,0
              6.01841,50.763419,0
              6.0186,50.763687,0
              6.018719,50.763853,0
              6.019059,50.764405,0
              6.019185,50.764526,0
              6.019469,50.764706,0
              6.019615,50.764797,0
              6.01975,50.764901,0
              6.019946,50.765031,0
              6.02036,50.765303,0
              6.020618,50.765524,0
              6.020768,50.765672,0
              6.020862,50.765795,0
              6.020967,50.765881,0
              6.021223,50.766064,0
              6.021408,50.766235,0
              6.021518,50.766376,0
              6.021694,50.766571,0
              6.022143,50.767397,0
              6.022216,50.767531,0
              6.022453,50.767965,0
              6.022737,50.768488,0
              6.022922,50.768426,0
              6.02313,50.768611,0
              6.023251,50.76877,0
              6.023269,50.768817,0
              6.023257,50.768838,0
              6.02325,50.768845,0
              6.02323,50.768856,0
              6.023236,50.768876,0
              6.023248,50.768976,0
              6.023258,50.768994,0
              6.023342,50.769124,0
              6.023422,50.769238,0
              6.023464,50.769297,0
              6.023733,50.769588,0
              6.023799,50.769667,0
              6.023842,50.769718,0
              6.02391,50.7698,0
              6.023913,50.769802,0
              6.02397,50.769866,0
              6.024005,50.769906,0
              6.024048,50.769956,0
              6.024108,50.770028,0
              6.024163,50.770092,0
              6.024203,50.770139,0
              6.024244,50.770188,0
              6.024286,50.770237,0
              6.024336,50.770297,0
              6.024386,50.770357,0
              6.02442,50.770398,0
              6.024437,50.770416,0
              6.02449,50.770474,0
              6.024525,50.770514,0
              6.024547,50.770536,0
              6.024699,50.770691,0
              6.024792,50.770784,0
              6.02484,50.770834,0
              6.024899,50.770896,0
              6.024962,50.770966,0
              6.02497,50.770974,0
              6.025154,50.771082,0
              6.02633,50.772479,0
              6.026375,50.77253,0
              6.026434,50.772594,0
              6.026515,50.772673,0
              6.02673,50.772853,0
              6.026842,50.772933,0
              6.026958,50.773007,0
              6.027084,50.773081,0
              6.027242,50.773166,0
              6.027758,50.773421,0
              6.02793,50.773505,0
              6.027891,50.773608,0
              6.027888,50.773627,0
              6.027873,50.773646,0
              6.027859,50.773661,0
              6.027838,50.773698,0
              6.027861,50.773808,0
              6.027862,50.77384,0
              6.027843,50.773853,0
              6.027803,50.773859,0
              6.027762,50.773857,0
              6.027712,50.773844,0
              6.027706,50.77386,0
              6.027754,50.773917,0
              6.02773,50.773945,0
              6.027721,50.773982,0
              6.027661,50.774046,0
              6.027608,50.774064,0
              6.027601,50.774069,0
              6.027638,50.774116,0
              6.027662,50.774165,0
              6.02764,50.774184,0
              6.027595,50.774209,0
              6.027564,50.774213,0
              6.02743,50.774199,0
              6.027377,50.774188,0
              6.027242,50.774206,0
              6.027194,50.774225,0
              6.027098,50.774212,0
              6.027048,50.774212,0
              6.026986,50.774242,0
              6.026951,50.774296,0
              6.026992,50.774373,0
              6.026985,50.774397,0
              6.026885,50.774411,0
              6.026882,50.774433,0
              6.026914,50.7745,0
              6.026919,50.774539,0
              6.026904,50.774568,0
              6.026911,50.77461,0
              6.026916,50.774666,0
              6.026925,50.774714,0
              6.02692,50.77475,0
              6.0269,50.774771,0
              6.0269,50.774858,0
              6.02685,50.774868,0
              6.026818,50.774896,0
              6.026774,50.774936,0
              6.026646,50.774998,0
              6.026607,50.775016,0
              6.026535,50.775019,0
              6.026509,50.775039,0
              6.026467,50.775116,0
              6.026451,50.775135,0
              6.026431,50.775156,0
              6.026386,50.77519,0
              6.026267,50.775242,0
              6.026236,50.775287,0
              6.026242,50.77531,0
              6.026152,50.775383,0
              6.026157,50.775386,0
              6.026161,50.775397,0
              6.02613,50.775508,0
              6.026118,50.775529,0
              6.026077,50.77554,0
              6.02605,50.775541,0
              6.025835,50.77545,0
              6.025821,50.775452,0
              6.025614,50.775554,0
              6.025466,50.775593,0
              6.025421,50.775586,0
              6.025403,50.775579,0
              6.025363,50.77555,0
              6.025295,50.775542,0
              6.025158,50.775568,0
              6.025087,50.775588,0
              6.025047,50.775593,0
              6.025016,50.775596,0
              6.025003,50.775581,0
              6.024965,50.775592,0
              6.02494,50.775612,0
              6.024889,50.775628,0
              6.024838,50.77563,0
              6.024785,50.77562,0
              6.024722,50.775651,0
              6.024629,50.775684,0
              6.024582,50.7757,0
              6.024526,50.775732,0
              6.024482,50.775747,0
              6.024449,50.775739,0
              6.024417,50.775745,0
              6.02439,50.775803,0
              6.024363,50.775826,0
              6.024293,50.775868,0
              6.024257,50.775904,0
              6.024249,50.775937,0
              6.024224,50.775974,0
              6.0242,50.775988,0
              6.024135,50.775965,0
              6.024091,50.775976,0
              6.024082,50.776044,0
              6.024032,50.77605,0
              6.023962,50.776032,0
              6.023849,50.77604,0
              6.023785,50.776025,0
              6.023748,50.775998,0
              6.023725,50.775979,0
              6.023648,50.775953,0
              6.023624,50.775957,0
              6.023579,50.775963,0
              6.023478,50.775971,0
              6.023424,50.775996,0
              6.023364,50.776015,0
              6.023265,50.776027,0
              6.023176,50.776062,0
              6.023116,50.776065,0
              6.023009,50.776057,0
              6.02291,50.776044,0
              6.022839,50.776063,0
              6.022774,50.776128,0
              6.022727,50.776112,0
              6.022582,50.776112,0
              6.022548,50.776107,0
              6.022479,50.776082,0
              6.022404,50.776078,0
              6.022279,50.776053,0
              6.022213,50.776013,0
              6.022171,50.77602,0
              6.022133,50.776098,0
              6.022104,50.776148,0
              6.022072,50.776161,0
              6.022009,50.776172,0
              6.021973,50.77619,0
              6.021951,50.776197,0
              6.021935,50.776191,0
              6.021871,50.776196,0
              6.02179,50.776201,0
              6.021748,50.776215,0
              6.021695,50.776212,0
              6.021603,50.776224,0
              6.021576,50.776228,0
              6.021529,50.776234,0
              6.021511,50.776249,0
              6.02148,50.776275,0
              6.021527,50.776301,0
              6.021521,50.776326,0
              6.021496,50.776357,0
              6.02143,50.77633,0
              6.021365,50.776318,0
              6.021335,50.776305,0
              6.021279,50.776251,0
              6.021212,50.776258,0
              6.021148,50.776252,0
              6.021093,50.7763,0
              6.021049,50.776284,0
              6.021012,50.776298,0
              6.020958,50.776385,0
              6.02088,50.776404,0
              6.020866,50.776405,0
              6.020853,50.776374,0
              6.020838,50.776374,0
              6.020788,50.776385,0
              6.02069,50.776426,0
              6.020526,50.776465,0
              6.020417,50.776464,0
              6.020334,50.776487,0
              6.020293,50.77651,0
              6.020217,50.776615,0
              6.020254,50.776643,0
              6.020307,50.776635,0
              6.020347,50.776636,0
              6.020386,50.776677,0
              6.020405,50.776716,0
              6.020412,50.776758,0
              6.020445,50.776799,0
              6.020533,50.776849,0
              6.02053,50.776856,0
              6.020488,50.77689,0
              6.020447,50.776894,0
              6.020367,50.776896,0
              6.020208,50.776955,0
              6.020239,50.777092,0
              6.020227,50.7771,0
              6.020138,50.77709,0
              6.020124,50.7771,0
              6.020163,50.777146,0
              6.020141,50.777159,0
              6.020084,50.777172,0
              6.019953,50.77718,0
              6.019914,50.77719,0
              6.019854,50.777251,0
              6.019802,50.777278,0
              6.019689,50.777299,0
              6.019655,50.77729,0
              6.019565,50.777305,0
              6.019525,50.777322,0
              6.01951,50.77733,0
              6.019308,50.777384,0
              6.019226,50.777392,0
              6.019158,50.777404,0
              6.019036,50.777444,0
              6.019003,50.777469,0
              6.018996,50.77749,0
              6.019074,50.77753,0
              6.019097,50.777559,0
              6.019056,50.777591,0
              6.019018,50.77761,0
              6.018957,50.777666,0
              6.018911,50.77769,0
              6.018833,50.777696,0
              6.018738,50.777715,0
              6.018691,50.777713,0
              6.018684,50.777679,0
              6.018665,50.777677,0
              6.018537,50.77771,0
              6.018444,50.777734,0
              6.018345,50.777771,0
              6.018288,50.777789,0
              6.018239,50.777795,0
              6.018113,50.777804,0
              6.017978,50.77784,0
              6.01796,50.777852,0
              6.017948,50.777928,0
              6.017929,50.777946,0
              6.017867,50.777952,0
              6.01782,50.77795,0
              6.017718,50.777974,0
              6.017648,50.777999,0
              6.017616,50.778031,0
              6.01766,50.778056,0
              6.017664,50.778125,0
              6.017626,50.778186,0
              6.017561,50.778238,0
              6.017567,50.778375,0
              6.017547,50.778404,0
              6.017536,50.778413,0
              6.0175,50.778407,0
              6.017456,50.778414,0
              6.017442,50.77843,0
              6.017436,50.778491,0
              6.017423,50.778556,0
              6.01738,50.778592,0
              6.017337,50.778601,0
              6.017152,50.778678,0
              6.017139,50.778678,0
              6.01708,50.778624,0
              6.017061,50.778621,0
              6.017003,50.778629,0
              6.016946,50.778643,0
              6.016703,50.778632,0
              6.016664,50.778619,0
              6.01661,50.778583,0
              6.016593,50.778585,0
              6.016562,50.778591,0
              6.016363,50.778676,0
              6.016297,50.77871,0
              6.016259,50.778712,0
              6.016215,50.778704,0
              6.016094,50.77875,0
              6.016069,50.77877,0
              6.016012,50.778788,0
              6.01593,50.778818,0
              6.015885,50.778823,0
              6.015764,50.77878,0
              6.015717,50.778777,0
              6.015638,50.778802,0
              6.015546,50.778825,0
              6.015498,50.778859,0
              6.015465,50.778903,0
              6.015413,50.778944,0
              6.015356,50.77895,0
              6.015309,50.778946,0
              6.01527,50.778943,0
              6.015148,50.778978,0
              6.015114,50.778994,0
              6.015072,50.77903,0
              6.015012,50.779056,0
              6.014948,50.779084,0
              6.01491,50.779127,0
              6.014753,50.779236,0
              6.01468,50.779267,0
              6.014663,50.779296,0
              6.014627,50.779349,0
              6.014579,50.779392,0
              6.014544,50.779425,0
              6.014529,50.779425,0
              6.014483,50.779439,0
              6.014468,50.77944,0
              6.014432,50.779452,0
              6.01443,50.779473,0
              6.014462,50.77951,0
              6.01446,50.779526,0
              6.014427,50.779574,0
              6.014375,50.779548,0
              6.014329,50.779529,0
              6.014265,50.779532,0
              6.014063,50.779526,0
              6.01386,50.779531,0
              6.01372,50.779504,0
              6.013439,50.779472,0
              6.013389,50.779498,0
              6.013407,50.779544,0
              6.013387,50.779627,0
              6.0134,50.779643,0
              6.013435,50.779666,0
              6.013452,50.7797,0
              6.013424,50.779736,0
              6.013376,50.779768,0
              6.013331,50.7798,0
              6.013293,50.77985,0
              6.01325,50.779873,0
              6.013221,50.779877,0
              6.013136,50.779873,0
              6.013087,50.779887,0
              6.013061,50.77994,0
              6.013016,50.779971,0
              6.012919,50.779982,0
              6.012825,50.779988,0
              6.012755,50.780046,0
              6.012696,50.780044,0
              6.012632,50.78003,0
              6.012567,50.780033,0
              6.012547,50.780038,0
              6.012515,50.780078,0
              6.012502,50.780085,0
              6.012398,50.780098,0
              6.012369,50.780114,0
              6.012284,50.780121,0
              6.0122,50.780107,0
              6.012135,50.780113,0
              6.012127,50.780121,0
              6.012102,50.780179,0
              6.012082,50.780221,0
              6.011922,50.780214,0
              6.011889,50.780201,0
              6.011822,50.780156,0
              6.011764,50.780167,0
              6.01164,50.780147,0
              6.011557,50.780161,0
              6.011486,50.780241,0
              6.01141,50.780261,0
              6.011341,50.780261,0
              6.011264,50.780252,0
              6.011101,50.780259,0
              6.011039,50.780238,0
              6.011016,50.780232,0
              6.010923,50.780204,0
              6.010856,50.780158,0
              6.010772,50.780189,0
              6.010736,50.780217,0
              6.010729,50.780237,0
              6.010648,50.780244,0
              6.010615,50.780235,0
              6.010502,50.780266,0
              6.010493,50.780358,0
              6.010552,50.780383,0
              6.010551,50.780411,0
              6.010373,50.780495,0
              6.010276,50.780502,0
              6.010215,50.780495,0
              6.010165,50.78047,0
              6.010098,50.780427,0
              6.009989,50.780446,0
              6.009936,50.780476,0
              6.009778,50.780615,0
              6.009687,50.780672,0
              6.009716,50.78074,0
              6.009639,50.780813,0
              6.009571,50.780956,0
              6.009238,50.780973,0
              6.00916,50.781005,0
              6.009124,50.781026,0
              6.009107,50.781064,0
              6.009057,50.781096,0
              6.008856,50.781146,0
              6.008654,50.781221,0
              6.008575,50.781234,0
              6.008394,50.781296,0
              6.008164,50.781324,0
              6.008055,50.781358,0
              6.007871,50.781446,0
              6.007763,50.781523,0
              6.007591,50.781568,0
              6.007562,50.781567,0
              6.00746,50.781562,0
              6.00742,50.781566,0
              6.007349,50.78162,0
              6.007217,50.781704,0
              6.007213,50.781733,0
              6.00712,50.781819,0
              6.007015,50.781887,0
              6.00696,50.781904,0
              6.006886,50.781903,0
              6.006864,50.781894,0
              6.006759,50.781861,0
              6.006718,50.781857,0
              6.006633,50.781873,0
              6.006563,50.7819,0
              6.006555,50.781909,0
              6.006575,50.781969,0
              6.006544,50.782062,0
              6.00648,50.782118,0
              6.006508,50.782171,0
              6.006516,50.782183,0
              6.006615,50.782207,0
              6.006643,50.782248,0
              6.00661,50.782301,0
              6.006564,50.782324,0
              6.006348,50.78234,0
              6.0063,50.782418,0
              6.006315,50.782482,0
              6.006303,50.782517,0
              6.006143,50.782599,0
              6.006144,50.782615,0
              6.006189,50.782656,0
              6.006178,50.782692,0
              6.006126,50.78274,0
              6.006052,50.782795,0
              6.006035,50.782852,0
              6.005998,50.782891,0
              6.005897,50.782911,0
              6.005816,50.78297,0
              6.005786,50.783054,0
              6.005609,50.783108,0
              6.005594,50.78321,0
              6.005562,50.783262,0
              6.005554,50.783296,0
              6.005506,50.783369,0
              6.005232,50.7835,0
              6.005026,50.783424,0
              6.005004,50.783426,0
              6.004855,50.783476,0
              6.004697,50.783514,0
              6.004662,50.783611,0
              6.004543,50.783744,0
              6.004426,50.783728,0
              6.004289,50.783681,0
              6.004202,50.783704,0
              6.004156,50.78373,0
              6.004159,50.783741,0
              6.004247,50.783788,0
              6.00424,50.783806,0
              6.00424,50.783809,0
              6.004094,50.783866,0
              6.004007,50.78393,0
              6.003764,50.783857,0
              6.003742,50.783858,0
              6.003584,50.783933,0
              6.003523,50.783994,0
              6.003396,50.784009,0
              6.003267,50.784064,0
              6.003153,50.784088,0
              6.003038,50.784069,0
              6.002845,50.784003,0
              6.002802,50.784008,0
              6.002671,50.784051,0
              6.002619,50.784074,0
              6.002617,50.784121,0
              6.002551,50.784191,0
              6.00248,50.784213,0
              6.002257,50.784173,0
              6.00213,50.784192,0
              6.002057,50.784282,0
              6.002012,50.784325,0
              6.002037,50.78438,0
              6.002006,50.784434,0
              6.001899,50.78449,0
              6.001833,50.784578,0
              6.001831,50.784648,0
              6.001759,50.784672,0
              6.001675,50.784707,0
              6.001619,50.784715,0
              6.001466,50.784699,0
              6.001279,50.78476,0
              6.001276,50.784817,0
              6.001221,50.784855,0
              6.001154,50.784868,0
              6.001156,50.784926,0
              6.001101,50.784965,0
              6.001039,50.784958,0
              6.000989,50.784973,0
              6.000974,50.784975,0
              6.000956,50.784986,0
              6.000951,50.784994,0
              6.000944,50.785024,0
              6.000928,50.785052,0
              6.00092,50.785073,0
              6.000936,50.785155,0
              6.000682,50.785268,0
              6.000662,50.785299,0
              6.000619,50.785288,0
              6.000582,50.785274,0
              6.000511,50.785293,0
              6.00039,50.785365,0
              6.000338,50.78537,0
              6.00022,50.785363,0
              6.000214,50.785366,0
              6.000273,50.785494,0
              6.000253,50.785501,0
              6.000147,50.785519,0
              6.000096,50.785555,0
              6.000049,50.785602,0
              6.000025,50.785606,0
              5.999944,50.785587,0
              5.99981,50.78556,0
              5.999786,50.785565,0
              5.999774,50.785595,0
              5.999836,50.785657,0
              5.999839,50.785791,0
              5.999776,50.785852,0
              5.999572,50.786012,0
              5.999384,50.786144,0
              5.999385,50.786151,0
              5.999434,50.786325,0
              5.999361,50.786408,0
              5.999234,50.786442,0
              5.999184,50.786455,0
              5.999016,50.786537,0
              5.99906,50.78663,0
              5.99904,50.786689,0
              5.998972,50.786751,0
              5.998834,50.786802,0
              5.998578,50.786934,0
              5.998508,50.786981,0
              5.998468,50.786965,0
              5.998365,50.786925,0
              5.998216,50.786857,0
              5.998126,50.786815,0
              5.997984,50.786748,0
              5.997976,50.786748,0
              5.997898,50.78674,0
              5.997692,50.786689,0
              5.997546,50.786613,0
              5.997455,50.786565,0
              5.997429,50.786591,0
              5.997073,50.786782,0
              5.99707,50.786869,0
              5.997047,50.786946,0
              5.996953,50.787032,0
              5.996901,50.787059,0
              5.996835,50.787063,0
              5.996712,50.787059,0
              5.996443,50.787171,0
              5.996322,50.78719,0
              5.996239,50.787216,0
              5.996155,50.78725,0
              5.996046,50.7873,0
              5.995984,50.787332,0
              5.995886,50.787385,0
              5.995844,50.787412,0
              5.995781,50.78747,0
              5.99573,50.787548,0
              5.995743,50.787602,0
              5.995741,50.787755,0
              5.995729,50.787854,0
              5.995754,50.787942,0
              5.995746,50.788074,0
              5.995722,50.788256,0
              5.995716,50.788406,0
              5.995709,50.788459,0
              5.995784,50.788567,0
              5.995779,50.788598,0
              5.995774,50.788666,0
              5.995756,50.788669,0
              5.995744,50.788697,0
              5.995742,50.788785,0
              5.99577,50.78889,0
              5.9958,50.789088,0
              5.995811,50.789199,0
              5.995863,50.7893,0
              5.995852,50.78932,0
              5.995872,50.789436,0
              5.995879,50.789509,0
              5.995906,50.789701,0
              5.995912,50.789754,0
              5.995928,50.78981,0
              5.995937,50.789869,0
              5.995938,50.789897,0
              5.995936,50.789941,0
              5.995924,50.789962,0
              5.995929,50.789985,0
              5.995898,50.790017,0
              5.995885,50.790048,0
              5.995829,50.790081,0
              5.995735,50.790111,0
              5.995677,50.790125,0
              5.995585,50.790161,0
              5.995381,50.790252,0
              5.995238,50.790292,0
              5.995109,50.790294,0
              5.995088,50.790298,0
              5.994989,50.790313,0
              5.994939,50.790339,0
              5.994893,50.790369,0
              5.994816,50.790398,0
              5.994719,50.790442,0
              5.994675,50.790492,0
              5.994607,50.790544,0
              5.994478,50.79061,0
              5.994091,50.79081,0
              5.993928,50.790908,0
              5.99383,50.790956,0
              5.993728,50.791022,0
              5.99355,50.791106,0
              5.993479,50.791131,0
              5.993411,50.791189,0
              5.993221,50.791302,0
              5.99311,50.791382,0
              5.99282,50.791536,0
              5.992742,50.791572,0
              5.992628,50.79164,0
              5.992425,50.791761,0
              5.992293,50.791845,0
              5.992198,50.791879,0
              5.99205,50.791958,0
              5.991995,50.791978,0
              5.991911,50.792016,0
              5.991793,50.792092,0
              5.991554,50.792224,0
              5.991345,50.792328,0
              5.991229,50.792398,0
              5.990948,50.792563,0
              5.990834,50.792625,0
              5.990608,50.792741,0
              5.990568,50.79277,0
              5.990318,50.792919,0
              5.990256,50.793002,0
              5.990133,50.793034,0
              5.990036,50.793083,0
              5.989932,50.793139,0
              5.989862,50.793164,0
              5.989634,50.793276,0
              5.989496,50.79335,0
              5.989391,50.793432,0
              5.989363,50.79346,0
              5.989304,50.793491,0
              5.98919,50.79354,0
              5.989078,50.793587,0
              5.988849,50.79372,0
              5.988576,50.793868,0
              5.988322,50.794022,0
              5.988268,50.794047,0
              5.988199,50.794067,0
              5.988118,50.794078,0
              5.988062,50.794099,0
              5.987961,50.794098,0
              5.987838,50.794088,0
              5.987742,50.79406,0
              5.987635,50.793995,0
              5.987553,50.794031,0
              5.987504,50.794074,0
              5.987354,50.794086,0
              5.98729,50.794041,0
              5.98722,50.793947,0
              5.987163,50.79392,0
              5.986983,50.793863,0
              5.986895,50.793852,0
              5.986755,50.79378,0
              5.986733,50.793778,0
              5.986573,50.793878,0
              5.986553,50.793882,0
              5.986476,50.793877,0
              5.986374,50.79383,0
              5.986307,50.793839,0
              5.986242,50.793843,0
              5.986107,50.79383,0
              5.985861,50.79383,0
              5.985779,50.793841,0
              5.985695,50.793873,0
              5.985674,50.793887,0
              5.985664,50.793916,0
              5.98578,50.794076,0
              5.985749,50.794075,0
              5.985706,50.794106,0
              5.985696,50.794165,0
              5.985746,50.794188,0
              5.985743,50.794217,0
              5.985696,50.794223,0
              5.9856,50.794205,0
              5.985594,50.794224,0
              5.985554,50.794295,0
              5.985513,50.794343,0
              5.985424,50.794409,0
              5.985404,50.794417,0
              5.985365,50.794391,0
              5.985344,50.794374,0
              5.985343,50.794347,0
              5.98535,50.794326,0
              5.985364,50.794307,0
              5.985333,50.794249,0
              5.98526,50.794234,0
              5.985211,50.794248,0
              5.985175,50.79437,0
              5.985111,50.794509,0
              5.985153,50.794545,0
              5.985179,50.794581,0
              5.98501,50.794596,0
              5.984988,50.794633,0
              5.984993,50.794653,0
              5.985053,50.794681,0
              5.98515,50.794748,0
              5.985161,50.794763,0
              5.985121,50.79479,0
              5.985089,50.794797,0
              5.984938,50.794858,0
              5.984721,50.794863,0
              5.984661,50.794872,0
              5.984685,50.794839,0
              5.984654,50.794795,0
              5.984583,50.794789,0
              5.98455,50.794808,0
              5.984523,50.794849,0
              5.984499,50.79487,0
              5.984454,50.794903,0
              5.984345,50.794975,0
              5.984303,50.794988,0
              5.984266,50.79497,0
              5.984236,50.794889,0
              5.984239,50.794859,0
              5.984227,50.794832,0
              5.984142,50.794781,0
              5.984103,50.794766,0
              5.984047,50.794755,0
              5.984014,50.794757,0
              5.983991,50.794814,0
              5.983985,50.794835,0
              5.983953,50.79485,0
              5.983853,50.794859,0
              5.983796,50.794868,0
              5.983695,50.794833,0
              5.983628,50.794835,0
              5.983574,50.79486,0
              5.983469,50.794867,0
              5.9834,50.794886,0
              5.983285,50.794891,0
              5.983148,50.794907,0
              5.983115,50.794915,0
              5.983103,50.794933,0
              5.983086,50.795029,0
              5.983029,50.795121,0
              5.982935,50.79517,0
              5.982892,50.795175,0
              5.982785,50.795212,0
              5.982725,50.795213,0
              5.982662,50.795228,0
              5.982596,50.795229,0
              5.982556,50.79522,0
              5.98252,50.79521,0
              5.982457,50.7952,0
              5.982339,50.795141,0
              5.982256,50.795116,0
              5.982224,50.795136,0
              5.982183,50.795215,0
              5.982126,50.79523,0
              5.982117,50.795231,0
              5.982067,50.795226,0
              5.982031,50.79521,0
              5.981923,50.795046,0
              5.981874,50.795034,0
              5.981677,50.795182,0
              5.981632,50.795188,0
              5.981592,50.795178,0
              5.981507,50.79501,0
              5.981488,50.795007,0
              5.981419,50.795009,0
              5.981337,50.795018,0
              5.98129,50.795033,0
              5.981198,50.79509,0
              5.981156,50.795092,0
              5.981065,50.795066,0
              5.980974,50.795071,0
              5.980894,50.795089,0
              5.980681,50.795173,0
              5.98064,50.795175,0
              5.980605,50.795155,0
              5.980539,50.795128,0
              5.980309,50.795102,0
              5.980236,50.795102,0
              5.980158,50.79511,0
              5.979948,50.795181,0
              5.979948,50.79521,0
              5.98003,50.795262,0
              5.98005,50.795306,0
              5.979987,50.795405,0
              5.979964,50.795443,0
              5.979937,50.795459,0
              5.979856,50.795523,0
              5.979831,50.795551,0
              5.979808,50.795589,0
              5.979771,50.795636,0
              5.97975,50.795653,0
              5.979701,50.795603,0
              5.979675,50.795594,0
              5.979631,50.795599,0
              5.979612,50.795616,0
              5.979551,50.795676,0
              5.979507,50.795732,0
              5.979481,50.795824,0
              5.979427,50.795847,0
              5.979363,50.79583,0
              5.979247,50.795828,0
              5.979238,50.795847,0
              5.979233,50.795864,0
              5.979305,50.79591,0
              5.979331,50.795947,0
              5.979342,50.795972,0
              5.979327,50.795988,0
              5.979312,50.795998,0
              5.979282,50.796004,0
              5.979138,50.795988,0
              5.979119,50.795982,0
              5.979093,50.795991,0
              5.979079,50.796006,0
              5.979097,50.796142,0
              5.979073,50.79617,0
              5.979056,50.796203,0
              5.97905,50.796233,0
              5.979062,50.796248,0
              5.979105,50.796252,0
              5.979138,50.79625,0
              5.979156,50.796284,0
              5.979153,50.796299,0
              5.9791,50.796324,0
              5.979031,50.796366,0
              5.978858,50.796404,0
              5.978831,50.796397,0
              5.978768,50.796386,0
              5.978712,50.79639,0
              5.97862,50.796419,0
              5.978534,50.796462,0
              5.978487,50.796478,0
              5.978461,50.796482,0
              5.978395,50.796492,0
              5.978334,50.796494,0
              5.978289,50.79648,0
              5.978234,50.796517,0
              5.978225,50.796604,0
              5.978135,50.796624,0
              5.978106,50.79664,0
              5.978076,50.796768,0
              5.977997,50.796785,0
              5.977889,50.796846,0
              5.977833,50.796894,0
              5.977792,50.796904,0
              5.977749,50.796902,0
              5.977686,50.796865,0
              5.977636,50.796813,0
              5.97759,50.796816,0
              5.977526,50.796826,0
              5.977435,50.796803,0
              5.977397,50.796791,0
              5.977362,50.796763,0
              5.977308,50.796699,0
              5.97728,50.796687,0
              5.977262,50.796689,0
              5.977191,50.79669,0
              5.977009,50.796849,0
              5.976968,50.7969,0
              5.976961,50.796912,0
              5.976966,50.796925,0
              5.977005,50.796964,0
              5.977004,50.796991,0
              5.976863,50.797083,0
              5.976641,50.797162,0
              5.976485,50.797306,0
              5.976458,50.797342,0
              5.97644,50.797362,0
              5.976393,50.797367,0
              5.976382,50.797385,0
              5.976362,50.797387,0
              5.976182,50.797449,0
              5.976116,50.797466,0
              5.976062,50.797492,0
              5.976,50.797576,0
              5.975962,50.797636,0
              5.975926,50.797657,0
              5.97583,50.797695,0
              5.97575,50.797729,0
              5.975667,50.797763,0
              5.975612,50.797775,0
              5.97558,50.797778,0
              5.975544,50.797786,0
              5.975483,50.797814,0
              5.975461,50.797836,0
              5.975452,50.797853,0
              5.975272,50.79794,0
              5.975238,50.79794,0
              5.975204,50.797944,0
              5.975176,50.797959,0
              5.975137,50.797966,0
              5.975119,50.797964,0
              5.975015,50.797979,0
              5.974968,50.798,0
              5.974873,50.798043,0
              5.974948,50.798093,0
              5.975139,50.798493,0
              5.975139,50.798644,0
              5.975211,50.79916,0
              5.975367,50.799821,0
              5.975468,50.800234,0
              5.975475,50.800457,0
              5.975545,50.800718,0
              5.975646,50.801152,0
              5.97567,50.801432,0
              5.975637,50.801921,0
              5.975742,50.802353,0
              5.976012,50.802713,0
              5.976291,50.803013,0
              5.97655,50.803244,0
              5.976681,50.80337,0
              5.976637,50.803389,0
              5.976622,50.803395,0
              5.976594,50.803415,0
              5.976558,50.80344,0
              5.976048,50.803291,0
              5.975765,50.803209,0
              5.975519,50.803138,0
              5.975473,50.803124,0
              5.975021,50.802994,0
              5.974407,50.802818,0
              5.974133,50.80274,0
              5.973367,50.802515,0
              5.972733,50.802328,0
              5.971712,50.802034,0
              5.970895,50.801797,0
              5.97087,50.80179,0
              5.969825,50.801485,0
              5.969104,50.801272,0
              5.969006,50.801286,0
              5.968924,50.801298,0
              5.968804,50.801315,0
              5.968766,50.801321,0
              5.968758,50.801322,0
              5.968335,50.801382,0
              5.968291,50.801388,0
              5.968207,50.8014,0
              5.967887,50.801445,0
              5.967878,50.801446,0
              5.967839,50.801453,0
              5.967615,50.801498,0
              5.967453,50.801531,0
              5.967305,50.801574,0
              5.967151,50.80163,0
              5.966928,50.801654,0
              5.966862,50.80167,0
              5.966828,50.801678,0
              5.966681,50.801697,0
              5.966628,50.801717,0
              5.96633,50.801842,0
              5.966106,50.802046,0
              5.965932,50.802203,0
              5.965881,50.802237,0
              5.965797,50.802249,0
              5.965748,50.802255,0
              5.965715,50.802269,0
              5.965686,50.802289,0
              5.965661,50.802308,0
              5.965633,50.802324,0
              5.965578,50.802337,0
              5.965462,50.802358,0
              5.965454,50.80236,0
              5.96526,50.802401,0
              5.965222,50.802401,0
              5.965179,50.802388,0
              5.965128,50.802369,0
              5.96508,50.802352,0
              5.965022,50.802339,0
              5.96496,50.802338,0
              5.964896,50.802353,0
              5.964809,50.802419,0
              5.964774,50.8024,0
              5.964724,50.802368,0
              5.964665,50.802336,0
              5.964453,50.80223,0
              5.96434,50.802171,0
              5.964285,50.802142,0
              5.964264,50.802131,0
              5.963872,50.801918,0
              5.963707,50.801829,0
              5.963607,50.801778,0
              5.963045,50.801493,0
              5.962961,50.801451,0
              5.962737,50.801337,0
              5.962505,50.80122,0
              5.962492,50.801227,0
              5.962136,50.801031,0
              5.962112,50.801018,0
              5.962003,50.800958,0
              5.961911,50.800905,0
              5.961756,50.800822,0
              5.961742,50.800814,0
              5.961566,50.800718,0
              5.961546,50.800707,0
              5.961544,50.800706,0
              5.961369,50.800605,0
              5.961357,50.800598,0
              5.961329,50.800582,0
              5.961304,50.800568,0
              5.960834,50.800231,0
              5.960708,50.80014,0
              5.960664,50.800109,0
              5.960497,50.799988,0
              5.96027,50.799824,0
              5.959972,50.799608,0
              5.959768,50.799459,0
              5.959516,50.799284,0
              5.959312,50.799143,0
              5.959187,50.799059,0
              5.95893,50.798884,0
              5.958846,50.798823,0
              5.958825,50.798808,0
              5.958533,50.798597,0
              5.958054,50.798266,0
              5.957998,50.798225,0
              5.957953,50.798194,0
              5.957759,50.798056,0
              5.957743,50.798044,0
              5.95774,50.798042,0
              5.95771,50.798021,0
              5.957642,50.797983,0
              5.957299,50.797789,0
              5.957284,50.797781,0
              5.956695,50.797449,0
              5.956218,50.79718,0
              5.956205,50.797173,0
              5.955656,50.796865,0
              5.955443,50.796746,0
              5.955321,50.796677,0
              5.955266,50.796648,0
              5.955257,50.796644,0
              5.955149,50.796588,0
              5.955144,50.796585,0
              5.955036,50.796522,0
              5.955035,50.796521,0
              5.955002,50.796502,0
              5.954996,50.796497,0
              5.954839,50.79637,0
              5.954674,50.796236,0
              5.954425,50.796036,0
              5.954135,50.795803,0
              5.953806,50.795536,0
              5.953751,50.795492,0
              5.953656,50.795416,0
              5.953493,50.795285,0
              5.953301,50.795132,0
              5.953156,50.795015,0
              5.952806,50.794734,0
              5.952772,50.794707,0
              5.952698,50.794649,0
              5.952635,50.794599,0
              5.952431,50.794438,0
              5.952371,50.79439,0
              5.952182,50.794237,0
              5.952165,50.794223,0
              5.951836,50.793956,0
              5.95164,50.793796,0
              5.951634,50.793781,0
              5.951581,50.793797,0
              5.951584,50.793827,0
              5.951588,50.79387,0
              5.951595,50.793906,0
              5.951592,50.793927,0
              5.95157,50.793957,0
              5.951552,50.793971,0
              5.951522,50.793981,0
              5.951495,50.793976,0
              5.95147,50.793963,0
              5.951458,50.793972,0
              5.951451,50.793992,0
              5.951461,50.794001,0
              5.951477,50.794009,0
              5.951492,50.794022,0
              5.95148,50.794035,0
              5.951456,50.794042,0
              5.951427,50.794042,0
              5.951412,50.79405,0
              5.951371,50.79406,0
              5.951339,50.794071,0
              5.951322,50.794082,0
              5.951321,50.794099,0
              5.951328,50.794115,0
              5.951333,50.794133,0
              5.951331,50.794157,0
              5.951315,50.794185,0
              5.951275,50.794219,0
              5.951239,50.794243,0
              5.951209,50.794254,0
              5.951194,50.794265,0
              5.951177,50.794285,0
              5.951158,50.794304,0
              5.951157,50.794328,0
              5.95115,50.794346,0
              5.95113,50.794368,0
              5.951101,50.794389,0
              5.95106,50.7944,0
              5.951042,50.7944,0
              5.951022,50.794394,0
              5.951013,50.794383,0
              5.950998,50.794389,0
              5.950972,50.794395,0
              5.950952,50.794391,0
              5.95093,50.794377,0
              5.950912,50.794363,0
              5.950877,50.794361,0
              5.950832,50.79435,0
              5.950784,50.794342,0
              5.950744,50.794352,0
              5.950729,50.794365,0
              5.950719,50.794381,0
              5.950711,50.794403,0
              5.950685,50.794423,0
              5.95065,50.794446,0
              5.950614,50.794474,0
              5.950567,50.794494,0
              5.950508,50.7945,0
              5.950452,50.79451,0
              5.950407,50.794514,0
              5.950378,50.794506,0
              5.950346,50.794504,0
              5.950307,50.794494,0
              5.95027,50.794494,0
              5.95025,50.794494,0
              5.950233,50.794499,0
              5.950206,50.794499,0
              5.950163,50.7945,0
              5.950134,50.794489,0
              5.950113,50.794463,0
              5.950081,50.794427,0
              5.950039,50.794385,0
              5.950006,50.794352,0
              5.949981,50.794342,0
              5.949944,50.794352,0
              5.949907,50.79437,0
              5.949836,50.794394,0
              5.949808,50.794405,0
              5.94975,50.794407,0
              5.94972,50.794418,0
              5.949684,50.794439,0
              5.949651,50.794462,0
              5.949641,50.794488,0
              5.949628,50.794506,0
              5.949596,50.794518,0
              5.949564,50.79452,0
              5.949539,50.794507,0
              5.949469,50.794488,0
              5.949424,50.794466,0
              5.949391,50.794445,0
              5.949354,50.79444,0
              5.949316,50.794446,0
              5.949286,50.794459,0
              5.949267,50.794476,0
              5.949263,50.794499,0
              5.949256,50.794518,0
              5.949239,50.794538,0
              5.949213,50.794556,0
              5.949185,50.794562,0
              5.949148,50.794555,0
              5.949148,50.794557,0
              5.949078,50.794533,0
              5.949056,50.794526,0
              5.949025,50.794531,0
              5.949008,50.794545,0
              5.949022,50.794563,0
              5.949035,50.794593,0
              5.949017,50.794606,0
              5.949028,50.794618,0
              5.949042,50.794624,0
              5.949058,50.794633,0
              5.949066,50.794655,0
              5.949053,50.794686,0
              5.949038,50.794711,0
              5.949014,50.794726,0
              5.949004,50.794742,0
              5.949002,50.794768,0
              5.949011,50.794802,0
              5.949012,50.794834,0
              5.949002,50.794861,0
              5.948981,50.794893,0
              5.948949,50.794904,0
              5.94892,50.794908,0
              5.948891,50.794899,0
              5.948876,50.794887,0
              5.948842,50.794882,0
              5.948817,50.794893,0
              5.948776,50.79492,0
              5.948754,50.79495,0
              5.948736,50.794976,0
              5.948723,50.795002,0
              5.948694,50.795011,0
              5.948671,50.795013,0
              5.94866,50.795001,0
              5.94864,50.79496,0
              5.948609,50.794955,0
              5.948579,50.794967,0
              5.948532,50.794974,0
              5.948452,50.794975,0
              5.94842,50.794975,0
              5.94841,50.794969,0
              5.948411,50.794956,0
              5.948412,50.794938,0
              5.948399,50.794918,0
              5.948364,50.794903,0
              5.948321,50.794893,0
              5.948272,50.7949,0
              5.948248,50.7949,0
              5.94822,50.794885,0
              5.948198,50.794869,0
              5.948166,50.79486,0
              5.948128,50.794867,0
              5.948109,50.794885,0
              5.948075,50.794899,0
              5.948017,50.794904,0
              5.947963,50.794896,0
              5.947928,50.794877,0
              5.947897,50.794859,0
              5.947862,50.794858,0
              5.947839,50.794863,0
              5.947823,50.794874,0
              5.947808,50.794896,0
              5.947786,50.79492,0
              5.94776,50.794944,0
              5.947702,50.794969,0
              5.947653,50.794987,0
              5.947638,50.795,0
              5.947639,50.795015,0
              5.947653,50.79504,0
              5.947665,50.795088,0
              5.947665,50.795138,0
              5.947662,50.795168,0
              5.947636,50.795181,0
              5.947592,50.795188,0
              5.947561,50.79518,0
              5.947518,50.795174,0
              5.947483,50.795175,0
              5.94746,50.795184,0
              5.947442,50.795202,0
              5.94744,50.79523,0
              5.947446,50.795248,0
              5.947432,50.79526,0
              5.947401,50.795269,0
              5.94738,50.795284,0
              5.947392,50.795307,0
              5.947413,50.795326,0
              5.947425,50.795348,0
              5.947419,50.795367,0
              5.947401,50.795383,0
              5.947366,50.795392,0
              5.947319,50.795398,0
              5.947297,50.795406,0
              5.947293,50.795423,0
              5.947282,50.795442,0
              5.94724,50.795468,0
              5.947211,50.795487,0
              5.947216,50.795519,0
              5.947233,50.795582,0
              5.94724,50.795629,0
              5.94724,50.795655,0
              5.947229,50.795669,0
              5.947208,50.795672,0
              5.947171,50.795671,0
              5.947145,50.795675,0
              5.94714,50.795687,0
              5.947147,50.795701,0
              5.947172,50.79572,0
              5.947199,50.795736,0
              5.947256,50.795768,0
              5.947271,50.79578,0
              5.947276,50.795793,0
              5.947257,50.795801,0
              5.947221,50.79581,0
              5.947153,50.795817,0
              5.947118,50.795813,0
              5.947096,50.795804,0
              5.947066,50.795802,0
              5.947046,50.795814,0
              5.947024,50.795817,0
              5.946994,50.795806,0
              5.946969,50.795776,0
              5.946941,50.795764,0
              5.946913,50.795772,0
              5.946875,50.795788,0
              5.946795,50.795812,0
              5.946724,50.795823,0
              5.946643,50.795828,0
              5.946582,50.795831,0
              5.946557,50.79584,0
              5.94655,50.79586,0
              5.946544,50.795886,0
              5.946519,50.795911,0
              5.946495,50.795924,0
              5.946473,50.795942,0
              5.946466,50.795965,0
              5.946481,50.795979,0
              5.946503,50.795992,0
              5.94651,50.796004,0
              5.946483,50.796012,0
              5.94646,50.796023,0
              5.946447,50.796038,0
              5.94643,50.796064,0
              5.946416,50.796082,0
              5.946392,50.796095,0
              5.946336,50.796092,0
              5.946296,50.796092,0
              5.94627,50.796103,0
              5.946272,50.796106,0
              5.946227,50.796124,0
              5.946196,50.796141,0
              5.946178,50.796158,0
              5.946158,50.796173,0
              5.94612,50.796199,0
              5.946079,50.796195,0
              5.946067,50.796171,0
              5.946012,50.796149,0
              5.945965,50.796193,0
              5.945926,50.796184,0
              5.945911,50.796161,0
              5.945872,50.796145,0
              5.945796,50.796145,0
              5.945734,50.796142,0
              5.945706,50.796117,0
              5.945672,50.79611,0
              5.945659,50.796127,0
              5.945611,50.796134,0
              5.945569,50.796131,0
              5.945537,50.796133,0
              5.945502,50.796142,0
              5.945472,50.796179,0
              5.945415,50.796163,0
              5.945394,50.796137,0
              5.945407,50.796106,0
              5.945407,50.796096,0
              5.945408,50.796081,0
              5.945416,50.79607,0
              5.945435,50.796056,0
              5.945463,50.796044,0
              5.945468,50.796034,0
              5.945458,50.796013,0
              5.945448,50.795982,0
              5.94546,50.795928,0
              5.94548,50.795818,0
              5.94548,50.795811,0
              5.945485,50.795772,0
              5.945492,50.795725,0
              5.9455,50.79564,0
              5.9455,50.795565,0
              5.945506,50.795543,0
              5.945499,50.795524,0
              5.945472,50.795518,0
              5.945462,50.795516,0
              5.945436,50.795507,0
              5.945425,50.79549,0
              5.94543,50.79547,0
              5.945425,50.795453,0
              5.945409,50.795443,0
              5.945379,50.795438,0
              5.945332,50.79544,0
              5.945294,50.795451,0
              5.945257,50.795441,0
              5.945227,50.795434,0
              5.945181,50.79543,0
              5.94513,50.795433,0
              5.945105,50.795434,0
              5.945027,50.795442,0
              5.944954,50.795442,0
              5.944883,50.795441,0
              5.944847,50.795447,0
              5.944818,50.795455,0
              5.944795,50.795455,0
              5.944795,50.795452,0
              5.944769,50.795434,0
              5.944758,50.795412,0
              5.94475,50.795389,0
              5.944752,50.795371,0
              5.94475,50.795344,0
              5.944744,50.795336,0
              5.944728,50.795318,0
              5.944706,50.7953,0
              5.944668,50.795286,0
              5.944624,50.795276,0
              5.944616,50.795259,0
              5.944597,50.795242,0
              5.94455,50.795223,0
              5.944522,50.795205,0
              5.944489,50.79518,0
              5.944483,50.795176,0
              5.944453,50.795147,0
              5.94442,50.79511,0
              5.9444,50.795091,0
              5.944392,50.795083,0
              5.944359,50.79506,0
              5.944324,50.795059,0
              5.944287,50.795042,0
              5.944279,50.795036,0
              5.944258,50.795023,0
              5.944246,50.795005,0
              5.944237,50.794981,0
              5.944235,50.794963,0
              5.944235,50.79494,0
              5.944234,50.794927,0
              5.944227,50.794898,0
              5.944209,50.79487,0
              5.944175,50.794835,0
              5.944148,50.794797,0
              5.944113,50.794755,0
              5.94407,50.794719,0
              5.944044,50.794696,0
              5.944043,50.794696,0
              5.944024,50.79468,0
              5.944002,50.794653,0
              5.943992,50.794634,0
              5.943993,50.794612,0
              5.943992,50.794582,0
              5.943975,50.794565,0
              5.943956,50.794551,0
              5.943932,50.794539,0
              5.943908,50.794524,0
              5.943888,50.794505,0
              5.943881,50.79449,0
              5.943884,50.794473,0
              5.943885,50.794465,0
              5.943886,50.794446,0
              5.943888,50.794426,0
              5.943887,50.794391,0
              5.943879,50.794356,0
              5.943872,50.794328,0
              5.943889,50.794314,0
              5.943899,50.794296,0
              5.943902,50.794292,0
              5.943906,50.794284,0
              5.9439,50.794274,0
              5.943898,50.794271,0
              5.943884,50.794255,0
              5.943841,50.794181,0
              5.943816,50.794149,0
              5.943755,50.794093,0
              5.943735,50.794064,0
              5.943717,50.794032,0
              5.943681,50.794007,0
              5.943635,50.793993,0
              5.943589,50.793991,0
              5.94356,50.793973,0
              5.943548,50.793954,0
              5.943524,50.793924,0
              5.943506,50.79391,0
              5.943492,50.7939,0
              5.943461,50.793883,0
              5.943428,50.793861,0
              5.943392,50.793833,0
              5.943358,50.79382,0
              5.943325,50.793808,0
              5.943288,50.793808,0
              5.943252,50.793808,0
              5.943211,50.793802,0
              5.94317,50.793791,0
              5.943134,50.79377,0
              5.94311,50.793755,0
              5.943097,50.793746,0
              5.943072,50.793709,0
              5.943051,50.793674,0
              5.943047,50.793656,0
              5.943054,50.793641,0
              5.943084,50.793634,0
              5.943121,50.793611,0
              5.943179,50.793583,0
              5.943246,50.793541,0
              5.943347,50.793481,0
              5.943389,50.793459,0
              5.943419,50.793448,0
              5.943451,50.793428,0
              5.943463,50.793411,0
              5.943465,50.793391,0
              5.943482,50.793376,0
              5.943488,50.793348,0
              5.943479,50.793312,0
              5.943457,50.793287,0
              5.943443,50.793265,0
              5.943412,50.793247,0
              5.943387,50.793231,0
              5.943381,50.793214,0
              5.94338,50.79319,0
              5.943378,50.793159,0
              5.943373,50.793139,0
              5.943348,50.793125,0
              5.943315,50.793119,0
              5.943264,50.793116,0
              5.943216,50.793108,0
              5.943172,50.793092,0
              5.943118,50.793066,0
              5.94311,50.793059,0
              5.943097,50.793048,0
              5.943059,50.793031,0
              5.943014,50.793021,0
              5.942964,50.793014,0
              5.942941,50.793003,0
              5.942919,50.792978,0
              5.942906,50.792945,0
              5.942911,50.792896,0
              5.94293,50.792825,0
              5.942946,50.792764,0
              5.942965,50.792706,0
              5.94297,50.792663,0
              5.94298,50.792621,0
              5.942972,50.792588,0
              5.942956,50.792573,0
              5.94294,50.792559,0
              5.942891,50.792526,0
              5.942861,50.79251,0
              5.942815,50.79249,0
              5.942783,50.79248,0
              5.942768,50.792468,0
              5.94277,50.792445,0
              5.94277,50.792426,0
              5.942763,50.792397,0
              5.942741,50.792373,0
              5.942735,50.792339,0
              5.942735,50.792335,0
              5.94274,50.79232,0
              5.942725,50.79229,0
              5.942708,50.792264,0
              5.942688,50.792201,0
              5.942684,50.792196,0
              5.942649,50.792162,0
              5.942644,50.792092,0
              5.942642,50.79207,0
              5.942668,50.792014,0
              5.942668,50.791981,0
              5.942669,50.791952,0
              5.942673,50.79188,0
              5.942672,50.79183,0
              5.942691,50.791805,0
              5.942688,50.791787,0
              5.942683,50.791746,0
              5.942675,50.791711,0
              5.942681,50.791689,0
              5.942699,50.791688,0
              5.942727,50.791686,0
              5.942752,50.791684,0
              5.942765,50.791669,0
              5.942769,50.791652,0
              5.942767,50.791635,0
              5.942742,50.791626,0
              5.942724,50.791618,0
              5.942723,50.791602,0
              5.94273,50.791586,0
              5.942746,50.791574,0
              5.942771,50.791561,0
              5.942793,50.791544,0
              5.942805,50.791527,0
              5.942821,50.791501,0
              5.942827,50.791472,0
              5.942824,50.791444,0
              5.942815,50.791427,0
              5.942759,50.791327,0
              5.942757,50.791325,0
              5.942713,50.791264,0
              5.942627,50.791167,0
              5.94257,50.79113,0
              5.942501,50.791102,0
              5.942427,50.79106,0
              5.942417,50.791054,0
              5.942368,50.791021,0
              5.942343,50.791011,0
              5.942297,50.790994,0
              5.942282,50.790971,0
              5.942271,50.790955,0
              5.942249,50.790905,0
              5.942225,50.790849,0
              5.942213,50.790787,0
              5.942239,50.79074,0
              5.942266,50.790704,0
              5.942277,50.790677,0
              5.942268,50.790652,0
              5.942256,50.790644,0
              5.942242,50.790633,0
              5.942189,50.790609,0
              5.942089,50.790565,0
              5.942036,50.790528,0
              5.942008,50.790479,0
              5.942012,50.790425,0
              5.942042,50.790364,0
              5.942043,50.790361,0
              5.942077,50.790285,0
              5.942088,50.790248,0
              5.942098,50.790213,0
              5.942126,50.790177,0
              5.942179,50.79015,0
              5.942214,50.790136,0
              5.942284,50.790115,0
              5.94237,50.790096,0
              5.942431,50.790077,0
              5.942478,50.790041,0
              5.942494,50.790016,0
              5.942498,50.789984,0
              5.942472,50.789944,0
              5.942435,50.789902,0
              5.942414,50.789869,0
              5.942396,50.789789,0
              5.942395,50.789787,0
              5.942371,50.78971,0
              5.942347,50.789663,0
              5.942332,50.789656,0
              5.942314,50.789647,0
              5.942279,50.789636,0
              5.942318,50.789613,0
              5.942327,50.78959,0
              5.942329,50.789564,0
              5.942346,50.789541,0
              5.942372,50.789511,0
              5.94239,50.789471,0
              5.942399,50.789416,0
              5.942398,50.789397,0
              5.942397,50.789358,0
              5.942391,50.789327,0
              5.942368,50.789293,0
              5.942295,50.789265,0
              5.942222,50.789254,0
              5.942151,50.789247,0
              5.942255,50.78892,0
              5.94229,50.788808,0
              5.942294,50.788797,0
              5.94237,50.788551,0
              5.942447,50.788286,0
              5.94249,50.788136,0
              5.942585,50.787838,0
              5.942603,50.787787,0
              5.942691,50.78754,0
              5.942883,50.787002,0
              5.942886,50.786987,0
              5.942894,50.786969,0
              5.942905,50.786944,0
              5.942915,50.786932,0
              5.942956,50.786835,0
              5.942986,50.78676,0
              5.942989,50.786752,0
              5.942997,50.786731,0
              5.943043,50.786616,0
              5.943122,50.786414,0
              5.943158,50.786321,0
              5.943162,50.78631,0
              5.943163,50.786307,0
              5.943202,50.786203,0
              5.94325,50.786077,0
              5.943364,50.785796,0
              5.943442,50.785593,0
              5.943499,50.785445,0
              5.943672,50.785003,0
              5.94369,50.784952,0
              5.943804,50.784645,0
              5.943935,50.784299,0
              5.943948,50.784266,0
              5.943988,50.78416,0
              5.944105,50.783856,0
              5.944161,50.78371,0
              5.944257,50.783459,0
              5.944417,50.783075,0
              5.944482,50.782915,0
              5.944535,50.782781,0
              5.944554,50.782732,0
              5.944612,50.782577,0
              5.944706,50.782343,0
              5.944781,50.782162,0
              5.944791,50.782139,0
              5.944793,50.782134,0
              5.944806,50.782103,0
              5.94487,50.781927,0
              5.944949,50.781726,0
              5.944975,50.781658,0
              5.945001,50.781594,0
              5.945004,50.781589,0
              5.945005,50.781586,0
              5.945003,50.781574,0
              5.944991,50.781518,0
              5.944973,50.781443,0
              5.944972,50.781438,0
              5.944958,50.781377,0
              5.944947,50.781337,0
              5.944936,50.781299,0
              5.944925,50.781233,0
              5.94492,50.781185,0
              5.944912,50.781157,0
              5.944902,50.781096,0
              5.944894,50.781041,0
              5.944893,50.781003,0
              5.944893,50.78095,0
              5.944894,50.780901,0
              5.944888,50.780842,0
              5.944876,50.780763,0
              5.944859,50.780691,0
              5.944851,50.780658,0
              5.944839,50.780615,0
              5.944802,50.780536,0
              5.944766,50.780475,0
              5.944743,50.780435,0
              5.944702,50.780365,0
              5.94463,50.780269,0
              5.944594,50.780213,0
              5.944588,50.780181,0
              5.944575,50.780124,0
              5.944555,50.780046,0
              5.944552,50.780001,0
              5.944581,50.7799,0
              5.944604,50.779823,0
              5.944626,50.779748,0
              5.944644,50.779696,0
              5.944668,50.779666,0
              5.94473,50.779616,0
              5.944768,50.779586,0
              5.944771,50.779529,0
              5.944745,50.779452,0
              5.944714,50.779391,0
              5.944675,50.77934,0
              5.94463,50.7793,0
              5.944609,50.779256,0
              5.94458,50.779193,0
              5.944567,50.779148,0
              5.944559,50.779074,0
              5.94456,50.779,0
              5.944577,50.778879,0
              5.944563,50.778847,0
              5.944549,50.778812,0
              5.944526,50.778766,0
              5.944514,50.778724,0
              5.944516,50.778669,0
              5.944513,50.778612,0
              5.944519,50.778556,0
              5.944527,50.778502,0
              5.944513,50.778447,0
              5.944505,50.778378,0
              5.944495,50.77832,0
              5.944496,50.778285,0
              5.944497,50.778234,0
              5.944496,50.778176,0
              5.944483,50.778122,0
              5.944471,50.778082,0
              5.94446,50.77801,0
              5.944444,50.777939,0
              5.944433,50.777877,0
              5.944425,50.777831,0
              5.944418,50.777748,0
              5.944421,50.777682,0
              5.944436,50.777556,0
              5.944411,50.777508,0
              5.944387,50.777467,0
              5.944377,50.777415,0
              5.944371,50.777376,0
              5.944351,50.777327,0
              5.944347,50.777289,0
              5.944354,50.777223,0
              5.944358,50.777169,0
              5.9444,50.7771,0
              5.944418,50.777062,0
              5.944435,50.777029,0
              5.944437,50.776986,0
              5.944424,50.776956,0
              5.944401,50.776914,0
              5.944379,50.776883,0
              5.944367,50.776855,0
              5.944351,50.776809,0
              5.944348,50.776775,0
              5.94435,50.77675,0
              5.944377,50.776716,0
              5.944399,50.776691,0
              5.944428,50.776653,0
              5.94444,50.776615,0
              5.944439,50.776574,0
              5.944431,50.776532,0
              5.944411,50.776493,0
              5.94439,50.776454,0
              5.944366,50.776407,0
              5.944349,50.776347,0
              5.944332,50.776289,0
              5.944306,50.776234,0
              5.944272,50.776198,0
              5.944221,50.776152,0
              5.944179,50.776112,0
              5.944149,50.776072,0
              5.944119,50.776024,0
              5.944102,50.775982,0
              5.944096,50.775946,0
              5.944093,50.775896,0
              5.944095,50.775834,0
              5.944092,50.775787,0
              5.94408,50.775755,0
              5.944064,50.775706,0
              5.94403,50.775653,0
              5.943952,50.775536,0
              5.943863,50.775398,0
              5.943798,50.775296,0
              5.943754,50.775222,0
              5.943703,50.77511,0
              5.943677,50.775046,0
              5.943651,50.775,0
              5.943587,50.774902,0
              5.943535,50.77482,0
              5.943515,50.774739,0
              5.943494,50.774624,0
              5.94349,50.774575,0
              5.943484,50.774404,0
              5.94348,50.774244,0
              5.943478,50.774096,0
              5.943479,50.773983,0
              5.943479,50.773889,0
              5.943487,50.773816,0
              5.943502,50.773745,0
              5.943541,50.773558,0
              5.943583,50.773382,0
              5.943609,50.77326,0
              5.943512,50.773205,0
              5.943439,50.773151,0
              5.943313,50.773053,0
              5.9432,50.772981,0
              5.943102,50.77292,0
              5.942997,50.772879,0
              5.942922,50.772852,0
              5.942811,50.772814,0
              5.94256,50.772727,0
              5.942348,50.772651,0
              5.942234,50.772612,0
              5.942147,50.772562,0
              5.942047,50.7725,0
              5.941966,50.772452,0
              5.941876,50.772384,0
              5.941769,50.772305,0
              5.941707,50.772269,0
              5.941524,50.772183,0
              5.941319,50.772083,0
              5.941138,50.771996,0
              5.940956,50.771944,0
              5.94049,50.771817,0
              5.940229,50.771755,0
              5.940024,50.77171,0
              5.939794,50.77166,0
              5.939644,50.771628,0
              5.939544,50.771604,0
              5.939415,50.771591,0
              5.939318,50.771578,0
              5.939161,50.771561,0
              5.93895,50.77154,0
              5.938802,50.771525,0
              5.938722,50.771512,0
              5.938475,50.771466,0
              5.93829,50.77143,0
              5.938171,50.771408,0
              5.938018,50.771377,0
              5.937915,50.771373,0
              5.937746,50.771369,0
              5.937537,50.771368,0
              5.937376,50.771363,0
              5.937218,50.771357,0
              5.93707,50.771364,0
              5.936749,50.771388,0
              5.936292,50.771425,0
              5.93593,50.771461,0
              5.935857,50.771588,0
              5.935805,50.771674,0
              5.935701,50.771801,0
              5.935607,50.771911,0
              5.935467,50.772058,0
              5.935306,50.7722,0
              5.935133,50.772346,0
              5.934941,50.772508,0
              5.934655,50.772748,0
              5.93448,50.772894,0
              5.93437,50.772988,0
              5.934272,50.773072,0
              5.934172,50.773136,0
              5.933972,50.773268,0
              5.933815,50.77337,0
              5.933908,50.773429,0
              5.934089,50.773539,0
              5.934031,50.77359,0
              5.933977,50.773627,0
              5.933914,50.773666,0
              5.93373,50.773762,0
              5.933583,50.773828,0
              5.933388,50.773928,0
              5.933221,50.774023,0
              5.933002,50.774142,0
              5.932844,50.774242,0
              5.93283,50.774252,0
              5.932665,50.774358,0
              5.932632,50.774389,0
              5.932556,50.774454,0
              5.932499,50.774506,0
              5.93243,50.774551,0
              5.932388,50.77458,0
              5.932365,50.774587,0
              5.932346,50.77459,0
              5.932325,50.774593,0
              5.932289,50.774597,0
              5.932231,50.774601,0
              5.932131,50.774601,0
              5.932071,50.774601,0
              5.932017,50.774604,0
              5.931973,50.774613,0
              5.931898,50.774649,0
              5.931763,50.774724,0
              5.931642,50.774787,0
              5.931519,50.774851,0
              5.931505,50.774863,0
              5.931475,50.774885,0
              5.931445,50.774918,0
              5.931404,50.774969,0
              5.931359,50.775018,0
              5.931322,50.775046,0
              5.931274,50.775071,0
              5.931237,50.775089,0
              5.931193,50.775106,0
              5.931155,50.775116,0
              5.931116,50.775121,0
              5.931088,50.775123,0
              5.931061,50.775121,0
              5.931017,50.775112,0
              5.930994,50.775111,0
              5.930954,50.775114,0
              5.930909,50.775124,0
              5.930831,50.775143,0
              5.93076,50.775163,0
              5.930694,50.775176,0
              5.930638,50.775186,0
              5.930591,50.775194,0
              5.93048,50.775217,0
              5.930412,50.775234,0
              5.930323,50.775261,0
              5.930263,50.775283,0
              5.930209,50.775301,0
              5.930166,50.775317,0
              5.930107,50.775318,0
              5.929937,50.775316,0
              5.929882,50.775313,0
              5.929855,50.775314,0
              5.929817,50.77532,0
              5.929756,50.775312,0
              5.929626,50.775327,0
              5.929568,50.775324,0
              5.929481,50.775322,0
              5.929351,50.775314,0
              5.929253,50.77534,0
              5.929191,50.775337,0
              5.929147,50.775315,0
              5.929002,50.775304,0
              5.92893,50.775323,0
              5.928827,50.775313,0
              5.928725,50.775304,0
              5.928561,50.775289,0
              5.928462,50.775283,0
              5.928399,50.77528,0
              5.928348,50.77528,0
              5.92831,50.775274,0
              5.928268,50.775264,0
              5.928258,50.775262,0
              5.928232,50.775254,0
              5.928205,50.775248,0
              5.928172,50.77526,0
              5.928118,50.775281,0
              5.928116,50.775281,0
              5.928074,50.775294,0
              5.928004,50.775305,0
              5.927939,50.775312,0
              5.92791,50.775314,0
              5.927874,50.775316,0
              5.92781,50.775317,0
              5.927798,50.775318,0
              5.927772,50.775319,0
              5.927737,50.775314,0
              5.927716,50.775301,0
              5.927702,50.775296,0
              5.927675,50.775292,0
              5.927637,50.775289,0
              5.927599,50.775286,0
              5.927565,50.775279,0
              5.927509,50.775267,0
              5.927474,50.77526,0
              5.927436,50.775259,0
              5.927405,50.77526,0
              5.927383,50.775264,0
              5.927368,50.775278,0
              5.927351,50.775292,0
              5.927322,50.775296,0
              5.927176,50.775297,0
              5.927107,50.775296,0
              5.92702,50.775297,0
              5.926924,50.775292,0
              5.92687,50.775289,0
              5.926835,50.775281,0
              5.92681,50.775281,0
              5.926785,50.775279,0
              5.926742,50.775258,0
              5.92666,50.775212,0
              5.926552,50.775142,0
              5.926496,50.775096,0
              5.926483,50.775076,0
              5.926304,50.775039,0
              5.926214,50.775025,0
              5.926076,50.775011,0
              5.92603,50.775042,0
              5.925964,50.775068,0
              5.9259,50.775057,0
              5.925803,50.775082,0
              5.925746,50.775104,0
              5.925618,50.775125,0
              5.925413,50.775171,0
              5.925316,50.775156,0
              5.925211,50.77516,0
              5.925106,50.77515,0
              5.925024,50.775117,0
              5.924989,50.775128,0
              5.924912,50.77516,0
              5.924893,50.775168,0
              5.92487,50.775166,0
              5.924854,50.77516,0
              5.924804,50.775133,0
              5.924757,50.775107,0
              5.924711,50.775085,0
              5.924684,50.775077,0
              5.924669,50.775078,0
              5.924648,50.775082,0
              5.924621,50.77509,0
              5.924606,50.775092,0
              5.924593,50.77509,0
              5.924582,50.775076,0
              5.924569,50.775068,0
              5.924552,50.77507,0
              5.92453,50.775077,0
              5.924506,50.77509,0
              5.924497,50.775093,0
              5.924466,50.775128,0
              5.924368,50.775148,0
              5.924266,50.775134,0
              5.924189,50.775159,0
              5.924058,50.775207,0
              5.923966,50.775227,0
              5.923848,50.775254,0
              5.92385,50.775241,0
              5.923831,50.775213,0
            </coordinates>
          </LinearRing>
        </outerBoundaryIs>
      </Polygon>
    </Placemark>
    <Placemark>
      <name>Gulpen-Wittem</name>
      <description><![CDATA[beschrijving: <br>@id: relation/2078283<br>admin_level: 8<br>authoritative: yes<br>boundary: administrative<br>name: Gulpen-Wittem<br>name:li: <br>name:nl: <br>name:ru: <br>population: 14171<br>population:date: 2020-01-01<br>ref:gemeentecode: 1729<br>source:population: CBS<br>type: boundary<br>wikidata: Q9767<br>wikipedia: nl:Gulpen-Wittem<br>name:de: <br>name:fy: <br>name:la: <br>name:zh-Hans: <br>name:zh-Hant: <br>name:lt: <br>old_name:de: <br>name:carnaval: <br>alt_name:la: <br>alt_name:fr: <br>alt_name:wa: <br>name:ar: <br>name:en: <br>name:eo: <br>name:es: <br>name:fr: <br>name:he: <br>name:ja: <br>name:ko: <br>name:mk: <br>name:ml: <br>name:nds: <br>name:sr: <br>name:uk: <br>name:wa: <br>name:zea: <br>name:zh: <br>old_name:es: <br>@relations: ]]></description>
      <styleUrl>#poly-000000-1200-77</styleUrl>
      <ExtendedData>
        <Data name="beschrijving">
          <value/>
        </Data>
        <Data name="@id">
          <value>relation/2078283</value>
        </Data>
        <Data name="admin_level">
          <value>8</value>
        </Data>
        <Data name="authoritative">
          <value>yes</value>
        </Data>
        <Data name="boundary">
          <value>administrative</value>
        </Data>
        <Data name="name">
          <value>Gulpen-Wittem</value>
        </Data>
        <Data name="name:li">
          <value/>
        </Data>
        <Data name="name:nl">
          <value/>
        </Data>
        <Data name="name:ru">
          <value/>
        </Data>
        <Data name="population">
          <value>14171</value>
        </Data>
        <Data name="population:date">
          <value>2020-01-01</value>
        </Data>
        <Data name="ref:gemeentecode">
          <value>1729</value>
        </Data>
        <Data name="source:population">
          <value>CBS</value>
        </Data>
        <Data name="type">
          <value>boundary</value>
        </Data>
        <Data name="wikidata">
          <value>Q9767</value>
        </Data>
        <Data name="wikipedia">
          <value>nl:Gulpen-Wittem</value>
        </Data>
        <Data name="name:de">
          <value/>
        </Data>
        <Data name="name:fy">
          <value/>
        </Data>
        <Data name="name:la">
          <value/>
        </Data>
        <Data name="name:zh-Hans">
          <value/>
        </Data>
        <Data name="name:zh-Hant">
          <value/>
        </Data>
        <Data name="name:lt">
          <value/>
        </Data>
        <Data name="old_name:de">
          <value/>
        </Data>
        <Data name="name:carnaval">
          <value/>
        </Data>
        <Data name="alt_name:la">
          <value/>
        </Data>
        <Data name="alt_name:fr">
          <value/>
        </Data>
        <Data name="alt_name:wa">
          <value/>
        </Data>
        <Data name="name:ar">
          <value/>
        </Data>
        <Data name="name:en">
          <value/>
        </Data>
        <Data name="name:eo">
          <value/>
        </Data>
        <Data name="name:es">
          <value/>
        </Data>
        <Data name="name:fr">
          <value/>
        </Data>
        <Data name="name:he">
          <value/>
        </Data>
        <Data name="name:ja">
          <value/>
        </Data>
        <Data name="name:ko">
          <value/>
        </Data>
        <Data name="name:mk">
          <value/>
        </Data>
        <Data name="name:ml">
          <value/>
        </Data>
        <Data name="name:nds">
          <value/>
        </Data>
        <Data name="name:sr">
          <value/>
        </Data>
        <Data name="name:uk">
          <value/>
        </Data>
        <Data name="name:wa">
          <value/>
        </Data>
        <Data name="name:zea">
          <value/>
        </Data>
        <Data name="name:zh">
          <value/>
        </Data>
        <Data name="old_name:es">
          <value/>
        </Data>
        <Data name="@relations">
          <value/>
        </Data>
      </ExtendedData>
      <Polygon>
        <outerBoundaryIs>
          <LinearRing>
            <tessellate>1</tessellate>
            <coordinates>
              5.983518,50.80973,0
              5.983482,50.809755,0
              5.981918,50.810858,0
              5.982082,50.810934,0
              5.982258,50.810993,0
              5.982262,50.810994,0
              5.982377,50.81103,0
              5.982478,50.811064,0
              5.982482,50.811065,0
              5.98261,50.811112,0
              5.982722,50.811163,0
              5.982838,50.811221,0
              5.982872,50.811248,0
              5.982873,50.811249,0
              5.982916,50.811295,0
              5.98292,50.811299,0
              5.98297,50.811383,0
              5.982926,50.811438,0
              5.982669,50.811369,0
              5.982643,50.811412,0
              5.982626,50.811439,0
              5.982292,50.811982,0
              5.982052,50.812129,0
              5.981833,50.812254,0
              5.981583,50.812397,0
              5.98137,50.812519,0
              5.981146,50.812647,0
              5.981134,50.812654,0
              5.980922,50.812774,0
              5.980719,50.81289,0
              5.980559,50.812978,0
              5.980539,50.813005,0
              5.980479,50.813086,0
              5.980476,50.81309,0
              5.980445,50.813179,0
              5.980413,50.81327,0
              5.980373,50.813385,0
              5.980373,50.813386,0
              5.980341,50.813441,0
              5.980279,50.813547,0
              5.980278,50.813548,0
              5.980106,50.813804,0
              5.980008,50.81395,0
              5.979926,50.814072,0
              5.979565,50.814524,0
              5.97956,50.81453,0
              5.979523,50.814576,0
              5.979466,50.814601,0
              5.979228,50.814648,0
              5.97922,50.81465,0
              5.979141,50.814666,0
              5.978927,50.814709,0
              5.978918,50.81471,0
              5.978743,50.814745,0
              5.978649,50.814764,0
              5.978639,50.814766,0
              5.978507,50.814792,0
              5.978496,50.814795,0
              5.978376,50.814819,0
              5.978325,50.81483,0
              5.978312,50.814832,0
              5.978254,50.814845,0
              5.978192,50.814859,0
              5.978086,50.814882,0
              5.977845,50.814928,0
              5.977754,50.814944,0
              5.977692,50.814956,0
              5.977688,50.814957,0
              5.977635,50.814967,0
              5.977304,50.81503,0
              5.976625,50.815159,0
              5.976103,50.815258,0
              5.976048,50.815269,0
              5.975775,50.815322,0
              5.975512,50.815373,0
              5.975105,50.815488,0
              5.975086,50.815493,0
              5.975064,50.815499,0
              5.974913,50.815532,0
              5.974891,50.815536,0
              5.974852,50.815545,0
              5.974717,50.815574,0
              5.974433,50.815636,0
              5.974413,50.81564,0
              5.974071,50.815715,0
              5.973914,50.815749,0
              5.973894,50.815754,0
              5.973856,50.815762,0
              5.973712,50.815793,0
              5.973564,50.815826,0
              5.973545,50.81583,0
              5.973425,50.815856,0
              5.973212,50.815902,0
              5.973183,50.815908,0
              5.973165,50.815912,0
              5.973052,50.815937,0
              5.972931,50.815964,0
              5.972913,50.815967,0
              5.97233,50.816094,0
              5.972272,50.816107,0
              5.972212,50.816118,0
              5.972172,50.816126,0
              5.972162,50.816128,0
              5.972154,50.816129,0
              5.971997,50.816158,0
              5.971709,50.816209,0
              5.971609,50.816227,0
              5.971558,50.816236,0
              5.971483,50.816249,0
              5.971196,50.816301,0
              5.971173,50.816305,0
              5.970569,50.816414,0
              5.969318,50.816646,0
              5.969324,50.816663,0
              5.969787,50.817635,0
              5.96983,50.817725,0
              5.970044,50.817661,0
              5.970346,50.818339,0
              5.970389,50.818334,0
              5.970518,50.818606,0
              5.97056,50.818693,0
              5.970565,50.818703,0
              5.970578,50.81873,0
              5.970603,50.818781,0
              5.97062,50.81882,0
              5.970928,50.818756,0
              5.97094,50.81879,0
              5.971371,50.819941,0
              5.971865,50.821271,0
              5.970965,50.82149,0
              5.970688,50.821558,0
              5.970586,50.821583,0
              5.970239,50.821668,0
              5.970029,50.82172,0
              5.969068,50.82196,0
              5.969037,50.821967,0
              5.968268,50.822165,0
              5.968222,50.822189,0
              5.96817,50.822216,0
              5.968143,50.822233,0
              5.968083,50.82225,0
              5.967975,50.822313,0
              5.967904,50.822352,0
              5.967704,50.822479,0
              5.967604,50.822544,0
              5.967473,50.822644,0
              5.967353,50.822749,0
              5.967259,50.822832,0
              5.967048,50.823002,0
              5.966732,50.823206,0
              5.966296,50.823444,0
              5.966045,50.823586,0
              5.965948,50.823652,0
              5.965926,50.823666,0
              5.965923,50.823671,0
              5.96579,50.823777,0
              5.965608,50.82396,0
              5.965577,50.823946,0
              5.96542,50.824143,0
              5.965318,50.824304,0
              5.96518,50.824409,0
              5.964816,50.824704,0
              5.964258,50.825154,0
              5.963868,50.825466,0
              5.963451,50.825802,0
              5.963069,50.826108,0
              5.962689,50.826411,0
              5.962403,50.826641,0
              5.962401,50.826642,0
              5.962168,50.826829,0
              5.961878,50.827065,0
              5.961495,50.827273,0
              5.961453,50.827296,0
              5.961343,50.827355,0
              5.961056,50.82751,0
              5.960629,50.827736,0
              5.960336,50.827889,0
              5.960215,50.827953,0
              5.960191,50.827988,0
              5.960124,50.82808,0
              5.960118,50.828088,0
              5.960093,50.828123,0
              5.960035,50.828108,0
              5.959876,50.828069,0
              5.959794,50.828051,0
              5.959669,50.828031,0
              5.959624,50.828034,0
              5.959472,50.828074,0
              5.959453,50.828081,0
              5.959436,50.828108,0
              5.959441,50.828132,0
              5.959451,50.828169,0
              5.959494,50.828242,0
              5.959544,50.828318,0
              5.959547,50.828353,0
              5.959514,50.828425,0
              5.959486,50.828482,0
              5.95942,50.828567,0
              5.959233,50.828774,0
              5.95916,50.828858,0
              5.95905,50.829012,0
              5.958903,50.829227,0
              5.958794,50.829419,0
              5.958785,50.829435,0
              5.958736,50.82951,0
              5.958679,50.829615,0
              5.958664,50.829642,0
              5.958638,50.829693,0
              5.95861,50.82973,0
              5.958535,50.829838,0
              5.9585,50.829887,0
              5.958447,50.82996,0
              5.958393,50.830048,0
              5.958339,50.830141,0
              5.958285,50.830232,0
              5.958234,50.83034,0
              5.958229,50.830351,0
              5.958202,50.830413,0
              5.958159,50.830518,0
              5.958144,50.830564,0
              5.958112,50.83065,0
              5.958111,50.830652,0
              5.958068,50.83071,0
              5.958062,50.830718,0
              5.957971,50.830858,0
              5.957877,50.831043,0
              5.957763,50.831271,0
              5.957664,50.831447,0
              5.957601,50.831556,0
              5.95747,50.831763,0
              5.957162,50.832602,0
              5.957044,50.83294,0
              5.956795,50.833395,0
              5.956774,50.833433,0
              5.95658,50.833743,0
              5.956484,50.833894,0
              5.956421,50.83398,0
              5.956388,50.834024,0
              5.956149,50.834366,0
              5.956145,50.834372,0
              5.956095,50.83445,0
              5.95594,50.834691,0
              5.955904,50.834747,0
              5.955846,50.834867,0
              5.95577,50.834983,0
              5.95563,50.835172,0
              5.955546,50.83531,0
              5.955525,50.835396,0
              5.955753,50.83571,0
              5.955936,50.835814,0
              5.956176,50.835865,0
              5.95625,50.835793,0
              5.956337,50.83574,0
              5.956408,50.835711,0
              5.9564,50.835763,0
              5.956591,50.835769,0
              5.956947,50.835843,0
              5.956932,50.8359,0
              5.956834,50.836092,0
              5.956778,50.836204,0
              5.956697,50.836363,0
              5.956645,50.83646,0
              5.956688,50.836611,0
              5.956673,50.836652,0
              5.956666,50.836672,0
              5.956602,50.836793,0
              5.956561,50.836846,0
              5.956549,50.836861,0
              5.956542,50.836936,0
              5.95654,50.836952,0
              5.956446,50.837206,0
              5.956425,50.837275,0
              5.956424,50.837277,0
              5.956379,50.837425,0
              5.956313,50.8376,0
              5.95631,50.837626,0
              5.95631,50.837628,0
              5.956304,50.837669,0
              5.956272,50.837759,0
              5.956271,50.837761,0
              5.956223,50.837894,0
              5.956222,50.837896,0
              5.956167,50.83805,0
              5.956166,50.838052,0
              5.956066,50.838325,0
              5.956065,50.838326,0
              5.955996,50.838516,0
              5.955923,50.838683,0
              5.955922,50.838685,0
              5.95589,50.838794,0
              5.955884,50.838814,0
              5.955883,50.838817,0
              5.955836,50.838939,0
              5.955835,50.838942,0
              5.955821,50.838994,0
              5.955806,50.839048,0
              5.955805,50.839053,0
              5.955776,50.839207,0
              5.95577,50.839237,0
              5.95577,50.839242,0
              5.95576,50.839296,0
              5.955761,50.839366,0
              5.955761,50.839372,0
              5.955763,50.839429,0
              5.955766,50.839508,0
              5.955767,50.839515,0
              5.955792,50.839692,0
              5.955794,50.8397,0
              5.955796,50.839714,0
              5.955808,50.839748,0
              5.955837,50.839763,0
              5.955839,50.839786,0
              5.955847,50.839828,0
              5.955864,50.839888,0
              5.955891,50.839969,0
              5.95592,50.840072,0
              5.955962,50.840209,0
              5.955985,50.840296,0
              5.95601,50.840393,0
              5.956039,50.840522,0
              5.956088,50.840698,0
              5.956129,50.840876,0
              5.956172,50.841187,0
              5.956198,50.841423,0
              5.956213,50.841615,0
              5.956238,50.841832,0
              5.956243,50.841918,0
              5.956239,50.842004,0
              5.956231,50.842072,0
              5.956227,50.842134,0
              5.956225,50.842184,0
              5.956183,50.842341,0
              5.956114,50.84261,0
              5.956061,50.842831,0
              5.956039,50.842913,0
              5.956022,50.842957,0
              5.955992,50.843046,0
              5.955974,50.843106,0
              5.955942,50.843186,0
              5.955871,50.843353,0
              5.955828,50.84346,0
              5.955666,50.843815,0
              5.955646,50.84401,0
              5.955519,50.844232,0
              5.955417,50.844412,0
              5.955406,50.844445,0
              5.955343,50.844582,0
              5.95529,50.844734,0
              5.955207,50.844967,0
              5.955178,50.845065,0
              5.955169,50.845157,0
              5.955175,50.845382,0
              5.955183,50.845427,0
              5.955148,50.845544,0
              5.955115,50.845611,0
              5.954995,50.845762,0
              5.954885,50.845877,0
              5.954781,50.84595,0
              5.954741,50.845961,0
              5.954773,50.845929,0
              5.954549,50.845868,0
              5.954384,50.845806,0
              5.954119,50.845703,0
              5.953728,50.845558,0
              5.953302,50.845393,0
              5.953299,50.845392,0
              5.953268,50.84538,0
              5.952972,50.845269,0
              5.952951,50.845261,0
              5.952948,50.84526,0
              5.95276,50.845188,0
              5.952582,50.845116,0
              5.952447,50.845069,0
              5.952441,50.845066,0
              5.952283,50.84499,0
              5.95204,50.84488,0
              5.951839,50.844795,0
              5.951743,50.844762,0
              5.951715,50.844757,0
              5.951697,50.844752,0
              5.951666,50.844743,0
              5.951583,50.844715,0
              5.951436,50.844668,0
              5.951433,50.844667,0
              5.951399,50.844659,0
              5.951344,50.844644,0
              5.951176,50.844603,0
              5.951137,50.844598,0
              5.951085,50.844592,0
              5.95071,50.844546,0
              5.950674,50.844547,0
              5.950528,50.844552,0
              5.950352,50.84457,0
              5.950171,50.84459,0
              5.949845,50.844627,0
              5.949409,50.84468,0
              5.948885,50.844746,0
              5.948684,50.84477,0
              5.948637,50.844775,0
              5.948615,50.844778,0
              5.948473,50.844794,0
              5.948293,50.844828,0
              5.948193,50.844841,0
              5.947981,50.844867,0
              5.947735,50.844853,0
              5.947633,50.844837,0
              5.947496,50.844796,0
              5.947273,50.844728,0
              5.947264,50.844725,0
              5.947195,50.844705,0
              5.947163,50.844696,0
              5.947159,50.844695,0
              5.947145,50.844675,0
              5.94714,50.844668,0
              5.947103,50.844659,0
              5.947089,50.844656,0
              5.946985,50.844613,0
              5.946976,50.844627,0
              5.946968,50.844638,0
              5.946872,50.844618,0
              5.946802,50.844686,0
              5.94677,50.844666,0
              5.946704,50.844625,0
              5.946578,50.844552,0
              5.946576,50.844551,0
              5.946524,50.844521,0
              5.946367,50.844428,0
              5.946361,50.844424,0
              5.946259,50.844369,0
              5.946154,50.844312,0
              5.945767,50.844102,0
              5.945639,50.844039,0
              5.945417,50.843929,0
              5.945238,50.84384,0
              5.945237,50.843839,0
              5.944676,50.843621,0
              5.944666,50.843617,0
              5.943209,50.842821,0
              5.943206,50.84282,0
              5.94304,50.842729,0
              5.942881,50.842643,0
              5.942706,50.842549,0
              5.942594,50.842488,0
              5.942592,50.842487,0
              5.94244,50.842407,0
              5.942371,50.84237,0
              5.942369,50.842369,0
              5.94211,50.842244,0
              5.942108,50.842243,0
              5.941591,50.842012,0
              5.941589,50.842011,0
              5.941535,50.841987,0
              5.941162,50.841823,0
              5.941101,50.841798,0
              5.941004,50.841758,0
              5.940694,50.841631,0
              5.940414,50.841516,0
              5.940309,50.841478,0
              5.940077,50.841436,0
              5.940022,50.841411,0
              5.940017,50.841409,0
              5.939442,50.841148,0
              5.93883,50.840933,0
              5.938288,50.84076,0
              5.937843,50.840624,0
              5.93784,50.840623,0
              5.936772,50.84035,0
              5.93677,50.840349,0
              5.936021,50.840179,0
              5.934842,50.839948,0
              5.934834,50.839946,0
              5.934327,50.839859,0
              5.934054,50.839812,0
              5.933187,50.839661,0
              5.933181,50.83966,0
              5.933004,50.839666,0
              5.932802,50.839748,0
              5.932563,50.839801,0
              5.93217,50.839839,0
              5.931601,50.839841,0
              5.931448,50.839844,0
              5.931039,50.839859,0
              5.930978,50.839865,0
              5.930748,50.839892,0
              5.930636,50.839905,0
              5.93049,50.839931,0
              5.930377,50.839954,0
              5.93034,50.839965,0
              5.930017,50.840074,0
              5.92982,50.840142,0
              5.92953,50.84023,0
              5.929704,50.840269,0
              5.929916,50.840507,0
              5.929968,50.840608,0
              5.930008,50.840682,0
              5.929997,50.840957,0
              5.929996,50.840991,0
              5.929897,50.84123,0
              5.92978,50.841512,0
              5.929753,50.841578,0
              5.929613,50.841915,0
              5.929536,50.842099,0
              5.929352,50.842542,0
              5.929281,50.842688,0
              5.929109,50.843043,0
              5.928881,50.84339,0
              5.928682,50.843707,0
              5.928676,50.843717,0
              5.928476,50.84406,0
              5.928239,50.84446,0
              5.92811,50.844625,0
              5.927579,50.845126,0
              5.927466,50.845229,0
              5.927208,50.845464,0
              5.926625,50.845997,0
              5.926524,50.84609,0
              5.926382,50.84625,0
              5.9262,50.846565,0
              5.925886,50.847162,0
              5.925642,50.847626,0
              5.925495,50.847901,0
              5.925095,50.848653,0
              5.925091,50.84866,0
              5.925079,50.848683,0
              5.925078,50.848685,0
              5.925051,50.848737,0
              5.92505,50.848739,0
              5.925002,50.848841,0
              5.924122,50.848783,0
              5.92349,50.848804,0
              5.922653,50.848833,0
              5.922069,50.848853,0
              5.921913,50.848868,0
              5.921401,50.848839,0
              5.921204,50.848795,0
              5.920622,50.848681,0
              5.920086,50.848599,0
              5.919952,50.848604,0
              5.919839,50.848628,0
              5.91973,50.848648,0
              5.91832,50.848848,0
              5.918177,50.848848,0
              5.91817,50.848848,0
              5.917787,50.848855,0
              5.917428,50.848855,0
              5.91721,50.848852,0
              5.916945,50.84884,0
              5.916714,50.848889,0
              5.91629,50.848832,0
              5.91617,50.848819,0
              5.915767,50.848743,0
              5.915432,50.84868,0
              5.914826,50.848549,0
              5.914688,50.848514,0
              5.91437,50.848437,0
              5.91417,50.848389,0
              5.91403,50.84836,0
              5.913325,50.848212,0
              5.912788,50.848095,0
              5.912591,50.84805,0
              5.912373,50.847998,0
              5.912217,50.84796,0
              5.912005,50.847903,0
              5.911824,50.847853,0
              5.911744,50.84783,0
              5.911549,50.847765,0
              5.911445,50.847734,0
              5.911339,50.847701,0
              5.911206,50.847665,0
              5.91111,50.847645,0
              5.911026,50.847631,0
              5.910608,50.847562,0
              5.90951,50.847382,0
              5.90943,50.847368,0
              5.909264,50.847336,0
              5.909122,50.847304,0
              5.909086,50.847291,0
              5.908981,50.847262,0
              5.908926,50.84725,0
              5.908174,50.847077,0
              5.908158,50.847096,0
              5.907626,50.846963,0
              5.907388,50.846897,0
              5.90711,50.846819,0
              5.906743,50.846719,0
              5.906596,50.846676,0
              5.906541,50.846659,0
              5.906371,50.846604,0
              5.906075,50.846501,0
              5.905799,50.846409,0
              5.905481,50.846306,0
              5.905346,50.846264,0
              5.905155,50.846206,0
              5.904957,50.846147,0
              5.904818,50.846108,0
              5.904527,50.846034,0
              5.904007,50.84591,0
              5.903674,50.84582,0
              5.903432,50.845756,0
              5.903258,50.845706,0
              5.903115,50.84566,0
              5.902998,50.845621,0
              5.902959,50.845609,0
              5.902847,50.845574,0
              5.902787,50.845551,0
              5.902763,50.84554,0
              5.902742,50.845529,0
              5.902707,50.845497,0
              5.902678,50.845476,0
              5.902635,50.845448,0
              5.902594,50.845426,0
              5.902542,50.845395,0
              5.902492,50.845371,0
              5.902321,50.845293,0
              5.902109,50.845193,0
              5.902031,50.845153,0
              5.902005,50.84514,0
              5.901995,50.845129,0
              5.901982,50.845114,0
              5.901774,50.84488,0
              5.90176,50.844861,0
              5.901732,50.844837,0
              5.901649,50.844756,0
              5.901495,50.84467,0
              5.901491,50.844667,0
              5.901321,50.844584,0
              5.9011,50.844484,0
              5.900843,50.844367,0
              5.900814,50.844355,0
              5.900612,50.844265,0
              5.90057,50.844246,0
              5.900415,50.844176,0
              5.900125,50.844025,0
              5.899846,50.843854,0
              5.899691,50.843762,0
              5.899421,50.843616,0
              5.899304,50.843555,0
              5.899219,50.843514,0
              5.899146,50.84348,0
              5.899099,50.843461,0
              5.899039,50.843437,0
              5.898932,50.843399,0
              5.898845,50.843372,0
              5.898772,50.843351,0
              5.898678,50.84333,0
              5.898578,50.843313,0
              5.898413,50.843291,0
              5.89835,50.843286,0
              5.898274,50.843278,0
              5.89796,50.843275,0
              5.895989,50.84328,0
              5.895454,50.843262,0
              5.894752,50.843206,0
              5.894693,50.8432,0
              5.893894,50.84313,0
              5.893295,50.843106,0
              5.892693,50.843078,0
              5.892393,50.84305,0
              5.892273,50.843031,0
              5.891825,50.842912,0
              5.891288,50.842755,0
              5.891244,50.842747,0
              5.891257,50.842755,0
              5.891276,50.842799,0
              5.890589,50.843765,0
              5.8905,50.843862,0
              5.890226,50.843957,0
              5.890187,50.84401,0
              5.890226,50.844078,0
              5.89004,50.844284,0
              5.889926,50.84441,0
              5.889908,50.844441,0
              5.889744,50.844721,0
              5.889488,50.845159,0
              5.889457,50.845211,0
              5.889415,50.845201,0
              5.888767,50.846043,0
              5.888798,50.846054,0
              5.888386,50.846553,0
              5.888347,50.846599,0
              5.88816,50.846857,0
              5.888134,50.84688,0
              5.888032,50.846976,0
              5.888031,50.846977,0
              5.887993,50.847034,0
              5.887937,50.847006,0
              5.88794,50.847003,0
              5.887824,50.84697,0
              5.88782,50.846973,0
              5.887759,50.846966,0
              5.887758,50.846965,0
              5.887556,50.846961,0
              5.887382,50.846955,0
              5.886924,50.847041,0
              5.886725,50.847081,0
              5.886591,50.847107,0
              5.886295,50.847167,0
              5.886132,50.847203,0
              5.885814,50.847284,0
              5.885487,50.847406,0
              5.885442,50.847431,0
              5.885329,50.847471,0
              5.885259,50.847482,0
              5.885123,50.847482,0
              5.884971,50.847472,0
              5.884563,50.847391,0
              5.884297,50.847346,0
              5.884144,50.847321,0
              5.883923,50.847284,0
              5.883392,50.847193,0
              5.883297,50.847232,0
              5.883061,50.847089,0
              5.882392,50.846933,0
              5.881797,50.846783,0
              5.881689,50.846755,0
              5.881518,50.846714,0
              5.880947,50.846598,0
              5.880943,50.846597,0
              5.880563,50.846524,0
              5.880232,50.84646,0
              5.879494,50.846317,0
              5.879484,50.846315,0
              5.879411,50.846437,0
              5.879375,50.846496,0
              5.879363,50.846495,0
              5.877532,50.846407,0
              5.87745,50.846402,0
              5.877475,50.846333,0
              5.877376,50.84632,0
              5.877349,50.846317,0
              5.877298,50.846318,0
              5.877224,50.846322,0
              5.877169,50.846316,0
              5.87711,50.846312,0
              5.876997,50.846306,0
              5.876903,50.846298,0
              5.87678,50.846282,0
              5.876517,50.846247,0
              5.87646,50.846244,0
              5.876326,50.846245,0
              5.876268,50.846258,0
              5.876156,50.8463,0
              5.876146,50.846305,0
              5.876112,50.846323,0
              5.875929,50.846436,0
              5.875907,50.846451,0
              5.875755,50.846498,0
              5.875753,50.846522,0
              5.87573,50.846565,0
              5.875705,50.846626,0
              5.875704,50.846627,0
              5.875688,50.846655,0
              5.875653,50.846714,0
              5.875649,50.846866,0
              5.875648,50.846891,0
              5.875647,50.846948,0
              5.875646,50.847112,0
              5.875566,50.847112,0
              5.875452,50.847114,0
              5.875382,50.847114,0
              5.875313,50.847106,0
              5.875246,50.84708,0
              5.875203,50.847053,0
              5.875147,50.847014,0
              5.875135,50.847,0
              5.8751,50.846962,0
              5.875059,50.846905,0
              5.875037,50.84685,0
              5.875019,50.846791,0
              5.875008,50.846747,0
              5.875005,50.846732,0
              5.875005,50.846731,0
              5.87499,50.846704,0
              5.874932,50.846698,0
              5.874885,50.846694,0
              5.87487,50.846704,0
              5.874765,50.846684,0
              5.874753,50.846311,0
              5.874743,50.846035,0
              5.874744,50.845975,0
              5.874744,50.845956,0
              5.874808,50.845483,0
              5.874817,50.84546,0
              5.87482,50.845454,0
              5.874841,50.845377,0
              5.874881,50.845276,0
              5.874898,50.845229,0
              5.875002,50.844949,0
              5.875006,50.84494,0
              5.875173,50.844655,0
              5.875241,50.844562,0
              5.875634,50.844071,0
              5.875636,50.844068,0
              5.875817,50.843809,0
              5.875822,50.843803,0
              5.875892,50.843676,0
              5.875893,50.843673,0
              5.875955,50.843529,0
              5.875956,50.843526,0
              5.876023,50.843404,0
              5.87607,50.843315,0
              5.876076,50.843316,0
              5.876115,50.843322,0
              5.876192,50.843235,0
              5.876226,50.843156,0
              5.876242,50.843131,0
              5.876309,50.84305,0
              5.876354,50.842946,0
              5.87642,50.842873,0
              5.87647,50.842823,0
              5.876442,50.842699,0
              5.876667,50.842308,0
              5.876689,50.842258,0
              5.876733,50.842206,0
              5.877012,50.841914,0
              5.877016,50.84191,0
              5.877132,50.841806,0
              5.877563,50.841423,0
              5.877528,50.841404,0
              5.877508,50.841388,0
              5.877492,50.841379,0
              5.877522,50.841369,0
              5.877547,50.841356,0
              5.877566,50.841339,0
              5.877579,50.841319,0
              5.877482,50.841247,0
              5.877411,50.84119,0
              5.877382,50.841163,0
              5.877318,50.841092,0
              5.877264,50.841034,0
              5.877182,50.840945,0
              5.877086,50.840837,0
              5.876996,50.840735,0
              5.876911,50.840648,0
              5.876791,50.840516,0
              5.87655,50.840241,0
              5.876454,50.840142,0
              5.876303,50.839971,0
              5.876286,50.839954,0
              5.876263,50.839932,0
              5.876191,50.83986,0
              5.876078,50.839758,0
              5.876022,50.839711,0
              5.875953,50.839654,0
              5.875815,50.839536,0
              5.87577,50.839519,0
              5.875383,50.839372,0
              5.875336,50.839354,0
              5.875317,50.839346,0
              5.874941,50.838955,0
              5.873952,50.837924,0
              5.873683,50.837748,0
              5.873492,50.837644,0
              5.873283,50.837559,0
              5.873258,50.837538,0
              5.872794,50.837342,0
              5.872767,50.83733,0
              5.872477,50.837203,0
              5.872229,50.837083,0
              5.871641,50.836797,0
              5.871628,50.83679,0
              5.871543,50.836748,0
              5.871087,50.836518,0
              5.870259,50.836535,0
              5.870692,50.837339,0
              5.870719,50.83739,0
              5.870821,50.837701,0
              5.87089,50.837959,0
              5.871003,50.838293,0
              5.87094,50.838298,0
              5.869852,50.838403,0
              5.86717,50.83866,0
              5.867147,50.838662,0
              5.867037,50.838673,0
              5.866214,50.838712,0
              5.866191,50.838314,0
              5.866168,50.83825,0
              5.866134,50.837956,0
              5.86612,50.837834,0
              5.866014,50.837839,0
              5.86593,50.837575,0
              5.865907,50.837502,0
              5.865801,50.837434,0
              5.865684,50.83736,0
              5.865681,50.837357,0
              5.865524,50.837257,0
              5.865377,50.837164,0
              5.863324,50.835853,0
              5.862481,50.835313,0
              5.862426,50.835278,0
              5.862381,50.83525,0
              5.862373,50.835245,0
              5.861459,50.834648,0
              5.861454,50.834645,0
              5.861055,50.834393,0
              5.86054,50.83413,0
              5.86053,50.834125,0
              5.860364,50.834042,0
              5.859962,50.833873,0
              5.859511,50.833716,0
              5.859461,50.833684,0
              5.85946,50.833638,0
              5.859457,50.833395,0
              5.859456,50.83333,0
              5.859454,50.833165,0
              5.859463,50.832955,0
              5.859465,50.832902,0
              5.859504,50.832669,0
              5.859534,50.832515,0
              5.859587,50.832325,0
              5.859676,50.832147,0
              5.85971,50.832078,0
              5.859863,50.831839,0
              5.859995,50.831669,0
              5.860064,50.831582,0
              5.860298,50.831307,0
              5.860521,50.831045,0
              5.860955,50.830636,0
              5.861173,50.830464,0
              5.861217,50.830429,0
              5.861348,50.830337,0
              5.861475,50.830249,0
              5.861765,50.83002,0
              5.861936,50.829833,0
              5.862017,50.829744,0
              5.862166,50.829506,0
              5.862168,50.829503,0
              5.86223,50.829406,0
              5.862301,50.829292,0
              5.862326,50.829232,0
              5.862362,50.829143,0
              5.862397,50.829058,0
              5.862407,50.828819,0
              5.862408,50.82879,0
              5.86241,50.828751,0
              5.862412,50.828688,0
              5.862416,50.828666,0
              5.862422,50.828629,0
              5.862458,50.828423,0
              5.862522,50.828241,0
              5.862533,50.828211,0
              5.862545,50.828176,0
              5.862574,50.828094,0
              5.863108,50.826874,0
              5.863129,50.826827,0
              5.863129,50.826826,0
              5.863282,50.826425,0
              5.863471,50.825518,0
              5.863637,50.825128,0
              5.863662,50.824958,0
              5.86369,50.824884,0
              5.863691,50.824881,0
              5.863866,50.824346,0
              5.86401,50.823995,0
              5.86406,50.823825,0
              5.864136,50.823344,0
              5.863628,50.823137,0
              5.860333,50.821701,0
              5.860199,50.821643,0
              5.859636,50.821398,0
              5.859293,50.821243,0
              5.859074,50.821139,0
              5.858781,50.820997,0
              5.858597,50.820898,0
              5.858344,50.820753,0
              5.85802,50.820564,0
              5.857729,50.820389,0
              5.857649,50.82034,0
              5.856668,50.82111,0
              5.856485,50.821254,0
              5.855679,50.820938,0
              5.855637,50.820922,0
              5.855613,50.820948,0
              5.855251,50.820817,0
              5.854755,50.821347,0
              5.853261,50.820783,0
              5.853176,50.820751,0
              5.853231,50.820705,0
              5.853193,50.820693,0
              5.853449,50.820511,0
              5.853426,50.8205,0
              5.853392,50.820484,0
              5.852582,50.820092,0
              5.852722,50.819979,0
              5.852099,50.819664,0
              5.851178,50.819175,0
              5.851545,50.81885,0
              5.851656,50.81876,0
              5.851756,50.818676,0
              5.851923,50.818561,0
              5.852507,50.818101,0
              5.852823,50.817831,0
              5.85284,50.817817,0
              5.85287,50.817792,0
              5.852639,50.817717,0
              5.852127,50.817587,0
              5.851562,50.817429,0
              5.851467,50.817349,0
              5.851274,50.817217,0
              5.851077,50.817088,0
              5.850978,50.817023,0
              5.850768,50.816858,0
              5.850756,50.816846,0
              5.85003,50.816158,0
              5.849261,50.81543,0
              5.849104,50.815276,0
              5.84896,50.815136,0
              5.848842,50.815021,0
              5.848781,50.814961,0
              5.848779,50.814959,0
              5.84877,50.81495,0
              5.84875,50.814931,0
              5.848733,50.814915,0
              5.8476,50.815065,0
              5.846709,50.815203,0
              5.845483,50.815349,0
              5.845121,50.815398,0
              5.845041,50.815251,0
              5.845214,50.815195,0
              5.845206,50.815178,0
              5.845176,50.815115,0
              5.84502,50.814887,0
              5.844898,50.814687,0
              5.844793,50.814507,0
              5.84468,50.814314,0
              5.844625,50.814221,0
              5.844556,50.814104,0
              5.84451,50.814031,0
              5.844426,50.813892,0
              5.844419,50.813882,0
              5.844399,50.81385,0
              5.844192,50.813491,0
              5.844166,50.813497,0
              5.84415,50.813474,0
              5.843954,50.813145,0
              5.843907,50.813066,0
              5.843793,50.812864,0
              5.843753,50.812792,0
              5.843674,50.812651,0
              5.843568,50.812459,0
              5.84349,50.812316,0
              5.843359,50.812083,0
              5.843345,50.812058,0
              5.843278,50.811939,0
              5.843068,50.811548,0
              5.843061,50.811535,0
              5.843088,50.811529,0
              5.843073,50.811501,0
              5.843066,50.811488,0
              5.843058,50.811473,0
              5.843049,50.811456,0
              5.842995,50.811354,0
              5.842915,50.811206,0
              5.842912,50.8112,0
              5.8429,50.811176,0
              5.842888,50.811154,0
              5.842823,50.811026,0
              5.84281,50.811,0
              5.842502,50.810457,0
              5.84242,50.810313,0
              5.842338,50.810181,0
              5.842252,50.810068,0
              5.842163,50.809966,0
              5.842101,50.8099,0
              5.84202,50.809814,0
              5.841954,50.809744,0
              5.841934,50.809728,0
              5.841741,50.809572,0
              5.840168,50.808323,0
              5.839574,50.807859,0
              5.839446,50.80775,0
              5.83924,50.807588,0
              5.839203,50.807601,0
              5.837535,50.80821,0
              5.83707,50.807715,0
              5.836559,50.807923,0
              5.836339,50.807643,0
              5.83632,50.807619,0
              5.836173,50.807666,0
              5.83466,50.808153,0
              5.834373,50.808246,0
              5.833737,50.808451,0
              5.833718,50.808417,0
              5.83357,50.808193,0
              5.833478,50.808068,0
              5.833067,50.808229,0
              5.832278,50.808542,0
              5.831847,50.808713,0
              5.831735,50.808764,0
              5.831718,50.80877,0
              5.831627,50.808674,0
              5.831572,50.808626,0
              5.831558,50.808614,0
              5.831516,50.808578,0
              5.831485,50.808552,0
              5.831393,50.808478,0
              5.831148,50.808286,0
              5.830928,50.80811,0
              5.830749,50.807939,0
              5.830652,50.807858,0
              5.830634,50.807844,0
              5.830563,50.807795,0
              5.830408,50.807691,0
              5.830141,50.807596,0
              5.829958,50.807535,0
              5.829554,50.807407,0
              5.829373,50.807384,0
              5.829169,50.807356,0
              5.828958,50.807296,0
              5.828604,50.807199,0
              5.82816,50.807082,0
              5.827818,50.807,0
              5.827752,50.806988,0
              5.827596,50.806957,0
              5.827481,50.806934,0
              5.827374,50.806913,0
              5.82732,50.806902,0
              5.827245,50.806888,0
              5.826926,50.806831,0
              5.826578,50.806765,0
              5.826177,50.806696,0
              5.826013,50.806668,0
              5.825885,50.806641,0
              5.825776,50.80661,0
              5.825464,50.806514,0
              5.825083,50.8064,0
              5.824844,50.80633,0
              5.824819,50.806322,0
              5.824585,50.806256,0
              5.824401,50.806195,0
              5.824151,50.806108,0
              5.823801,50.805988,0
              5.823405,50.805868,0
              5.823097,50.805781,0
              5.822686,50.805667,0
              5.822398,50.805594,0
              5.822132,50.805533,0
              5.821809,50.805474,0
              5.821695,50.805455,0
              5.821562,50.805434,0
              5.821312,50.805401,0
              5.8213,50.805399,0
              5.821271,50.805398,0
              5.821232,50.805396,0
              5.821154,50.805393,0
              5.821059,50.805397,0
              5.820883,50.805404,0
              5.820742,50.80541,0
              5.820566,50.805408,0
              5.82048,50.805399,0
              5.820453,50.805397,0
              5.820324,50.805386,0
              5.820204,50.805372,0
              5.820052,50.805351,0
              5.820006,50.805345,0
              5.819823,50.805314,0
              5.819663,50.805284,0
              5.819491,50.805254,0
              5.81941,50.805242,0
              5.819755,50.804749,0
              5.819907,50.804533,0
              5.81996,50.804461,0
              5.820002,50.804404,0
              5.820049,50.80434,0
              5.820112,50.804247,0
              5.820215,50.804093,0
              5.82033,50.803923,0
              5.820398,50.803813,0
              5.82041,50.803792,0
              5.820474,50.803684,0
              5.820558,50.803542,0
              5.82064,50.803402,0
              5.820644,50.803396,0
              5.820707,50.803289,0
              5.820807,50.803095,0
              5.820929,50.802886,0
              5.821066,50.802688,0
              5.821117,50.802601,0
              5.821293,50.802303,0
              5.821322,50.802255,0
              5.821382,50.802152,0
              5.821054,50.802072,0
              5.821129,50.80123,0
              5.821113,50.800828,0
              5.821112,50.80079,0
              5.821102,50.800548,0
              5.8211,50.80049,0
              5.821091,50.80025,0
              5.821065,50.799858,0
              5.821062,50.799689,0
              5.821062,50.799644,0
              5.821062,50.799583,0
              5.821062,50.799399,0
              5.821062,50.799251,0
              5.821072,50.798246,0
              5.820942,50.798101,0
              5.820816,50.79807,0
              5.821106,50.79756,0
              5.821114,50.797546,0
              5.821257,50.797301,0
              5.821803,50.796229,0
              5.821743,50.796213,0
              5.821816,50.796162,0
              5.8219,50.796101,0
              5.821956,50.796054,0
              5.822007,50.796003,0
              5.822109,50.795884,0
              5.822241,50.795704,0
              5.822273,50.795661,0
              5.822275,50.795658,0
              5.822334,50.795577,0
              5.822328,50.79557,0
              5.822337,50.795547,0
              5.822433,50.795422,0
              5.822656,50.795195,0
              5.822685,50.795204,0
              5.82303,50.794823,0
              5.82313,50.794712,0
              5.823232,50.794617,0
              5.823649,50.794271,0
              5.823691,50.794237,0
              5.823706,50.794224,0
              5.823719,50.794214,0
              5.823773,50.794169,0
              5.823957,50.793998,0
              5.824058,50.793915,0
              5.824062,50.793911,0
              5.824098,50.793882,0
              5.824133,50.793853,0
              5.824134,50.793852,0
              5.824137,50.79385,0
              5.824178,50.793816,0
              5.8244,50.793632,0
              5.82447,50.793574,0
              5.82468,50.793415,0
              5.824829,50.793304,0
              5.825014,50.793159,0
              5.82502,50.793154,0
              5.825072,50.79311,0
              5.825212,50.792989,0
              5.825433,50.792774,0
              5.825499,50.792709,0
              5.825589,50.792614,0
              5.825747,50.792448,0
              5.825901,50.792271,0
              5.825904,50.792268,0
              5.826026,50.792119,0
              5.826078,50.792056,0
              5.826085,50.792048,0
              5.826318,50.791767,0
              5.82632,50.791764,0
              5.826324,50.79176,0
              5.826536,50.791524,0
              5.826658,50.791365,0
              5.826708,50.7913,0
              5.826886,50.791043,0
              5.827036,50.790817,0
              5.827281,50.790444,0
              5.827516,50.790091,0
              5.827533,50.790103,0
              5.827804,50.790294,0
              5.828127,50.790499,0
              5.828405,50.790364,0
              5.829099,50.790041,0
              5.82916,50.790021,0
              5.830104,50.789585,0
              5.830128,50.789573,0
              5.830276,50.789526,0
              5.830457,50.789457,0
              5.831175,50.789188,0
              5.832357,50.788733,0
              5.832376,50.788725,0
              5.832597,50.78864,0
              5.832592,50.788565,0
              5.832584,50.788561,0
              5.832583,50.7885,0
              5.832582,50.788447,0
              5.832581,50.788348,0
              5.832582,50.788257,0
              5.832583,50.788116,0
              5.832583,50.788107,0
              5.83259,50.787841,0
              5.83262,50.787835,0
              5.832644,50.787754,0
              5.832656,50.787657,0
              5.83267,50.787589,0
              5.832678,50.787536,0
              5.832689,50.787467,0
              5.832721,50.78728,0
              5.832765,50.787064,0
              5.8328,50.7869,0
              5.832805,50.786873,0
              5.83281,50.786851,0
              5.832811,50.786847,0
              5.832822,50.786791,0
              5.832884,50.786649,0
              5.832897,50.786624,0
              5.83291,50.78658,0
              5.832919,50.786581,0
              5.833051,50.786596,0
              5.833214,50.786595,0
              5.833301,50.786592,0
              5.833424,50.786584,0
              5.833426,50.786584,0
              5.833523,50.786581,0
              5.834002,50.786559,0
              5.834108,50.786554,0
              5.83422,50.786554,0
              5.834321,50.786558,0
              5.834482,50.786579,0
              5.834601,50.786597,0
              5.834619,50.7866,0
              5.834857,50.786638,0
              5.835,50.786656,0
              5.835242,50.786673,0
              5.835427,50.786678,0
              5.835788,50.786681,0
              5.835886,50.786681,0
              5.835745,50.785887,0
              5.835491,50.785872,0
              5.835658,50.785322,0
              5.835373,50.78527,0
              5.835586,50.784812,0
              5.835472,50.784783,0
              5.833958,50.784402,0
              5.833974,50.784367,0
              5.834062,50.784176,0
              5.834172,50.783945,0
              5.834199,50.783889,0
              5.834225,50.783835,0
              5.834276,50.783733,0
              5.834318,50.783649,0
              5.834354,50.783572,0
              5.834379,50.783524,0
              5.834464,50.783346,0
              5.834503,50.783267,0
              5.834519,50.783235,0
              5.834599,50.783072,0
              5.834737,50.782794,0
              5.834771,50.782726,0
              5.834966,50.782293,0
              5.834988,50.782249,0
              5.835,50.782265,0
              5.835009,50.782242,0
              5.835045,50.782156,0
              5.835109,50.782025,0
              5.835174,50.781896,0
              5.835246,50.781756,0
              5.835256,50.781738,0
              5.83672,50.781197,0
              5.836806,50.781166,0
              5.837191,50.781023,0
              5.838456,50.78165,0
              5.839005,50.78112,0
              5.839058,50.781068,0
              5.839339,50.780782,0
              5.839436,50.780684,0
              5.839719,50.780398,0
              5.83998,50.780138,0
              5.840003,50.780088,0
              5.840414,50.779476,0
              5.840569,50.779256,0
              5.840582,50.779238,0
              5.840626,50.779175,0
              5.840632,50.779167,0
              5.840749,50.779,0
              5.840871,50.77878,0
              5.840877,50.77877,0
              5.840978,50.778589,0
              5.841063,50.778437,0
              5.841164,50.778258,0
              5.841209,50.778177,0
              5.841233,50.778133,0
              5.841512,50.777646,0
              5.841894,50.776945,0
              5.842045,50.776668,0
              5.842106,50.776619,0
              5.843872,50.775194,0
              5.843883,50.775185,0
              5.843908,50.775141,0
              5.844243,50.774551,0
              5.843555,50.77439,0
              5.843175,50.774301,0
              5.843053,50.774251,0
              5.842902,50.774185,0
              5.842894,50.77418,0
              5.842674,50.774104,0
              5.842635,50.774091,0
              5.842547,50.774077,0
              5.842643,50.773926,0
              5.842782,50.773785,0
              5.842819,50.773737,0
              5.842888,50.773624,0
              5.842942,50.773523,0
              5.843045,50.773333,0
              5.843082,50.773273,0
              5.843163,50.773165,0
              5.84317,50.773156,0
              5.843197,50.773123,0
              5.843388,50.772968,0
              5.843595,50.772781,0
              5.84373,50.77264,0
              5.843871,50.772488,0
              5.843999,50.772348,0
              5.844192,50.772117,0
              5.844332,50.77195,0
              5.844367,50.771908,0
              5.844434,50.771819,0
              5.84447,50.771766,0
              5.844478,50.771753,0
              5.844555,50.771615,0
              5.844697,50.771337,0
              5.844747,50.771224,0
              5.844815,50.771052,0
              5.84491,50.770764,0
              5.844901,50.770672,0
              5.84492,50.770577,0
              5.844907,50.77032,0
              5.844907,50.770314,0
              5.844875,50.769666,0
              5.84487,50.76956,0
              5.844863,50.769407,0
              5.84486,50.769356,0
              5.844842,50.768981,0
              5.844836,50.768866,0
              5.844811,50.768348,0
              5.844751,50.767124,0
              5.844691,50.766584,0
              5.844635,50.76658,0
              5.844534,50.766573,0
              5.844749,50.766048,0
              5.844863,50.765745,0
              5.845038,50.765371,0
              5.845258,50.764788,0
              5.845314,50.764626,0
              5.845361,50.764483,0
              5.845405,50.764338,0
              5.845455,50.76417,0
              5.845509,50.76398,0
              5.845546,50.763834,0
              5.845585,50.763684,0
              5.84577,50.762932,0
              5.845827,50.762708,0
              5.845889,50.762485,0
              5.845931,50.762343,0
              5.845977,50.762198,0
              5.84602,50.762071,0
              5.84607,50.761933,0
              5.846116,50.761812,0
              5.846165,50.761688,0
              5.846218,50.761558,0
              5.846309,50.76134,0
              5.846396,50.761136,0
              5.846903,50.759956,0
              5.846996,50.759753,0
              5.847073,50.7596,0
              5.847192,50.759352,0
              5.847286,50.759148,0
              5.847752,50.758062,0
              5.847833,50.757852,0
              5.847888,50.757668,0
              5.84792,50.75752,0
              5.847948,50.757335,0
              5.847964,50.757148,0
              5.848022,50.75594,0
              5.84804,50.75576,0
              5.848064,50.755612,0
              5.848104,50.755426,0
              5.848143,50.755279,0
              5.848202,50.755097,0
              5.848272,50.754915,0
              5.84892,50.753408,0
              5.848968,50.753462,0
              5.84897,50.753465,0
              5.85178,50.756676,0
              5.851903,50.756844,0
              5.8522,50.757136,0
              5.852297,50.757217,0
              5.852964,50.757714,0
              5.853269,50.757916,0
              5.853463,50.757999,0
              5.85356,50.758028,0
              5.853699,50.75807,0
              5.853967,50.758202,0
              5.854998,50.758854,0
              5.856884,50.760015,0
              5.857176,50.760194,0
              5.857497,50.760392,0
              5.857876,50.760626,0
              5.858141,50.76078,0
              5.859258,50.761377,0
              5.85995,50.76183,0
              5.859964,50.761839,0
              5.859979,50.761849,0
              5.860003,50.761861,0
              5.860313,50.762012,0
              5.860532,50.762101,0
              5.862195,50.762779,0
              5.862235,50.762801,0
              5.862632,50.763018,0
              5.863127,50.763373,0
              5.863454,50.763509,0
              5.864706,50.763646,0
              5.864896,50.763667,0
              5.865286,50.763852,0
              5.865615,50.764007,0
              5.865952,50.764149,0
              5.866248,50.764275,0
              5.866272,50.764285,0
              5.866723,50.764394,0
              5.867062,50.764492,0
              5.867674,50.764578,0
              5.867757,50.76458,0
              5.867761,50.76458,0
              5.867792,50.764581,0
              5.868016,50.764588,0
              5.868355,50.764708,0
              5.868847,50.76488,0
              5.868963,50.764939,0
              5.8695,50.765022,0
              5.869559,50.765032,0
              5.869565,50.765033,0
              5.86959,50.765036,0
              5.869976,50.765043,0
              5.870199,50.764999,0
              5.870782,50.764884,0
              5.872412,50.765151,0
              5.872431,50.765195,0
              5.873045,50.765324,0
              5.873111,50.765337,0
              5.873955,50.765311,0
              5.875058,50.765342,0
              5.876228,50.765616,0
              5.876269,50.765635,0
              5.882504,50.7684,0
              5.884051,50.769085,0
              5.886477,50.770157,0
              5.886681,50.769787,0
              5.886945,50.769193,0
              5.887113,50.76887,0
              5.887275,50.768649,0
              5.88773,50.767888,0
              5.88803,50.767536,0
              5.888215,50.767257,0
              5.888533,50.766908,0
              5.888653,50.766738,0
              5.888707,50.766649,0
              5.88889,50.766268,0
              5.8889,50.76617,0
              5.888966,50.766124,0
              5.889137,50.76582,0
              5.889355,50.7655,0
              5.889386,50.76536,0
              5.88939,50.765232,0
              5.889617,50.76439,0
              5.889672,50.764221,0
              5.889728,50.763977,0
              5.88976,50.763749,0
              5.889919,50.763161,0
              5.889922,50.763147,0
              5.890032,50.762586,0
              5.890158,50.761995,0
              5.890182,50.760662,0
              5.890216,50.760131,0
              5.889664,50.758751,0
              5.88929,50.757951,0
              5.889188,50.757548,0
              5.889203,50.757472,0
              5.889244,50.757231,0
              5.889213,50.757115,0
              5.889738,50.756328,0
              5.889781,50.756292,0
              5.889914,50.756197,0
              5.890043,50.756127,0
              5.890044,50.756127,0
              5.890263,50.75603,0
              5.8905,50.755906,0
              5.89065,50.755816,0
              5.890808,50.755753,0
              5.890934,50.75571,0
              5.891509,50.755471,0
              5.891937,50.755295,0
              5.892109,50.755219,0
              5.892448,50.755036,0
              5.892699,50.754969,0
              5.893049,50.754912,0
              5.893316,50.754843,0
              5.894458,50.754484,0
              5.895352,50.754101,0
              5.89555,50.754011,0
              5.895562,50.754006,0
              5.895634,50.753973,0
              5.896158,50.753736,0
              5.896264,50.753675,0
              5.89636,50.753613,0
              5.896464,50.753545,0
              5.896833,50.753146,0
              5.897227,50.752875,0
              5.897552,50.752674,0
              5.897886,50.752558,0
              5.898328,50.752434,0
              5.898429,50.752406,0
              5.898637,50.752388,0
              5.898857,50.752344,0
              5.899089,50.752287,0
              5.899184,50.752256,0
              5.899595,50.752074,0
              5.899904,50.751964,0
              5.900088,50.751873,0
              5.90035,50.751758,0
              5.900545,50.751672,0
              5.900674,50.751625,0
              5.900798,50.751576,0
              5.901023,50.751494,0
              5.901388,50.75143,0
              5.90163,50.7514,0
              5.902058,50.75185,0
              5.902112,50.751927,0
              5.902186,50.752004,0
              5.902468,50.75232,0
              5.902858,50.752762,0
              5.903526,50.753454,0
              5.903535,50.753463,0
              5.903006,50.753712,0
              5.903171,50.753854,0
              5.903304,50.754004,0
              5.903416,50.754168,0
              5.903796,50.754411,0
              5.904165,50.754704,0
              5.904225,50.754859,0
              5.90457,50.755055,0
              5.904563,50.755109,0
              5.90485,50.755224,0
              5.904948,50.755244,0
              5.905021,50.755242,0
              5.905041,50.755241,0
              5.90542,50.755365,0
              5.905592,50.755448,0
              5.905832,50.7555,0
              5.905841,50.755502,0
              5.905997,50.755506,0
              5.906198,50.755482,0
              5.906409,50.755405,0
              5.906561,50.755329,0
              5.906685,50.755285,0
              5.906782,50.755248,0
              5.906917,50.75519,0
              5.906988,50.755161,0
              5.907068,50.755115,0
              5.908212,50.755693,0
              5.908217,50.755696,0
              5.908231,50.755632,0
              5.908291,50.755483,0
              5.90832,50.755387,0
              5.908363,50.755282,0
              5.908377,50.755199,0
              5.908517,50.75479,0
              5.908516,50.754748,0
              5.90858,50.754587,0
              5.908674,50.754493,0
              5.908821,50.754386,0
              5.90901,50.754219,0
              5.909315,50.754402,0
              5.909435,50.754468,0
              5.909472,50.754499,0
              5.909522,50.754532,0
              5.909685,50.75462,0
              5.90997,50.754794,0
              5.910058,50.754839,0
              5.910221,50.754948,0
              5.910412,50.755068,0
              5.910485,50.755106,0
              5.910655,50.755227,0
              5.91075,50.755238,0
              5.910918,50.755233,0
              5.911283,50.755228,0
              5.911375,50.755249,0
              5.911697,50.755377,0
              5.912014,50.755478,0
              5.912112,50.755517,0
              5.912218,50.755552,0
              5.912239,50.75556,0
              5.912272,50.755573,0
              5.912389,50.755618,0
              5.912487,50.755658,0
              5.912547,50.755675,0
              5.912803,50.755703,0
              5.912897,50.755727,0
              5.912957,50.755729,0
              5.913004,50.755731,0
              5.913133,50.75576,0
              5.91331,50.755753,0
              5.913501,50.755746,0
              5.913704,50.755748,0
              5.913707,50.755726,0
              5.913655,50.75561,0
              5.913598,50.755431,0
              5.913548,50.75538,0
              5.913542,50.755346,0
              5.913565,50.755301,0
              5.913572,50.755286,0
              5.913596,50.755227,0
              5.913631,50.755158,0
              5.913718,50.754948,0
              5.913737,50.7549,0
              5.913765,50.754844,0
              5.913952,50.754393,0
              5.913981,50.754324,0
              5.913991,50.754328,0
              5.914872,50.754617,0
              5.914888,50.754621,0
              5.915383,50.75472,0
              5.91539,50.754534,0
              5.915365,50.754353,0
              5.915312,50.75418,0
              5.915316,50.753956,0
              5.915219,50.753524,0
              5.915174,50.753444,0
              5.915106,50.752918,0
              5.91498,50.75256,0
              5.914942,50.752445,0
              5.914891,50.752335,0
              5.91487,50.752297,0
              5.914825,50.752156,0
              5.914815,50.752136,0
              5.9148,50.752098,0
              5.9148,50.751885,0
              5.914834,50.751598,0
              5.914895,50.751195,0
              5.91499,50.750722,0
              5.915045,50.750486,0
              5.915078,50.750405,0
              5.915078,50.750402,0
              5.915081,50.750366,0
              5.915181,50.750373,0
              5.915828,50.75041,0
              5.916224,50.750449,0
              5.916805,50.75055,0
              5.917066,50.750633,0
              5.917756,50.750794,0
              5.918356,50.750929,0
              5.918645,50.751018,0
              5.919123,50.751195,0
              5.920015,50.751413,0
              5.920457,50.751496,0
              5.92061,50.751496,0
              5.920867,50.75149,0
              5.921153,50.751442,0
              5.921244,50.751426,0
              5.92145,50.751358,0
              5.921476,50.751372,0
              5.921488,50.751379,0
              5.922404,50.751894,0
              5.92245,50.75192,0
              5.922452,50.751921,0
              5.922461,50.751927,0
              5.92318,50.752338,0
              5.924319,50.752989,0
              5.925885,50.753885,0
              5.926034,50.75397,0
              5.92636,50.754156,0
              5.92657,50.754281,0
              5.926626,50.754314,0
              5.927174,50.754643,0
              5.927671,50.754934,0
              5.92789,50.755068,0
              5.928043,50.755171,0
              5.928277,50.755299,0
              5.928678,50.755542,0
              5.929098,50.755816,0
              5.92923,50.755897,0
              5.929346,50.755955,0
              5.929393,50.755984,0
              5.929467,50.756051,0
              5.929537,50.756081,0
              5.929664,50.756141,0
              5.929938,50.756274,0
              5.930128,50.756426,0
              5.930218,50.756483,0
              5.93036,50.756622,0
              5.930423,50.75667,0
              5.930515,50.75672,0
              5.930644,50.756773,0
              5.930654,50.756777,0
              5.930932,50.756888,0
              5.930981,50.756914,0
              5.931064,50.756943,0
              5.931105,50.756942,0
              5.93118,50.756934,0
              5.931187,50.756932,0
              5.93123,50.756917,0
              5.931277,50.756902,0
              5.931406,50.756851,0
              5.931418,50.756846,0
              5.931689,50.756771,0
              5.931738,50.756753,0
              5.931865,50.756705,0
              5.93196,50.756682,0
              5.932067,50.756667,0
              5.932182,50.75665,0
              5.932359,50.756622,0
              5.932421,50.756624,0
              5.932559,50.756606,0
              5.932569,50.756605,0
              5.932904,50.756577,0
              5.933184,50.756554,0
              5.933318,50.756611,0
              5.933404,50.756648,0
              5.933498,50.756659,0
              5.933586,50.756667,0
              5.9337,50.756674,0
              5.933928,50.756666,0
              5.934131,50.756669,0
              5.934317,50.756707,0
              5.934501,50.7567,0
              5.934559,50.756706,0
              5.934691,50.756719,0
              5.934861,50.756746,0
              5.935018,50.756767,0
              5.935108,50.756765,0
              5.935372,50.756796,0
              5.935574,50.75685,0
              5.935698,50.756908,0
              5.935714,50.756928,0
              5.935758,50.756979,0
              5.935737,50.75699,0
              5.935662,50.757026,0
              5.935582,50.757065,0
              5.935496,50.757122,0
              5.935395,50.757186,0
              5.935312,50.757245,0
              5.935248,50.757296,0
              5.935189,50.757345,0
              5.935103,50.757409,0
              5.935039,50.75746,0
              5.934975,50.757507,0
              5.934924,50.757555,0
              5.934894,50.757601,0
              5.934864,50.757649,0
              5.934834,50.757704,0
              5.93482,50.757745,0
              5.934804,50.75777,0
              5.934776,50.757807,0
              5.934742,50.757831,0
              5.934769,50.757832,0
              5.934752,50.757874,0
              5.934737,50.757923,0
              5.934707,50.757982,0
              5.934688,50.758051,0
              5.934703,50.758114,0
              5.934722,50.758167,0
              5.934745,50.75822,0
              5.934778,50.758262,0
              5.934809,50.7583,0
              5.93482,50.758343,0
              5.934803,50.758395,0
              5.93479,50.758422,0
              5.934786,50.75843,0
              5.93475,50.758469,0
              5.934711,50.758494,0
              5.934671,50.758507,0
              5.93461,50.758508,0
              5.934572,50.758504,0
              5.93455,50.758488,0
              5.934507,50.758455,0
              5.934459,50.758422,0
              5.934429,50.758386,0
              5.934378,50.758352,0
              5.934329,50.758322,0
              5.934248,50.758291,0
              5.934186,50.758265,0
              5.934166,50.758275,0
              5.934118,50.758309,0
              5.934029,50.75838,0
              5.933946,50.758456,0
              5.933886,50.7585,0
              5.933838,50.75855,0
              5.933778,50.75858,0
              5.933692,50.758585,0
              5.933588,50.758589,0
              5.933488,50.758598,0
              5.933411,50.758611,0
              5.933346,50.75863,0
              5.933302,50.758651,0
              5.933251,50.758678,0
              5.933201,50.75871,0
              5.933153,50.758739,0
              5.933102,50.758767,0
              5.933052,50.758778,0
              5.933003,50.758772,0
              5.932959,50.758756,0
              5.932913,50.758732,0
              5.93288,50.758703,0
              5.932874,50.758676,0
              5.93288,50.758637,0
              5.932895,50.7586,0
              5.932897,50.75857,0
              5.932887,50.758548,0
              5.932833,50.758543,0
              5.932745,50.758537,0
              5.932651,50.758544,0
              5.932585,50.758543,0
              5.932528,50.758545,0
              5.932486,50.758561,0
              5.932422,50.758578,0
              5.932337,50.758594,0
              5.932277,50.758597,0
              5.93223,50.758586,0
              5.932198,50.758566,0
              5.932189,50.758542,0
              5.932187,50.758506,0
              5.932189,50.758473,0
              5.932212,50.758444,0
              5.932258,50.758411,0
              5.932301,50.758387,0
              5.932334,50.75836,0
              5.932361,50.758331,0
              5.932376,50.758299,0
              5.932381,50.75827,0
              5.932374,50.758225,0
              5.932342,50.758182,0
              5.93231,50.758153,0
              5.932268,50.758129,0
              5.932211,50.75811,0
              5.932157,50.758107,0
              5.932096,50.758112,0
              5.932047,50.758126,0
              5.931995,50.758152,0
              5.931957,50.758184,0
              5.931942,50.758214,0
              5.931939,50.758246,0
              5.931955,50.758288,0
              5.93196,50.758317,0
              5.931955,50.75836,0
              5.931943,50.758418,0
              5.931927,50.758463,0
              5.931899,50.758504,0
              5.931859,50.758531,0
              5.931808,50.758551,0
              5.931742,50.758548,0
              5.931675,50.758535,0
              5.931598,50.758517,0
              5.931528,50.758506,0
              5.931446,50.758506,0
              5.931362,50.758515,0
              5.931268,50.758532,0
              5.931227,50.758548,0
              5.931187,50.758575,0
              5.931147,50.758596,0
              5.931085,50.758614,0
              5.931026,50.758616,0
              5.930962,50.758616,0
              5.930902,50.758625,0
              5.93085,50.75864,0
              5.930808,50.758664,0
              5.930782,50.758697,0
              5.930754,50.758736,0
              5.930714,50.758803,0
              5.930703,50.758829,0
              5.930698,50.758857,0
              5.930706,50.758888,0
              5.930726,50.758916,0
              5.930752,50.758956,0
              5.930779,50.758995,0
              5.930808,50.759026,0
              5.930823,50.759081,0
              5.930812,50.759117,0
              5.930794,50.759134,0
              5.930759,50.759143,0
              5.930699,50.759142,0
              5.930643,50.759131,0
              5.930594,50.759109,0
              5.930532,50.759076,0
              5.930481,50.759045,0
              5.930429,50.759019,0
              5.930373,50.759004,0
              5.930306,50.758995,0
              5.930245,50.758995,0
              5.930188,50.759003,0
              5.930134,50.759015,0
              5.930094,50.75904,0
              5.93008,50.759071,0
              5.930078,50.759122,0
              5.930077,50.759168,0
              5.930078,50.759206,0
              5.930092,50.759254,0
              5.930115,50.759309,0
              5.930151,50.759379,0
              5.930179,50.759439,0
              5.930208,50.75949,0
              5.930223,50.75953,0
              5.930218,50.75956,0
              5.930192,50.759592,0
              5.93014,50.759603,0
              5.930082,50.75961,0
              5.930006,50.759633,0
              5.929962,50.759663,0
              5.929936,50.75969,0
              5.92992,50.759721,0
              5.929912,50.759747,0
              5.929907,50.759787,0
              5.929917,50.759812,0
              5.929939,50.759841,0
              5.929968,50.759856,0
              5.930032,50.759866,0
              5.930106,50.75987,0
              5.930201,50.759866,0
              5.930302,50.759854,0
              5.930367,50.759849,0
              5.930417,50.759853,0
              5.93049,50.759866,0
              5.930576,50.75988,0
              5.930675,50.759893,0
              5.930783,50.759897,0
              5.930896,50.759908,0
              5.930984,50.759924,0
              5.931056,50.759938,0
              5.931105,50.759958,0
              5.931133,50.759973,0
              5.931139,50.760001,0
              5.931134,50.760019,0
              5.931122,50.760045,0
              5.93112,50.76008,0
              5.931153,50.760114,0
              5.93122,50.760164,0
              5.931333,50.760242,0
              5.93143,50.760298,0
              5.931529,50.760345,0
              5.931596,50.760362,0
              5.931662,50.760377,0
              5.931726,50.760372,0
              5.931809,50.760367,0
              5.931881,50.760371,0
              5.931943,50.760385,0
              5.931991,50.760409,0
              5.932036,50.760439,0
              5.93206,50.760466,0
              5.932082,50.760518,0
              5.93211,50.760596,0
              5.932122,50.760677,0
              5.932142,50.760779,0
              5.932151,50.76085,0
              5.932142,50.760887,0
              5.932124,50.760913,0
              5.932083,50.760936,0
              5.932034,50.760957,0
              5.931969,50.760963,0
              5.931886,50.760962,0
              5.931816,50.760951,0
              5.931729,50.760927,0
              5.931601,50.760885,0
              5.931441,50.760826,0
              5.931355,50.760819,0
              5.931263,50.760829,0
              5.931186,50.760844,0
              5.931127,50.760858,0
              5.931078,50.760877,0
              5.931049,50.760905,0
              5.931038,50.760929,0
              5.931043,50.760966,0
              5.931058,50.761002,0
              5.931084,50.761048,0
              5.931119,50.761097,0
              5.931169,50.761142,0
              5.931227,50.761179,0
              5.931283,50.761221,0
              5.931326,50.761267,0
              5.931359,50.761318,0
              5.93138,50.761378,0
              5.931386,50.761418,0
              5.931368,50.76146,0
              5.931337,50.761495,0
              5.931219,50.76152,0
              5.931105,50.761513,0
              5.931005,50.761497,0
              5.930924,50.761476,0
              5.930869,50.761464,0
              5.930816,50.761464,0
              5.93077,50.761476,0
              5.930723,50.761497,0
              5.930674,50.761529,0
              5.930626,50.76157,0
              5.930604,50.761606,0
              5.930611,50.761648,0
              5.930634,50.761704,0
              5.930669,50.761765,0
              5.930711,50.761819,0
              5.930746,50.761876,0
              5.930747,50.761904,0
              5.930731,50.761933,0
              5.930692,50.761968,0
              5.93064,50.762005,0
              5.930594,50.762022,0
              5.930524,50.762031,0
              5.930426,50.762026,0
              5.930302,50.762016,0
              5.930182,50.761987,0
              5.930095,50.761978,0
              5.930001,50.76198,0
              5.929941,50.762004,0
              5.929898,50.762033,0
              5.929876,50.762073,0
              5.929877,50.762111,0
              5.929899,50.762143,0
              5.929932,50.762176,0
              5.929984,50.762204,0
              5.930052,50.762223,0
              5.930126,50.76224,0
              5.930184,50.762259,0
              5.93022,50.762284,0
              5.930243,50.762309,0
              5.930247,50.762344,0
              5.930245,50.762393,0
              5.93024,50.762458,0
              5.930227,50.762515,0
              5.930213,50.76257,0
              5.93019,50.762604,0
              5.930143,50.762636,0
              5.930084,50.762651,0
              5.929988,50.762655,0
              5.929914,50.762646,0
              5.929843,50.762631,0
              5.929789,50.76261,0
              5.929686,50.762536,0
              5.929659,50.762497,0
              5.929624,50.762467,0
              5.929575,50.762443,0
              5.929552,50.762436,0
              5.929486,50.762434,0
              5.929411,50.762437,0
              5.929333,50.762447,0
              5.929258,50.762462,0
              5.929183,50.762474,0
              5.929123,50.762479,0
              5.929018,50.76248,0
              5.92892,50.76248,0
              5.928831,50.762478,0
              5.928745,50.762472,0
              5.928642,50.762458,0
              5.92856,50.76244,0
              5.928476,50.762425,0
              5.928377,50.762412,0
              5.928299,50.762409,0
              5.92825,50.762419,0
              5.928202,50.762431,0
              5.928138,50.76244,0
              5.928078,50.76244,0
              5.92802,50.762447,0
              5.927983,50.762458,0
              5.927955,50.762478,0
              5.92794,50.76251,0
              5.927921,50.762553,0
              5.92791,50.762606,0
              5.927906,50.76264,0
              5.927923,50.762701,0
              5.927936,50.762764,0
              5.927963,50.762812,0
              5.927993,50.762849,0
              5.928043,50.76289,0
              5.928088,50.762928,0
              5.928122,50.762983,0
              5.928139,50.763009,0
              5.92814,50.763034,0
              5.92813,50.76307,0
              5.928108,50.763097,0
              5.928077,50.763121,0
              5.928022,50.763139,0
              5.927905,50.76315,0
              5.927751,50.763168,0
              5.927634,50.763189,0
              5.927502,50.763222,0
              5.927441,50.763241,0
              5.927413,50.763265,0
              5.927406,50.763297,0
              5.927414,50.763324,0
              5.927438,50.763357,0
              5.927478,50.763376,0
              5.927523,50.763384,0
              5.927587,50.763385,0
              5.927642,50.763389,0
              5.927685,50.763406,0
              5.927703,50.763439,0
              5.927705,50.763451,0
              5.927707,50.763465,0
              5.927699,50.763496,0
              5.927669,50.763532,0
              5.927616,50.763571,0
              5.927536,50.76364,0
              5.92746,50.763694,0
              5.927368,50.763748,0
              5.927286,50.763787,0
              5.927172,50.763812,0
              5.927072,50.763821,0
              5.927001,50.763819,0
              5.926952,50.763805,0
              5.926918,50.763785,0
              5.9269,50.763759,0
              5.926909,50.763728,0
              5.926941,50.763682,0
              5.926998,50.763648,0
              5.927058,50.76359,0
              5.927102,50.763528,0
              5.927143,50.76346,0
              5.927171,50.763403,0
              5.927186,50.76334,0
              5.927172,50.763284,0
              5.927154,50.763228,0
              5.92712,50.763188,0
              5.927074,50.763156,0
              5.927014,50.763127,0
              5.926954,50.763104,0
              5.926893,50.763092,0
              5.926835,50.763096,0
              5.926784,50.763109,0
              5.926737,50.763128,0
              5.926688,50.76316,0
              5.926646,50.763204,0
              5.926597,50.763274,0
              5.926553,50.763347,0
              5.926508,50.763402,0
              5.926466,50.763459,0
              5.926417,50.763497,0
              5.926323,50.763521,0
              5.926197,50.763533,0
              5.926093,50.76353,0
              5.925956,50.763515,0
              5.925792,50.763516,0
              5.925579,50.763526,0
              5.925367,50.763557,0
              5.9252,50.763594,0
              5.925093,50.763628,0
              5.925083,50.763635,0
              5.925059,50.763651,0
              5.925051,50.763685,0
              5.925088,50.763741,0
              5.925166,50.763794,0
              5.925262,50.763828,0
              5.925386,50.763862,0
              5.925491,50.763881,0
              5.925605,50.763889,0
              5.925712,50.763888,0
              5.925772,50.763888,0
              5.925857,50.763875,0
              5.925943,50.763867,0
              5.926,50.763871,0
              5.926055,50.763901,0
              5.92608,50.763925,0
              5.926108,50.763957,0
              5.926129,50.764,0
              5.926136,50.76404,0
              5.926124,50.76409,0
              5.926099,50.764143,0
              5.926056,50.764191,0
              5.925998,50.764262,0
              5.925925,50.764331,0
              5.925804,50.764431,0
              5.925712,50.76449,0
              5.925613,50.764554,0
              5.925658,50.764556,0
              5.925696,50.764567,0
              5.925848,50.764605,0
              5.925817,50.764752,0
              5.925814,50.764771,0
              5.925805,50.764817,0
              5.925796,50.764867,0
              5.925718,50.765196,0
              5.925706,50.765252,0
              5.925656,50.765479,0
              5.925648,50.765512,0
              5.925565,50.765905,0
              5.925476,50.766321,0
              5.925429,50.76635,0
              5.925414,50.766359,0
              5.925084,50.766547,0
              5.924516,50.766891,0
              5.924004,50.767204,0
              5.923453,50.767542,0
              5.923022,50.767802,0
              5.922505,50.768118,0
              5.922302,50.76824,0
              5.921829,50.768525,0
              5.921187,50.768927,0
              5.920541,50.769333,0
              5.920699,50.769791,0
              5.920857,50.770238,0
              5.920972,50.770561,0
              5.921013,50.770662,0
              5.921059,50.770792,0
              5.921118,50.770972,0
              5.921203,50.771246,0
              5.921356,50.771692,0
              5.9215,50.772122,0
              5.921579,50.772362,0
              5.921692,50.772714,0
              5.921875,50.773266,0
              5.921877,50.773272,0
              5.921896,50.773331,0
              5.921905,50.773354,0
              5.922052,50.773299,0
              5.922065,50.773316,0
              5.922113,50.773346,0
              5.922132,50.773402,0
              5.922144,50.773449,0
              5.922152,50.773484,0
              5.922159,50.773515,0
              5.922167,50.773529,0
              5.922193,50.773551,0
              5.922229,50.773571,0
              5.922265,50.773588,0
              5.922374,50.773563,0
              5.922442,50.773552,0
              5.922478,50.773554,0
              5.922531,50.773559,0
              5.922564,50.773572,0
              5.922587,50.773602,0
              5.922629,50.773682,0
              5.92269,50.773811,0
              5.922745,50.773931,0
              5.922776,50.773992,0
              5.922798,50.774013,0
              5.922839,50.774042,0
              5.922909,50.774085,0
              5.922996,50.774138,0
              5.923087,50.774195,0
              5.923161,50.774246,0
              5.923236,50.774302,0
              5.923303,50.774353,0
              5.923347,50.774394,0
              5.923409,50.774463,0
              5.923467,50.774532,0
              5.923528,50.774614,0
              5.923585,50.774682,0
              5.923647,50.774767,0
              5.923693,50.774841,0
              5.923749,50.774934,0
              5.92378,50.775007,0
              5.923807,50.775073,0
              5.923818,50.775122,0
              5.923829,50.775161,0
              5.923831,50.775213,0
              5.92385,50.775241,0
              5.923848,50.775254,0
              5.923966,50.775227,0
              5.924058,50.775207,0
              5.924189,50.775159,0
              5.924266,50.775134,0
              5.924368,50.775148,0
              5.924466,50.775128,0
              5.924497,50.775093,0
              5.924506,50.77509,0
              5.92453,50.775077,0
              5.924552,50.77507,0
              5.924569,50.775068,0
              5.924582,50.775076,0
              5.924593,50.77509,0
              5.924606,50.775092,0
              5.924621,50.77509,0
              5.924648,50.775082,0
              5.924669,50.775078,0
              5.924684,50.775077,0
              5.924711,50.775085,0
              5.924757,50.775107,0
              5.924804,50.775133,0
              5.924854,50.77516,0
              5.92487,50.775166,0
              5.924893,50.775168,0
              5.924912,50.77516,0
              5.924989,50.775128,0
              5.925024,50.775117,0
              5.925106,50.77515,0
              5.925211,50.77516,0
              5.925316,50.775156,0
              5.925413,50.775171,0
              5.925618,50.775125,0
              5.925746,50.775104,0
              5.925803,50.775082,0
              5.9259,50.775057,0
              5.925964,50.775068,0
              5.92603,50.775042,0
              5.926076,50.775011,0
              5.926214,50.775025,0
              5.926304,50.775039,0
              5.926483,50.775076,0
              5.926496,50.775096,0
              5.926552,50.775142,0
              5.92666,50.775212,0
              5.926742,50.775258,0
              5.926785,50.775279,0
              5.92681,50.775281,0
              5.926835,50.775281,0
              5.92687,50.775289,0
              5.926924,50.775292,0
              5.92702,50.775297,0
              5.927107,50.775296,0
              5.927176,50.775297,0
              5.927322,50.775296,0
              5.927351,50.775292,0
              5.927368,50.775278,0
              5.927383,50.775264,0
              5.927405,50.77526,0
              5.927436,50.775259,0
              5.927474,50.77526,0
              5.927509,50.775267,0
              5.927565,50.775279,0
              5.927599,50.775286,0
              5.927637,50.775289,0
              5.927675,50.775292,0
              5.927702,50.775296,0
              5.927716,50.775301,0
              5.927737,50.775314,0
              5.927772,50.775319,0
              5.927798,50.775318,0
              5.92781,50.775317,0
              5.927874,50.775316,0
              5.92791,50.775314,0
              5.927939,50.775312,0
              5.928004,50.775305,0
              5.928074,50.775294,0
              5.928116,50.775281,0
              5.928118,50.775281,0
              5.928172,50.77526,0
              5.928205,50.775248,0
              5.928232,50.775254,0
              5.928258,50.775262,0
              5.928268,50.775264,0
              5.92831,50.775274,0
              5.928348,50.77528,0
              5.928399,50.77528,0
              5.928462,50.775283,0
              5.928561,50.775289,0
              5.928725,50.775304,0
              5.928827,50.775313,0
              5.92893,50.775323,0
              5.929002,50.775304,0
              5.929147,50.775315,0
              5.929191,50.775337,0
              5.929253,50.77534,0
              5.929351,50.775314,0
              5.929481,50.775322,0
              5.929568,50.775324,0
              5.929626,50.775327,0
              5.929756,50.775312,0
              5.929817,50.77532,0
              5.929855,50.775314,0
              5.929882,50.775313,0
              5.929937,50.775316,0
              5.930107,50.775318,0
              5.930166,50.775317,0
              5.930209,50.775301,0
              5.930263,50.775283,0
              5.930323,50.775261,0
              5.930412,50.775234,0
              5.93048,50.775217,0
              5.930591,50.775194,0
              5.930638,50.775186,0
              5.930694,50.775176,0
              5.93076,50.775163,0
              5.930831,50.775143,0
              5.930909,50.775124,0
              5.930954,50.775114,0
              5.930994,50.775111,0
              5.931017,50.775112,0
              5.931061,50.775121,0
              5.931088,50.775123,0
              5.931116,50.775121,0
              5.931155,50.775116,0
              5.931193,50.775106,0
              5.931237,50.775089,0
              5.931274,50.775071,0
              5.931322,50.775046,0
              5.931359,50.775018,0
              5.931404,50.774969,0
              5.931445,50.774918,0
              5.931475,50.774885,0
              5.931505,50.774863,0
              5.931519,50.774851,0
              5.931642,50.774787,0
              5.931763,50.774724,0
              5.931898,50.774649,0
              5.931973,50.774613,0
              5.932017,50.774604,0
              5.932071,50.774601,0
              5.932131,50.774601,0
              5.932231,50.774601,0
              5.932289,50.774597,0
              5.932325,50.774593,0
              5.932346,50.77459,0
              5.932365,50.774587,0
              5.932388,50.77458,0
              5.93243,50.774551,0
              5.932499,50.774506,0
              5.932556,50.774454,0
              5.932632,50.774389,0
              5.932665,50.774358,0
              5.93283,50.774252,0
              5.932844,50.774242,0
              5.933002,50.774142,0
              5.933221,50.774023,0
              5.933388,50.773928,0
              5.933583,50.773828,0
              5.93373,50.773762,0
              5.933914,50.773666,0
              5.933977,50.773627,0
              5.934031,50.77359,0
              5.934089,50.773539,0
              5.933908,50.773429,0
              5.933815,50.77337,0
              5.933972,50.773268,0
              5.934172,50.773136,0
              5.934272,50.773072,0
              5.93437,50.772988,0
              5.93448,50.772894,0
              5.934655,50.772748,0
              5.934941,50.772508,0
              5.935133,50.772346,0
              5.935306,50.7722,0
              5.935467,50.772058,0
              5.935607,50.771911,0
              5.935701,50.771801,0
              5.935805,50.771674,0
              5.935857,50.771588,0
              5.93593,50.771461,0
              5.936292,50.771425,0
              5.936749,50.771388,0
              5.93707,50.771364,0
              5.937218,50.771357,0
              5.937376,50.771363,0
              5.937537,50.771368,0
              5.937746,50.771369,0
              5.937915,50.771373,0
              5.938018,50.771377,0
              5.938171,50.771408,0
              5.93829,50.77143,0
              5.938475,50.771466,0
              5.938722,50.771512,0
              5.938802,50.771525,0
              5.93895,50.77154,0
              5.939161,50.771561,0
              5.939318,50.771578,0
              5.939415,50.771591,0
              5.939544,50.771604,0
              5.939644,50.771628,0
              5.939794,50.77166,0
              5.940024,50.77171,0
              5.940229,50.771755,0
              5.94049,50.771817,0
              5.940956,50.771944,0
              5.941138,50.771996,0
              5.941319,50.772083,0
              5.941524,50.772183,0
              5.941707,50.772269,0
              5.941769,50.772305,0
              5.941876,50.772384,0
              5.941966,50.772452,0
              5.942047,50.7725,0
              5.942147,50.772562,0
              5.942234,50.772612,0
              5.942348,50.772651,0
              5.94256,50.772727,0
              5.942811,50.772814,0
              5.942922,50.772852,0
              5.942997,50.772879,0
              5.943102,50.77292,0
              5.9432,50.772981,0
              5.943313,50.773053,0
              5.943439,50.773151,0
              5.943512,50.773205,0
              5.943609,50.77326,0
              5.943583,50.773382,0
              5.943541,50.773558,0
              5.943502,50.773745,0
              5.943487,50.773816,0
              5.943479,50.773889,0
              5.943479,50.773983,0
              5.943478,50.774096,0
              5.94348,50.774244,0
              5.943484,50.774404,0
              5.94349,50.774575,0
              5.943494,50.774624,0
              5.943515,50.774739,0
              5.943535,50.77482,0
              5.943587,50.774902,0
              5.943651,50.775,0
              5.943677,50.775046,0
              5.943703,50.77511,0
              5.943754,50.775222,0
              5.943798,50.775296,0
              5.943863,50.775398,0
              5.943952,50.775536,0
              5.94403,50.775653,0
              5.944064,50.775706,0
              5.94408,50.775755,0
              5.944092,50.775787,0
              5.944095,50.775834,0
              5.944093,50.775896,0
              5.944096,50.775946,0
              5.944102,50.775982,0
              5.944119,50.776024,0
              5.944149,50.776072,0
              5.944179,50.776112,0
              5.944221,50.776152,0
              5.944272,50.776198,0
              5.944306,50.776234,0
              5.944332,50.776289,0
              5.944349,50.776347,0
              5.944366,50.776407,0
              5.94439,50.776454,0
              5.944411,50.776493,0
              5.944431,50.776532,0
              5.944439,50.776574,0
              5.94444,50.776615,0
              5.944428,50.776653,0
              5.944399,50.776691,0
              5.944377,50.776716,0
              5.94435,50.77675,0
              5.944348,50.776775,0
              5.944351,50.776809,0
              5.944367,50.776855,0
              5.944379,50.776883,0
              5.944401,50.776914,0
              5.944424,50.776956,0
              5.944437,50.776986,0
              5.944435,50.777029,0
              5.944418,50.777062,0
              5.9444,50.7771,0
              5.944358,50.777169,0
              5.944354,50.777223,0
              5.944347,50.777289,0
              5.944351,50.777327,0
              5.944371,50.777376,0
              5.944377,50.777415,0
              5.944387,50.777467,0
              5.944411,50.777508,0
              5.944436,50.777556,0
              5.944421,50.777682,0
              5.944418,50.777748,0
              5.944425,50.777831,0
              5.944433,50.777877,0
              5.944444,50.777939,0
              5.94446,50.77801,0
              5.944471,50.778082,0
              5.944483,50.778122,0
              5.944496,50.778176,0
              5.944497,50.778234,0
              5.944496,50.778285,0
              5.944495,50.77832,0
              5.944505,50.778378,0
              5.944513,50.778447,0
              5.944527,50.778502,0
              5.944519,50.778556,0
              5.944513,50.778612,0
              5.944516,50.778669,0
              5.944514,50.778724,0
              5.944526,50.778766,0
              5.944549,50.778812,0
              5.944563,50.778847,0
              5.944577,50.778879,0
              5.94456,50.779,0
              5.944559,50.779074,0
              5.944567,50.779148,0
              5.94458,50.779193,0
              5.944609,50.779256,0
              5.94463,50.7793,0
              5.944675,50.77934,0
              5.944714,50.779391,0
              5.944745,50.779452,0
              5.944771,50.779529,0
              5.944768,50.779586,0
              5.94473,50.779616,0
              5.944668,50.779666,0
              5.944644,50.779696,0
              5.944626,50.779748,0
              5.944604,50.779823,0
              5.944581,50.7799,0
              5.944552,50.780001,0
              5.944555,50.780046,0
              5.944575,50.780124,0
              5.944588,50.780181,0
              5.944594,50.780213,0
              5.94463,50.780269,0
              5.944702,50.780365,0
              5.944743,50.780435,0
              5.944766,50.780475,0
              5.944802,50.780536,0
              5.944839,50.780615,0
              5.944851,50.780658,0
              5.944859,50.780691,0
              5.944876,50.780763,0
              5.944888,50.780842,0
              5.944894,50.780901,0
              5.944893,50.78095,0
              5.944893,50.781003,0
              5.944894,50.781041,0
              5.944902,50.781096,0
              5.944912,50.781157,0
              5.94492,50.781185,0
              5.944925,50.781233,0
              5.944936,50.781299,0
              5.944947,50.781337,0
              5.944958,50.781377,0
              5.944972,50.781438,0
              5.944973,50.781443,0
              5.944991,50.781518,0
              5.945003,50.781574,0
              5.945005,50.781586,0
              5.945004,50.781589,0
              5.945001,50.781594,0
              5.944975,50.781658,0
              5.944949,50.781726,0
              5.94487,50.781927,0
              5.944806,50.782103,0
              5.944793,50.782134,0
              5.944791,50.782139,0
              5.944781,50.782162,0
              5.944706,50.782343,0
              5.944612,50.782577,0
              5.944554,50.782732,0
              5.944535,50.782781,0
              5.944482,50.782915,0
              5.944417,50.783075,0
              5.944257,50.783459,0
              5.944161,50.78371,0
              5.944105,50.783856,0
              5.943988,50.78416,0
              5.943948,50.784266,0
              5.943935,50.784299,0
              5.943804,50.784645,0
              5.94369,50.784952,0
              5.943672,50.785003,0
              5.943499,50.785445,0
              5.943442,50.785593,0
              5.943364,50.785796,0
              5.94325,50.786077,0
              5.943202,50.786203,0
              5.943163,50.786307,0
              5.943162,50.78631,0
              5.943158,50.786321,0
              5.943122,50.786414,0
              5.943043,50.786616,0
              5.942997,50.786731,0
              5.942989,50.786752,0
              5.942986,50.78676,0
              5.942956,50.786835,0
              5.942915,50.786932,0
              5.942905,50.786944,0
              5.942894,50.786969,0
              5.942886,50.786987,0
              5.942883,50.787002,0
              5.942691,50.78754,0
              5.942603,50.787787,0
              5.942585,50.787838,0
              5.94249,50.788136,0
              5.942447,50.788286,0
              5.94237,50.788551,0
              5.942294,50.788797,0
              5.94229,50.788808,0
              5.942255,50.78892,0
              5.942151,50.789247,0
              5.942222,50.789254,0
              5.942295,50.789265,0
              5.942368,50.789293,0
              5.942391,50.789327,0
              5.942397,50.789358,0
              5.942398,50.789397,0
              5.942399,50.789416,0
              5.94239,50.789471,0
              5.942372,50.789511,0
              5.942346,50.789541,0
              5.942329,50.789564,0
              5.942327,50.78959,0
              5.942318,50.789613,0
              5.942279,50.789636,0
              5.942314,50.789647,0
              5.942332,50.789656,0
              5.942347,50.789663,0
              5.942371,50.78971,0
              5.942395,50.789787,0
              5.942396,50.789789,0
              5.942414,50.789869,0
              5.942435,50.789902,0
              5.942472,50.789944,0
              5.942498,50.789984,0
              5.942494,50.790016,0
              5.942478,50.790041,0
              5.942431,50.790077,0
              5.94237,50.790096,0
              5.942284,50.790115,0
              5.942214,50.790136,0
              5.942179,50.79015,0
              5.942126,50.790177,0
              5.942098,50.790213,0
              5.942088,50.790248,0
              5.942077,50.790285,0
              5.942043,50.790361,0
              5.942042,50.790364,0
              5.942012,50.790425,0
              5.942008,50.790479,0
              5.942036,50.790528,0
              5.942089,50.790565,0
              5.942189,50.790609,0
              5.942242,50.790633,0
              5.942256,50.790644,0
              5.942268,50.790652,0
              5.942277,50.790677,0
              5.942266,50.790704,0
              5.942239,50.79074,0
              5.942213,50.790787,0
              5.942225,50.790849,0
              5.942249,50.790905,0
              5.942271,50.790955,0
              5.942282,50.790971,0
              5.942297,50.790994,0
              5.942343,50.791011,0
              5.942368,50.791021,0
              5.942417,50.791054,0
              5.942427,50.79106,0
              5.942501,50.791102,0
              5.94257,50.79113,0
              5.942627,50.791167,0
              5.942713,50.791264,0
              5.942757,50.791325,0
              5.942759,50.791327,0
              5.942815,50.791427,0
              5.942824,50.791444,0
              5.942827,50.791472,0
              5.942821,50.791501,0
              5.942805,50.791527,0
              5.942793,50.791544,0
              5.942771,50.791561,0
              5.942746,50.791574,0
              5.94273,50.791586,0
              5.942723,50.791602,0
              5.942724,50.791618,0
              5.942742,50.791626,0
              5.942767,50.791635,0
              5.942769,50.791652,0
              5.942765,50.791669,0
              5.942752,50.791684,0
              5.942727,50.791686,0
              5.942699,50.791688,0
              5.942681,50.791689,0
              5.942675,50.791711,0
              5.942683,50.791746,0
              5.942688,50.791787,0
              5.942691,50.791805,0
              5.942672,50.79183,0
              5.942673,50.79188,0
              5.942669,50.791952,0
              5.942668,50.791981,0
              5.942668,50.792014,0
              5.942642,50.79207,0
              5.942644,50.792092,0
              5.942649,50.792162,0
              5.942684,50.792196,0
              5.942688,50.792201,0
              5.942708,50.792264,0
              5.942725,50.79229,0
              5.94274,50.79232,0
              5.942735,50.792335,0
              5.942735,50.792339,0
              5.942741,50.792373,0
              5.942763,50.792397,0
              5.94277,50.792426,0
              5.94277,50.792445,0
              5.942768,50.792468,0
              5.942783,50.79248,0
              5.942815,50.79249,0
              5.942861,50.79251,0
              5.942891,50.792526,0
              5.94294,50.792559,0
              5.942956,50.792573,0
              5.942972,50.792588,0
              5.94298,50.792621,0
              5.94297,50.792663,0
              5.942965,50.792706,0
              5.942946,50.792764,0
              5.94293,50.792825,0
              5.942911,50.792896,0
              5.942906,50.792945,0
              5.942919,50.792978,0
              5.942941,50.793003,0
              5.942964,50.793014,0
              5.943014,50.793021,0
              5.943059,50.793031,0
              5.943097,50.793048,0
              5.94311,50.793059,0
              5.943118,50.793066,0
              5.943172,50.793092,0
              5.943216,50.793108,0
              5.943264,50.793116,0
              5.943315,50.793119,0
              5.943348,50.793125,0
              5.943373,50.793139,0
              5.943378,50.793159,0
              5.94338,50.79319,0
              5.943381,50.793214,0
              5.943387,50.793231,0
              5.943412,50.793247,0
              5.943443,50.793265,0
              5.943457,50.793287,0
              5.943479,50.793312,0
              5.943488,50.793348,0
              5.943482,50.793376,0
              5.943465,50.793391,0
              5.943463,50.793411,0
              5.943451,50.793428,0
              5.943419,50.793448,0
              5.943389,50.793459,0
              5.943347,50.793481,0
              5.943246,50.793541,0
              5.943179,50.793583,0
              5.943121,50.793611,0
              5.943084,50.793634,0
              5.943054,50.793641,0
              5.943047,50.793656,0
              5.943051,50.793674,0
              5.943072,50.793709,0
              5.943097,50.793746,0
              5.94311,50.793755,0
              5.943134,50.79377,0
              5.94317,50.793791,0
              5.943211,50.793802,0
              5.943252,50.793808,0
              5.943288,50.793808,0
              5.943325,50.793808,0
              5.943358,50.79382,0
              5.943392,50.793833,0
              5.943428,50.793861,0
              5.943461,50.793883,0
              5.943492,50.7939,0
              5.943506,50.79391,0
              5.943524,50.793924,0
              5.943548,50.793954,0
              5.94356,50.793973,0
              5.943589,50.793991,0
              5.943635,50.793993,0
              5.943681,50.794007,0
              5.943717,50.794032,0
              5.943735,50.794064,0
              5.943755,50.794093,0
              5.943816,50.794149,0
              5.943841,50.794181,0
              5.943884,50.794255,0
              5.943898,50.794271,0
              5.9439,50.794274,0
              5.943906,50.794284,0
              5.943902,50.794292,0
              5.943899,50.794296,0
              5.943889,50.794314,0
              5.943872,50.794328,0
              5.943879,50.794356,0
              5.943887,50.794391,0
              5.943888,50.794426,0
              5.943886,50.794446,0
              5.943885,50.794465,0
              5.943884,50.794473,0
              5.943881,50.79449,0
              5.943888,50.794505,0
              5.943908,50.794524,0
              5.943932,50.794539,0
              5.943956,50.794551,0
              5.943975,50.794565,0
              5.943992,50.794582,0
              5.943993,50.794612,0
              5.943992,50.794634,0
              5.944002,50.794653,0
              5.944024,50.79468,0
              5.944043,50.794696,0
              5.944044,50.794696,0
              5.94407,50.794719,0
              5.944113,50.794755,0
              5.944148,50.794797,0
              5.944175,50.794835,0
              5.944209,50.79487,0
              5.944227,50.794898,0
              5.944234,50.794927,0
              5.944235,50.79494,0
              5.944235,50.794963,0
              5.944237,50.794981,0
              5.944246,50.795005,0
              5.944258,50.795023,0
              5.944279,50.795036,0
              5.944287,50.795042,0
              5.944324,50.795059,0
              5.944359,50.79506,0
              5.944392,50.795083,0
              5.9444,50.795091,0
              5.94442,50.79511,0
              5.944453,50.795147,0
              5.944483,50.795176,0
              5.944489,50.79518,0
              5.944522,50.795205,0
              5.94455,50.795223,0
              5.944597,50.795242,0
              5.944616,50.795259,0
              5.944624,50.795276,0
              5.944668,50.795286,0
              5.944706,50.7953,0
              5.944728,50.795318,0
              5.944744,50.795336,0
              5.94475,50.795344,0
              5.944752,50.795371,0
              5.94475,50.795389,0
              5.944758,50.795412,0
              5.944769,50.795434,0
              5.944795,50.795452,0
              5.944795,50.795455,0
              5.944818,50.795455,0
              5.944847,50.795447,0
              5.944883,50.795441,0
              5.944954,50.795442,0
              5.945027,50.795442,0
              5.945105,50.795434,0
              5.94513,50.795433,0
              5.945181,50.79543,0
              5.945227,50.795434,0
              5.945257,50.795441,0
              5.945294,50.795451,0
              5.945332,50.79544,0
              5.945379,50.795438,0
              5.945409,50.795443,0
              5.945425,50.795453,0
              5.94543,50.79547,0
              5.945425,50.79549,0
              5.945436,50.795507,0
              5.945462,50.795516,0
              5.945472,50.795518,0
              5.945499,50.795524,0
              5.945506,50.795543,0
              5.9455,50.795565,0
              5.9455,50.79564,0
              5.945492,50.795725,0
              5.945485,50.795772,0
              5.94548,50.795811,0
              5.94548,50.795818,0
              5.94546,50.795928,0
              5.945448,50.795982,0
              5.945458,50.796013,0
              5.945468,50.796034,0
              5.945463,50.796044,0
              5.945435,50.796056,0
              5.945416,50.79607,0
              5.945408,50.796081,0
              5.945407,50.796096,0
              5.945407,50.796106,0
              5.945394,50.796137,0
              5.945415,50.796163,0
              5.945472,50.796179,0
              5.945502,50.796142,0
              5.945537,50.796133,0
              5.945569,50.796131,0
              5.945611,50.796134,0
              5.945659,50.796127,0
              5.945672,50.79611,0
              5.945706,50.796117,0
              5.945734,50.796142,0
              5.945796,50.796145,0
              5.945872,50.796145,0
              5.945911,50.796161,0
              5.945926,50.796184,0
              5.945965,50.796193,0
              5.946012,50.796149,0
              5.946067,50.796171,0
              5.946079,50.796195,0
              5.94612,50.796199,0
              5.946158,50.796173,0
              5.946178,50.796158,0
              5.946196,50.796141,0
              5.946227,50.796124,0
              5.946272,50.796106,0
              5.94627,50.796103,0
              5.946296,50.796092,0
              5.946336,50.796092,0
              5.946392,50.796095,0
              5.946416,50.796082,0
              5.94643,50.796064,0
              5.946447,50.796038,0
              5.94646,50.796023,0
              5.946483,50.796012,0
              5.94651,50.796004,0
              5.946503,50.795992,0
              5.946481,50.795979,0
              5.946466,50.795965,0
              5.946473,50.795942,0
              5.946495,50.795924,0
              5.946519,50.795911,0
              5.946544,50.795886,0
              5.94655,50.79586,0
              5.946557,50.79584,0
              5.946582,50.795831,0
              5.946643,50.795828,0
              5.946724,50.795823,0
              5.946795,50.795812,0
              5.946875,50.795788,0
              5.946913,50.795772,0
              5.946941,50.795764,0
              5.946969,50.795776,0
              5.946994,50.795806,0
              5.947024,50.795817,0
              5.947046,50.795814,0
              5.947066,50.795802,0
              5.947096,50.795804,0
              5.947118,50.795813,0
              5.947153,50.795817,0
              5.947221,50.79581,0
              5.947257,50.795801,0
              5.947276,50.795793,0
              5.947271,50.79578,0
              5.947256,50.795768,0
              5.947199,50.795736,0
              5.947172,50.79572,0
              5.947147,50.795701,0
              5.94714,50.795687,0
              5.947145,50.795675,0
              5.947171,50.795671,0
              5.947208,50.795672,0
              5.947229,50.795669,0
              5.94724,50.795655,0
              5.94724,50.795629,0
              5.947233,50.795582,0
              5.947216,50.795519,0
              5.947211,50.795487,0
              5.94724,50.795468,0
              5.947282,50.795442,0
              5.947293,50.795423,0
              5.947297,50.795406,0
              5.947319,50.795398,0
              5.947366,50.795392,0
              5.947401,50.795383,0
              5.947419,50.795367,0
              5.947425,50.795348,0
              5.947413,50.795326,0
              5.947392,50.795307,0
              5.94738,50.795284,0
              5.947401,50.795269,0
              5.947432,50.79526,0
              5.947446,50.795248,0
              5.94744,50.79523,0
              5.947442,50.795202,0
              5.94746,50.795184,0
              5.947483,50.795175,0
              5.947518,50.795174,0
              5.947561,50.79518,0
              5.947592,50.795188,0
              5.947636,50.795181,0
              5.947662,50.795168,0
              5.947665,50.795138,0
              5.947665,50.795088,0
              5.947653,50.79504,0
              5.947639,50.795015,0
              5.947638,50.795,0
              5.947653,50.794987,0
              5.947702,50.794969,0
              5.94776,50.794944,0
              5.947786,50.79492,0
              5.947808,50.794896,0
              5.947823,50.794874,0
              5.947839,50.794863,0
              5.947862,50.794858,0
              5.947897,50.794859,0
              5.947928,50.794877,0
              5.947963,50.794896,0
              5.948017,50.794904,0
              5.948075,50.794899,0
              5.948109,50.794885,0
              5.948128,50.794867,0
              5.948166,50.79486,0
              5.948198,50.794869,0
              5.94822,50.794885,0
              5.948248,50.7949,0
              5.948272,50.7949,0
              5.948321,50.794893,0
              5.948364,50.794903,0
              5.948399,50.794918,0
              5.948412,50.794938,0
              5.948411,50.794956,0
              5.94841,50.794969,0
              5.94842,50.794975,0
              5.948452,50.794975,0
              5.948532,50.794974,0
              5.948579,50.794967,0
              5.948609,50.794955,0
              5.94864,50.79496,0
              5.94866,50.795001,0
              5.948671,50.795013,0
              5.948694,50.795011,0
              5.948723,50.795002,0
              5.948736,50.794976,0
              5.948754,50.79495,0
              5.948776,50.79492,0
              5.948817,50.794893,0
              5.948842,50.794882,0
              5.948876,50.794887,0
              5.948891,50.794899,0
              5.94892,50.794908,0
              5.948949,50.794904,0
              5.948981,50.794893,0
              5.949002,50.794861,0
              5.949012,50.794834,0
              5.949011,50.794802,0
              5.949002,50.794768,0
              5.949004,50.794742,0
              5.949014,50.794726,0
              5.949038,50.794711,0
              5.949053,50.794686,0
              5.949066,50.794655,0
              5.949058,50.794633,0
              5.949042,50.794624,0
              5.949028,50.794618,0
              5.949017,50.794606,0
              5.949035,50.794593,0
              5.949022,50.794563,0
              5.949008,50.794545,0
              5.949025,50.794531,0
              5.949056,50.794526,0
              5.949078,50.794533,0
              5.949148,50.794557,0
              5.949148,50.794555,0
              5.949185,50.794562,0
              5.949213,50.794556,0
              5.949239,50.794538,0
              5.949256,50.794518,0
              5.949263,50.794499,0
              5.949267,50.794476,0
              5.949286,50.794459,0
              5.949316,50.794446,0
              5.949354,50.79444,0
              5.949391,50.794445,0
              5.949424,50.794466,0
              5.949469,50.794488,0
              5.949539,50.794507,0
              5.949564,50.79452,0
              5.949596,50.794518,0
              5.949628,50.794506,0
              5.949641,50.794488,0
              5.949651,50.794462,0
              5.949684,50.794439,0
              5.94972,50.794418,0
              5.94975,50.794407,0
              5.949808,50.794405,0
              5.949836,50.794394,0
              5.949907,50.79437,0
              5.949944,50.794352,0
              5.949981,50.794342,0
              5.950006,50.794352,0
              5.950039,50.794385,0
              5.950081,50.794427,0
              5.950113,50.794463,0
              5.950134,50.794489,0
              5.950163,50.7945,0
              5.950206,50.794499,0
              5.950233,50.794499,0
              5.95025,50.794494,0
              5.95027,50.794494,0
              5.950307,50.794494,0
              5.950346,50.794504,0
              5.950378,50.794506,0
              5.950407,50.794514,0
              5.950452,50.79451,0
              5.950508,50.7945,0
              5.950567,50.794494,0
              5.950614,50.794474,0
              5.95065,50.794446,0
              5.950685,50.794423,0
              5.950711,50.794403,0
              5.950719,50.794381,0
              5.950729,50.794365,0
              5.950744,50.794352,0
              5.950784,50.794342,0
              5.950832,50.79435,0
              5.950877,50.794361,0
              5.950912,50.794363,0
              5.95093,50.794377,0
              5.950952,50.794391,0
              5.950972,50.794395,0
              5.950998,50.794389,0
              5.951013,50.794383,0
              5.951022,50.794394,0
              5.951042,50.7944,0
              5.95106,50.7944,0
              5.951101,50.794389,0
              5.95113,50.794368,0
              5.95115,50.794346,0
              5.951157,50.794328,0
              5.951158,50.794304,0
              5.951177,50.794285,0
              5.951194,50.794265,0
              5.951209,50.794254,0
              5.951239,50.794243,0
              5.951275,50.794219,0
              5.951315,50.794185,0
              5.951331,50.794157,0
              5.951333,50.794133,0
              5.951328,50.794115,0
              5.951321,50.794099,0
              5.951322,50.794082,0
              5.951339,50.794071,0
              5.951371,50.79406,0
              5.951412,50.79405,0
              5.951427,50.794042,0
              5.951456,50.794042,0
              5.95148,50.794035,0
              5.951492,50.794022,0
              5.951477,50.794009,0
              5.951461,50.794001,0
              5.951451,50.793992,0
              5.951458,50.793972,0
              5.95147,50.793963,0
              5.951495,50.793976,0
              5.951522,50.793981,0
              5.951552,50.793971,0
              5.95157,50.793957,0
              5.951592,50.793927,0
              5.951595,50.793906,0
              5.951588,50.79387,0
              5.951584,50.793827,0
              5.951581,50.793797,0
              5.951634,50.793781,0
              5.95164,50.793796,0
              5.951836,50.793956,0
              5.952165,50.794223,0
              5.952182,50.794237,0
              5.952371,50.79439,0
              5.952431,50.794438,0
              5.952635,50.794599,0
              5.952698,50.794649,0
              5.952772,50.794707,0
              5.952806,50.794734,0
              5.953156,50.795015,0
              5.953301,50.795132,0
              5.953493,50.795285,0
              5.953656,50.795416,0
              5.953751,50.795492,0
              5.953806,50.795536,0
              5.954135,50.795803,0
              5.954425,50.796036,0
              5.954674,50.796236,0
              5.954839,50.79637,0
              5.954996,50.796497,0
              5.955002,50.796502,0
              5.955035,50.796521,0
              5.955036,50.796522,0
              5.955144,50.796585,0
              5.955149,50.796588,0
              5.955257,50.796644,0
              5.955266,50.796648,0
              5.955321,50.796677,0
              5.955443,50.796746,0
              5.955656,50.796865,0
              5.956205,50.797173,0
              5.956218,50.79718,0
              5.956695,50.797449,0
              5.957284,50.797781,0
              5.957299,50.797789,0
              5.957642,50.797983,0
              5.95771,50.798021,0
              5.95774,50.798042,0
              5.957743,50.798044,0
              5.957759,50.798056,0
              5.957953,50.798194,0
              5.957998,50.798225,0
              5.958054,50.798266,0
              5.958533,50.798597,0
              5.958825,50.798808,0
              5.958846,50.798823,0
              5.95893,50.798884,0
              5.959187,50.799059,0
              5.959312,50.799143,0
              5.959516,50.799284,0
              5.959768,50.799459,0
              5.959972,50.799608,0
              5.96027,50.799824,0
              5.960497,50.799988,0
              5.960664,50.800109,0
              5.960708,50.80014,0
              5.960834,50.800231,0
              5.961304,50.800568,0
              5.961329,50.800582,0
              5.961357,50.800598,0
              5.961369,50.800605,0
              5.961544,50.800706,0
              5.961546,50.800707,0
              5.961566,50.800718,0
              5.961742,50.800814,0
              5.961756,50.800822,0
              5.961911,50.800905,0
              5.962003,50.800958,0
              5.962112,50.801018,0
              5.962136,50.801031,0
              5.962492,50.801227,0
              5.962505,50.80122,0
              5.962737,50.801337,0
              5.962961,50.801451,0
              5.963045,50.801493,0
              5.963607,50.801778,0
              5.963707,50.801829,0
              5.963872,50.801918,0
              5.964264,50.802131,0
              5.964285,50.802142,0
              5.96434,50.802171,0
              5.964453,50.80223,0
              5.964665,50.802336,0
              5.964724,50.802368,0
              5.964774,50.8024,0
              5.964809,50.802419,0
              5.964896,50.802353,0
              5.96496,50.802338,0
              5.965022,50.802339,0
              5.96508,50.802352,0
              5.965128,50.802369,0
              5.965179,50.802388,0
              5.965222,50.802401,0
              5.96526,50.802401,0
              5.965454,50.80236,0
              5.965462,50.802358,0
              5.965578,50.802337,0
              5.965633,50.802324,0
              5.965661,50.802308,0
              5.965686,50.802289,0
              5.965715,50.802269,0
              5.965748,50.802255,0
              5.965797,50.802249,0
              5.965881,50.802237,0
              5.965932,50.802203,0
              5.966106,50.802046,0
              5.96633,50.801842,0
              5.966628,50.801717,0
              5.966681,50.801697,0
              5.966828,50.801678,0
              5.966862,50.80167,0
              5.966928,50.801654,0
              5.967151,50.80163,0
              5.967305,50.801574,0
              5.967453,50.801531,0
              5.967615,50.801498,0
              5.967839,50.801453,0
              5.967878,50.801446,0
              5.967887,50.801445,0
              5.968207,50.8014,0
              5.968291,50.801388,0
              5.968335,50.801382,0
              5.968758,50.801322,0
              5.968766,50.801321,0
              5.968804,50.801315,0
              5.968924,50.801298,0
              5.969006,50.801286,0
              5.969104,50.801272,0
              5.969825,50.801485,0
              5.97087,50.80179,0
              5.970895,50.801797,0
              5.971712,50.802034,0
              5.972733,50.802328,0
              5.973367,50.802515,0
              5.974133,50.80274,0
              5.974407,50.802818,0
              5.975021,50.802994,0
              5.975473,50.803124,0
              5.975519,50.803138,0
              5.975765,50.803209,0
              5.976048,50.803291,0
              5.976558,50.80344,0
              5.976594,50.803415,0
              5.976622,50.803395,0
              5.976637,50.803389,0
              5.976681,50.80337,0
              5.976863,50.803528,0
              5.977033,50.803771,0
              5.977341,50.804277,0
              5.977898,50.805061,0
              5.977931,50.805053,0
              5.977974,50.805032,0
              5.978349,50.804845,0
              5.978701,50.80467,0
              5.979022,50.804948,0
              5.979047,50.804964,0
              5.979238,50.805079,0
              5.979395,50.805174,0
              5.979419,50.805192,0
              5.979838,50.805514,0
              5.98014,50.80573,0
              5.9802,50.805795,0
              5.98018,50.806004,0
              5.980163,50.806187,0
              5.980159,50.806224,0
              5.980156,50.806376,0
              5.980151,50.806566,0
              5.980146,50.80673,0
              5.980148,50.80676,0
              5.980153,50.806846,0
              5.980174,50.807119,0
              5.98022,50.807207,0
              5.980256,50.807276,0
              5.980381,50.80747,0
              5.980699,50.807778,0
              5.980893,50.807932,0
              5.981039,50.808077,0
              5.981146,50.808179,0
              5.981428,50.808497,0
              5.981447,50.808514,0
              5.981369,50.808595,0
              5.981934,50.808881,0
              5.982338,50.809065,0
              5.982864,50.809336,0
              5.983422,50.809673,0
              5.983518,50.80973,0
            </coordinates>
          </LinearRing>
        </outerBoundaryIs>
      </Polygon>
    </Placemark>
    <Placemark>
      <name>Meerssen</name>
      <description><![CDATA[beschrijving: <br>@id: relation/2078290<br>admin_level: 8<br>authoritative: yes<br>boundary: administrative<br>name: Meerssen<br>name:li: Meersje<br>name:nl: <br>name:ru: <br>population: 18828<br>population:date: 2020-01-01<br>ref:gemeentecode: 0938<br>source:population: CBS<br>type: boundary<br>wikidata: Q9772<br>wikipedia: nl:Meerssen (gemeente)<br>name:de: <br>name:fy: <br>name:la: Marsnam<br>name:zh-Hans: <br>name:zh-Hant: <br>name:lt: <br>old_name:de: <br>name:carnaval: <br>alt_name:la: <br>alt_name:fr: <br>alt_name:wa: <br>name:ar: <br>name:en: <br>name:eo: <br>name:es: <br>name:fr: <br>name:he: <br>name:ja: <br>name:ko: <br>name:mk: <br>name:ml: <br>name:nds: <br>name:sr: <br>name:uk: <br>name:wa: <br>name:zea: <br>name:zh: <br>old_name:es: <br>@relations: ]]></description>
      <styleUrl>#poly-000000-1200-77</styleUrl>
      <ExtendedData>
        <Data name="beschrijving">
          <value/>
        </Data>
        <Data name="@id">
          <value>relation/2078290</value>
        </Data>
        <Data name="admin_level">
          <value>8</value>
        </Data>
        <Data name="authoritative">
          <value>yes</value>
        </Data>
        <Data name="boundary">
          <value>administrative</value>
        </Data>
        <Data name="name">
          <value>Meerssen</value>
        </Data>
        <Data name="name:li">
          <value>Meersje</value>
        </Data>
        <Data name="name:nl">
          <value/>
        </Data>
        <Data name="name:ru">
          <value/>
        </Data>
        <Data name="population">
          <value>18828</value>
        </Data>
        <Data name="population:date">
          <value>2020-01-01</value>
        </Data>
        <Data name="ref:gemeentecode">
          <value>0938</value>
        </Data>
        <Data name="source:population">
          <value>CBS</value>
        </Data>
        <Data name="type">
          <value>boundary</value>
        </Data>
        <Data name="wikidata">
          <value>Q9772</value>
        </Data>
        <Data name="wikipedia">
          <value>nl:Meerssen (gemeente)</value>
        </Data>
        <Data name="name:de">
          <value/>
        </Data>
        <Data name="name:fy">
          <value/>
        </Data>
        <Data name="name:la">
          <value>Marsnam</value>
        </Data>
        <Data name="name:zh-Hans">
          <value/>
        </Data>
        <Data name="name:zh-Hant">
          <value/>
        </Data>
        <Data name="name:lt">
          <value/>
        </Data>
        <Data name="old_name:de">
          <value/>
        </Data>
        <Data name="name:carnaval">
          <value/>
        </Data>
        <Data name="alt_name:la">
          <value/>
        </Data>
        <Data name="alt_name:fr">
          <value/>
        </Data>
        <Data name="alt_name:wa">
          <value/>
        </Data>
        <Data name="name:ar">
          <value/>
        </Data>
        <Data name="name:en">
          <value/>
        </Data>
        <Data name="name:eo">
          <value/>
        </Data>
        <Data name="name:es">
          <value/>
        </Data>
        <Data name="name:fr">
          <value/>
        </Data>
        <Data name="name:he">
          <value/>
        </Data>
        <Data name="name:ja">
          <value/>
        </Data>
        <Data name="name:ko">
          <value/>
        </Data>
        <Data name="name:mk">
          <value/>
        </Data>
        <Data name="name:ml">
          <value/>
        </Data>
        <Data name="name:nds">
          <value/>
        </Data>
        <Data name="name:sr">
          <value/>
        </Data>
        <Data name="name:uk">
          <value/>
        </Data>
        <Data name="name:wa">
          <value/>
        </Data>
        <Data name="name:zea">
          <value/>
        </Data>
        <Data name="name:zh">
          <value/>
        </Data>
        <Data name="old_name:es">
          <value/>
        </Data>
        <Data name="@relations">
          <value/>
        </Data>
      </ExtendedData>
      <Polygon>
        <outerBoundaryIs>
          <LinearRing>
            <tessellate>1</tessellate>
            <coordinates>
              5.801715,50.91413,0
              5.801505,50.914227,0
              5.801185,50.914379,0
              5.800728,50.914598,0
              5.800347,50.914789,0
              5.800357,50.914568,0
              5.800171,50.914426,0
              5.800069,50.914364,0
              5.799856,50.914251,0
              5.799466,50.914052,0
              5.798796,50.91371,0
              5.797679,50.913153,0
              5.797251,50.912938,0
              5.796908,50.912762,0
              5.796463,50.912534,0
              5.795117,50.911849,0
              5.794471,50.911524,0
              5.793046,50.910783,0
              5.792874,50.9107,0
              5.792789,50.910656,0
              5.792722,50.910625,0
              5.792565,50.910568,0
              5.792516,50.910549,0
              5.792465,50.910532,0
              5.792353,50.910503,0
              5.792267,50.910494,0
              5.792193,50.910486,0
              5.792161,50.910484,0
              5.791823,50.910469,0
              5.791524,50.910657,0
              5.791221,50.910802,0
              5.790806,50.910956,0
              5.790376,50.911081,0
              5.790008,50.911175,0
              5.789714,50.911256,0
              5.78957,50.911333,0
              5.788141,50.911996,0
              5.787242,50.91203,0
              5.786885,50.912128,0
              5.786412,50.912267,0
              5.78635,50.912273,0
              5.783422,50.91307,0
              5.782441,50.913376,0
              5.781226,50.912113,0
              5.781163,50.91205,0
              5.781097,50.911993,0
              5.781012,50.911936,0
              5.780921,50.911886,0
              5.779984,50.911436,0
              5.779184,50.911052,0
              5.779089,50.911008,0
              5.779036,50.910988,0
              5.778981,50.910973,0
              5.778927,50.910961,0
              5.77881,50.910943,0
              5.778695,50.910936,0
              5.778573,50.910944,0
              5.778464,50.910962,0
              5.778352,50.91099,0
              5.778198,50.911046,0
              5.778198,50.911045,0
              5.777494,50.911307,0
              5.776772,50.911575,0
              5.776682,50.911606,0
              5.776588,50.911631,0
              5.776488,50.911646,0
              5.776378,50.91165,0
              5.77634,50.91165,0
              5.776299,50.911647,0
              5.77625,50.911641,0
              5.776136,50.911621,0
              5.776134,50.911621,0
              5.776134,50.911626,0
              5.77613,50.911625,0
              5.77606,50.911611,0
              5.775394,50.911467,0
              5.774965,50.911374,0
              5.774861,50.91135,0
              5.774764,50.911321,0
              5.774729,50.911308,0
              5.774704,50.911298,0
              5.77468,50.911286,0
              5.774665,50.911277,0
              5.774593,50.911229,0
              5.774528,50.911172,0
              5.774466,50.911113,0
              5.774242,50.910889,0
              5.774059,50.910706,0
              5.774034,50.910679,0
              5.774017,50.910652,0
              5.774012,50.910638,0
              5.774032,50.910631,0
              5.774017,50.910616,0
              5.77401,50.910578,0
              5.773994,50.910553,0
              5.773964,50.910522,0
              5.773961,50.910522,0
              5.773925,50.910522,0
              5.77364,50.910638,0
              5.773573,50.910536,0
              5.773508,50.910466,0
              5.773306,50.91026,0
              5.773085,50.910065,0
              5.772078,50.909301,0
              5.77117,50.908616,0
              5.7698,50.907583,0
              5.768413,50.906526,0
              5.768216,50.90639,0
              5.768124,50.906332,0
              5.76803,50.906279,0
              5.767894,50.906211,0
              5.767526,50.906034,0
              5.767205,50.905891,0
              5.767025,50.905777,0
              5.767001,50.905759,0
              5.766978,50.905741,0
              5.766955,50.905722,0
              5.766932,50.905704,0
              5.766911,50.905685,0
              5.76689,50.905666,0
              5.766869,50.905646,0
              5.76685,50.905626,0
              5.76601,50.904814,0
              5.765248,50.904067,0
              5.76458,50.903411,0
              5.764556,50.903387,0
              5.764532,50.903364,0
              5.764507,50.90334,0
              5.764482,50.903317,0
              5.764456,50.903294,0
              5.76443,50.90327,0
              5.764404,50.903248,0
              5.764378,50.903225,0
              5.764352,50.903202,0
              5.764325,50.903179,0
              5.764298,50.903157,0
              5.76427,50.903135,0
              5.764242,50.903112,0
              5.764215,50.90309,0
              5.764186,50.903069,0
              5.764158,50.903047,0
              5.763927,50.902935,0
              5.763903,50.902925,0
              5.76388,50.902914,0
              5.763856,50.902904,0
              5.763833,50.902893,0
              5.76381,50.902882,0
              5.763788,50.90287,0
              5.763765,50.902859,0
              5.763743,50.902847,0
              5.763721,50.902836,0
              5.763699,50.902824,0
              5.763677,50.902812,0
              5.763656,50.9028,0
              5.763635,50.902787,0
              5.763614,50.902775,0
              5.763593,50.902762,0
              5.763572,50.902749,0
              5.763552,50.902736,0
              5.763532,50.902723,0
              5.763512,50.90271,0
              5.763493,50.902696,0
              5.763474,50.902683,0
              5.763454,50.902669,0
              5.763436,50.902655,0
              5.763417,50.902641,0
              5.763399,50.902627,0
              5.763381,50.902613,0
              5.763363,50.902598,0
              5.763346,50.902584,0
              5.763328,50.902569,0
              5.763312,50.902554,0
              5.763295,50.90254,0
              5.763278,50.902524,0
              5.761841,50.901105,0
              5.761362,50.900635,0
              5.761219,50.9005,0
              5.760815,50.900129,0
              5.760528,50.899882,0
              5.760253,50.899651,0
              5.759991,50.899438,0
              5.759792,50.899284,0
              5.759514,50.899079,0
              5.759012,50.898722,0
              5.758995,50.898711,0
              5.758978,50.8987,0
              5.75896,50.89869,0
              5.758942,50.89868,0
              5.758923,50.898671,0
              5.758904,50.898662,0
              5.758885,50.898653,0
              5.758865,50.898645,0
              5.758844,50.898637,0
              5.758824,50.898629,0
              5.758803,50.898622,0
              5.758781,50.898615,0
              5.75876,50.898608,0
              5.758738,50.898602,0
              5.758716,50.898597,0
              5.758674,50.898587,0
              5.758655,50.898583,0
              5.758636,50.898579,0
              5.758616,50.898575,0
              5.758596,50.898572,0
              5.758577,50.898569,0
              5.758557,50.898566,0
              5.758537,50.898564,0
              5.758518,50.898561,0
              5.758497,50.898559,0
              5.758477,50.898558,0
              5.758457,50.898556,0
              5.758437,50.898555,0
              5.758417,50.898554,0
              5.758396,50.898554,0
              5.758376,50.898553,0
              5.758356,50.898553,0
              5.758336,50.898554,0
              5.758315,50.898554,0
              5.758295,50.898555,0
              5.758275,50.898556,0
              5.758255,50.898558,0
              5.758235,50.898559,0
              5.758215,50.898561,0
              5.758195,50.898563,0
              5.758175,50.898566,0
              5.758155,50.898569,0
              5.758135,50.898572,0
              5.758116,50.898575,0
              5.758096,50.898579,0
              5.758077,50.898583,0
              5.758058,50.898587,0
              5.756208,50.8993,0
              5.755785,50.89949,0
              5.755758,50.899508,0
              5.755727,50.899528,0
              5.7557,50.899549,0
              5.755679,50.899574,0
              5.755668,50.8996,0
              5.755661,50.899625,0
              5.755669,50.899654,0
              5.755686,50.899678,0
              5.755705,50.899702,0
              5.755753,50.899747,0
              5.756035,50.900002,0
              5.756035,50.900003,0
              5.756106,50.900066,0
              5.756148,50.900106,0
              5.75546,50.900395,0
              5.755448,50.900433,0
              5.755402,50.900455,0
              5.755232,50.9006,0
              5.755026,50.900504,0
              5.754982,50.900526,0
              5.754846,50.900592,0
              5.75505,50.900732,0
              5.755244,50.900878,0
              5.755371,50.900984,0
              5.75547,50.901071,0
              5.755514,50.901155,0
              5.755568,50.901216,0
              5.755835,50.901483,0
              5.756001,50.901657,0
              5.756197,50.901884,0
              5.756519,50.90228,0
              5.75675,50.902598,0
              5.756957,50.902919,0
              5.757108,50.903183,0
              5.758518,50.905885,0
              5.758646,50.90611,0
              5.758799,50.906357,0
              5.75895,50.906575,0
              5.759123,50.906816,0
              5.759396,50.907171,0
              5.760483,50.908521,0
              5.762293,50.910754,0
              5.762653,50.911184,0
              5.762913,50.911481,0
              5.763141,50.911726,0
              5.763461,50.912057,0
              5.764031,50.91261,0
              5.764128,50.912717,0
              5.764287,50.912921,0
              5.7646,50.913383,0
              5.764727,50.913527,0
              5.764844,50.913632,0
              5.76502,50.913772,0
              5.765091,50.913819,0
              5.765156,50.91386,0
              5.765229,50.913898,0
              5.765357,50.913936,0
              5.765315,50.914093,0
              5.765351,50.914118,0
              5.765389,50.914152,0
              5.765426,50.914191,0
              5.765459,50.914225,0
              5.765743,50.91452,0
              5.766095,50.914884,0
              5.766148,50.914929,0
              5.766159,50.914938,0
              5.766196,50.914965,0
              5.766223,50.914983,0
              5.766353,50.915064,0
              5.766688,50.91527,0
              5.767486,50.915761,0
              5.768098,50.916137,0
              5.768747,50.916534,0
              5.768883,50.916676,0
              5.769236,50.916939,0
              5.769446,50.91713,0
              5.769641,50.917321,0
              5.769856,50.917543,0
              5.770092,50.917796,0
              5.770355,50.918089,0
              5.770498,50.918261,0
              5.770706,50.918517,0
              5.770903,50.918774,0
              5.771063,50.918993,0
              5.771237,50.919246,0
              5.771294,50.919337,0
              5.771336,50.919405,0
              5.77143,50.919569,0
              5.771436,50.919568,0
              5.771531,50.919733,0
              5.771608,50.91986,0
              5.771875,50.920268,0
              5.772046,50.920541,0
              5.772181,50.92076,0
              5.772245,50.920868,0
              5.772342,50.921059,0
              5.772369,50.921198,0
              5.772384,50.921268,0
              5.772606,50.92163,0
              5.772757,50.921873,0
              5.772826,50.922015,0
              5.772949,50.92222,0
              5.773146,50.92255,0
              5.773331,50.922863,0
              5.773499,50.923125,0
              5.77358,50.923268,0
              5.773628,50.923385,0
              5.773692,50.92361,0
              5.773739,50.923862,0
              5.773764,50.924076,0
              5.773767,50.924237,0
              5.773768,50.92461,0
              5.773783,50.924858,0
              5.77381,50.925053,0
              5.773855,50.925297,0
              5.773824,50.925561,0
              5.773756,50.925716,0
              5.77359,50.925924,0
              5.773335,50.926116,0
              5.773135,50.926237,0
              5.772936,50.92638,0
              5.772701,50.926595,0
              5.77251,50.926798,0
              5.772402,50.926956,0
              5.772232,50.927194,0
              5.772315,50.927211,0
              5.7723,50.927241,0
              5.772285,50.927271,0
              5.772272,50.9273,0
              5.772259,50.927331,0
              5.77225,50.927354,0
              5.772241,50.927378,0
              5.772233,50.927401,0
              5.772222,50.927436,0
              5.772212,50.92747,0
              5.772202,50.927504,0
              5.772194,50.927539,0
              5.772188,50.927574,0
              5.772182,50.927608,0
              5.77217,50.927703,0
              5.772169,50.927714,0
              5.772167,50.927724,0
              5.772164,50.927734,0
              5.77216,50.927744,0
              5.772155,50.927753,0
              5.772149,50.927763,0
              5.772143,50.927772,0
              5.772157,50.92788,0
              5.772163,50.927931,0
              5.772168,50.927959,0
              5.772175,50.928015,0
              5.772188,50.928112,0
              5.772199,50.92812,0
              5.772208,50.928129,0
              5.772217,50.928137,0
              5.772225,50.928146,0
              5.772232,50.928156,0
              5.772238,50.928165,0
              5.772243,50.928175,0
              5.772286,50.928263,0
              5.772303,50.928295,0
              5.772321,50.928326,0
              5.77234,50.928358,0
              5.77236,50.928389,0
              5.77238,50.92842,0
              5.772402,50.92845,0
              5.772425,50.92848,0
              5.772448,50.92851,0
              5.772473,50.92854,0
              5.772498,50.92857,0
              5.772341,50.928472,0
              5.771895,50.928292,0
              5.771596,50.928172,0
              5.771175,50.928004,0
              5.771089,50.927977,0
              5.770938,50.927928,0
              5.770878,50.927956,0
              5.769015,50.928833,0
              5.768767,50.928541,0
              5.768753,50.928521,0
              5.768544,50.928191,0
              5.768145,50.928305,0
              5.76739,50.928519,0
              5.767091,50.928604,0
              5.766918,50.928653,0
              5.766552,50.928756,0
              5.765889,50.928989,0
              5.765625,50.929072,0
              5.765255,50.929187,0
              5.762955,50.929901,0
              5.761229,50.930428,0
              5.7611,50.930503,0
              5.761528,50.931177,0
              5.761335,50.931233,0
              5.761306,50.931241,0
              5.760537,50.931461,0
              5.759715,50.931697,0
              5.758984,50.931912,0
              5.758307,50.932092,0
              5.757464,50.932302,0
              5.757353,50.93206,0
              5.757243,50.931837,0
              5.757138,50.931595,0
              5.757083,50.93146,0
              5.757082,50.931453,0
              5.756538,50.931545,0
              5.756044,50.931631,0
              5.755431,50.931754,0
              5.755425,50.931766,0
              5.755353,50.931937,0
              5.755246,50.932002,0
              5.755238,50.931996,0
              5.754865,50.932229,0
              5.754851,50.932265,0
              5.754856,50.932316,0
              5.754827,50.932338,0
              5.75479,50.932441,0
              5.754776,50.932785,0
              5.754786,50.93285,0
              5.754684,50.932926,0
              5.754692,50.932952,0
              5.754581,50.93304,0
              5.754575,50.933076,0
              5.754533,50.933095,0
              5.754488,50.933145,0
              5.754373,50.933213,0
              5.754416,50.93326,0
              5.754377,50.933308,0
              5.754325,50.933334,0
              5.75431,50.933391,0
              5.754246,50.933493,0
              5.754141,50.933553,0
              5.754078,50.933562,0
              5.754031,50.933608,0
              5.753863,50.933667,0
              5.7538,50.933731,0
              5.753852,50.933763,0
              5.75375,50.933819,0
              5.753665,50.933772,0
              5.753595,50.9339,0
              5.753454,50.933981,0
              5.753206,50.934029,0
              5.753167,50.934058,0
              5.75309,50.934069,0
              5.752838,50.934198,0
              5.752779,50.934135,0
              5.752681,50.934176,0
              5.752648,50.934167,0
              5.752616,50.934174,0
              5.752512,50.93418,0
              5.752285,50.934309,0
              5.75224,50.934377,0
              5.752208,50.934386,0
              5.752106,50.934398,0
              5.751879,50.934451,0
              5.751838,50.934476,0
              5.751722,50.934555,0
              5.751576,50.934642,0
              5.7514,50.93472,0
              5.751233,50.934743,0
              5.751103,50.934772,0
              5.750894,50.934876,0
              5.750706,50.934955,0
              5.750529,50.935047,0
              5.750494,50.935059,0
              5.7504,50.935116,0
              5.750332,50.935162,0
              5.750196,50.935224,0
              5.749464,50.935578,0
              5.749,50.935752,0
              5.748561,50.935912,0
              5.750113,50.93929,0
              5.749308,50.939226,0
              5.748627,50.939159,0
              5.748342,50.939143,0
              5.748539,50.939502,0
              5.748744,50.939878,0
              5.748949,50.940515,0
              5.74897,50.940732,0
              5.748991,50.940951,0
              5.748955,50.941235,0
              5.748773,50.941527,0
              5.748421,50.941839,0
              5.748309,50.941913,0
              5.748113,50.942031,0
              5.747852,50.942197,0
              5.747958,50.942223,0
              5.747446,50.942495,0
              5.747158,50.942662,0
              5.746956,50.942884,0
              5.746788,50.943058,0
              5.746688,50.943152,0
              5.746783,50.942851,0
              5.745993,50.943411,0
              5.745321,50.942796,0
              5.744673,50.942015,0
              5.744218,50.941169,0
              5.744122,50.940225,0
              5.74402,50.939252,0
              5.743575,50.938355,0
              5.742708,50.937654,0
              5.742154,50.936874,0
              5.741526,50.936101,0
              5.740879,50.935225,0
              5.739699,50.934597,0
              5.738846,50.933922,0
              5.737879,50.93328,0
              5.736543,50.93285,0
              5.735513,50.93223,0
              5.734549,50.931577,0
              5.73354,50.930928,0
              5.732544,50.930222,0
              5.732088,50.929245,0
              5.73153,50.928456,0
              5.730286,50.927887,0
              5.729747,50.927061,0
              5.729039,50.926302,0
              5.728091,50.925589,0
              5.727534,50.924703,0
              5.72693,50.923841,0
              5.726505,50.922967,0
              5.726133,50.92205,0
              5.725907,50.921198,0
              5.726095,50.92024,0
              5.726518,50.919331,0
              5.72655,50.918508,0
              5.726827,50.917595,0
              5.727066,50.916738,0
              5.727259,50.915798,0
              5.727041,50.914904,0
              5.726813,50.913991,0
              5.726751,50.913649,0
              5.726645,50.913071,0
              5.725897,50.912199,0
              5.725229,50.911392,0
              5.724529,50.910607,0
              5.724301,50.910406,0
              5.723717,50.909886,0
              5.722777,50.909163,0
              5.721434,50.908798,0
              5.720381,50.908071,0
              5.718925,50.907812,0
              5.717319,50.90809,0
              5.716027,50.908226,0
              5.714854,50.908458,0
              5.714767,50.908274,0
              5.71639,50.907855,0
              5.717251,50.907659,0
              5.717287,50.907656,0
              5.717255,50.907599,0
              5.717232,50.907557,0
              5.716912,50.907502,0
              5.716367,50.907465,0
              5.715851,50.907484,0
              5.715828,50.907485,0
              5.715471,50.907497,0
              5.715046,50.907513,0
              5.715015,50.907509,0
              5.714999,50.907504,0
              5.714974,50.90749,0
              5.714952,50.907474,0
              5.714946,50.907454,0
              5.714951,50.907433,0
              5.71496,50.907406,0
              5.71498,50.907384,0
              5.714997,50.907364,0
              5.715029,50.907314,0
              5.715032,50.907312,0
              5.715045,50.907291,0
              5.71504,50.907264,0
              5.715036,50.907244,0
              5.715003,50.90721,0
              5.714977,50.907195,0
              5.714944,50.907183,0
              5.714445,50.907322,0
              5.714262,50.906955,0
              5.714618,50.906856,0
              5.714349,50.906788,0
              5.714183,50.906799,0
              5.714099,50.90681,0
              5.713894,50.906792,0
              5.713738,50.906777,0
              5.713621,50.906731,0
              5.713454,50.90666,0
              5.713412,50.906628,0
              5.713272,50.906517,0
              5.713214,50.906464,0
              5.713095,50.90634,0
              5.713022,50.906256,0
              5.712932,50.906104,0
              5.712852,50.905964,0
              5.712823,50.905932,0
              5.712783,50.90589,0
              5.712744,50.905838,0
              5.712723,50.905794,0
              5.71269,50.905733,0
              5.712652,50.905675,0
              5.71262,50.905617,0
              5.712563,50.905497,0
              5.712538,50.905409,0
              5.712507,50.905309,0
              5.712475,50.905202,0
              5.712482,50.905192,0
              5.712505,50.905174,0
              5.71253,50.905039,0
              5.712524,50.905024,0
              5.712501,50.905012,0
              5.712491,50.904976,0
              5.712489,50.904896,0
              5.712505,50.904765,0
              5.712517,50.904653,0
              5.712589,50.904536,0
              5.712607,50.904505,0
              5.712663,50.904456,0
              5.712663,50.904405,0
              5.712704,50.904352,0
              5.712779,50.904254,0
              5.712794,50.90419,0
              5.712809,50.904132,0
              5.712817,50.904103,0
              5.712789,50.904069,0
              5.712774,50.904044,0
              5.712774,50.903981,0
              5.712784,50.903945,0
              5.7128,50.903933,0
              5.71276,50.903875,0
              5.71272,50.903801,0
              5.712678,50.903696,0
              5.712617,50.903538,0
              5.712554,50.903405,0
              5.712526,50.903346,0
              5.712504,50.903278,0
              5.712483,50.903204,0
              5.712482,50.903166,0
              5.712537,50.903013,0
              5.712588,50.902864,0
              5.712617,50.902748,0
              5.71264,50.902672,0
              5.712796,50.902472,0
              5.712833,50.902439,0
              5.712872,50.902398,0
              5.7129,50.902354,0
              5.712959,50.902239,0
              5.713003,50.902152,0
              5.713167,50.90209,0
              5.713368,50.902016,0
              5.71352,50.901985,0
              5.713667,50.901962,0
              5.713862,50.901934,0
              5.713993,50.901914,0
              5.714144,50.901881,0
              5.714146,50.90188,0
              5.714381,50.901825,0
              5.714629,50.9018,0
              5.714976,50.901661,0
              5.715341,50.901564,0
              5.715623,50.901417,0
              5.715809,50.901367,0
              5.715926,50.901307,0
              5.716095,50.901199,0
              5.716124,50.901182,0
              5.716384,50.901057,0
              5.716503,50.900999,0
              5.71703,50.900802,0
              5.717149,50.900751,0
              5.717243,50.900694,0
              5.717384,50.900588,0
              5.717463,50.900523,0
              5.717633,50.90043,0
              5.717716,50.900381,0
              5.717755,50.900359,0
              5.718271,50.900157,0
              5.718875,50.899758,0
              5.719097,50.899612,0
              5.719506,50.899434,0
              5.719797,50.899256,0
              5.719842,50.899228,0
              5.719772,50.899143,0
              5.719404,50.898684,0
              5.718808,50.897931,0
              5.718751,50.897812,0
              5.718475,50.897469,0
              5.718169,50.897091,0
              5.718037,50.896927,0
              5.718308,50.896837,0
              5.719031,50.8966,0
              5.719817,50.89634,0
              5.719942,50.896299,0
              5.720532,50.896105,0
              5.72118,50.895891,0
              5.721321,50.895844,0
              5.721267,50.895816,0
              5.721309,50.895751,0
              5.721311,50.895751,0
              5.721377,50.895691,0
              5.721456,50.895637,0
              5.721577,50.895578,0
              5.721783,50.895475,0
              5.722343,50.895264,0
              5.722495,50.89521,0
              5.722516,50.895201,0
              5.722682,50.895105,0
              5.722822,50.895003,0
              5.722981,50.894808,0
              5.723467,50.894562,0
              5.723412,50.894389,0
              5.723337,50.89415,0
              5.723327,50.894085,0
              5.723336,50.89404,0
              5.723387,50.893951,0
              5.723432,50.893878,0
              5.723523,50.89376,0
              5.723557,50.893715,0
              5.723546,50.893574,0
              5.723537,50.893497,0
              5.723543,50.893462,0
              5.723559,50.89343,0
              5.723564,50.893421,0
              5.723598,50.893315,0
              5.723605,50.893291,0
              5.723629,50.893243,0
              5.723638,50.893227,0
              5.723668,50.893165,0
              5.723755,50.89301,0
              5.723872,50.892784,0
              5.723926,50.892679,0
              5.723994,50.892551,0
              5.72402,50.892495,0
              5.724036,50.892465,0
              5.724052,50.892428,0
              5.724014,50.892399,0
              5.724025,50.892377,0
              5.72406,50.892312,0
              5.724137,50.892177,0
              5.724188,50.892094,0
              5.724216,50.892058,0
              5.724236,50.892031,0
              5.724306,50.891966,0
              5.724377,50.891912,0
              5.724469,50.891857,0
              5.724591,50.891791,0
              5.724721,50.891721,0
              5.72504,50.891553,0
              5.72529,50.891424,0
              5.725508,50.89131,0
              5.72559,50.891267,0
              5.725529,50.891216,0
              5.725432,50.891134,0
              5.72541,50.891118,0
              5.725321,50.891037,0
              5.725277,50.890988,0
              5.725242,50.890945,0
              5.725209,50.89088,0
              5.725188,50.890844,0
              5.725166,50.89079,0
              5.725156,50.890714,0
              5.725146,50.89064,0
              5.72515,50.890607,0
              5.72515,50.890553,0
              5.725157,50.890511,0
              5.72517,50.890426,0
              5.725194,50.890339,0
              5.725226,50.890309,0
              5.72527,50.890261,0
              5.725321,50.890181,0
              5.725348,50.890137,0
              5.725385,50.890057,0
              5.725434,50.889965,0
              5.725474,50.889892,0
              5.725542,50.889773,0
              5.725589,50.889682,0
              5.725654,50.889558,0
              5.725708,50.88945,0
              5.725767,50.889352,0
              5.725824,50.889248,0
              5.725828,50.889232,0
              5.725822,50.889194,0
              5.725819,50.889159,0
              5.725796,50.889094,0
              5.725781,50.889045,0
              5.725735,50.888951,0
              5.725684,50.888841,0
              5.725651,50.888768,0
              5.725618,50.88869,0
              5.725559,50.888574,0
              5.725479,50.8884,0
              5.725443,50.888298,0
              5.725395,50.888189,0
              5.72538,50.888118,0
              5.725342,50.888005,0
              5.725322,50.88791,0
              5.725304,50.887811,0
              5.725306,50.887757,0
              5.72531,50.8877,0
              5.725324,50.887643,0
              5.725349,50.887588,0
              5.725379,50.887534,0
              5.725408,50.887479,0
              5.725442,50.887417,0
              5.725457,50.887376,0
              5.725472,50.887328,0
              5.725462,50.887304,0
              5.725426,50.887274,0
              5.72563,50.887275,0
              5.725799,50.887348,0
              5.725898,50.88708,0
              5.725869,50.886093,0
              5.725889,50.885686,0
              5.726157,50.885207,0
              5.726194,50.885105,0
              5.726209,50.884992,0
              5.726212,50.88497,0
              5.726261,50.884835,0
              5.726286,50.884768,0
              5.726315,50.884678,0
              5.72634,50.884606,0
              5.726369,50.884542,0
              5.726412,50.884454,0
              5.726456,50.884347,0
              5.726498,50.884246,0
              5.726542,50.884148,0
              5.726631,50.884153,0
              5.727899,50.884224,0
              5.728888,50.884081,0
              5.73221,50.883567,0
              5.732463,50.88353,0
              5.732423,50.883503,0
              5.73148,50.882901,0
              5.731596,50.882853,0
              5.732515,50.882434,0
              5.734153,50.882761,0
              5.735678,50.882249,0
              5.735979,50.882136,0
              5.736043,50.882116,0
              5.736243,50.882046,0
              5.735995,50.881412,0
              5.735921,50.881372,0
              5.735822,50.881271,0
              5.735759,50.881199,0
              5.735636,50.880954,0
              5.735487,50.880692,0
              5.735454,50.880603,0
              5.735414,50.880398,0
              5.735367,50.880239,0
              5.735345,50.880056,0
              5.735328,50.879845,0
              5.73524,50.879905,0
              5.735152,50.879971,0
              5.735107,50.879947,0
              5.735168,50.879679,0
              5.734935,50.879088,0
              5.734913,50.879034,0
              5.734965,50.878865,0
              5.73458,50.877886,0
              5.734404,50.877451,0
              5.734198,50.877021,0
              5.733958,50.876598,0
              5.733667,50.876154,0
              5.733519,50.875905,0
              5.732911,50.875193,0
              5.733366,50.874746,0
              5.73338,50.874741,0
              5.734335,50.874433,0
              5.734457,50.874396,0
              5.734595,50.874351,0
              5.734864,50.874258,0
              5.735187,50.87417,0
              5.73526,50.874149,0
              5.736744,50.873777,0
              5.736814,50.873759,0
              5.736819,50.873758,0
              5.736767,50.873661,0
              5.737502,50.873475,0
              5.737584,50.873562,0
              5.739329,50.873506,0
              5.739345,50.873424,0
              5.739373,50.873309,0
              5.739387,50.873199,0
              5.739416,50.873098,0
              5.741889,50.873117,0
              5.74198,50.873013,0
              5.742033,50.872826,0
              5.741933,50.87262,0
              5.741979,50.872555,0
              5.742044,50.872481,0
              5.742162,50.872335,0
              5.742193,50.872212,0
              5.742363,50.871911,0
              5.742346,50.871826,0
              5.742354,50.87161,0
              5.742567,50.8714,0
              5.743011,50.871531,0
              5.743562,50.8717,0
              5.743648,50.871589,0
              5.744397,50.871805,0
              5.74436,50.871855,0
              5.746006,50.872268,0
              5.746564,50.871514,0
              5.746974,50.870701,0
              5.74877,50.871108,0
              5.74881,50.871118,0
              5.74896,50.870938,0
              5.749136,50.87074,0
              5.749243,50.870611,0
              5.749429,50.870434,0
              5.749477,50.870445,0
              5.750502,50.870677,0
              5.751008,50.870792,0
              5.752195,50.87106,0
              5.752396,50.870779,0
              5.755445,50.871491,0
              5.755651,50.871149,0
              5.755887,50.870803,0
              5.75613,50.870458,0
              5.756797,50.86946,0
              5.75699,50.869492,0
              5.757798,50.868218,0
              5.757858,50.86816,0
              5.757862,50.868154,0
              5.758253,50.867522,0
              5.758464,50.867164,0
              5.758658,50.866868,0
              5.759161,50.866096,0
              5.759027,50.866038,0
              5.75909,50.865972,0
              5.760172,50.866127,0
              5.762563,50.866538,0
              5.76266,50.86651,0
              5.762954,50.866608,0
              5.763304,50.866702,0
              5.763666,50.866766,0
              5.764637,50.866841,0
              5.764797,50.867111,0
              5.764913,50.867507,0
              5.765056,50.867888,0
              5.765088,50.868222,0
              5.765065,50.868672,0
              5.764908,50.869194,0
              5.764762,50.869676,0
              5.764582,50.869684,0
              5.764444,50.869697,0
              5.764326,50.86972,0
              5.76429,50.869733,0
              5.764272,50.86975,0
              5.764269,50.869773,0
              5.764654,50.870309,0
              5.7648,50.870522,0
              5.76542,50.871382,0
              5.76574,50.87181,0
              5.766266,50.872492,0
              5.766545,50.872766,0
              5.767001,50.873203,0
              5.767128,50.873174,0
              5.767288,50.873142,0
              5.767515,50.8731,0
              5.767845,50.873048,0
              5.768241,50.872975,0
              5.768413,50.87294,0
              5.768511,50.872916,0
              5.768974,50.872776,0
              5.770017,50.872526,0
              5.77019,50.872485,0
              5.770513,50.872422,0
              5.770815,50.872389,0
              5.771186,50.872397,0
              5.771401,50.872403,0
              5.772396,50.872423,0
              5.772846,50.872364,0
              5.772928,50.872326,0
              5.773013,50.87228,0
              5.773332,50.8726,0
              5.773418,50.872686,0
              5.773299,50.872726,0
              5.773255,50.872751,0
              5.773242,50.872781,0
              5.77325,50.872822,0
              5.773303,50.872896,0
              5.773415,50.872979,0
              5.773552,50.87307,0
              5.773764,50.873194,0
              5.773969,50.873294,0
              5.77412,50.873356,0
              5.774201,50.873378,0
              5.774225,50.873463,0
              5.774253,50.873503,0
              5.774286,50.873547,0
              5.774274,50.873591,0
              5.774256,50.873613,0
              5.774219,50.873633,0
              5.774158,50.873656,0
              5.774075,50.873669,0
              5.773967,50.873659,0
              5.773834,50.873635,0
              5.773718,50.8736,0
              5.773592,50.873558,0
              5.773469,50.873506,0
              5.773386,50.873476,0
              5.773311,50.873458,0
              5.77322,50.87347,0
              5.773122,50.873498,0
              5.772876,50.87359,0
              5.772746,50.873651,0
              5.772695,50.873675,0
              5.772639,50.873698,0
              5.772595,50.873736,0
              5.772609,50.873803,0
              5.772679,50.873866,0
              5.772779,50.873912,0
              5.772868,50.873941,0
              5.77322,50.873805,0
              5.773998,50.874451,0
              5.773379,50.87471,0
              5.77281,50.874874,0
              5.77287,50.875334,0
              5.773147,50.875604,0
              5.772486,50.875908,0
              5.772248,50.875715,0
              5.772236,50.87572,0
              5.772149,50.875736,0
              5.772078,50.875749,0
              5.772346,50.876194,0
              5.772771,50.87695,0
              5.772665,50.876967,0
              5.772857,50.877208,0
              5.772692,50.87726,0
              5.772908,50.877659,0
              5.772983,50.877788,0
              5.773039,50.877777,0
              5.773309,50.878151,0
              5.773732,50.878732,0
              5.773672,50.878748,0
              5.773982,50.879185,0
              5.774166,50.87944,0
              5.774198,50.879488,0
              5.774696,50.880188,0
              5.774746,50.880176,0
              5.775559,50.881385,0
              5.775539,50.881394,0
              5.776542,50.882478,0
              5.776773,50.882409,0
              5.776964,50.882606,0
              5.777047,50.88259,0
              5.77707,50.882637,0
              5.777663,50.883727,0
              5.777807,50.883654,0
              5.778468,50.883688,0
              5.778744,50.883538,0
              5.779312,50.883062,0
              5.779419,50.88301,0
              5.779635,50.882915,0
              5.779653,50.882914,0
              5.779977,50.882862,0
              5.780295,50.882791,0
              5.780404,50.882749,0
              5.780569,50.882656,0
              5.780616,50.882668,0
              5.780793,50.88275,0
              5.780947,50.882835,0
              5.781,50.882872,0
              5.781126,50.883085,0
              5.781346,50.883213,0
              5.781338,50.883298,0
              5.781341,50.883374,0
              5.781352,50.883403,0
              5.781399,50.88348,0
              5.781426,50.883515,0
              5.781452,50.883543,0
              5.781512,50.883593,0
              5.781584,50.883628,0
              5.782866,50.882806,0
              5.783474,50.882622,0
              5.784187,50.882402,0
              5.784353,50.882399,0
              5.785104,50.882434,0
              5.785583,50.88261,0
              5.785814,50.882904,0
              5.786312,50.883308,0
              5.786286,50.883356,0
              5.786383,50.883395,0
              5.786711,50.883537,0
              5.787057,50.883721,0
              5.787132,50.883733,0
              5.788668,50.883766,0
              5.789101,50.883889,0
              5.789058,50.883275,0
              5.789643,50.88339,0
              5.789476,50.882854,0
              5.789458,50.882852,0
              5.789478,50.882638,0
              5.789536,50.88241,0
              5.790474,50.882504,0
              5.790908,50.88255,0
              5.792584,50.882729,0
              5.792757,50.882572,0
              5.792856,50.882488,0
              5.793605,50.882544,0
              5.796511,50.882758,0
              5.796506,50.882849,0
              5.798372,50.88285,0
              5.798378,50.88288,0
              5.79841,50.88308,0
              5.798437,50.883217,0
              5.798464,50.883309,0
              5.798493,50.883387,0
              5.798539,50.883475,0
              5.798632,50.883643,0
              5.798837,50.884009,0
              5.799157,50.884574,0
              5.7993,50.884816,0
              5.799625,50.885358,0
              5.799684,50.885454,0
              5.799739,50.885548,0
              5.799768,50.885612,0
              5.799842,50.885673,0
              5.799734,50.885733,0
              5.79967,50.885849,0
              5.799358,50.886314,0
              5.798886,50.887075,0
              5.798498,50.887809,0
              5.798455,50.887883,0
              5.798422,50.887927,0
              5.798391,50.887963,0
              5.79835,50.887998,0
              5.79824,50.888079,0
              5.798146,50.888144,0
              5.798106,50.888173,0
              5.798069,50.888204,0
              5.798057,50.888217,0
              5.797998,50.888372,0
              5.797977,50.888379,0
              5.797926,50.888395,0
              5.797844,50.888583,0
              5.797734,50.888815,0
              5.797693,50.888895,0
              5.797501,50.889328,0
              5.797396,50.889539,0
              5.797272,50.889783,0
              5.797216,50.889919,0
              5.797203,50.89001,0
              5.797238,50.890082,0
              5.797298,50.890131,0
              5.797395,50.890246,0
              5.797379,50.890264,0
              5.797366,50.890281,0
              5.797302,50.890351,0
              5.797201,50.89044,0
              5.797132,50.89052,0
              5.79706,50.890693,0
              5.797007,50.89091,0
              5.796953,50.891168,0
              5.796874,50.891407,0
              5.796773,50.891747,0
              5.796711,50.89206,0
              5.796704,50.892299,0
              5.796715,50.892437,0
              5.796746,50.892559,0
              5.796814,50.8927,0
              5.796993,50.893,0
              5.797105,50.89325,0
              5.797179,50.893529,0
              5.797272,50.893951,0
              5.797394,50.894378,0
              5.797574,50.894943,0
              5.797595,50.894986,0
              5.797621,50.895073,0
              5.797621,50.895088,0
              5.797634,50.89529,0
              5.797632,50.895459,0
              5.797617,50.895626,0
              5.797602,50.895675,0
              5.797569,50.895745,0
              5.797519,50.895813,0
              5.797499,50.895846,0
              5.797462,50.895918,0
              5.797402,50.896025,0
              5.797305,50.896204,0
              5.797129,50.896689,0
              5.797027,50.896945,0
              5.79692,50.897189,0
              5.796799,50.897387,0
              5.796716,50.89749,0
              5.796606,50.897659,0
              5.796578,50.897674,0
              5.796563,50.897697,0
              5.79882,50.897987,0
              5.800201,50.898144,0
              5.80052,50.89818,0
              5.800566,50.898091,0
              5.800612,50.897999,0
              5.800983,50.897267,0
              5.801032,50.897166,0
              5.801334,50.896595,0
              5.801488,50.896306,0
              5.801574,50.89638,0
              5.801748,50.896516,0
              5.802239,50.896875,0
              5.802453,50.897046,0
              5.802746,50.89731,0
              5.803001,50.897559,0
              5.803204,50.897749,0
              5.803424,50.897963,0
              5.803481,50.898037,0
              5.80348,50.898111,0
              5.803436,50.898188,0
              5.803177,50.898408,0
              5.803019,50.89855,0
              5.802888,50.898685,0
              5.802785,50.898821,0
              5.802725,50.898938,0
              5.802673,50.899092,0
              5.802617,50.899344,0
              5.802559,50.899568,0
              5.80252,50.899675,0
              5.802488,50.899758,0
              5.802437,50.899862,0
              5.80212,50.900508,0
              5.802079,50.900576,0
              5.802038,50.900627,0
              5.801972,50.900676,0
              5.80185,50.900744,0
              5.801713,50.900804,0
              5.801565,50.900859,0
              5.80144,50.900896,0
              5.801236,50.90094,0
              5.801033,50.900971,0
              5.800883,50.900985,0
              5.800645,50.900995,0
              5.80039,50.900996,0
              5.800377,50.900988,0
              5.799943,50.900986,0
              5.799322,50.901003,0
              5.79913,50.901008,0
              5.798817,50.901015,0
              5.798755,50.901012,0
              5.798692,50.901016,0
              5.798667,50.901015,0
              5.798688,50.901059,0
              5.798712,50.90111,0
              5.798754,50.90112,0
              5.798872,50.90116,0
              5.799016,50.901215,0
              5.799419,50.90138,0
              5.799634,50.901468,0
              5.800409,50.901786,0
              5.800604,50.901871,0
              5.801032,50.902077,0
              5.801173,50.902139,0
              5.801322,50.902192,0
              5.801556,50.902254,0
              5.801688,50.902285,0
              5.801692,50.902281,0
              5.801695,50.902277,0
              5.802227,50.902396,0
              5.802223,50.902399,0
              5.802257,50.902412,0
              5.799128,50.904946,0
              5.797867,50.906184,0
              5.797267,50.90679,0
              5.796557,50.907479,0
              5.797351,50.907807,0
              5.797291,50.907858,0
              5.79763,50.907929,0
              5.798002,50.908017,0
              5.798209,50.908068,0
              5.7993,50.90835,0
              5.799946,50.908505,0
              5.800684,50.908682,0
              5.800805,50.908707,0
              5.800981,50.90875,0
              5.801003,50.908755,0
              5.800838,50.909218,0
              5.800532,50.910048,0
              5.800454,50.910241,0
              5.800429,50.910374,0
              5.800469,50.910948,0
              5.800534,50.911447,0
              5.800591,50.91197,0
              5.800855,50.912416,0
              5.800928,50.912576,0
              5.800996,50.912572,0
              5.801072,50.912571,0
              5.801127,50.912573,0
              5.8012,50.91258,0
              5.801273,50.912587,0
              5.801337,50.912595,0
              5.801406,50.912606,0
              5.801453,50.91262,0
              5.801483,50.912632,0
              5.802003,50.913162,0
              5.802117,50.913314,0
              5.802152,50.91337,0
              5.802228,50.913501,0
              5.802299,50.913623,0
              5.802329,50.91367,0
              5.802393,50.913795,0
              5.802221,50.913891,0
              5.801962,50.914012,0
              5.801715,50.91413,0
            </coordinates>
          </LinearRing>
        </outerBoundaryIs>
      </Polygon>
    </Placemark>
    <Placemark>
      <name>Maastricht</name>
      <description><![CDATA[beschrijving: <br>@id: relation/2078291<br>admin_level: 8<br>authoritative: yes<br>boundary: administrative<br>name: Maastricht<br>name:li: Mestreech<br>name:nl: Maastricht<br>name:ru: Маастрихт<br>population: 122734<br>population:date: 2023-01-01<br>ref:gemeentecode: 0935<br>source:population: CBS<br>type: boundary<br>wikidata: Q1309<br>wikipedia: nl:Maastricht<br>name:de: Maastricht<br>name:fy: <br>name:la: Mosa Trajectum<br>name:zh-Hans: 马斯特里赫特<br>name:zh-Hant: 馬斯特里赫特<br>name:lt: Mastrichtas<br>old_name:de: <br>name:carnaval: <br>alt_name:la: Traiectum;Traiectum ad Mosam<br>alt_name:fr: Maestricht;Maastricht<br>alt_name:wa: Li Trai<br>name:ar: ماستريخت<br>name:en: Maastricht<br>name:eo: Mastriĥto<br>name:es: Maastricht<br>name:fr: Maëstricht<br>name:he: מאסטריכט<br>name:ja: マーストリヒト<br>name:ko: 마스트리흐트<br>name:mk: Мастрихт<br>name:ml: മാസ്ട്രിക്റ്റ്<br>name:nds: Maastricht<br>name:sr: Мастрихт<br>name:uk: Маастрихт<br>name:wa: Måstraik<br>name:zea: Maestricht<br>name:zh: 马斯特里赫特<br>old_name:es: Mastrique<br>@relations: ]]></description>
      <styleUrl>#poly-000000-1200-77</styleUrl>
      <ExtendedData>
        <Data name="beschrijving">
          <value/>
        </Data>
        <Data name="@id">
          <value>relation/2078291</value>
        </Data>
        <Data name="admin_level">
          <value>8</value>
        </Data>
        <Data name="authoritative">
          <value>yes</value>
        </Data>
        <Data name="boundary">
          <value>administrative</value>
        </Data>
        <Data name="name">
          <value>Maastricht</value>
        </Data>
        <Data name="name:li">
          <value>Mestreech</value>
        </Data>
        <Data name="name:nl">
          <value>Maastricht</value>
        </Data>
        <Data name="name:ru">
          <value>Маастрихт</value>
        </Data>
        <Data name="population">
          <value>122734</value>
        </Data>
        <Data name="population:date">
          <value>2023-01-01</value>
        </Data>
        <Data name="ref:gemeentecode">
          <value>0935</value>
        </Data>
        <Data name="source:population">
          <value>CBS</value>
        </Data>
        <Data name="type">
          <value>boundary</value>
        </Data>
        <Data name="wikidata">
          <value>Q1309</value>
        </Data>
        <Data name="wikipedia">
          <value>nl:Maastricht</value>
        </Data>
        <Data name="name:de">
          <value>Maastricht</value>
        </Data>
        <Data name="name:fy">
          <value/>
        </Data>
        <Data name="name:la">
          <value>Mosa Trajectum</value>
        </Data>
        <Data name="name:zh-Hans">
          <value>马斯特里赫特</value>
        </Data>
        <Data name="name:zh-Hant">
          <value>馬斯特里赫特</value>
        </Data>
        <Data name="name:lt">
          <value>Mastrichtas</value>
        </Data>
        <Data name="old_name:de">
          <value/>
        </Data>
        <Data name="name:carnaval">
          <value/>
        </Data>
        <Data name="alt_name:la">
          <value>Traiectum;Traiectum ad Mosam</value>
        </Data>
        <Data name="alt_name:fr">
          <value>Maestricht;Maastricht</value>
        </Data>
        <Data name="alt_name:wa">
          <value>Li Trai</value>
        </Data>
        <Data name="name:ar">
          <value>ماستريخت</value>
        </Data>
        <Data name="name:en">
          <value>Maastricht</value>
        </Data>
        <Data name="name:eo">
          <value>Mastriĥto</value>
        </Data>
        <Data name="name:es">
          <value>Maastricht</value>
        </Data>
        <Data name="name:fr">
          <value>Maëstricht</value>
        </Data>
        <Data name="name:he">
          <value>מאסטריכט</value>
        </Data>
        <Data name="name:ja">
          <value>マーストリヒト</value>
        </Data>
        <Data name="name:ko">
          <value>마스트리흐트</value>
        </Data>
        <Data name="name:mk">
          <value>Мастрихт</value>
        </Data>
        <Data name="name:ml">
          <value>മാസ്ട്രിക്റ്റ്</value>
        </Data>
        <Data name="name:nds">
          <value>Maastricht</value>
        </Data>
        <Data name="name:sr">
          <value>Мастрихт</value>
        </Data>
        <Data name="name:uk">
          <value>Маастрихт</value>
        </Data>
        <Data name="name:wa">
          <value>Måstraik</value>
        </Data>
        <Data name="name:zea">
          <value>Maestricht</value>
        </Data>
        <Data name="name:zh">
          <value>马斯特里赫特</value>
        </Data>
        <Data name="old_name:es">
          <value>Mastrique</value>
        </Data>
        <Data name="@relations">
          <value/>
        </Data>
      </ExtendedData>
      <Polygon>
        <outerBoundaryIs>
          <LinearRing>
            <tessellate>1</tessellate>
            <coordinates>
              5.755401,50.842618,0
              5.755494,50.842749,0
              5.755507,50.842768,0
              5.755527,50.842796,0
              5.75554,50.842815,0
              5.75604,50.843528,0
              5.756056,50.843549,0
              5.75607,50.843569,0
              5.757326,50.845357,0
              5.757297,50.84609,0
              5.757259,50.847036,0
              5.757375,50.847101,0
              5.757376,50.847106,0
              5.757577,50.848248,0
              5.757585,50.848292,0
              5.757588,50.84831,0
              5.757636,50.848583,0
              5.757637,50.84859,0
              5.757634,50.848633,0
              5.75762,50.848815,0
              5.757559,50.849588,0
              5.757518,50.850295,0
              5.757611,50.851002,0
              5.757607,50.851042,0
              5.757575,50.851379,0
              5.757547,50.851674,0
              5.757212,50.855218,0
              5.757244,50.855232,0
              5.75734,50.855291,0
              5.757204,50.855292,0
              5.755708,50.856018,0
              5.755038,50.856031,0
              5.754668,50.856037,0
              5.753569,50.856172,0
              5.753416,50.856191,0
              5.753372,50.8562,0
              5.75305,50.856264,0
              5.752993,50.856258,0
              5.751247,50.856675,0
              5.750015,50.856969,0
              5.749737,50.85706,0
              5.749339,50.857018,0
              5.749317,50.857081,0
              5.749287,50.85715,0
              5.749443,50.857205,0
              5.749477,50.857217,0
              5.750529,50.857591,0
              5.750555,50.8576,0
              5.751125,50.857807,0
              5.751129,50.857809,0
              5.751203,50.857837,0
              5.751258,50.857856,0
              5.752157,50.858203,0
              5.752943,50.85851,0
              5.752942,50.858516,0
              5.752879,50.859452,0
              5.753654,50.85974,0
              5.754215,50.860014,0
              5.754606,50.860211,0
              5.755221,50.86056,0
              5.756551,50.861198,0
              5.757437,50.86163,0
              5.757968,50.861878,0
              5.757974,50.861881,0
              5.758068,50.861956,0
              5.758522,50.862184,0
              5.758767,50.862376,0
              5.759016,50.862568,0
              5.759126,50.862632,0
              5.759183,50.862664,0
              5.75928,50.86271,0
              5.759358,50.862747,0
              5.759412,50.862772,0
              5.759505,50.862817,0
              5.759544,50.862835,0
              5.759626,50.862875,0
              5.75972,50.862912,0
              5.759728,50.862915,0
              5.759757,50.862926,0
              5.759974,50.863008,0
              5.759986,50.863012,0
              5.760071,50.863044,0
              5.76028,50.863123,0
              5.760435,50.863182,0
              5.760535,50.863219,0
              5.760732,50.863294,0
              5.760842,50.863331,0
              5.760931,50.863361,0
              5.761232,50.863464,0
              5.761701,50.86361,0
              5.761715,50.863614,0
              5.762225,50.863863,0
              5.762384,50.863954,0
              5.762638,50.864036,0
              5.762925,50.864138,0
              5.762894,50.86423,0
              5.762894,50.864232,0
              5.762876,50.864289,0
              5.762795,50.864541,0
              5.762676,50.864969,0
              5.76265,50.865052,0
              5.762625,50.865141,0
              5.762568,50.865372,0
              5.762557,50.865442,0
              5.762542,50.86562,0
              5.762548,50.865851,0
              5.76255,50.865933,0
              5.762552,50.866002,0
              5.762553,50.866143,0
              5.762565,50.866234,0
              5.762579,50.866304,0
              5.76266,50.86651,0
              5.762563,50.866538,0
              5.760172,50.866127,0
              5.75909,50.865972,0
              5.759027,50.866038,0
              5.759161,50.866096,0
              5.758658,50.866868,0
              5.758464,50.867164,0
              5.758253,50.867522,0
              5.757862,50.868154,0
              5.757858,50.86816,0
              5.757798,50.868218,0
              5.75699,50.869492,0
              5.756797,50.86946,0
              5.75613,50.870458,0
              5.755887,50.870803,0
              5.755651,50.871149,0
              5.755445,50.871491,0
              5.752396,50.870779,0
              5.752195,50.87106,0
              5.751008,50.870792,0
              5.750502,50.870677,0
              5.749477,50.870445,0
              5.749429,50.870434,0
              5.749243,50.870611,0
              5.749136,50.87074,0
              5.74896,50.870938,0
              5.74881,50.871118,0
              5.74877,50.871108,0
              5.746974,50.870701,0
              5.746564,50.871514,0
              5.746006,50.872268,0
              5.74436,50.871855,0
              5.744397,50.871805,0
              5.743648,50.871589,0
              5.743562,50.8717,0
              5.743011,50.871531,0
              5.742567,50.8714,0
              5.742354,50.87161,0
              5.742346,50.871826,0
              5.742363,50.871911,0
              5.742193,50.872212,0
              5.742162,50.872335,0
              5.742044,50.872481,0
              5.741979,50.872555,0
              5.741933,50.87262,0
              5.742033,50.872826,0
              5.74198,50.873013,0
              5.741889,50.873117,0
              5.739416,50.873098,0
              5.739387,50.873199,0
              5.739373,50.873309,0
              5.739345,50.873424,0
              5.739329,50.873506,0
              5.737584,50.873562,0
              5.737502,50.873475,0
              5.736767,50.873661,0
              5.736819,50.873758,0
              5.736814,50.873759,0
              5.736744,50.873777,0
              5.73526,50.874149,0
              5.735187,50.87417,0
              5.734864,50.874258,0
              5.734595,50.874351,0
              5.734457,50.874396,0
              5.734335,50.874433,0
              5.73338,50.874741,0
              5.733366,50.874746,0
              5.732911,50.875193,0
              5.733519,50.875905,0
              5.733667,50.876154,0
              5.733958,50.876598,0
              5.734198,50.877021,0
              5.734404,50.877451,0
              5.73458,50.877886,0
              5.734965,50.878865,0
              5.734913,50.879034,0
              5.734935,50.879088,0
              5.735168,50.879679,0
              5.735107,50.879947,0
              5.735152,50.879971,0
              5.73524,50.879905,0
              5.735328,50.879845,0
              5.735345,50.880056,0
              5.735367,50.880239,0
              5.735414,50.880398,0
              5.735454,50.880603,0
              5.735487,50.880692,0
              5.735636,50.880954,0
              5.735759,50.881199,0
              5.735822,50.881271,0
              5.735921,50.881372,0
              5.735995,50.881412,0
              5.736243,50.882046,0
              5.736043,50.882116,0
              5.735979,50.882136,0
              5.735678,50.882249,0
              5.734153,50.882761,0
              5.732515,50.882434,0
              5.731596,50.882853,0
              5.73148,50.882901,0
              5.732423,50.883503,0
              5.732463,50.88353,0
              5.73221,50.883567,0
              5.728888,50.884081,0
              5.727899,50.884224,0
              5.726631,50.884153,0
              5.726542,50.884148,0
              5.726498,50.884246,0
              5.726456,50.884347,0
              5.726412,50.884454,0
              5.726369,50.884542,0
              5.72634,50.884606,0
              5.726315,50.884678,0
              5.726286,50.884768,0
              5.726261,50.884835,0
              5.726212,50.88497,0
              5.726209,50.884992,0
              5.726194,50.885105,0
              5.726157,50.885207,0
              5.725889,50.885686,0
              5.725869,50.886093,0
              5.725898,50.88708,0
              5.725799,50.887348,0
              5.72563,50.887275,0
              5.725426,50.887274,0
              5.725462,50.887304,0
              5.725472,50.887328,0
              5.725457,50.887376,0
              5.725442,50.887417,0
              5.725408,50.887479,0
              5.725379,50.887534,0
              5.725349,50.887588,0
              5.725324,50.887643,0
              5.72531,50.8877,0
              5.725306,50.887757,0
              5.725304,50.887811,0
              5.725322,50.88791,0
              5.725342,50.888005,0
              5.72538,50.888118,0
              5.725395,50.888189,0
              5.725443,50.888298,0
              5.725479,50.8884,0
              5.725559,50.888574,0
              5.725618,50.88869,0
              5.725651,50.888768,0
              5.725684,50.888841,0
              5.725735,50.888951,0
              5.725781,50.889045,0
              5.725796,50.889094,0
              5.725819,50.889159,0
              5.725822,50.889194,0
              5.725828,50.889232,0
              5.725824,50.889248,0
              5.725767,50.889352,0
              5.725708,50.88945,0
              5.725654,50.889558,0
              5.725589,50.889682,0
              5.725542,50.889773,0
              5.725474,50.889892,0
              5.725434,50.889965,0
              5.725385,50.890057,0
              5.725348,50.890137,0
              5.725321,50.890181,0
              5.72527,50.890261,0
              5.725226,50.890309,0
              5.725194,50.890339,0
              5.72517,50.890426,0
              5.725157,50.890511,0
              5.72515,50.890553,0
              5.72515,50.890607,0
              5.725146,50.89064,0
              5.725156,50.890714,0
              5.725166,50.89079,0
              5.725188,50.890844,0
              5.725209,50.89088,0
              5.725242,50.890945,0
              5.725277,50.890988,0
              5.725321,50.891037,0
              5.72541,50.891118,0
              5.725432,50.891134,0
              5.725529,50.891216,0
              5.72559,50.891267,0
              5.725508,50.89131,0
              5.72529,50.891424,0
              5.72504,50.891553,0
              5.724721,50.891721,0
              5.724591,50.891791,0
              5.724469,50.891857,0
              5.724377,50.891912,0
              5.724306,50.891966,0
              5.724236,50.892031,0
              5.724216,50.892058,0
              5.724188,50.892094,0
              5.724137,50.892177,0
              5.72406,50.892312,0
              5.724025,50.892377,0
              5.724014,50.892399,0
              5.724052,50.892428,0
              5.724036,50.892465,0
              5.72402,50.892495,0
              5.723994,50.892551,0
              5.723926,50.892679,0
              5.723872,50.892784,0
              5.723755,50.89301,0
              5.723668,50.893165,0
              5.723638,50.893227,0
              5.723629,50.893243,0
              5.723605,50.893291,0
              5.723598,50.893315,0
              5.723564,50.893421,0
              5.723559,50.89343,0
              5.723543,50.893462,0
              5.723537,50.893497,0
              5.723546,50.893574,0
              5.723557,50.893715,0
              5.723523,50.89376,0
              5.723432,50.893878,0
              5.723387,50.893951,0
              5.723336,50.89404,0
              5.723327,50.894085,0
              5.723337,50.89415,0
              5.723412,50.894389,0
              5.723467,50.894562,0
              5.722981,50.894808,0
              5.722822,50.895003,0
              5.722682,50.895105,0
              5.722516,50.895201,0
              5.722495,50.89521,0
              5.722343,50.895264,0
              5.721783,50.895475,0
              5.721577,50.895578,0
              5.721456,50.895637,0
              5.721377,50.895691,0
              5.721311,50.895751,0
              5.721309,50.895751,0
              5.721267,50.895816,0
              5.721321,50.895844,0
              5.72118,50.895891,0
              5.720532,50.896105,0
              5.719942,50.896299,0
              5.719817,50.89634,0
              5.719031,50.8966,0
              5.718308,50.896837,0
              5.718037,50.896927,0
              5.718169,50.897091,0
              5.718475,50.897469,0
              5.718751,50.897812,0
              5.718808,50.897931,0
              5.719404,50.898684,0
              5.719772,50.899143,0
              5.719842,50.899228,0
              5.719797,50.899256,0
              5.719506,50.899434,0
              5.719097,50.899612,0
              5.718875,50.899758,0
              5.718271,50.900157,0
              5.717755,50.900359,0
              5.717716,50.900381,0
              5.717633,50.90043,0
              5.717463,50.900523,0
              5.717384,50.900588,0
              5.717243,50.900694,0
              5.717149,50.900751,0
              5.71703,50.900802,0
              5.716503,50.900999,0
              5.716384,50.901057,0
              5.716124,50.901182,0
              5.716095,50.901199,0
              5.715926,50.901307,0
              5.715809,50.901367,0
              5.715623,50.901417,0
              5.715341,50.901564,0
              5.714976,50.901661,0
              5.714629,50.9018,0
              5.714381,50.901825,0
              5.714146,50.90188,0
              5.714144,50.901881,0
              5.713993,50.901914,0
              5.713862,50.901934,0
              5.713667,50.901962,0
              5.71352,50.901985,0
              5.713368,50.902016,0
              5.713167,50.90209,0
              5.713003,50.902152,0
              5.712959,50.902239,0
              5.7129,50.902354,0
              5.712872,50.902398,0
              5.712833,50.902439,0
              5.712796,50.902472,0
              5.71264,50.902672,0
              5.712617,50.902748,0
              5.712588,50.902864,0
              5.712537,50.903013,0
              5.712482,50.903166,0
              5.712483,50.903204,0
              5.712504,50.903278,0
              5.712526,50.903346,0
              5.712554,50.903405,0
              5.712617,50.903538,0
              5.712678,50.903696,0
              5.71272,50.903801,0
              5.71276,50.903875,0
              5.7128,50.903933,0
              5.712784,50.903945,0
              5.712774,50.903981,0
              5.712774,50.904044,0
              5.712789,50.904069,0
              5.712817,50.904103,0
              5.712809,50.904132,0
              5.712794,50.90419,0
              5.712779,50.904254,0
              5.712704,50.904352,0
              5.712663,50.904405,0
              5.712663,50.904456,0
              5.712607,50.904505,0
              5.712589,50.904536,0
              5.712517,50.904653,0
              5.712505,50.904765,0
              5.712489,50.904896,0
              5.712491,50.904976,0
              5.712501,50.905012,0
              5.712524,50.905024,0
              5.71253,50.905039,0
              5.712505,50.905174,0
              5.712482,50.905192,0
              5.712475,50.905202,0
              5.712507,50.905309,0
              5.712538,50.905409,0
              5.712563,50.905497,0
              5.71262,50.905617,0
              5.712652,50.905675,0
              5.71269,50.905733,0
              5.712723,50.905794,0
              5.712744,50.905838,0
              5.712783,50.90589,0
              5.712823,50.905932,0
              5.712852,50.905964,0
              5.712932,50.906104,0
              5.713022,50.906256,0
              5.713095,50.90634,0
              5.713214,50.906464,0
              5.713272,50.906517,0
              5.713412,50.906628,0
              5.713454,50.90666,0
              5.713621,50.906731,0
              5.713738,50.906777,0
              5.713894,50.906792,0
              5.714099,50.90681,0
              5.714183,50.906799,0
              5.714349,50.906788,0
              5.714618,50.906856,0
              5.714262,50.906955,0
              5.714445,50.907322,0
              5.714944,50.907183,0
              5.714977,50.907195,0
              5.715003,50.90721,0
              5.715036,50.907244,0
              5.71504,50.907264,0
              5.715045,50.907291,0
              5.715032,50.907312,0
              5.715029,50.907314,0
              5.714997,50.907364,0
              5.71498,50.907384,0
              5.71496,50.907406,0
              5.714951,50.907433,0
              5.714946,50.907454,0
              5.714952,50.907474,0
              5.714974,50.90749,0
              5.714999,50.907504,0
              5.715015,50.907509,0
              5.715046,50.907513,0
              5.715471,50.907497,0
              5.715828,50.907485,0
              5.715851,50.907484,0
              5.716367,50.907465,0
              5.716912,50.907502,0
              5.717232,50.907557,0
              5.717255,50.907599,0
              5.717287,50.907656,0
              5.717251,50.907659,0
              5.71639,50.907855,0
              5.714767,50.908274,0
              5.714854,50.908458,0
              5.714677,50.908493,0
              5.713598,50.909144,0
              5.712444,50.909717,0
              5.711591,50.910299,0
              5.71056,50.91105,0
              5.70927,50.911593,0
              5.707901,50.911846,0
              5.706428,50.912003,0
              5.704869,50.911938,0
              5.703418,50.911714,0
              5.7022,50.911355,0
              5.700956,50.910987,0
              5.699465,50.910762,0
              5.698264,50.910155,0
              5.697377,50.909479,0
              5.696535,50.90861,0
              5.696255,50.907713,0
              5.696336,50.906782,0
              5.695782,50.905803,0
              5.696541,50.905,0
              5.696568,50.90497,0
              5.696834,50.90406,0
              5.696736,50.903176,0
              5.697181,50.902262,0
              5.697149,50.901915,0
              5.697091,50.901293,0
              5.696872,50.900393,0
              5.696295,50.899548,0
              5.696274,50.89914,0
              5.696246,50.898596,0
              5.695744,50.897745,0
              5.695072,50.896945,0
              5.6947,50.896481,0
              5.694416,50.896126,0
              5.693702,50.895354,0
              5.693139,50.894509,0
              5.692342,50.893708,0
              5.691257,50.893118,0
              5.689951,50.892663,0
              5.688797,50.892156,0
              5.687645,50.891785,0
              5.687421,50.891713,0
              5.686344,50.891193,0
              5.685285,50.890604,0
              5.684439,50.889854,0
              5.683587,50.889155,0
              5.682516,50.888524,0
              5.681894,50.887666,0
              5.681286,50.886801,0
              5.680744,50.885974,0
              5.680148,50.885159,0
              5.679669,50.884373,0
              5.679106,50.883469,0
              5.678895,50.882563,0
              5.67895,50.881636,0
              5.67927,50.880709,0
              5.67935,50.880489,0
              5.678887,50.880499,0
              5.678756,50.880501,0
              5.678537,50.880506,0
              5.678462,50.880508,0
              5.67836,50.88051,0
              5.678192,50.880513,0
              5.67799,50.880517,0
              5.677965,50.880518,0
              5.677822,50.880524,0
              5.677749,50.880529,0
              5.677746,50.880487,0
              5.677671,50.880491,0
              5.677638,50.880493,0
              5.676873,50.880532,0
              5.67675,50.880538,0
              5.676406,50.880878,0
              5.67638,50.880879,0
              5.675741,50.880914,0
              5.675628,50.88092,0
              5.67558,50.880922,0
              5.675418,50.880931,0
              5.67512,50.880947,0
              5.674865,50.880961,0
              5.674235,50.880995,0
              5.673997,50.881007,0
              5.673645,50.881026,0
              5.673528,50.881032,0
              5.673316,50.881044,0
              5.673258,50.881046,0
              5.673125,50.881053,0
              5.673096,50.881054,0
              5.673064,50.881056,0
              5.671976,50.881111,0
              5.671973,50.881112,0
              5.671702,50.881187,0
              5.671417,50.881266,0
              5.671316,50.881297,0
              5.669638,50.88182,0
              5.669631,50.881822,0
              5.669575,50.881764,0
              5.669503,50.88169,0
              5.669409,50.881592,0
              5.669295,50.881474,0
              5.669258,50.881436,0
              5.669243,50.88142,0
              5.669101,50.881259,0
              5.669087,50.881243,0
              5.669047,50.881215,0
              5.668928,50.881131,0
              5.668911,50.881119,0
              5.668825,50.881069,0
              5.668814,50.881063,0
              5.668736,50.881015,0
              5.668612,50.880938,0
              5.668598,50.880929,0
              5.668516,50.880887,0
              5.668498,50.880877,0
              5.668272,50.88076,0
              5.668271,50.88076,0
              5.667688,50.880462,0
              5.667625,50.88043,0
              5.667602,50.88042,0
              5.667353,50.880314,0
              5.667332,50.880307,0
              5.666925,50.880159,0
              5.666916,50.880155,0
              5.666856,50.880128,0
              5.666812,50.880109,0
              5.666775,50.880092,0
              5.666744,50.88008,0
              5.666743,50.880079,0
              5.666433,50.879951,0
              5.66643,50.87995,0
              5.666155,50.879844,0
              5.666034,50.8798,0
              5.666025,50.879797,0
              5.66569,50.879689,0
              5.66567,50.879683,0
              5.66536,50.87958,0
              5.665338,50.879573,0
              5.665043,50.879475,0
              5.664998,50.879461,0
              5.664792,50.879399,0
              5.664776,50.879394,0
              5.664626,50.879339,0
              5.664619,50.879336,0
              5.6643,50.87919,0
              5.66428,50.87918,0
              5.663917,50.879019,0
              5.663647,50.878976,0
              5.663639,50.878975,0
              5.662907,50.878859,0
              5.661678,50.878665,0
              5.661544,50.8782,0
              5.660712,50.877755,0
              5.660685,50.87774,0
              5.660658,50.877726,0
              5.661007,50.877405,0
              5.660985,50.877394,0
              5.660984,50.877393,0
              5.659597,50.876693,0
              5.658596,50.876185,0
              5.657907,50.876662,0
              5.657282,50.876313,0
              5.656996,50.876547,0
              5.656702,50.876376,0
              5.656442,50.876569,0
              5.655767,50.875963,0
              5.655626,50.875837,0
              5.655618,50.87583,0
              5.654995,50.87527,0
              5.65448,50.874807,0
              5.654465,50.874794,0
              5.654066,50.874503,0
              5.653367,50.874001,0
              5.653336,50.873979,0
              5.652338,50.874532,0
              5.651323,50.875092,0
              5.651306,50.87508,0
              5.650322,50.874456,0
              5.649632,50.874015,0
              5.649624,50.87401,0
              5.649406,50.873871,0
              5.648566,50.873338,0
              5.648546,50.873325,0
              5.647888,50.873708,0
              5.647082,50.873173,0
              5.647067,50.873163,0
              5.646935,50.873077,0
              5.646848,50.873127,0
              5.645924,50.872518,0
              5.645873,50.872484,0
              5.645527,50.872255,0
              5.645142,50.872,0
              5.644184,50.871366,0
              5.644159,50.87135,0
              5.644504,50.871196,0
              5.645522,50.870722,0
              5.645653,50.87064,0
              5.646138,50.87028,0
              5.646835,50.869792,0
              5.647366,50.869391,0
              5.647634,50.869177,0
              5.647788,50.869074,0
              5.647962,50.86899,0
              5.648756,50.868751,0
              5.649033,50.86866,0
              5.649472,50.868344,0
              5.649457,50.868336,0
              5.649106,50.868148,0
              5.648846,50.867947,0
              5.648694,50.867838,0
              5.648437,50.867656,0
              5.648006,50.867384,0
              5.647299,50.866931,0
              5.647201,50.866884,0
              5.646572,50.866585,0
              5.645921,50.866292,0
              5.645432,50.866094,0
              5.644896,50.865858,0
              5.644091,50.865439,0
              5.643263,50.864985,0
              5.642446,50.864559,0
              5.641665,50.864162,0
              5.642578,50.863647,0
              5.643277,50.863307,0
              5.643444,50.863226,0
              5.644005,50.86292,0
              5.643998,50.862916,0
              5.643972,50.862902,0
              5.643506,50.862527,0
              5.643143,50.862236,0
              5.643306,50.862157,0
              5.643032,50.861968,0
              5.643066,50.861938,0
              5.642889,50.861818,0
              5.642719,50.861704,0
              5.642716,50.861702,0
              5.6425,50.861556,0
              5.642498,50.861555,0
              5.642279,50.861408,0
              5.642311,50.861387,0
              5.643554,50.860526,0
              5.643602,50.860493,0
              5.643616,50.860483,0
              5.642987,50.860114,0
              5.642963,50.8601,0
              5.642869,50.860044,0
              5.642863,50.86004,0
              5.642307,50.859716,0
              5.641967,50.859516,0
              5.642088,50.859428,0
              5.641907,50.859331,0
              5.641802,50.859248,0
              5.642705,50.859072,0
              5.643791,50.858878,0
              5.64372,50.858833,0
              5.643666,50.858798,0
              5.643646,50.858786,0
              5.64312,50.858444,0
              5.642955,50.858343,0
              5.642559,50.858098,0
              5.642208,50.857873,0
              5.641867,50.857666,0
              5.641686,50.857555,0
              5.643514,50.856784,0
              5.642732,50.856024,0
              5.642262,50.855598,0
              5.641922,50.855245,0
              5.641287,50.854516,0
              5.640934,50.854216,0
              5.640335,50.853741,0
              5.640326,50.853725,0
              5.640451,50.85361,0
              5.640901,50.853249,0
              5.641271,50.852901,0
              5.641552,50.852669,0
              5.641695,50.852542,0
              5.641785,50.852395,0
              5.641772,50.852268,0
              5.641749,50.85217,0
              5.641791,50.851967,0
              5.641836,50.8518,0
              5.641884,50.851161,0
              5.642155,50.850808,0
              5.642529,50.850308,0
              5.642708,50.85008,0
              5.642035,50.849896,0
              5.642028,50.849894,0
              5.641776,50.849824,0
              5.641516,50.849752,0
              5.640986,50.8496,0
              5.640808,50.849549,0
              5.640287,50.849466,0
              5.640752,50.847749,0
              5.640753,50.847746,0
              5.640766,50.847697,0
              5.64021,50.847699,0
              5.639713,50.847694,0
              5.638866,50.847674,0
              5.638874,50.847643,0
              5.639204,50.846393,0
              5.639219,50.846334,0
              5.63917,50.846314,0
              5.639555,50.845941,0
              5.639856,50.84558,0
              5.640124,50.845261,0
              5.640458,50.844843,0
              5.640759,50.844528,0
              5.642254,50.843128,0
              5.642294,50.843091,0
              5.641843,50.843008,0
              5.641496,50.842939,0
              5.64124,50.842893,0
              5.641218,50.842892,0
              5.641225,50.842886,0
              5.641998,50.842186,0
              5.642793,50.841467,0
              5.641854,50.840793,0
              5.642597,50.84048,0
              5.642976,50.840318,0
              5.643117,50.840258,0
              5.643258,50.840197,0
              5.643424,50.840126,0
              5.64344,50.840119,0
              5.64369,50.84001,0
              5.643808,50.839958,0
              5.643924,50.839908,0
              5.644031,50.839861,0
              5.644042,50.839857,0
              5.644167,50.839813,0
              5.644329,50.839755,0
              5.644492,50.839698,0
              5.644653,50.83964,0
              5.644814,50.839583,0
              5.645346,50.839395,0
              5.645182,50.839246,0
              5.645042,50.839119,0
              5.64473,50.838835,0
              5.644602,50.838719,0
              5.644596,50.838713,0
              5.64452,50.838645,0
              5.644369,50.83851,0
              5.644225,50.83838,0
              5.644173,50.838333,0
              5.644074,50.838244,0
              5.643927,50.838112,0
              5.643732,50.837936,0
              5.645244,50.837186,0
              5.645396,50.837108,0
              5.645553,50.83703,0
              5.646039,50.836764,0
              5.646767,50.836381,0
              5.647419,50.835932,0
              5.647212,50.835826,0
              5.647863,50.83514,0
              5.647955,50.835007,0
              5.648052,50.834687,0
              5.648122,50.83424,0
              5.648224,50.83351,0
              5.648274,50.833292,0
              5.648277,50.83328,0
              5.648334,50.833218,0
              5.649162,50.833554,0
              5.650034,50.833892,0
              5.650078,50.833833,0
              5.650805,50.832948,0
              5.650932,50.832768,0
              5.650943,50.832718,0
              5.651174,50.832338,0
              5.651382,50.831992,0
              5.651372,50.831977,0
              5.65136,50.831831,0
              5.651174,50.831261,0
              5.651092,50.830972,0
              5.650911,50.830752,0
              5.65042,50.830136,0
              5.650295,50.829953,0
              5.650297,50.829411,0
              5.650327,50.829166,0
              5.650306,50.829112,0
              5.649983,50.828345,0
              5.649507,50.827838,0
              5.649456,50.827757,0
              5.649177,50.827374,0
              5.64897,50.827039,0
              5.6489,50.826978,0
              5.648872,50.82694,0
              5.648848,50.826906,0
              5.64884,50.826878,0
              5.648839,50.826848,0
              5.648841,50.82681,0
              5.648862,50.826754,0
              5.648896,50.826703,0
              5.648973,50.826628,0
              5.649108,50.8265,0
              5.649147,50.826469,0
              5.649204,50.826422,0
              5.649275,50.826361,0
              5.649309,50.826375,0
              5.6503,50.826797,0
              5.650996,50.827094,0
              5.651378,50.827267,0
              5.651855,50.827508,0
              5.65187,50.827493,0
              5.651878,50.827484,0
              5.653021,50.826532,0
              5.653034,50.826523,0
              5.653501,50.826202,0
              5.653535,50.826177,0
              5.653578,50.826147,0
              5.653801,50.825988,0
              5.65381,50.825982,0
              5.653934,50.825894,0
              5.653943,50.825887,0
              5.65411,50.825769,0
              5.654264,50.82566,0
              5.654388,50.825572,0
              5.654411,50.825556,0
              5.654498,50.825494,0
              5.654578,50.825436,0
              5.654642,50.825391,0
              5.654647,50.825387,0
              5.654897,50.825207,0
              5.655006,50.825128,0
              5.655094,50.825064,0
              5.655095,50.825063,0
              5.655158,50.82502,0
              5.655197,50.824992,0
              5.655222,50.824974,0
              5.655228,50.82497,0
              5.655289,50.824926,0
              5.655705,50.824627,0
              5.655706,50.824626,0
              5.655917,50.824477,0
              5.655921,50.824474,0
              5.65607,50.824364,0
              5.656074,50.824361,0
              5.656178,50.82429,0
              5.655506,50.823796,0
              5.655747,50.823634,0
              5.655819,50.823586,0
              5.65608,50.823411,0
              5.656456,50.823158,0
              5.656244,50.822964,0
              5.656244,50.822963,0
              5.656202,50.822918,0
              5.655983,50.822713,0
              5.655969,50.822694,0
              5.655967,50.822692,0
              5.655865,50.822586,0
              5.655856,50.822576,0
              5.655692,50.822404,0
              5.655454,50.82215,0
              5.655445,50.822143,0
              5.655431,50.82213,0
              5.655318,50.822021,0
              5.655005,50.821766,0
              5.654985,50.821749,0
              5.654779,50.821592,0
              5.654339,50.821269,0
              5.654498,50.821199,0
              5.654798,50.821089,0
              5.655147,50.820972,0
              5.655165,50.820966,0
              5.655233,50.820936,0
              5.654868,50.820719,0
              5.654693,50.820619,0
              5.654616,50.820579,0
              5.654276,50.820308,0
              5.654135,50.820175,0
              5.654037,50.820124,0
              5.653991,50.820082,0
              5.654038,50.820058,0
              5.654109,50.82002,0
              5.65418,50.819974,0
              5.654587,50.819829,0
              5.654749,50.819791,0
              5.654979,50.819709,0
              5.655046,50.819685,0
              5.655384,50.819557,0
              5.655473,50.819525,0
              5.655668,50.819425,0
              5.655678,50.81942,0
              5.655728,50.819394,0
              5.655857,50.819363,0
              5.655863,50.819361,0
              5.655876,50.819361,0
              5.65608,50.819354,0
              5.65625,50.819349,0
              5.656267,50.819346,0
              5.656965,50.819235,0
              5.657229,50.819158,0
              5.6574,50.819108,0
              5.657426,50.8191,0
              5.657548,50.819058,0
              5.657598,50.819041,0
              5.658502,50.818683,0
              5.658617,50.818637,0
              5.65901,50.818482,0
              5.659778,50.818429,0
              5.660089,50.81841,0
              5.660372,50.818395,0
              5.660723,50.818365,0
              5.661004,50.818352,0
              5.661348,50.818324,0
              5.66151,50.818308,0
              5.661793,50.818281,0
              5.662021,50.818259,0
              5.662644,50.818181,0
              5.662875,50.818132,0
              5.663184,50.818066,0
              5.663241,50.818041,0
              5.66373,50.817812,0
              5.663805,50.817721,0
              5.663918,50.817561,0
              5.664078,50.817394,0
              5.664243,50.817218,0
              5.664272,50.817187,0
              5.665192,50.817038,0
              5.66529,50.817167,0
              5.665324,50.817224,0
              5.665493,50.81718,0
              5.665535,50.817232,0
              5.665989,50.817218,0
              5.665994,50.817269,0
              5.666561,50.817273,0
              5.666692,50.817259,0
              5.666727,50.817255,0
              5.666495,50.817044,0
              5.666373,50.816949,0
              5.666394,50.81683,0
              5.666678,50.816758,0
              5.66693,50.816688,0
              5.667288,50.816608,0
              5.667648,50.816544,0
              5.667698,50.816543,0
              5.667941,50.816778,0
              5.667961,50.816848,0
              5.668,50.817363,0
              5.668002,50.817516,0
              5.668076,50.817737,0
              5.66815,50.817733,0
              5.668377,50.817732,0
              5.668458,50.81773,0
              5.668569,50.817733,0
              5.668633,50.817735,0
              5.668878,50.817741,0
              5.669071,50.817759,0
              5.669444,50.817848,0
              5.669454,50.81785,0
              5.669583,50.817656,0
              5.669688,50.817591,0
              5.669812,50.817434,0
              5.669906,50.817371,0
              5.669899,50.817355,0
              5.669749,50.817276,0
              5.669672,50.817246,0
              5.669896,50.817248,0
              5.670425,50.817145,0
              5.670423,50.817085,0
              5.670863,50.817059,0
              5.672499,50.816961,0
              5.67252,50.81696,0
              5.672659,50.816951,0
              5.672751,50.816946,0
              5.672787,50.816801,0
              5.672792,50.816781,0
              5.672795,50.816767,0
              5.672824,50.816662,0
              5.672834,50.816626,0
              5.67293,50.816303,0
              5.673137,50.816034,0
              5.673142,50.816027,0
              5.673173,50.815996,0
              5.673637,50.816073,0
              5.673969,50.816114,0
              5.674148,50.816116,0
              5.674637,50.816172,0
              5.674668,50.816178,0
              5.674751,50.816192,0
              5.675422,50.816237,0
              5.677497,50.816404,0
              5.677505,50.816404,0
              5.677958,50.816442,0
              5.678283,50.816468,0
              5.678392,50.815789,0
              5.67842,50.815614,0
              5.678375,50.815605,0
              5.678456,50.815066,0
              5.678489,50.815051,0
              5.678565,50.815018,0
              5.678958,50.814844,0
              5.679069,50.814834,0
              5.679297,50.814795,0
              5.679399,50.814745,0
              5.67942,50.814711,0
              5.67962,50.814109,0
              5.679629,50.813796,0
              5.679631,50.813771,0
              5.679661,50.813623,0
              5.67964,50.813594,0
              5.679589,50.813565,0
              5.679631,50.813441,0
              5.679643,50.813417,0
              5.679653,50.813375,0
              5.67972,50.8131,0
              5.679902,50.812695,0
              5.68004,50.812495,0
              5.68024,50.812311,0
              5.680405,50.812173,0
              5.680409,50.812168,0
              5.680532,50.812058,0
              5.680602,50.812032,0
              5.680752,50.812038,0
              5.680822,50.81204,0
              5.681244,50.812131,0
              5.681552,50.812113,0
              5.681681,50.812139,0
              5.681806,50.812187,0
              5.681936,50.812238,0
              5.682098,50.812341,0
              5.682215,50.81242,0
              5.682417,50.812661,0
              5.682558,50.812838,0
              5.682821,50.813041,0
              5.682922,50.813125,0
              5.683092,50.813202,0
              5.683197,50.813236,0
              5.683284,50.81326,0
              5.683582,50.813318,0
              5.684197,50.813406,0
              5.68436,50.81342,0
              5.684336,50.813342,0
              5.684324,50.813319,0
              5.684292,50.813289,0
              5.684264,50.813154,0
              5.684271,50.81309,0
              5.684521,50.812829,0
              5.684569,50.812822,0
              5.68484,50.81275,0
              5.684891,50.812736,0
              5.685196,50.812654,0
              5.685336,50.812628,0
              5.685658,50.812556,0
              5.685926,50.812492,0
              5.685994,50.812224,0
              5.686222,50.812251,0
              5.686546,50.812276,0
              5.686668,50.812306,0
              5.686919,50.812314,0
              5.686886,50.81207,0
              5.687585,50.811967,0
              5.687877,50.811923,0
              5.688615,50.81187,0
              5.688774,50.811627,0
              5.689001,50.811667,0
              5.689054,50.811676,0
              5.689127,50.811687,0
              5.689182,50.811696,0
              5.689284,50.811712,0
              5.689488,50.811743,0
              5.689585,50.811757,0
              5.689655,50.811768,0
              5.689758,50.811782,0
              5.689931,50.811806,0
              5.690032,50.81182,0
              5.69017,50.811839,0
              5.69023,50.811847,0
              5.691158,50.811841,0
              5.69117,50.811841,0
              5.69167,50.812117,0
              5.69168,50.812122,0
              5.692232,50.811968,0
              5.692359,50.811933,0
              5.693818,50.811527,0
              5.693817,50.811527,0
              5.693856,50.811516,0
              5.693851,50.811384,0
              5.693817,50.81045,0
              5.695158,50.8095,0
              5.696503,50.808546,0
              5.697133,50.808544,0
              5.697537,50.808543,0
              5.697808,50.808542,0
              5.705752,50.808519,0
              5.706825,50.808516,0
              5.707351,50.808514,0
              5.709164,50.808314,0
              5.709329,50.808296,0
              5.709359,50.808293,0
              5.709492,50.808278,0
              5.70945,50.808105,0
              5.709398,50.80788,0
              5.709342,50.807646,0
              5.70931,50.807505,0
              5.709297,50.807451,0
              5.709293,50.807435,0
              5.709286,50.807407,0
              5.70927,50.80734,0
              5.709263,50.807299,0
              5.709208,50.807105,0
              5.709171,50.806965,0
              5.709098,50.806708,0
              5.709098,50.806707,0
              5.709061,50.806576,0
              5.708902,50.806014,0
              5.708893,50.80598,0
              5.70884,50.805794,0
              5.708769,50.805571,0
              5.708691,50.805352,0
              5.708688,50.805344,0
              5.708622,50.805163,0
              5.70859,50.805078,0
              5.708529,50.804911,0
              5.70905,50.80485,0
              5.70997,50.804743,0
              5.709914,50.804534,0
              5.709905,50.804498,0
              5.709895,50.80446,0
              5.709824,50.804191,0
              5.711071,50.80406,0
              5.711082,50.804146,0
              5.711086,50.804174,0
              5.711096,50.804255,0
              5.712537,50.804127,0
              5.714324,50.80396,0
              5.714352,50.803958,0
              5.714377,50.803958,0
              5.714381,50.803957,0
              5.714434,50.803955,0
              5.714463,50.803954,0
              5.714452,50.80385,0
              5.716747,50.803809,0
              5.716944,50.803805,0
              5.716945,50.803833,0
              5.716946,50.80387,0
              5.71696,50.804328,0
              5.716961,50.804368,0
              5.716962,50.804401,0
              5.716969,50.80464,0
              5.716973,50.804767,0
              5.716985,50.80517,0
              5.716988,50.805267,0
              5.717012,50.806049,0
              5.717012,50.806061,0
              5.717015,50.806105,0
              5.71704,50.806113,0
              5.71704,50.80612,0
              5.717076,50.807103,0
              5.717082,50.807303,0
              5.717083,50.80731,0
              5.717097,50.807772,0
              5.717125,50.808652,0
              5.717127,50.808657,0
              5.717148,50.809153,0
              5.717167,50.80974,0
              5.717171,50.809867,0
              5.717187,50.810383,0
              5.717188,50.810433,0
              5.717148,50.810434,0
              5.717148,50.810485,0
              5.717189,50.810485,0
              5.717202,50.810849,0
              5.71714,50.810856,0
              5.71714,50.810915,0
              5.717141,50.81095,0
              5.717162,50.811148,0
              5.717163,50.811212,0
              5.717164,50.811258,0
              5.71718,50.811709,0
              5.717194,50.811749,0
              5.717197,50.811854,0
              5.717201,50.811957,0
              5.717202,50.811978,0
              5.717242,50.812809,0
              5.717242,50.812812,0
              5.717251,50.813032,0
              5.717251,50.813034,0
              5.717282,50.81392,0
              5.717284,50.81396,0
              5.717287,50.814024,0
              5.717296,50.81427,0
              5.717312,50.814501,0
              5.718512,50.814415,0
              5.718683,50.814403,0
              5.71876,50.814222,0
              5.718819,50.814084,0
              5.718985,50.81411,0
              5.719827,50.81424,0
              5.720306,50.8143,0
              5.72044,50.81431,0
              5.720471,50.814309,0
              5.720503,50.8143,0
              5.720584,50.81425,0
              5.720743,50.814484,0
              5.72086,50.814514,0
              5.72093,50.814539,0
              5.721038,50.814582,0
              5.721209,50.814643,0
              5.721311,50.814677,0
              5.721347,50.814687,0
              5.72138,50.814694,0
              5.722192,50.814837,0
              5.722224,50.814843,0
              5.722287,50.814854,0
              5.722372,50.814859,0
              5.722534,50.814864,0
              5.722622,50.81487,0
              5.722726,50.814881,0
              5.722875,50.81491,0
              5.723198,50.814729,0
              5.723308,50.814798,0
              5.723746,50.814914,0
              5.723786,50.814925,0
              5.724661,50.815177,0
              5.724839,50.815275,0
              5.725615,50.815561,0
              5.725564,50.815434,0
              5.725595,50.815416,0
              5.725663,50.815472,0
              5.725853,50.815639,0
              5.726225,50.815847,0
              5.726235,50.815851,0
              5.726267,50.815883,0
              5.726859,50.816208,0
              5.727123,50.816359,0
              5.727279,50.816449,0
              5.727533,50.816613,0
              5.727601,50.816657,0
              5.727869,50.816832,0
              5.727961,50.816891,0
              5.72805,50.816949,0
              5.728283,50.817282,0
              5.728733,50.817925,0
              5.729739,50.818217,0
              5.729848,50.818249,0
              5.729963,50.818282,0
              5.730096,50.818321,0
              5.730562,50.818456,0
              5.730638,50.818479,0
              5.731161,50.818631,0
              5.731731,50.818796,0
              5.731767,50.818807,0
              5.732151,50.818918,0
              5.732596,50.819048,0
              5.733282,50.819191,0
              5.733522,50.819241,0
              5.733715,50.819281,0
              5.733732,50.819285,0
              5.73374,50.819286,0
              5.734046,50.81935,0
              5.734219,50.819386,0
              5.735006,50.81955,0
              5.735722,50.8197,0
              5.73586,50.819728,0
              5.736108,50.81978,0
              5.736585,50.81988,0
              5.736649,50.819893,0
              5.736721,50.819908,0
              5.736898,50.819945,0
              5.737422,50.820054,0
              5.737442,50.820058,0
              5.738244,50.820225,0
              5.738744,50.82033,0
              5.738788,50.820339,0
              5.738814,50.820344,0
              5.738884,50.820359,0
              5.739021,50.820388,0
              5.739261,50.820438,0
              5.739292,50.820444,0
              5.739458,50.820479,0
              5.739928,50.820578,0
              5.739969,50.820586,0
              5.740053,50.820604,0
              5.74079,50.820758,0
              5.741166,50.820837,0
              5.741588,50.820925,0
              5.742001,50.821012,0
              5.743455,50.821316,0
              5.743474,50.82132,0
              5.743482,50.821319,0
              5.743493,50.821345,0
              5.7435,50.821363,0
              5.743767,50.822018,0
              5.743883,50.822302,0
              5.743447,50.822363,0
              5.743698,50.82299,0
              5.744407,50.822949,0
              5.744828,50.822924,0
              5.744873,50.822921,0
              5.745266,50.823794,0
              5.745268,50.823796,0
              5.745365,50.824012,0
              5.745364,50.824039,0
              5.745362,50.824107,0
              5.745354,50.824442,0
              5.74535,50.824598,0
              5.745347,50.824684,0
              5.745544,50.825231,0
              5.745556,50.825256,0
              5.745381,50.825285,0
              5.744788,50.825384,0
              5.744938,50.825783,0
              5.745004,50.825961,0
              5.745145,50.826336,0
              5.745145,50.826359,0
              5.745136,50.826454,0
              5.745124,50.827614,0
              5.745027,50.827615,0
              5.744895,50.827616,0
              5.744915,50.82777,0
              5.746266,50.827648,0
              5.746415,50.828313,0
              5.746427,50.828386,0
              5.746562,50.829164,0
              5.746599,50.829264,0
              5.746822,50.829871,0
              5.74647,50.829887,0
              5.74648,50.830227,0
              5.746486,50.830254,0
              5.74649,50.830276,0
              5.746519,50.830417,0
              5.746523,50.830436,0
              5.74647,50.830844,0
              5.746444,50.831036,0
              5.746368,50.831336,0
              5.746251,50.832079,0
              5.746241,50.832368,0
              5.746023,50.833799,0
              5.745985,50.834584,0
              5.745928,50.834586,0
              5.745626,50.834641,0
              5.745345,50.835311,0
              5.745557,50.835618,0
              5.745596,50.835607,0
              5.746149,50.835686,0
              5.746209,50.835666,0
              5.746706,50.835872,0
              5.7461,50.83612,0
              5.746089,50.836125,0
              5.746071,50.836132,0
              5.745565,50.836339,0
              5.746031,50.836796,0
              5.74626,50.837227,0
              5.746312,50.837325,0
              5.74595,50.837391,0
              5.745942,50.837392,0
              5.744783,50.837604,0
              5.7447,50.837619,0
              5.744221,50.837706,0
              5.744202,50.83771,0
              5.744146,50.83772,0
              5.744143,50.83772,0
              5.744026,50.837742,0
              5.743909,50.837763,0
              5.743683,50.837804,0
              5.743622,50.837815,0
              5.743614,50.837817,0
              5.7436,50.837819,0
              5.743303,50.837874,0
              5.742862,50.837956,0
              5.742842,50.83796,0
              5.742832,50.837961,0
              5.742593,50.838006,0
              5.742583,50.838008,0
              5.742575,50.838009,0
              5.742284,50.838063,0
              5.741705,50.838166,0
              5.741704,50.838166,0
              5.741696,50.838167,0
              5.741496,50.83821,0
              5.740454,50.838399,0
              5.740639,50.839157,0
              5.741003,50.839746,0
              5.741004,50.839748,0
              5.741009,50.839755,0
              5.741261,50.840103,0
              5.742492,50.840197,0
              5.743603,50.840271,0
              5.744134,50.840312,0
              5.744187,50.840311,0
              5.744281,50.840309,0
              5.744678,50.840302,0
              5.746039,50.840276,0
              5.746808,50.84027,0
              5.746858,50.840568,0
              5.746856,50.840819,0
              5.747858,50.840829,0
              5.747873,50.840829,0
              5.74792,50.840829,0
              5.748054,50.840942,0
              5.748049,50.840959,0
              5.748043,50.840982,0
              5.748042,50.840985,0
              5.74799,50.841176,0
              5.747986,50.841191,0
              5.748455,50.841216,0
              5.74934,50.841264,0
              5.749368,50.841265,0
              5.74964,50.841284,0
              5.750093,50.841312,0
              5.750105,50.841312,0
              5.750107,50.841312,0
              5.750409,50.84133,0
              5.751072,50.841406,0
              5.751812,50.841491,0
              5.753445,50.841679,0
              5.753447,50.841679,0
              5.753612,50.841698,0
              5.754855,50.84184,0
              5.754915,50.841925,0
              5.755113,50.842208,0
              5.755365,50.842566,0
              5.755401,50.842618,0
            </coordinates>
          </LinearRing>
        </outerBoundaryIs>
      </Polygon>
    </Placemark>
  </Document>
</kml>
