{
   "type":"FeatureCollection",
   "features":[
      {
         "type":"Feature",
         "geometry":{
            "type":"LineString",
            "coordinates":[
               [
                  5.8536884571353029,
                  51.968773516165115
               ],
               [
                  5.853846687116822,
                  51.969025791852566
               ],
               [
                  5.8543019314565266,
                  51.969835733246292
               ],
               [
                  5.8541583583140087,
                  51.969861943364712
               ],
               [
                  5.8540192313119528,
                  51.969894916470317
               ],
               [
                  5.8536206335467575,
                  51.969989374014688
               ],
               [
                  5.8529499699928005,
                  51.970163160126347
               ],
               [
                  5.849334026511972,
                  51.971171736977553
               ],
               [
                  5.8483517317230191,
                  51.971449690754277
               ],
               [
                  5.8471123450223077,
                  51.971782877174491
               ],
               [
                  5.8456963408454596,
                  51.972151937183469
               ],
               [
                  5.844871850121895,
                  51.972331849030631
               ],
               [
                  5.8440317703039053,
                  51.972503582286286
               ],
               [
                  5.8424209600226922,
                  51.97280761822433
               ],
               [
                  5.8416982172478491,
                  51.972921580073198
               ],
               [
                  5.8403198336816713,
                  51.973115597922941
               ],
               [
                  5.8398527182940727,
                  51.973173887768219
               ],
               [
                  5.8390559698681894,
                  51.973278824345961
               ],
               [
                  5.8371132990717847,
                  51.973463186984901
               ],
               [
                  5.8367407115477326,
                  51.973493454817856
               ],
               [
                  5.8359037819394572,
                  51.973544530662977
               ],
               [
                  5.8353426186583865,
                  51.973558426332431
               ],
               [
                  5.8354379079069254,
                  51.972770038757531
               ],
               [
                  5.8354725949495627,
                  51.97253048452221
               ],
               [
                  5.835475567127018,
                  51.972385239803238
               ],
               [
                  5.8356606775765627,
                  51.972154702770503
               ],
               [
                  5.8360076819228892,
                  51.971698102673557
               ],
               [
                  5.8361959399624244,
                  51.971430745548965
               ],
               [
                  5.8361555823616831,
                  51.971429047974539
               ],
               [
                  5.836198223049081,
                  51.970886987851735
               ],
               [
                  5.8353817218248079,
                  51.970848449383077
               ],
               [
                  5.8352519691313942,
                  51.969426810017161
               ],
               [
                  5.8351767613043446,
                  51.968859941705411
               ],
               [
                  5.8352781956274464,
                  51.968726599989068
               ],
               [
                  5.8353586977376626,
                  51.968656741622233
               ],
               [
                  5.8354436337704971,
                  51.968611215696562
               ],
               [
                  5.8355297405869386,
                  51.96857073668982
               ],
               [
                  5.8357174892404329,
                  51.968513915847986
               ],
               [
                  5.8357820328364047,
                  51.96847520867275
               ],
               [
                  5.8358148927978277,
                  51.968446284748651
               ],
               [
                  5.8358460721767473,
                  51.968396289584327
               ],
               [
                  5.8358620923217694,
                  51.968111046659978
               ],
               [
                  5.8358163752995074,
                  51.968108614394815
               ],
               [
                  5.8358642116395698,
                  51.967762884474766
               ],
               [
                  5.8358972002779357,
                  51.967466170605398
               ],
               [
                  5.8359244207534511,
                  51.96721546303425
               ],
               [
                  5.8359312135135371,
                  51.966983942570792
               ],
               [
                  5.8359693486024957,
                  51.966615598950057
               ],
               [
                  5.8359787013542856,
                  51.966330201603576
               ],
               [
                  5.8359533899666767,
                  51.966163735318275
               ],
               [
                  5.8359002697387012,
                  51.96600435903629
               ],
               [
                  5.8358393083036733,
                  51.96581603423752
               ],
               [
                  5.8356954956525069,
                  51.965614785507405
               ],
               [
                  5.8356035340607182,
                  51.965473686663941
               ],
               [
                  5.8355686712733661,
                  51.965402497114596
               ],
               [
                  5.8354421585750087,
                  51.964799053028855
               ],
               [
                  5.8352953437874184,
                  51.964417689018227
               ],
               [
                  5.8351811617295208,
                  51.964168239197384
               ],
               [
                  5.8351423371621101,
                  51.964089190821888
               ],
               [
                  5.8351097905715159,
                  51.964025371734571
               ],
               [
                  5.8350754782390082,
                  51.963961029049393
               ],
               [
                  5.8348144935460748,
                  51.963579739538822
               ],
               [
                  5.8346707300301004,
                  51.963357438695397
               ],
               [
                  5.8346005976836404,
                  51.963246573674631
               ],
               [
                  5.8344205238686344,
                  51.963033506824402
               ],
               [
                  5.8342237104605124,
                  51.962864824806324
               ],
               [
                  5.8340065211210286,
                  51.962714394279061
               ],
               [
                  5.8333508412817361,
                  51.962390067173409
               ],
               [
                  5.8329392649257024,
                  51.962176123213517
               ],
               [
                  5.8326546707774964,
                  51.962026844474437
               ],
               [
                  5.8323715399884266,
                  51.961889945451155
               ],
               [
                  5.8319493956034956,
                  51.961727388455216
               ],
               [
                  5.8312262673747401,
                  51.961490114023292
               ],
               [
                  5.8310647679210392,
                  51.961444712302807
               ],
               [
                  5.8305608442112078,
                  51.961272814456578
               ],
               [
                  5.8297777105860451,
                  51.961021924296396
               ],
               [
                  5.8298055246421354,
                  51.960997865720358
               ],
               [
                  5.8293394210316301,
                  51.96084772491848
               ],
               [
                  5.8301974053681107,
                  51.958623478450733
               ],
               [
                  5.8309378037721764,
                  51.958692504114516
               ],
               [
                  5.8310175761561549,
                  51.958697074789534
               ],
               [
                  5.8310908225485152,
                  51.958691998588591
               ],
               [
                  5.8311908380502473,
                  51.95867657458205
               ],
               [
                  5.8312708449469266,
                  51.958665153944366
               ],
               [
                  5.8312953668504495,
                  51.958657070718559
               ],
               [
                  5.8313381155569921,
                  51.958616380869465
               ],
               [
                  5.8313444716495946,
                  51.958535389904704
               ],
               [
                  5.8313382291273959,
                  51.958306040040007
               ],
               [
                  5.8313179119213823,
                  51.958030498308567
               ],
               [
                  5.831295885490543,
                  51.957642527867051
               ],
               [
                  5.8312862858977468,
                  51.957370882528821
               ],
               [
                  5.8313151818249898,
                  51.956900970887546
               ],
               [
                  5.8313440348858778,
                  51.956473807914776
               ],
               [
                  5.8313453913288651,
                  51.956362491185224
               ],
               [
                  5.831330623341203,
                  51.956040521679128
               ],
               [
                  5.8313040454016258,
                  51.955683551214413
               ],
               [
                  5.8312822411307108,
                  51.955547172555619
               ],
               [
                  5.8312567591377622,
                  51.955466913005445
               ],
               [
                  5.8312105980351339,
                  51.955368314415132
               ],
               [
                  5.8311359404754697,
                  51.955193494385441
               ],
               [
                  5.8310423052558491,
                  51.954998728896101
               ],
               [
                  5.8308809837170363,
                  51.954685060268822
               ],
               [
                  5.8307004365078408,
                  51.954387948543818
               ],
               [
                  5.8305070045992897,
                  51.954121930846654
               ],
               [
                  5.830429273449953,
                  51.954030129288391
               ],
               [
                  5.8303572555069749,
                  51.953951159478954
               ],
               [
                  5.8302988159778204,
                  51.953905161634076
               ],
               [
                  5.8301666262595804,
                  51.953847774720906
               ],
               [
                  5.8300807190529289,
                  51.953853050866151
               ],
               [
                  5.8300804763916387,
                  51.953834365015886
               ],
               [
                  5.8300726967288066,
                  51.953744789527462
               ],
               [
                  5.8300970389747908,
                  51.953724653846301
               ],
               [
                  5.830104630374235,
                  51.953709695617484
               ],
               [
                  5.8301070043850425,
                  51.953686406868428
               ],
               [
                  5.8300765053999335,
                  51.953631054671469
               ],
               [
                  5.8299919897420338,
                  51.953531143925623
               ],
               [
                  5.8299122019865806,
                  51.953431206331658
               ],
               [
                  5.8305069266839826,
                  51.953266106054855
               ],
               [
                  5.8304649358232048,
                  51.953182825550691
               ],
               [
                  5.8297631708146103,
                  51.951831599418419
               ],
               [
                  5.829445217215282,
                  51.951258008961325
               ],
               [
                  5.8292266565479318,
                  51.950884286405788
               ],
               [
                  5.8287705244606292,
                  51.950039747432896
               ],
               [
                  5.8287682865045278,
                  51.94999858022301
               ],
               [
                  5.82875916981543,
                  51.949899922415973
               ],
               [
                  5.8287177999189037,
                  51.949233151420692
               ],
               [
                  5.8287080238365521,
                  51.948900430536725
               ],
               [
                  5.8286989348415004,
                  51.948641959814751
               ],
               [
                  5.8286966676174483,
                  51.948588937081411
               ],
               [
                  5.8286920784259166,
                  51.948503933539321
               ],
               [
                  5.8286339857536218,
                  51.948483424523822
               ],
               [
                  5.8286355572781972,
                  51.948462790367515
               ],
               [
                  5.8286459524424794,
                  51.948330730498334
               ],
               [
                  5.8286491516722307,
                  51.948296652651194
               ],
               [
                  5.8286549333273427,
                  51.948258942804081
               ],
               [
                  5.828664999245186,
                  51.948223517887733
               ],
               [
                  5.828690536534527,
                  51.948124037845275
               ],
               [
                  5.8287466167901982,
                  51.94801843888429
               ],
               [
                  5.8287595848071883,
                  51.947951283180529
               ],
               [
                  5.8287703052501447,
                  51.947912916605091
               ],
               [
                  5.8287910101331555,
                  51.947844167867622
               ],
               [
                  5.8288043362498314,
                  51.947808973377214
               ],
               [
                  5.8289647276614422,
                  51.947473761619918
               ],
               [
                  5.8290178991199078,
                  51.947369809321323
               ],
               [
                  5.8290347097000694,
                  51.947319231630821
               ],
               [
                  5.8290617389315571,
                  51.947244364969833
               ],
               [
                  5.8290836227595122,
                  51.947175773530368
               ],
               [
                  5.8291134039656631,
                  51.947098271914498
               ],
               [
                  5.8291484586223099,
                  51.946950731226465
               ],
               [
                  5.8292307833502734,
                  51.946624486214937
               ],
               [
                  5.8293642467456639,
                  51.946637763510708
               ],
               [
                  5.829417895760999,
                  51.946434883431152
               ],
               [
                  5.8294337171226855,
                  51.946371087530352
               ],
               [
                  5.8294458917349026,
                  51.946325407881609
               ],
               [
                  5.8294836340579463,
                  51.946176248044999
               ],
               [
                  5.8295212519818085,
                  51.946026297685108
               ],
               [
                  5.8296564708653946,
                  51.945509785621148
               ],
               [
                  5.8297275463216849,
                  51.945443076221814
               ],
               [
                  5.829927502109058,
                  51.945236562069212
               ],
               [
                  5.8299313693545027,
                  51.945236403692746
               ],
               [
                  5.830557841366268,
                  51.945240963940144
               ],
               [
                  5.8308934053392161,
                  51.945243473143123
               ],
               [
                  5.8309912321236004,
                  51.94523771090207
               ],
               [
                  5.8310317525657913,
                  51.945231805395167
               ],
               [
                  5.8310858197315145,
                  51.945213265034027
               ],
               [
                  5.8311104233314852,
                  51.945200947978876
               ],
               [
                  5.8311323356181459,
                  51.945195921647084
               ],
               [
                  5.8311526720886802,
                  51.945193328117163
               ],
               [
                  5.8313194124791181,
                  51.945184878501195
               ],
               [
                  5.8314390806312071,
                  51.945181640000662
               ],
               [
                  5.8315493193084098,
                  51.945180863872743
               ],
               [
                  5.8318730993477175,
                  51.945183109209729
               ],
               [
                  5.8319084519021347,
                  51.945184090048556
               ],
               [
                  5.8322866185198183,
                  51.945183917379474
               ],
               [
                  5.8324882614045181,
                  51.945183881892255
               ],
               [
                  5.8324888689005396,
                  51.945170352117223
               ],
               [
                  5.8328783961823438,
                  51.945168876150781
               ],
               [
                  5.8335969951467925,
                  51.945175219230208
               ],
               [
                  5.8341532945084111,
                  51.945171433929012
               ],
               [
                  5.8345620383192669,
                  51.945167371618815
               ],
               [
                  5.8347347014699054,
                  51.945159308103037
               ],
               [
                  5.835673619153229,
                  51.945165680505028
               ],
               [
                  5.8359667126337902,
                  51.945184102837686
               ],
               [
                  5.8360719700784731,
                  51.945182622425584
               ],
               [
                  5.8372342582696062,
                  51.945177100643271
               ],
               [
                  5.8373041586861198,
                  51.945177111701668
               ],
               [
                  5.8373072097085785,
                  51.944158934604133
               ],
               [
                  5.8385950621873883,
                  51.944121899638347
               ],
               [
                  5.8386412968019901,
                  51.944120364873299
               ],
               [
                  5.83865181166522,
                  51.944147783941737
               ],
               [
                  5.8386708448239055,
                  51.944170415455744
               ],
               [
                  5.8387155621695701,
                  51.944198763801083
               ],
               [
                  5.8387619810724471,
                  51.944227096605857
               ],
               [
                  5.8388290074488314,
                  51.944265390232601
               ],
               [
                  5.8388994768005134,
                  51.94430472223187
               ],
               [
                  5.8389526450510294,
                  51.944297003678543
               ],
               [
                  5.839466264169622,
                  51.944243040325766
               ],
               [
                  5.8405157288098506,
                  51.944138661460812
               ],
               [
                  5.8422397551562204,
                  51.943962606876703
               ],
               [
                  5.8422435171290479,
                  51.943970726786802
               ],
               [
                  5.8430226426473899,
                  51.943880872162758
               ],
               [
                  5.8440086428516258,
                  51.943760052795376
               ],
               [
                  5.8455079380191339,
                  51.943551197705247
               ],
               [
                  5.845995986158079,
                  51.943480038846694
               ],
               [
                  5.8478229710797729,
                  51.943222353420538
               ],
               [
                  5.8496796079290707,
                  51.942943840614682
               ],
               [
                  5.8497813718367544,
                  51.943183861266135
               ],
               [
                  5.8500911208137545,
                  51.943860239618175
               ],
               [
                  5.8503806075564215,
                  51.94448195777904
               ],
               [
                  5.8503940880556975,
                  51.944509948392792
               ],
               [
                  5.8523725085752938,
                  51.944158170613562
               ],
               [
                  5.8527916080758216,
                  51.944083634001061
               ],
               [
                  5.8528219157614814,
                  51.944078244095557
               ],
               [
                  5.8528014775620401,
                  51.944388357441802
               ],
               [
                  5.8527657857517035,
                  51.944749982420078
               ],
               [
                  5.8527418911150866,
                  51.945135936226812
               ],
               [
                  5.852736513431009,
                  51.945174008000038
               ],
               [
                  5.8527043735613073,
                  51.945599829089865
               ],
               [
                  5.8526899300422146,
                  51.945691446329924
               ],
               [
                  5.8526583375522234,
                  51.946077431436876
               ],
               [
                  5.8526531214857025,
                  51.946130960762908
               ],
               [
                  5.8526214112126169,
                  51.946505649714084
               ],
               [
                  5.8526065176745341,
                  51.946646614870183
               ],
               [
                  5.8525779953272687,
                  51.946957675067182
               ],
               [
                  5.8525646002837854,
                  51.947057611352697
               ],
               [
                  5.8525369714222073,
                  51.947454876341666
               ],
               [
                  5.8525310558791501,
                  51.947533974039928
               ],
               [
                  5.8524974686986191,
                  51.947913426947174
               ],
               [
                  5.8524704008801924,
                  51.948272044154351
               ],
               [
                  5.8524467790594503,
                  51.948592002209764
               ],
               [
                  5.8524343079433896,
                  51.948781116492363
               ],
               [
                  5.8523288386148398,
                  51.950053279896352
               ],
               [
                  5.8522599751790443,
                  51.95076129803013
               ],
               [
                  5.852177222034614,
                  51.951689114017249
               ],
               [
                  5.8520935158105702,
                  51.952748208629238
               ],
               [
                  5.852062203226037,
                  51.953069385954542
               ],
               [
                  5.851990072526946,
                  51.953908691538849
               ],
               [
                  5.851929411151497,
                  51.954740816688151
               ],
               [
                  5.8519172794068171,
                  51.954840189607886
               ],
               [
                  5.8531268830164933,
                  51.954868297532791
               ],
               [
                  5.8536720919539231,
                  51.954886112941637
               ],
               [
                  5.8540395728002927,
                  51.954913192860253
               ],
               [
                  5.8549639619996032,
                  51.954972303604009
               ],
               [
                  5.855687260473136,
                  51.955015085468951
               ],
               [
                  5.8561516312626116,
                  51.955031784926163
               ],
               [
                  5.8566599402129622,
                  51.955054013881167
               ],
               [
                  5.8574318580576952,
                  51.955108006161801
               ],
               [
                  5.8577230242711451,
                  51.955124916331897
               ],
               [
                  5.8582613472559286,
                  51.955146067241465
               ],
               [
                  5.8603840387418931,
                  51.955139328848759
               ],
               [
                  5.8611186772710377,
                  51.955088807821475
               ],
               [
                  5.8616571708945013,
                  51.955053341829498
               ],
               [
                  5.8623916428211427,
                  51.954987354414847
               ],
               [
                  5.8631758595575256,
                  51.954893812168493
               ],
               [
                  5.8637273649692672,
                  51.954815476905566
               ],
               [
                  5.8644690221682554,
                  51.954701884511458
               ],
               [
                  5.8651046808264855,
                  51.954574448289947
               ],
               [
                  5.8656806385421936,
                  51.954443684951244
               ],
               [
                  5.8664107938547758,
                  51.954267719919144
               ],
               [
                  5.8667660035525362,
                  51.954173490389188
               ],
               [
                  5.8675027455319206,
                  51.953978042684724
               ],
               [
                  5.8677868856592434,
                  51.953902663076299
               ],
               [
                  5.8677888486366321,
                  51.953902035755512
               ],
               [
                  5.8678232070021874,
                  51.95394867623174
               ],
               [
                  5.8681132557487352,
                  51.954302033284421
               ],
               [
                  5.8681948640158668,
                  51.954410620643351
               ],
               [
                  5.8682913861918378,
                  51.954546019475799
               ],
               [
                  5.8683598707260343,
                  51.954651092920038
               ],
               [
                  5.8684530221370839,
                  51.954795066835132
               ],
               [
                  5.8686213806317697,
                  51.95502470482274
               ],
               [
                  5.8687844002241079,
                  51.955241045460028
               ],
               [
                  5.8688918417891882,
                  51.955389241668719
               ],
               [
                  5.8690354230968547,
                  51.955587231811791
               ],
               [
                  5.8691712483377758,
                  51.955779901887681
               ],
               [
                  5.8693314716728455,
                  51.956003983222431
               ],
               [
                  5.8695365656463991,
                  51.956284361451658
               ],
               [
                  5.8697711583775698,
                  51.956622884505506
               ],
               [
                  5.8700056380191823,
                  51.956950705098379
               ],
               [
                  5.87024886455748,
                  51.957286218396014
               ],
               [
                  5.8704764759195829,
                  51.957600986373656
               ],
               [
                  5.8706082801676773,
                  51.957778098947358
               ],
               [
                  5.8707049672893206,
                  51.957908021189233
               ],
               [
                  5.8707401612926873,
                  51.957959007744115
               ],
               [
                  5.8708945284046736,
                  51.958174192748913
               ],
               [
                  5.871066315557699,
                  51.95839822414414
               ],
               [
                  5.8712153368541902,
                  51.958609696949082
               ],
               [
                  5.8714184685727568,
                  51.958869597251265
               ],
               [
                  5.8717293040989622,
                  51.959267297367077
               ],
               [
                  5.872032976570642,
                  51.959655822095634
               ],
               [
                  5.8722705519883309,
                  51.959959777438456
               ],
               [
                  5.8725647172625752,
                  51.960358802458366
               ],
               [
                  5.8727659629924318,
                  51.960635624315195
               ],
               [
                  5.8729881717142876,
                  51.96089273853552
               ],
               [
                  5.8733143630755453,
                  51.961266787339667
               ],
               [
                  5.873916026818522,
                  51.961991963251599
               ],
               [
                  5.8742862557232502,
                  51.962431337036939
               ],
               [
                  5.8748093775808554,
                  51.963048718834102
               ],
               [
                  5.8752383749157344,
                  51.963523081288521
               ],
               [
                  5.8756671739460113,
                  51.964017816027749
               ],
               [
                  5.8764884992525817,
                  51.964837775387394
               ],
               [
                  5.8771248044085125,
                  51.965358801606797
               ],
               [
                  5.877336857919178,
                  51.965527720107097
               ],
               [
                  5.8778511637348556,
                  51.965875167590056
               ],
               [
                  5.8784088819482312,
                  51.966178197978081
               ],
               [
                  5.8786225185204923,
                  51.966280042642751
               ],
               [
                  5.8788831761566192,
                  51.966402771690809
               ],
               [
                  5.8787172959358989,
                  51.966533468128446
               ],
               [
                  5.8785134619540971,
                  51.966694068045371
               ],
               [
                  5.8783953905520603,
                  51.966787094536002
               ],
               [
                  5.8782593969001429,
                  51.966894326329118
               ],
               [
                  5.8781158576939747,
                  51.967007811196225
               ],
               [
                  5.8779967667459649,
                  51.967101965976845
               ],
               [
                  5.8779640007457834,
                  51.967127871417517
               ],
               [
                  5.8776760371483006,
                  51.967355537828098
               ],
               [
                  5.8776358842024967,
                  51.967387283153627
               ],
               [
                  5.8774839568889767,
                  51.967507396964997
               ],
               [
                  5.8773147667636572,
                  51.967641156725108
               ],
               [
                  5.8772400906833671,
                  51.967700194192936
               ],
               [
                  5.8771110073319717,
                  51.967784452152912
               ],
               [
                  5.8769650065709511,
                  51.967868799281952
               ],
               [
                  5.8768266939343521,
                  51.967948567914334
               ],
               [
                  5.8767538112129536,
                  51.967990964643363
               ],
               [
                  5.8765757442758924,
                  51.96807946072839
               ],
               [
                  5.8764452270195031,
                  51.968132798562706
               ],
               [
                  5.8762649980180131,
                  51.968212758830184
               ],
               [
                  5.8761761380366684,
                  51.968242362875863
               ],
               [
                  5.8760414686387223,
                  51.968285729653317
               ],
               [
                  5.8759198539246444,
                  51.968321521479112
               ],
               [
                  5.8757701915238281,
                  51.968353564679418
               ],
               [
                  5.8756203621894905,
                  51.968383794530837
               ],
               [
                  5.8754987451392484,
                  51.968406060246842
               ],
               [
                  5.8753251987468884,
                  51.968432821588372
               ],
               [
                  5.8751954423649497,
                  51.968450125933465
               ],
               [
                  5.8749973416978731,
                  51.968465880836732
               ],
               [
                  5.8748901707813364,
                  51.968472438183412
               ],
               [
                  5.8748110562298734,
                  51.968473122992336
               ],
               [
                  5.874651001014934,
                  51.968465938606684
               ],
               [
                  5.8744423625004858,
                  51.968452177127595
               ],
               [
                  5.8741475873267852,
                  51.968430567305965
               ],
               [
                  5.8737452902535709,
                  51.968399769596488
               ],
               [
                  5.8735534032688639,
                  51.968386294093044
               ],
               [
                  5.8734193062269231,
                  51.968376146903118
               ],
               [
                  5.8732031576221821,
                  51.968362057432849
               ],
               [
                  5.8729892130688786,
                  51.968351530436649
               ],
               [
                  5.8728982344564225,
                  51.968348043819617
               ],
               [
                  5.8726108954036924,
                  51.968342711516478
               ],
               [
                  5.8724041218818233,
                  51.968338873560597
               ],
               [
                  5.8720386670784812,
                  51.968332090435268
               ],
               [
                  5.8718023473129239,
                  51.968327702665
               ],
               [
                  5.871501989736351,
                  51.968322309828046
               ],
               [
                  5.8712893050768598,
                  51.968319787673281
               ],
               [
                  5.8709196784020437,
                  51.968315820809018
               ],
               [
                  5.8708140016300581,
                  51.968316968092815
               ],
               [
                  5.8706714083756362,
                  51.968322192229152
               ],
               [
                  5.8706067587032464,
                  51.96832531172447
               ],
               [
                  5.8705224658342834,
                  51.968327798219057
               ],
               [
                  5.8704566684608466,
                  51.968331636022846
               ],
               [
                  5.8703903164452118,
                  51.968337616195491
               ],
               [
                  5.8702910902069956,
                  51.968347654759064
               ],
               [
                  5.8702570630215218,
                  51.968352075649491
               ],
               [
                  5.8701344654324688,
                  51.968372573626006
               ],
               [
                  5.8699021112356551,
                  51.96842701791104
               ],
               [
                  5.8696654390542005,
                  51.968491486180419
               ],
               [
                  5.8693385834236285,
                  51.968589149107032
               ],
               [
                  5.8689044912171786,
                  51.968728974237088
               ],
               [
                  5.8685582650452979,
                  51.968837230675064
               ],
               [
                  5.8684269746446507,
                  51.968873440819785
               ],
               [
                  5.8683106514008188,
                  51.968904951613688
               ],
               [
                  5.8681884630702186,
                  51.968928281704358
               ],
               [
                  5.8680847244018954,
                  51.968948682445365
               ],
               [
                  5.8679422664588001,
                  51.968966744372295
               ],
               [
                  5.8678562735577851,
                  51.968972446538835
               ],
               [
                  5.8677736894686836,
                  51.968972783949816
               ],
               [
                  5.867684729269441,
                  51.968971007219636
               ],
               [
                  5.8675894058846474,
                  51.968968185895122
               ],
               [
                  5.8673339464795724,
                  51.968950678686461
               ],
               [
                  5.8668998291503529,
                  51.968914636666874
               ],
               [
                  5.8667946193991947,
                  51.968905434633342
               ],
               [
                  5.8663026634482938,
                  51.96886142163703
               ],
               [
                  5.8662384913192849,
                  51.968855261701528
               ],
               [
                  5.8659510722154691,
                  51.968819332360745
               ],
               [
                  5.8658805204016664,
                  51.968810701225678
               ],
               [
                  5.865704071307837,
                  51.968782524238101
               ],
               [
                  5.8654165161823668,
                  51.968733751584537
               ],
               [
                  5.864839230013609,
                  51.968648699626534
               ],
               [
                  5.8644551822807998,
                  51.96859567928864
               ],
               [
                  5.8639016686303602,
                  51.968519086795226
               ],
               [
                  5.8636688642174253,
                  51.968488772980642
               ],
               [
                  5.8636333228099096,
                  51.968484145015886
               ],
               [
                  5.8632533997621747,
                  51.968438594947777
               ],
               [
                  5.862931893441921,
                  51.968401012890141
               ],
               [
                  5.8625532496126791,
                  51.968366870596192
               ],
               [
                  5.8623977638509137,
                  51.968354657139969
               ],
               [
                  5.8619226838829519,
                  51.968321616015423
               ],
               [
                  5.8619111269715427,
                  51.968320948978288
               ],
               [
                  5.86171114784299,
                  51.968306416295
               ],
               [
                  5.8614824490904471,
                  51.968299990609275
               ],
               [
                  5.8612819139597248,
                  51.968294234764414
               ],
               [
                  5.8611865683492512,
                  51.968289268213191
               ],
               [
                  5.8609572433200965,
                  51.968284841241356
               ],
               [
                  5.8606973270935425,
                  51.96828232024837
               ],
               [
                  5.8605760636734123,
                  51.968283878798864
               ],
               [
                  5.8603716118744185,
                  51.96828327400484
               ],
               [
                  5.8599899598551195,
                  51.968292300314829
               ],
               [
                  5.859859499967695,
                  51.968298175339228
               ],
               [
                  5.8595165959263342,
                  51.968312394281526
               ],
               [
                  5.8589122121817923,
                  51.968345649413621
               ],
               [
                  5.8583085178774112,
                  51.968396550891342
               ],
               [
                  5.8578330126840576,
                  51.968432699838118
               ],
               [
                  5.8568281855953002,
                  51.968513768108913
               ],
               [
                  5.8565111701528725,
                  51.96853691267129
               ],
               [
                  5.8562126545260345,
                  51.968561885455998
               ],
               [
                  5.8560372214367522,
                  51.968574950918821
               ],
               [
                  5.8558463671850669,
                  51.968586175620572
               ],
               [
                  5.8553582990019155,
                  51.968599534145255
               ],
               [
                  5.8551195256113644,
                  51.968593824658761
               ],
               [
                  5.8549469841129271,
                  51.968588803227661
               ],
               [
                  5.8547436997776554,
                  51.968589611329939
               ],
               [
                  5.8545943776204643,
                  51.9685959122952
               ],
               [
                  5.854497465254048,
                  51.968606761528427
               ],
               [
                  5.8542680759299444,
                  51.968642634465368
               ],
               [
                  5.8539280962271931,
                  51.968720968970146
               ],
               [
                  5.8536884571353029,
                  51.968773516165115
               ]
            ]
         },
         "properties":{
            "GEBIEDSNAAM":"Schuytgraaf, Elderveld"
         }
      },
      {
         "type":"Feature",
         "geometry":{
            "type":"LineString",
            "coordinates":[
               [
                  5.8677888486366321,
                  51.953902035755512
               ],
               [
                  5.8677868856592434,
                  51.953902663076299
               ],
               [
                  5.8675027455319206,
                  51.953978042684724
               ],
               [
                  5.8667660035525362,
                  51.954173490389188
               ],
               [
                  5.8664107938547758,
                  51.954267719919144
               ],
               [
                  5.8656806385421936,
                  51.954443684951244
               ],
               [
                  5.8651046808264855,
                  51.954574448289947
               ],
               [
                  5.8644690221682554,
                  51.954701884511458
               ],
               [
                  5.8637273649692672,
                  51.954815476905566
               ],
               [
                  5.8631758595575256,
                  51.954893812168493
               ],
               [
                  5.8623916428211427,
                  51.954987354414847
               ],
               [
                  5.8616571708945013,
                  51.955053341829498
               ],
               [
                  5.8611186772710377,
                  51.955088807821475
               ],
               [
                  5.8603840387418931,
                  51.955139328848759
               ],
               [
                  5.8582613472559286,
                  51.955146067241465
               ],
               [
                  5.8577230242711451,
                  51.955124916331897
               ],
               [
                  5.8574318580576952,
                  51.955108006161801
               ],
               [
                  5.8566599402129622,
                  51.955054013881167
               ],
               [
                  5.8561516312626116,
                  51.955031784926163
               ],
               [
                  5.855687260473136,
                  51.955015085468951
               ],
               [
                  5.8549639619996032,
                  51.954972303604009
               ],
               [
                  5.8540395728002927,
                  51.954913192860253
               ],
               [
                  5.8536720919539231,
                  51.954886112941637
               ],
               [
                  5.8531268830164933,
                  51.954868297532791
               ],
               [
                  5.8519172794068171,
                  51.954840189607886
               ],
               [
                  5.851929411151497,
                  51.954740816688151
               ],
               [
                  5.851990072526946,
                  51.953908691538849
               ],
               [
                  5.852062203226037,
                  51.953069385954542
               ],
               [
                  5.8520935158105702,
                  51.952748208629238
               ],
               [
                  5.852177222034614,
                  51.951689114017249
               ],
               [
                  5.8522599751790443,
                  51.95076129803013
               ],
               [
                  5.8523288386148398,
                  51.950053279896352
               ],
               [
                  5.8524343079433896,
                  51.948781116492363
               ],
               [
                  5.8524467790594503,
                  51.948592002209764
               ],
               [
                  5.8524704008801924,
                  51.948272044154351
               ],
               [
                  5.8524974686986191,
                  51.947913426947174
               ],
               [
                  5.8525310558791501,
                  51.947533974039928
               ],
               [
                  5.8525369714222073,
                  51.947454876341666
               ],
               [
                  5.8525646002837854,
                  51.947057611352697
               ],
               [
                  5.8525779953272687,
                  51.946957675067182
               ],
               [
                  5.8526065176745341,
                  51.946646614870183
               ],
               [
                  5.8526214112126169,
                  51.946505649714084
               ],
               [
                  5.8526531214857025,
                  51.946130960762908
               ],
               [
                  5.8526583375522234,
                  51.946077431436876
               ],
               [
                  5.8526899300422146,
                  51.945691446329924
               ],
               [
                  5.8527043735613073,
                  51.945599829089865
               ],
               [
                  5.852736513431009,
                  51.945174008000038
               ],
               [
                  5.8527418911150866,
                  51.945135936226812
               ],
               [
                  5.8527657857517035,
                  51.944749982420078
               ],
               [
                  5.8528014775620401,
                  51.944388357441802
               ],
               [
                  5.8528219157614814,
                  51.944078244095557
               ],
               [
                  5.8529543465006268,
                  51.944054694044965
               ],
               [
                  5.8532671184376293,
                  51.944007308308628
               ],
               [
                  5.8535589086512338,
                  51.94395769494988
               ],
               [
                  5.8539357070375893,
                  51.943894018184466
               ],
               [
                  5.8546877303467006,
                  51.94375972824102
               ],
               [
                  5.8553130040993064,
                  51.943651015753204
               ],
               [
                  5.8558239883052163,
                  51.943557550387411
               ],
               [
                  5.8564581769381281,
                  51.943449317568259
               ],
               [
                  5.8575711334770189,
                  51.943256743417912
               ],
               [
                  5.8591684223713667,
                  51.942983207702738
               ],
               [
                  5.8592407804276796,
                  51.942972445754705
               ],
               [
                  5.8600476858973076,
                  51.942832283361959
               ],
               [
                  5.860354166221776,
                  51.942780050302964
               ],
               [
                  5.860810136622586,
                  51.942698586359342
               ],
               [
                  5.861361932310726,
                  51.942593652054626
               ],
               [
                  5.8613919439051818,
                  51.94258616953023
               ],
               [
                  5.8614818640903668,
                  51.942577654368932
               ],
               [
                  5.8615063556886167,
                  51.942575336337057
               ],
               [
                  5.8616309610367612,
                  51.942563543286909
               ],
               [
                  5.8617966783760709,
                  51.942525788393482
               ],
               [
                  5.8619345802960217,
                  51.942503785370782
               ],
               [
                  5.8619756594320584,
                  51.942510055178722
               ],
               [
                  5.8620114338198412,
                  51.942533163663427
               ],
               [
                  5.8622371544561425,
                  51.94288669985707
               ],
               [
                  5.8622430858600305,
                  51.942889219604957
               ],
               [
                  5.8632378086394183,
                  51.942763862129802
               ],
               [
                  5.864252698406208,
                  51.942635816745856
               ],
               [
                  5.86524291434701,
                  51.942513022235445
               ],
               [
                  5.8661537223153442,
                  51.94240023235411
               ],
               [
                  5.8667839780410933,
                  51.942331976019723
               ],
               [
                  5.8672785190302781,
                  51.942279317105822
               ],
               [
                  5.867783206953038,
                  51.942241292669543
               ],
               [
                  5.8681136236533886,
                  51.942215843712077
               ],
               [
                  5.8685001834695614,
                  51.942184150769542
               ],
               [
                  5.8687809624127931,
                  51.942132935664553
               ],
               [
                  5.8691302862715347,
                  51.942071111271503
               ],
               [
                  5.8697268480229505,
                  51.941963401333417
               ],
               [
                  5.8697118090194378,
                  51.941932183451662
               ],
               [
                  5.8704517645001966,
                  51.941792026367338
               ],
               [
                  5.8712359311754829,
                  51.941642820032726
               ],
               [
                  5.8718928809672679,
                  51.941521700386765
               ],
               [
                  5.8720972495002037,
                  51.941473884315968
               ],
               [
                  5.8724191341773899,
                  51.941390438314777
               ],
               [
                  5.8726319355314009,
                  51.941335800265712
               ],
               [
                  5.8732826101876512,
                  51.941166449008314
               ],
               [
                  5.8734670159286297,
                  51.941119369227188
               ],
               [
                  5.8737537911950177,
                  51.941033485084439
               ],
               [
                  5.8740570630021134,
                  51.940964223376142
               ],
               [
                  5.8744440725280382,
                  51.940853420038486
               ],
               [
                  5.8746336089806528,
                  51.940808968722351
               ],
               [
                  5.8747403371906888,
                  51.940776563426297
               ],
               [
                  5.8747553864218158,
                  51.940785678170556
               ],
               [
                  5.8749714923445904,
                  51.940702421060472
               ],
               [
                  5.875196605563338,
                  51.940619719373025
               ],
               [
                  5.8758127226929693,
                  51.940379722703391
               ],
               [
                  5.8760757552192358,
                  51.940267164030452
               ],
               [
                  5.8761897826545662,
                  51.940198818377347
               ],
               [
                  5.8762656245610794,
                  51.940144203958639
               ],
               [
                  5.876299539150228,
                  51.940113583195178
               ],
               [
                  5.8772039803709744,
                  51.939168838931771
               ],
               [
                  5.8774721447032352,
                  51.938993193035593
               ],
               [
                  5.8775185203625249,
                  51.938965225450396
               ],
               [
                  5.8778612960603311,
                  51.938833193774826
               ],
               [
                  5.8781507042773056,
                  51.938798656500296
               ],
               [
                  5.8783729650548491,
                  51.93877217315034
               ],
               [
                  5.8783845838097299,
                  51.93882686399666
               ],
               [
                  5.8784234639661523,
                  51.939039549683649
               ],
               [
                  5.8784417730439502,
                  51.939130438537603
               ],
               [
                  5.8784888177250956,
                  51.939406872701134
               ],
               [
                  5.8785004442544277,
                  51.93948482908759
               ],
               [
                  5.8785420695537738,
                  51.939772415309861
               ],
               [
                  5.8785540101603138,
                  51.939878908559649
               ],
               [
                  5.8785762459143758,
                  51.940082387703249
               ],
               [
                  5.8785874784442775,
                  51.94019459154196
               ],
               [
                  5.8786059253911187,
                  51.940403319557333
               ],
               [
                  5.8786189496341263,
                  51.940679134509068
               ],
               [
                  5.8786322998086442,
                  51.941125226094798
               ],
               [
                  5.8786478383813581,
                  51.941560369616155
               ],
               [
                  5.8786599443008081,
                  51.941892789149541
               ],
               [
                  5.8786659710134792,
                  51.942161974622039
               ],
               [
                  5.8786761480649909,
                  51.942529123478216
               ],
               [
                  5.8786890863213115,
                  51.942867248019084
               ],
               [
                  5.8786903677132418,
                  51.942984249143485
               ],
               [
                  5.8786999303492706,
                  51.943224881628836
               ],
               [
                  5.8787029223564202,
                  51.943357572036348
               ],
               [
                  5.8787090468971295,
                  51.943565399544354
               ],
               [
                  5.8787107070182962,
                  51.943646726819637
               ],
               [
                  5.878719485132458,
                  51.943956329637935
               ],
               [
                  5.878727228335042,
                  51.944241678883159
               ],
               [
                  5.8787395336057244,
                  51.944592172225086
               ],
               [
                  5.8787399931057873,
                  51.944634121848161
               ],
               [
                  5.878752929594838,
                  51.945098384055648
               ],
               [
                  5.8787608581960225,
                  51.945372603048739
               ],
               [
                  5.8787710330939822,
                  51.945739277162595
               ],
               [
                  5.8787788325335057,
                  51.945959463833049
               ],
               [
                  5.8787811962864138,
                  51.946104999435612
               ],
               [
                  5.878790393621018,
                  51.946241944119961
               ],
               [
                  5.8787959826432701,
                  51.946471177847009
               ],
               [
                  5.8787987317360573,
                  51.946581514174852
               ],
               [
                  5.878810302085812,
                  51.946864945370173
               ],
               [
                  5.8788089109949606,
                  51.946948662795698
               ],
               [
                  5.8788186092073884,
                  51.947201660811331
               ],
               [
                  5.8788236528128062,
                  51.947380955477065
               ],
               [
                  5.8788276091710436,
                  51.947531240151129
               ],
               [
                  5.8788373076256315,
                  51.94778423814482
               ],
               [
                  5.8788438485082342,
                  51.947959720850044
               ],
               [
                  5.8788478333817782,
                  51.948165297488821
               ],
               [
                  5.8788539228541437,
                  51.94836979660213
               ],
               [
                  5.878863621189355,
                  51.948640274291833
               ],
               [
                  5.8788754515717603,
                  51.94891216951401
               ],
               [
                  5.878875727798083,
                  51.948937377201773
               ],
               [
                  5.8788759879044905,
                  51.949066511425045
               ],
               [
                  5.8788779399248901,
                  51.949104078322527
               ],
               [
                  5.8788808693154637,
                  51.949266020654321
               ],
               [
                  5.878884337192396,
                  51.949371835437397
               ],
               [
                  5.8788883929485811,
                  51.949642141552722
               ],
               [
                  5.8788932760233479,
                  51.949747675368052
               ],
               [
                  5.8788959890549624,
                  51.949833978611963
               ],
               [
                  5.8789011726598348,
                  51.949998792279686
               ],
               [
                  5.878914996736321,
                  51.950238079048859
               ],
               [
                  5.8789220949843575,
                  51.950358980025598
               ],
               [
                  5.8789267963508118,
                  51.950419247275356
               ],
               [
                  5.8789430880520008,
                  51.950536185474306
               ],
               [
                  5.878977837135233,
                  51.950800673540314
               ],
               [
                  5.8790324458913021,
                  51.951067206078086
               ],
               [
                  5.8790939310373265,
                  51.951287795346644
               ],
               [
                  5.8791653018868066,
                  51.951510443807756
               ],
               [
                  5.879221619051215,
                  51.951681607715308
               ],
               [
                  5.8792919837568078,
                  51.951851396012614
               ],
               [
                  5.8793539033470683,
                  51.95198764439575
               ],
               [
                  5.8794251423636048,
                  51.952131226010891
               ],
               [
                  5.8794885249031239,
                  51.952260334116772
               ],
               [
                  5.8795242024171932,
                  51.95231987752139
               ],
               [
                  5.8796054540070211,
                  51.95246389259291
               ],
               [
                  5.8797033090302557,
                  51.952623334947781
               ],
               [
                  5.879784474054035,
                  51.952748762277508
               ],
               [
                  5.8798188642160474,
                  51.952796182058158
               ],
               [
                  5.8798990347477922,
                  51.952911663332806
               ],
               [
                  5.8799954531367344,
                  51.953034686932995
               ],
               [
                  5.8800479609679694,
                  51.953102007408788
               ],
               [
                  5.8801423146213745,
                  51.953229676649848
               ],
               [
                  5.8803096671841635,
                  51.953433023054053
               ],
               [
                  5.8804610033024325,
                  51.953597196710462
               ],
               [
                  5.8805881918179894,
                  51.953717950627585
               ],
               [
                  5.8807266002548726,
                  51.953861487819459
               ],
               [
                  5.8808946354084721,
                  51.954021309674239
               ],
               [
                  5.8809343241965077,
                  51.954060382743826
               ],
               [
                  5.8810351947940109,
                  51.954150211577193
               ],
               [
                  5.8811190476490847,
                  51.954215140269831
               ],
               [
                  5.8811755861044714,
                  51.954263774443
               ],
               [
                  5.8812571686370436,
                  51.954332280063966
               ],
               [
                  5.881356182248747,
                  51.954410701177792
               ],
               [
                  5.8813771277335256,
                  51.954425238165044
               ],
               [
                  5.8814627951932499,
                  51.954497650807902
               ],
               [
                  5.8816461864149456,
                  51.954636003918161
               ],
               [
                  5.8817474563602161,
                  51.954709420373995
               ],
               [
                  5.8817969534100456,
                  51.954747739129985
               ],
               [
                  5.8819138855700315,
                  51.954827866815208
               ],
               [
                  5.8821620057343988,
                  51.954989252803102
               ],
               [
                  5.8823170836032492,
                  51.955090386287218
               ],
               [
                  5.8824705300448032,
                  51.955182965003047
               ],
               [
                  5.8825744466462657,
                  51.955251969793082
               ],
               [
                  5.8831746553762319,
                  51.955572894232226
               ],
               [
                  5.885567977654115,
                  51.956776158841016
               ],
               [
                  5.8881600357709276,
                  51.958099715107984
               ],
               [
                  5.8886937690573795,
                  51.958358787463702
               ],
               [
                  5.8897094314951062,
                  51.958851772089027
               ],
               [
                  5.8912986148728388,
                  51.959638434890763
               ],
               [
                  5.8916277418940828,
                  51.959809441499615
               ],
               [
                  5.8921359391244819,
                  51.960071832773387
               ],
               [
                  5.8930895994055366,
                  51.960579043878155
               ],
               [
                  5.8937675678170427,
                  51.960959606816267
               ],
               [
                  5.8948861781178863,
                  51.961582028532973
               ],
               [
                  5.8959809615614125,
                  51.962222379264354
               ],
               [
                  5.8973662919819354,
                  51.963013393169781
               ],
               [
                  5.8972831453806211,
                  51.963068862464375
               ],
               [
                  5.8967673112007688,
                  51.963376010412055
               ],
               [
                  5.8963965583921931,
                  51.963596767213808
               ],
               [
                  5.8955887142988797,
                  51.964018739260311
               ],
               [
                  5.8953132353465767,
                  51.964169755173913
               ],
               [
                  5.895148669176189,
                  51.964256080309099
               ],
               [
                  5.8949534929242065,
                  51.964359184735308
               ],
               [
                  5.894719846322972,
                  51.964464833168321
               ],
               [
                  5.8944250342480435,
                  51.964608795424581
               ],
               [
                  5.8943139563947593,
                  51.964659216521909
               ],
               [
                  5.8940764299022392,
                  51.964762502067266
               ],
               [
                  5.8937276097915188,
                  51.964897182900643
               ],
               [
                  5.8934093966292815,
                  51.965015083594309
               ],
               [
                  5.8930642616292541,
                  51.965135477537679
               ],
               [
                  5.8928800905682426,
                  51.965190967367974
               ],
               [
                  5.8922200734059329,
                  51.965384057430008
               ],
               [
                  5.8920626347877887,
                  51.965420406392958
               ],
               [
                  5.8917978026294389,
                  51.965492888092065
               ],
               [
                  5.8897140911661152,
                  51.965916615163444
               ],
               [
                  5.8893771605042327,
                  51.965985126280373
               ],
               [
                  5.8885729754735134,
                  51.966130237045668
               ],
               [
                  5.8875472965370976,
                  51.966334371139567
               ],
               [
                  5.886653004339462,
                  51.966513681511572
               ],
               [
                  5.8858300899691942,
                  51.966672705840196
               ],
               [
                  5.8851591200722178,
                  51.966785420322338
               ],
               [
                  5.8846563601947821,
                  51.966860320201505
               ],
               [
                  5.884317288902067,
                  51.96690598727271
               ],
               [
                  5.8838674029033955,
                  51.966957829844468
               ],
               [
                  5.8834081024445171,
                  51.9669940140259
               ],
               [
                  5.8828032265957919,
                  51.967026528715408
               ],
               [
                  5.882225754544983,
                  51.967030387679486
               ],
               [
                  5.8817936838305824,
                  51.967022216413788
               ],
               [
                  5.8811531682648184,
                  51.966964977904652
               ],
               [
                  5.8807900040995129,
                  51.966920841462397
               ],
               [
                  5.8804127299856912,
                  51.966853932620481
               ],
               [
                  5.8800306646711862,
                  51.966771346265887
               ],
               [
                  5.8795208961885299,
                  51.96662936331478
               ],
               [
                  5.8791151405876043,
                  51.966492651742485
               ],
               [
                  5.8788831761566192,
                  51.966402771690809
               ],
               [
                  5.8786225185204923,
                  51.966280042642751
               ],
               [
                  5.8784088819482312,
                  51.966178197978081
               ],
               [
                  5.8778511637348556,
                  51.965875167590056
               ],
               [
                  5.877336857919178,
                  51.965527720107097
               ],
               [
                  5.8771248044085125,
                  51.965358801606797
               ],
               [
                  5.8764884992525817,
                  51.964837775387394
               ],
               [
                  5.8756671739460113,
                  51.964017816027749
               ],
               [
                  5.8752383749157344,
                  51.963523081288521
               ],
               [
                  5.8748093775808554,
                  51.963048718834102
               ],
               [
                  5.8742862557232502,
                  51.962431337036939
               ],
               [
                  5.873916026818522,
                  51.961991963251599
               ],
               [
                  5.8733143630755453,
                  51.961266787339667
               ],
               [
                  5.8729881717142876,
                  51.96089273853552
               ],
               [
                  5.8727659629924318,
                  51.960635624315195
               ],
               [
                  5.8725647172625752,
                  51.960358802458366
               ],
               [
                  5.8722705519883309,
                  51.959959777438456
               ],
               [
                  5.872032976570642,
                  51.959655822095634
               ],
               [
                  5.8717293040989622,
                  51.959267297367077
               ],
               [
                  5.8714184685727568,
                  51.958869597251265
               ],
               [
                  5.8712153368541902,
                  51.958609696949082
               ],
               [
                  5.871066315557699,
                  51.95839822414414
               ],
               [
                  5.8708945284046736,
                  51.958174192748913
               ],
               [
                  5.8707401612926873,
                  51.957959007744115
               ],
               [
                  5.8707049672893206,
                  51.957908021189233
               ],
               [
                  5.8706082801676773,
                  51.957778098947358
               ],
               [
                  5.8704764759195829,
                  51.957600986373656
               ],
               [
                  5.87024886455748,
                  51.957286218396014
               ],
               [
                  5.8700056380191823,
                  51.956950705098379
               ],
               [
                  5.8697711583775698,
                  51.956622884505506
               ],
               [
                  5.8695365656463991,
                  51.956284361451658
               ],
               [
                  5.8693314716728455,
                  51.956003983222431
               ],
               [
                  5.8691712483377758,
                  51.955779901887681
               ],
               [
                  5.8690354230968547,
                  51.955587231811791
               ],
               [
                  5.8688918417891882,
                  51.955389241668719
               ],
               [
                  5.8687844002241079,
                  51.955241045460028
               ],
               [
                  5.8686213806317697,
                  51.95502470482274
               ],
               [
                  5.8684530221370839,
                  51.954795066835132
               ],
               [
                  5.8683598707260343,
                  51.954651092920038
               ],
               [
                  5.8682913861918378,
                  51.954546019475799
               ],
               [
                  5.8681948640158668,
                  51.954410620643351
               ],
               [
                  5.8681132557487352,
                  51.954302033284421
               ],
               [
                  5.8678232070021874,
                  51.95394867623174
               ],
               [
                  5.8677888486366321,
                  51.953902035755512
               ]
            ]
         },
         "properties":{
            "GEBIEDSNAAM":"Elden en De Laar"
         }
      },
      {
         "type":"Feature",
         "geometry":{
            "type":"LineString",
            "coordinates":[
               [
                  5.8886937690573795,
                  51.958358787463702
               ],
               [
                  5.8881600357709276,
                  51.958099715107984
               ],
               [
                  5.885567977654115,
                  51.956776158841016
               ],
               [
                  5.8831746553762319,
                  51.955572894232226
               ],
               [
                  5.8825744466462657,
                  51.955251969793082
               ],
               [
                  5.8824705300448032,
                  51.955182965003047
               ],
               [
                  5.8823170836032492,
                  51.955090386287218
               ],
               [
                  5.8821620057343988,
                  51.954989252803102
               ],
               [
                  5.8819138855700315,
                  51.954827866815208
               ],
               [
                  5.8817969534100456,
                  51.954747739129985
               ],
               [
                  5.8817474563602161,
                  51.954709420373995
               ],
               [
                  5.8816461864149456,
                  51.954636003918161
               ],
               [
                  5.8814627951932499,
                  51.954497650807902
               ],
               [
                  5.8813771277335256,
                  51.954425238165044
               ],
               [
                  5.881356182248747,
                  51.954410701177792
               ],
               [
                  5.8812571686370436,
                  51.954332280063966
               ],
               [
                  5.8811755861044714,
                  51.954263774443
               ],
               [
                  5.8811190476490847,
                  51.954215140269831
               ],
               [
                  5.8810351947940109,
                  51.954150211577193
               ],
               [
                  5.8809343241965077,
                  51.954060382743826
               ],
               [
                  5.8808946354084721,
                  51.954021309674239
               ],
               [
                  5.8807266002548726,
                  51.953861487819459
               ],
               [
                  5.8805881918179894,
                  51.953717950627585
               ],
               [
                  5.8804610033024325,
                  51.953597196710462
               ],
               [
                  5.8803096671841635,
                  51.953433023054053
               ],
               [
                  5.8801423146213745,
                  51.953229676649848
               ],
               [
                  5.8800479609679694,
                  51.953102007408788
               ],
               [
                  5.8799954531367344,
                  51.953034686932995
               ],
               [
                  5.8798990347477922,
                  51.952911663332806
               ],
               [
                  5.8798188642160474,
                  51.952796182058158
               ],
               [
                  5.879784474054035,
                  51.952748762277508
               ],
               [
                  5.8797033090302557,
                  51.952623334947781
               ],
               [
                  5.8796054540070211,
                  51.95246389259291
               ],
               [
                  5.8795242024171932,
                  51.95231987752139
               ],
               [
                  5.8794885249031239,
                  51.952260334116772
               ],
               [
                  5.8794251423636048,
                  51.952131226010891
               ],
               [
                  5.8793539033470683,
                  51.95198764439575
               ],
               [
                  5.8792919837568078,
                  51.951851396012614
               ],
               [
                  5.879221619051215,
                  51.951681607715308
               ],
               [
                  5.8791653018868066,
                  51.951510443807756
               ],
               [
                  5.8790939310373265,
                  51.951287795346644
               ],
               [
                  5.8790324458913021,
                  51.951067206078086
               ],
               [
                  5.878977837135233,
                  51.950800673540314
               ],
               [
                  5.8789430880520008,
                  51.950536185474306
               ],
               [
                  5.8789267963508118,
                  51.950419247275356
               ],
               [
                  5.8789220949843575,
                  51.950358980025598
               ],
               [
                  5.878914996736321,
                  51.950238079048859
               ],
               [
                  5.8789011726598348,
                  51.949998792279686
               ],
               [
                  5.8788959890549624,
                  51.949833978611963
               ],
               [
                  5.8788932760233479,
                  51.949747675368052
               ],
               [
                  5.8788883929485811,
                  51.949642141552722
               ],
               [
                  5.878884337192396,
                  51.949371835437397
               ],
               [
                  5.8788808693154637,
                  51.949266020654321
               ],
               [
                  5.8788779399248901,
                  51.949104078322527
               ],
               [
                  5.8788759879044905,
                  51.949066511425045
               ],
               [
                  5.878875727798083,
                  51.948937377201773
               ],
               [
                  5.8788754515717603,
                  51.94891216951401
               ],
               [
                  5.878863621189355,
                  51.948640274291833
               ],
               [
                  5.8788539228541437,
                  51.94836979660213
               ],
               [
                  5.8788478333817782,
                  51.948165297488821
               ],
               [
                  5.8788438485082342,
                  51.947959720850044
               ],
               [
                  5.8788373076256315,
                  51.94778423814482
               ],
               [
                  5.8788276091710436,
                  51.947531240151129
               ],
               [
                  5.8788236528128062,
                  51.947380955477065
               ],
               [
                  5.8788186092073884,
                  51.947201660811331
               ],
               [
                  5.8788089109949606,
                  51.946948662795698
               ],
               [
                  5.878810302085812,
                  51.946864945370173
               ],
               [
                  5.8787987317360573,
                  51.946581514174852
               ],
               [
                  5.8787959826432701,
                  51.946471177847009
               ],
               [
                  5.878790393621018,
                  51.946241944119961
               ],
               [
                  5.8787811962864138,
                  51.946104999435612
               ],
               [
                  5.8787788325335057,
                  51.945959463833049
               ],
               [
                  5.8787710330939822,
                  51.945739277162595
               ],
               [
                  5.8787608581960225,
                  51.945372603048739
               ],
               [
                  5.878752929594838,
                  51.945098384055648
               ],
               [
                  5.8787399931057873,
                  51.944634121848161
               ],
               [
                  5.8787395336057244,
                  51.944592172225086
               ],
               [
                  5.878727228335042,
                  51.944241678883159
               ],
               [
                  5.878719485132458,
                  51.943956329637935
               ],
               [
                  5.8787107070182962,
                  51.943646726819637
               ],
               [
                  5.8787090468971295,
                  51.943565399544354
               ],
               [
                  5.8787029223564202,
                  51.943357572036348
               ],
               [
                  5.8786999303492706,
                  51.943224881628836
               ],
               [
                  5.8786903677132418,
                  51.942984249143485
               ],
               [
                  5.8786890863213115,
                  51.942867248019084
               ],
               [
                  5.8786761480649909,
                  51.942529123478216
               ],
               [
                  5.8786659710134792,
                  51.942161974622039
               ],
               [
                  5.8786599443008081,
                  51.941892789149541
               ],
               [
                  5.8786478383813581,
                  51.941560369616155
               ],
               [
                  5.8786322998086442,
                  51.941125226094798
               ],
               [
                  5.8786189496341263,
                  51.940679134509068
               ],
               [
                  5.8786059253911187,
                  51.940403319557333
               ],
               [
                  5.8785874784442775,
                  51.94019459154196
               ],
               [
                  5.8785762459143758,
                  51.940082387703249
               ],
               [
                  5.8785540101603138,
                  51.939878908559649
               ],
               [
                  5.8785420695537738,
                  51.939772415309861
               ],
               [
                  5.8785004442544277,
                  51.93948482908759
               ],
               [
                  5.8784888177250956,
                  51.939406872701134
               ],
               [
                  5.8784417730439502,
                  51.939130438537603
               ],
               [
                  5.8784234639661523,
                  51.939039549683649
               ],
               [
                  5.8783845838097299,
                  51.93882686399666
               ],
               [
                  5.8783729650548491,
                  51.93877217315034
               ],
               [
                  5.8784105574746821,
                  51.938767693555668
               ],
               [
                  5.8786105594134117,
                  51.938743865354013
               ],
               [
                  5.8787229213721979,
                  51.93873926094836
               ],
               [
                  5.8788245263998977,
                  51.938735060956667
               ],
               [
                  5.8792130937166256,
                  51.938694875089304
               ],
               [
                  5.8794852462398728,
                  51.938647804992179
               ],
               [
                  5.8797699466585804,
                  51.938564817943046
               ],
               [
                  5.8813961991871055,
                  51.938246724121271
               ],
               [
                  5.8815973640855104,
                  51.938171723906777
               ],
               [
                  5.8818515866491499,
                  51.938081669228076
               ],
               [
                  5.8823394241888236,
                  51.937892476826455
               ],
               [
                  5.8826377501184375,
                  51.93781958229561
               ],
               [
                  5.8828308686039437,
                  51.937766905119048
               ],
               [
                  5.8835697882241318,
                  51.937665184570939
               ],
               [
                  5.8836508722121916,
                  51.937649992420276
               ],
               [
                  5.883682966796635,
                  51.937643979355627
               ],
               [
                  5.8837523482639105,
                  51.937630976698721
               ],
               [
                  5.8839033890039145,
                  51.937613260631529
               ],
               [
                  5.8843553880771342,
                  51.937550678179157
               ],
               [
                  5.8844896321324702,
                  51.93752638096457
               ],
               [
                  5.8846406164150844,
                  51.937490507592585
               ],
               [
                  5.8848221170949877,
                  51.937439584086405
               ],
               [
                  5.8850226114177744,
                  51.937370513155436
               ],
               [
                  5.8862624737847664,
                  51.936770582573395
               ],
               [
                  5.8869228586109381,
                  51.936421992781121
               ],
               [
                  5.8870349750324493,
                  51.936474278117423
               ],
               [
                  5.8871448051551711,
                  51.936425723044238
               ],
               [
                  5.8877685981092185,
                  51.93613507957064
               ],
               [
                  5.8877807350417779,
                  51.936167206420215
               ],
               [
                  5.8879728997707099,
                  51.936095379460816
               ],
               [
                  5.8881221477196002,
                  51.936100046735035
               ],
               [
                  5.8882527985792184,
                  51.936119174557106
               ],
               [
                  5.8897285066855627,
                  51.935992430444692
               ],
               [
                  5.8905412757527822,
                  51.935931696851441
               ],
               [
                  5.8924115658615586,
                  51.935760893067531
               ],
               [
                  5.8925231200427204,
                  51.935749897101466
               ],
               [
                  5.8926734198784017,
                  51.935731813335572
               ],
               [
                  5.8928265011677627,
                  51.935702481884732
               ],
               [
                  5.8930280595231199,
                  51.935652178378703
               ],
               [
                  5.8931902771192402,
                  51.935607796469363
               ],
               [
                  5.8944232774355338,
                  51.93526379856015
               ],
               [
                  5.8949317062199587,
                  51.935128305163076
               ],
               [
                  5.8949831581550898,
                  51.935115651013987
               ],
               [
                  5.8956994365663427,
                  51.934939492291598
               ],
               [
                  5.8962564953592569,
                  51.934802497387444
               ],
               [
                  5.8970512713595014,
                  51.934594116518731
               ],
               [
                  5.8979182797942338,
                  51.934357642159128
               ],
               [
                  5.898035245314432,
                  51.934477578831398
               ],
               [
                  5.8981573580092439,
                  51.934608926295077
               ],
               [
                  5.8989901277143906,
                  51.934370840089734
               ],
               [
                  5.8998050706731036,
                  51.934115729607733
               ],
               [
                  5.8998916425028618,
                  51.934086049722438
               ],
               [
                  5.9007862583069581,
                  51.933800401536267
               ],
               [
                  5.9008079809028109,
                  51.933774869349001
               ],
               [
                  5.9008484595236572,
                  51.933741579069213
               ],
               [
                  5.9015469381506627,
                  51.933544778789255
               ],
               [
                  5.9018635648484024,
                  51.933463881051679
               ],
               [
                  5.9018784535394051,
                  51.933477747926986
               ],
               [
                  5.9024269913347345,
                  51.933990022316657
               ],
               [
                  5.9033686437869202,
                  51.935025852499059
               ],
               [
                  5.9046847156626869,
                  51.936497224771479
               ],
               [
                  5.9058466231434688,
                  51.937745630565253
               ],
               [
                  5.9060837392302403,
                  51.938004170030688
               ],
               [
                  5.9070067332395713,
                  51.939046705146687
               ],
               [
                  5.9093273705100806,
                  51.941617358023962
               ],
               [
                  5.9097418421034371,
                  51.942078420264529
               ],
               [
                  5.9098740884653971,
                  51.942219759569333
               ],
               [
                  5.9099162083556056,
                  51.942264873948297
               ],
               [
                  5.9103976479016627,
                  51.942779305966319
               ],
               [
                  5.9103981942680797,
                  51.942780013620222
               ],
               [
                  5.9104049834365862,
                  51.942787264027714
               ],
               [
                  5.9107666034869117,
                  51.943166727257321
               ],
               [
                  5.9107733927735291,
                  51.943173977643099
               ],
               [
                  5.9118730147939473,
                  51.944327808751694
               ],
               [
                  5.9127670019207175,
                  51.945292677642975
               ],
               [
                  5.9109648303460602,
                  51.945906630440071
               ],
               [
                  5.9109940904024754,
                  51.945958632922505
               ],
               [
                  5.9111352462697173,
                  51.946185303128054
               ],
               [
                  5.9112339320436398,
                  51.946328480275575
               ],
               [
                  5.9113368970964491,
                  51.946473112362085
               ],
               [
                  5.911401050359486,
                  51.946578584092101
               ],
               [
                  5.9114660425076107,
                  51.946674910820718
               ],
               [
                  5.9115472861860239,
                  51.946810210732757
               ],
               [
                  5.9115827468441902,
                  51.946869951407038
               ],
               [
                  5.9116216813255429,
                  51.946951877975721
               ],
               [
                  5.9116508762593485,
                  51.947038009619696
               ],
               [
                  5.9116577818564586,
                  51.947078795235043
               ],
               [
                  5.9116512159345058,
                  51.947103165171725
               ],
               [
                  5.9116246583838565,
                  51.947119498756535
               ],
               [
                  5.9115934134920467,
                  51.947136752085875
               ],
               [
                  5.9115595731017185,
                  51.947142251139944
               ],
               [
                  5.911527407717621,
                  51.947145459654656
               ],
               [
                  5.911512235859842,
                  51.947155306723005
               ],
               [
                  5.911366527315419,
                  51.947272734045455
               ],
               [
                  5.9113962038522176,
                  51.947301751173697
               ],
               [
                  5.9114097364780127,
                  51.947313438698522
               ],
               [
                  5.9115790546011464,
                  51.94746261943537
               ],
               [
                  5.9117565964642544,
                  51.947608455497097
               ],
               [
                  5.911934135592734,
                  51.947753958732747
               ],
               [
                  5.9120417748943206,
                  51.947790366721179
               ],
               [
                  5.912017616161088,
                  51.947821547542752
               ],
               [
                  5.9122356406169514,
                  51.947911437994875
               ],
               [
                  5.9122634580905071,
                  51.947887152883581
               ],
               [
                  5.9122883465392544,
                  51.947903427614726
               ],
               [
                  5.9131251672299179,
                  51.948213445850307
               ],
               [
                  5.913614822531243,
                  51.948409089496643
               ],
               [
                  5.9137895520364685,
                  51.94848667702967
               ],
               [
                  5.9139572596405481,
                  51.948564520477362
               ],
               [
                  5.9141731977270764,
                  51.948689147963783
               ],
               [
                  5.914301485553163,
                  51.948816307311894
               ],
               [
                  5.9143873562687537,
                  51.94895438891033
               ],
               [
                  5.914425299320623,
                  51.949054098084119
               ],
               [
                  5.9147807727638915,
                  51.949577867317615
               ],
               [
                  5.9149024026890809,
                  51.949743373423622
               ],
               [
                  5.9149713907495238,
                  51.949821002297071
               ],
               [
                  5.914975456073635,
                  51.949825307475059
               ],
               [
                  5.9150546546039839,
                  51.949896661491799
               ],
               [
                  5.9150605505285361,
                  51.94990077867952
               ],
               [
                  5.9151658202352149,
                  51.949963854082817
               ],
               [
                  5.915172741066848,
                  51.949967301519678
               ],
               [
                  5.9151817600126799,
                  51.949971045139897
               ],
               [
                  5.9154262243036184,
                  51.950055390904566
               ],
               [
                  5.9161862872203734,
                  51.950315954308422
               ],
               [
                  5.9163044042711448,
                  51.950366737644806
               ],
               [
                  5.9164265535861817,
                  51.950420217213114
               ],
               [
                  5.9165519018947208,
                  51.950455076231108
               ],
               [
                  5.9166951964181642,
                  51.950494528266795
               ],
               [
                  5.916763924307868,
                  51.950502910506302
               ],
               [
                  5.9168998608502035,
                  51.950520355841199
               ],
               [
                  5.9193577611133765,
                  51.95066616671879
               ],
               [
                  5.9205330352881953,
                  51.95075016790657
               ],
               [
                  5.9216965246129973,
                  51.95082016203871
               ],
               [
                  5.9220070490969574,
                  51.950838838992645
               ],
               [
                  5.9219822798943484,
                  51.950968977226516
               ],
               [
                  5.921977660450275,
                  51.950993429658979
               ],
               [
                  5.9219769066086085,
                  51.950997307096301
               ],
               [
                  5.922186183243455,
                  51.952379060320112
               ],
               [
                  5.9223471596581057,
                  51.953443285133119
               ],
               [
                  5.922350760466264,
                  51.953469541881631
               ],
               [
                  5.9220218852044315,
                  51.953459155685273
               ],
               [
                  5.9219981210259105,
                  51.953694726103265
               ],
               [
                  5.9219024269258203,
                  51.954651845018901
               ],
               [
                  5.921825124675995,
                  51.955519233257263
               ],
               [
                  5.9219671458544427,
                  51.956439144594484
               ],
               [
                  5.9212295226302842,
                  51.956477071096181
               ],
               [
                  5.9204071155459994,
                  51.956519495079924
               ],
               [
                  5.9195489387490916,
                  51.956564119229164
               ],
               [
                  5.9186398059035721,
                  51.956611988442127
               ],
               [
                  5.9176931560440229,
                  51.956663205388914
               ],
               [
                  5.9171722147156798,
                  51.956690348283622
               ],
               [
                  5.9170553045140704,
                  51.95669643901639
               ],
               [
                  5.9163090584476219,
                  51.956734797731414
               ],
               [
                  5.9158796713424993,
                  51.95675571985489
               ],
               [
                  5.9146689406017972,
                  51.956826389691351
               ],
               [
                  5.9139995252993414,
                  51.9568577733586
               ],
               [
                  5.9133109794054768,
                  51.956896089769465
               ],
               [
                  5.912487765362842,
                  51.956940794148579
               ],
               [
                  5.9121867726401893,
                  51.956958785801348
               ],
               [
                  5.9116563588730902,
                  51.956999298631459
               ],
               [
                  5.9114902445369575,
                  51.957014826237774
               ],
               [
                  5.9112420555135001,
                  51.95704128977853
               ],
               [
                  5.9110956519111086,
                  51.95705640180234
               ],
               [
                  5.9108034967439833,
                  51.957089665871223
               ],
               [
                  5.9107346266776348,
                  51.957098914187142
               ],
               [
                  5.9102801910213092,
                  51.957158964835223
               ],
               [
                  5.9096507258801259,
                  51.957266133925515
               ],
               [
                  5.9095004636608097,
                  51.957293816998451
               ],
               [
                  5.9091772608237623,
                  51.957357704471299
               ],
               [
                  5.9089004509111316,
                  51.957413868204021
               ],
               [
                  5.9086670515134232,
                  51.95746528345294
               ],
               [
                  5.9085598555395809,
                  51.957492067820752
               ],
               [
                  5.9082782392913797,
                  51.95755855748088
               ],
               [
                  5.9080855856859786,
                  51.957606824831558
               ],
               [
                  5.9074534989346787,
                  51.957773588460533
               ],
               [
                  5.9062659696401658,
                  51.958167724572817
               ],
               [
                  5.9050182239597913,
                  51.958656655461567
               ],
               [
                  5.9044364975337453,
                  51.958924056746902
               ],
               [
                  5.9029518200271474,
                  51.959723552205716
               ],
               [
                  5.9025906334620055,
                  51.959915390241505
               ],
               [
                  5.9024020254341698,
                  51.960025828287421
               ],
               [
                  5.9014710175150178,
                  51.960570962027596
               ],
               [
                  5.9001399243857033,
                  51.961318768449331
               ],
               [
                  5.8988702045438863,
                  51.962051071442723
               ],
               [
                  5.8981911951710337,
                  51.962463070430466
               ],
               [
                  5.8973662919819354,
                  51.963013393169781
               ],
               [
                  5.8959809615614125,
                  51.962222379264354
               ],
               [
                  5.8948861781178863,
                  51.961582028532973
               ],
               [
                  5.8937675678170427,
                  51.960959606816267
               ],
               [
                  5.8930895994055366,
                  51.960579043878155
               ],
               [
                  5.8921359391244819,
                  51.960071832773387
               ],
               [
                  5.8916277418940828,
                  51.959809441499615
               ],
               [
                  5.8912986148728388,
                  51.959638434890763
               ],
               [
                  5.8897094314951062,
                  51.958851772089027
               ],
               [
                  5.8886937690573795,
                  51.958358787463702
               ]
            ]
         },
         "properties":{
            "GEBIEDSNAAM":"VKR"
         }
      },
      {
         "type":"Feature",
         "geometry":{
            "type":"LineString",
            "coordinates":[
               [
                  5.8973662919819354,
                  51.963013393169781
               ],
               [
                  5.8981911951710337,
                  51.962463070430466
               ],
               [
                  5.8988702045438863,
                  51.962051071442723
               ],
               [
                  5.9001399243857033,
                  51.961318768449331
               ],
               [
                  5.9014710175150178,
                  51.960570962027596
               ],
               [
                  5.9024020254341698,
                  51.960025828287421
               ],
               [
                  5.9025906334620055,
                  51.959915390241505
               ],
               [
                  5.9029518200271474,
                  51.959723552205716
               ],
               [
                  5.9044364975337453,
                  51.958924056746902
               ],
               [
                  5.9050182239597913,
                  51.958656655461567
               ],
               [
                  5.9062659696401658,
                  51.958167724572817
               ],
               [
                  5.9074534989346787,
                  51.957773588460533
               ],
               [
                  5.9080855856859786,
                  51.957606824831558
               ],
               [
                  5.9082782392913797,
                  51.95755855748088
               ],
               [
                  5.9085598555395809,
                  51.957492067820752
               ],
               [
                  5.9086670515134232,
                  51.95746528345294
               ],
               [
                  5.9089004509111316,
                  51.957413868204021
               ],
               [
                  5.9091772608237623,
                  51.957357704471299
               ],
               [
                  5.9095004636608097,
                  51.957293816998451
               ],
               [
                  5.9096507258801259,
                  51.957266133925515
               ],
               [
                  5.9102801910213092,
                  51.957158964835223
               ],
               [
                  5.9107346266776348,
                  51.957098914187142
               ],
               [
                  5.9108034967439833,
                  51.957089665871223
               ],
               [
                  5.9110956519111086,
                  51.95705640180234
               ],
               [
                  5.9112420555135001,
                  51.95704128977853
               ],
               [
                  5.9114902445369575,
                  51.957014826237774
               ],
               [
                  5.9116563588730902,
                  51.956999298631459
               ],
               [
                  5.9121867726401893,
                  51.956958785801348
               ],
               [
                  5.912487765362842,
                  51.956940794148579
               ],
               [
                  5.9133109794054768,
                  51.956896089769465
               ],
               [
                  5.9139995252993414,
                  51.9568577733586
               ],
               [
                  5.9146689406017972,
                  51.956826389691351
               ],
               [
                  5.9158796713424993,
                  51.95675571985489
               ],
               [
                  5.9163090584476219,
                  51.956734797731414
               ],
               [
                  5.9170553045140704,
                  51.95669643901639
               ],
               [
                  5.9171722147156798,
                  51.956690348283622
               ],
               [
                  5.9176931560440229,
                  51.956663205388914
               ],
               [
                  5.9186398059035721,
                  51.956611988442127
               ],
               [
                  5.9195489387490916,
                  51.956564119229164
               ],
               [
                  5.9204071155459994,
                  51.956519495079924
               ],
               [
                  5.9212295226302842,
                  51.956477071096181
               ],
               [
                  5.9219671458544427,
                  51.956439144594484
               ],
               [
                  5.921825124675995,
                  51.955519233257263
               ],
               [
                  5.9219024269258203,
                  51.954651845018901
               ],
               [
                  5.9219981210259105,
                  51.953694726103265
               ],
               [
                  5.9220218852044315,
                  51.953459155685273
               ],
               [
                  5.922350760466264,
                  51.953469541881631
               ],
               [
                  5.9223471596581057,
                  51.953443285133119
               ],
               [
                  5.922186183243455,
                  51.952379060320112
               ],
               [
                  5.9219769066086085,
                  51.950997307096301
               ],
               [
                  5.921977660450275,
                  51.950993429658979
               ],
               [
                  5.9219822798943484,
                  51.950968977226516
               ],
               [
                  5.9220070490969574,
                  51.950838838992645
               ],
               [
                  5.9243199493645218,
                  51.950987659575475
               ],
               [
                  5.924897391070779,
                  51.951032119196682
               ],
               [
                  5.9257589794385543,
                  51.951093224393624
               ],
               [
                  5.9262771146766466,
                  51.951134964711308
               ],
               [
                  5.926485482260099,
                  51.951145037816168
               ],
               [
                  5.9266401603804368,
                  51.951144328139108
               ],
               [
                  5.9268362319084487,
                  51.951121370667408
               ],
               [
                  5.929044219538369,
                  51.95066733906615
               ],
               [
                  5.9294462449425414,
                  51.950592337562028
               ],
               [
                  5.9294944885380456,
                  51.950690520279849
               ],
               [
                  5.9295220308195606,
                  51.950745195639136
               ],
               [
                  5.9295373471215882,
                  51.950941306302646
               ],
               [
                  5.9295649078803105,
                  51.951240610480106
               ],
               [
                  5.9295648867625745,
                  51.951246084526908
               ],
               [
                  5.9295678340324169,
                  51.951250430314289
               ],
               [
                  5.929747759752269,
                  51.951462230188561
               ],
               [
                  5.9299162768567228,
                  51.951660321181159
               ],
               [
                  5.9299192185353551,
                  51.951664199587462
               ],
               [
                  5.9299217959381281,
                  51.951669230193502
               ],
               [
                  5.9300382677042505,
                  51.951994873282061
               ],
               [
                  5.9300389990689162,
                  51.951997611373628
               ],
               [
                  5.9301707454295167,
                  51.952271455421752
               ],
               [
                  5.9302105140060766,
                  51.952312133100897
               ],
               [
                  5.9303124679363348,
                  51.952421123126953
               ],
               [
                  5.9303279316866639,
                  51.952434381514209
               ],
               [
                  5.9303860627250469,
                  51.952505436058182
               ],
               [
                  5.9305207295849511,
                  51.952666964874922
               ],
               [
                  5.930567088240295,
                  51.952722029404001
               ],
               [
                  5.9306712390497847,
                  51.952838100828487
               ],
               [
                  5.9307173048893604,
                  51.952868960833214
               ],
               [
                  5.9308723225243014,
                  51.952887380385313
               ],
               [
                  5.9310370357039881,
                  51.953127238571646
               ],
               [
                  5.9312333668553352,
                  51.953420323455084
               ],
               [
                  5.9311504799221231,
                  51.953484156261446
               ],
               [
                  5.9310979417959571,
                  51.953524280964018
               ],
               [
                  5.9310664885288844,
                  51.953550501886951
               ],
               [
                  5.931045384170984,
                  51.953567605610623
               ],
               [
                  5.9310165077850554,
                  51.953595198815741
               ],
               [
                  5.9309928143629831,
                  51.953620736656305
               ],
               [
                  5.9309728029124864,
                  51.953644001367692
               ],
               [
                  5.9309637675177411,
                  51.953654676461397
               ],
               [
                  5.9309564969804196,
                  51.953664534433535
               ],
               [
                  5.9309509430881864,
                  51.95367319799383
               ],
               [
                  5.9309438950372888,
                  51.953684609932864
               ],
               [
                  5.9309144658273052,
                  51.953772239328387
               ],
               [
                  5.9309151979612507,
                  51.953778635697589
               ],
               [
                  5.9309071817720431,
                  51.953867424433014
               ],
               [
                  5.9309082762766225,
                  51.95387131135702
               ],
               [
                  5.9309379033576404,
                  51.953969273949248
               ],
               [
                  5.931018952253595,
                  51.954161790554181
               ],
               [
                  5.9310575201304392,
                  51.954232827391536
               ],
               [
                  5.9310600887094429,
                  51.95423830743345
               ],
               [
                  5.9310652425495718,
                  51.95424584285206
               ],
               [
                  5.9311645138845721,
                  51.954393413848486
               ],
               [
                  5.9312343675238672,
                  51.954498722521947
               ],
               [
                  5.9312975947987727,
                  51.954592610574721
               ],
               [
                  5.931410576373942,
                  51.954746580581116
               ],
               [
                  5.9314440086298816,
                  51.954783916512987
               ],
               [
                  5.9314617056335361,
                  51.954816885003773
               ],
               [
                  5.9314646808562861,
                  51.954841490510404
               ],
               [
                  5.9314538796765204,
                  51.954852919853138
               ],
               [
                  5.9314396707069994,
                  51.954861650468054
               ],
               [
                  5.9314271489792443,
                  51.954866759926098
               ],
               [
                  5.9314119078533585,
                  51.954869553970518
               ],
               [
                  5.9313813430512932,
                  51.954874333477875
               ],
               [
                  5.9313224147195669,
                  51.954878273506907
               ],
               [
                  5.9313045994499101,
                  51.954881133381868
               ],
               [
                  5.9312724153639964,
                  51.954890342657357
               ],
               [
                  5.9312395375512397,
                  51.954908327831326
               ],
               [
                  5.9312145806027026,
                  51.954929287463557
               ],
               [
                  5.9312090340718759,
                  51.954942166568621
               ],
               [
                  5.9312083151387318,
                  51.954969260990254
               ],
               [
                  5.9312327597213486,
                  51.95500682732655
               ],
               [
                  5.931246448351092,
                  51.955028363151641
               ],
               [
                  5.9312727067032238,
                  51.955054739492859
               ],
               [
                  5.9313073321611078,
                  51.955081292826101
               ],
               [
                  5.9313327090050505,
                  51.955094954621011
               ],
               [
                  5.9313565930245495,
                  51.955105477373486
               ],
               [
                  5.9313952521702067,
                  51.955125153846915
               ],
               [
                  5.9314251712971062,
                  51.955139091213738
               ],
               [
                  5.9314412264476104,
                  51.955148230019923
               ],
               [
                  5.9314642569250173,
                  51.955165138479337
               ],
               [
                  5.9314875683607013,
                  51.955186018514681
               ],
               [
                  5.9315043306944704,
                  51.955205481731454
               ],
               [
                  5.9315339239611733,
                  51.955242916306311
               ],
               [
                  5.9315513402656359,
                  51.955271913200754
               ],
               [
                  5.9315512473004608,
                  51.955289432059473
               ],
               [
                  5.9315453948001462,
                  51.955316658112991
               ],
               [
                  5.931539188079535,
                  51.955348263166094
               ],
               [
                  5.9315114990520525,
                  51.955423435673971
               ],
               [
                  5.9314518747952523,
                  51.955558358221502
               ],
               [
                  5.9314491010391812,
                  51.955574352470144
               ],
               [
                  5.9314570167781921,
                  51.955586486143581
               ],
               [
                  5.9314667117163813,
                  51.955596580197152
               ],
               [
                  5.9314944635069367,
                  51.955626104509165
               ],
               [
                  5.9315231221670537,
                  51.955650033819538
               ],
               [
                  5.9315505063049176,
                  51.955664836791335
               ],
               [
                  5.9316325676828532,
                  51.955688545762683
               ],
               [
                  5.9316534903632299,
                  51.955693572268366
               ],
               [
                  5.9316601316025297,
                  51.955696579597451
               ],
               [
                  5.9316622596472932,
                  51.955699311209763
               ],
               [
                  5.9316688414218284,
                  51.955729787420168
               ],
               [
                  5.9317288800563173,
                  51.955958696040661
               ],
               [
                  5.9317913859860827,
                  51.956205048703382
               ],
               [
                  5.931795074043638,
                  51.956230828378466
               ],
               [
                  5.9317984224578133,
                  51.956260986986102
               ],
               [
                  5.9317956634391074,
                  51.956276990161697
               ],
               [
                  5.9317913289537696,
                  51.956289045731317
               ],
               [
                  5.9317842550938327,
                  51.956307936199011
               ],
               [
                  5.9316581052880588,
                  51.95661818044357
               ],
               [
                  5.9316343387205901,
                  51.956685748576085
               ],
               [
                  5.9316174165073798,
                  51.956733850253741
               ],
               [
                  5.9315691978455813,
                  51.956870905998365
               ],
               [
                  5.9315659915257619,
                  51.956908807021264
               ],
               [
                  5.9315680852691193,
                  51.956920697990434
               ],
               [
                  5.9315808760626627,
                  51.956976088307705
               ],
               [
                  5.931617933406228,
                  51.957075831951968
               ],
               [
                  5.9316349325332647,
                  51.957126735531908
               ],
               [
                  5.9316487818361194,
                  51.957150652492665
               ],
               [
                  5.9316664464738835,
                  51.957173670917896
               ],
               [
                  5.9316766557398788,
                  51.957181758154363
               ],
               [
                  5.9317039144937578,
                  51.957204129917578
               ],
               [
                  5.9317532259247461,
                  51.957238264242186
               ],
               [
                  5.9317789383484838,
                  51.957256688247121
               ],
               [
                  5.9317966617678248,
                  51.957271356141618
               ],
               [
                  5.9318072921450389,
                  51.95729495542281
               ],
               [
                  5.9318050179046269,
                  51.957308951933712
               ],
               [
                  5.9317913169489138,
                  51.957324835012116
               ],
               [
                  5.9317520228616312,
                  51.957362094238725
               ],
               [
                  5.9316482534948998,
                  51.957453600472896
               ],
               [
                  5.931620201720329,
                  51.957485783047971
               ],
               [
                  5.9316135205041416,
                  51.957501085296272
               ],
               [
                  5.9316193701116022,
                  51.957539546583845
               ],
               [
                  5.9316224522178178,
                  51.957763586423091
               ],
               [
                  5.9316725637123371,
                  51.958007479587977
               ],
               [
                  5.9316794686556173,
                  51.958080145871882
               ],
               [
                  5.9316849862583192,
                  51.958170363956093
               ],
               [
                  5.9316891582885969,
                  51.958316343376964
               ],
               [
                  5.9316943698287181,
                  51.958420899388791
               ],
               [
                  5.9317012154068127,
                  51.958521034522214
               ],
               [
                  5.9317115535797917,
                  51.958578081020192
               ],
               [
                  5.9317234976743247,
                  51.958611606400019
               ],
               [
                  5.9317340072788802,
                  51.958633624269922
               ],
               [
                  5.931739329391462,
                  51.958654974057843
               ],
               [
                  5.9317584549347142,
                  51.958869034326383
               ],
               [
                  5.9317899818108009,
                  51.959198610104863
               ],
               [
                  5.9318273053536545,
                  51.959245788154263
               ],
               [
                  5.9318259821421639,
                  51.959348927285042
               ],
               [
                  5.9318306353339558,
                  51.959482958855013
               ],
               [
                  5.9320216589055388,
                  51.95956629520704
               ],
               [
                  5.9321009539741176,
                  51.959606007046062
               ],
               [
                  5.9321643909572419,
                  51.959639761115199
               ],
               [
                  5.9322309355205478,
                  51.959681401555549
               ],
               [
                  5.932282936084242,
                  51.959707892011821
               ],
               [
                  5.9323344038301764,
                  51.959726448150995
               ],
               [
                  5.9323912385603004,
                  51.9597388762514
               ],
               [
                  5.9324563881224854,
                  51.959750699494009
               ],
               [
                  5.9326281586826006,
                  51.959768859316803
               ],
               [
                  5.9327427550020451,
                  51.959778978904538
               ],
               [
                  5.9328051315776964,
                  51.95978768685486
               ],
               [
                  5.9329254681628054,
                  51.959797249277003
               ],
               [
                  5.9333407345352391,
                  51.959828506121319
               ],
               [
                  5.9341563521065188,
                  51.960039878940393
               ],
               [
                  5.9346746918338553,
                  51.960176292285929
               ],
               [
                  5.9355971203274462,
                  51.960415489180548
               ],
               [
                  5.9355325240005277,
                  51.960594318276492
               ],
               [
                  5.9353348203713079,
                  51.960945212914396
               ],
               [
                  5.9351297638828253,
                  51.961312608223416
               ],
               [
                  5.9350972292054029,
                  51.961393978208498
               ],
               [
                  5.934995976220109,
                  51.961647213956013
               ],
               [
                  5.9348579891358657,
                  51.961991969009688
               ],
               [
                  5.9347580344914146,
                  51.962230681296035
               ],
               [
                  5.9346191651738236,
                  51.96255828126732
               ],
               [
                  5.9344141919624063,
                  51.963024241665025
               ],
               [
                  5.934297937071233,
                  51.963298812213985
               ],
               [
                  5.9342547436870472,
                  51.963406748223392
               ],
               [
                  5.9340316451932589,
                  51.963831939902462
               ],
               [
                  5.9340139292745802,
                  51.963853971981074
               ],
               [
                  5.9336376626062712,
                  51.964563207574201
               ],
               [
                  5.9334147725736459,
                  51.964939545030411
               ],
               [
                  5.9332542593616928,
                  51.965183220155545
               ],
               [
                  5.9331223812633569,
                  51.965368337482246
               ],
               [
                  5.9328202690410583,
                  51.965765229461127
               ],
               [
                  5.9326083033215271,
                  51.966031019999939
               ],
               [
                  5.932501247851965,
                  51.966155358645068
               ],
               [
                  5.9321702363575195,
                  51.966486057289153
               ],
               [
                  5.9317933533302947,
                  51.966849091949548
               ],
               [
                  5.9315254746312416,
                  51.967088947211941
               ],
               [
                  5.9312407032318184,
                  51.967324385806116
               ],
               [
                  5.930837833040977,
                  51.967626371519451
               ],
               [
                  5.9304113914108099,
                  51.967926613101874
               ],
               [
                  5.9302133831031316,
                  51.968051540495686
               ],
               [
                  5.9298489016644353,
                  51.968266868142983
               ],
               [
                  5.9296068181905754,
                  51.968404320969242
               ],
               [
                  5.9292561954383665,
                  51.96858321579127
               ],
               [
                  5.9287788398427681,
                  51.968810691306139
               ],
               [
                  5.9276837836980105,
                  51.969263000827603
               ],
               [
                  5.9276477054997168,
                  51.969274824586734
               ],
               [
                  5.9273081746960834,
                  51.969397170523877
               ],
               [
                  5.9270749357596548,
                  51.969476251789658
               ],
               [
                  5.9268142438752474,
                  51.969562065033934
               ],
               [
                  5.9263841529853298,
                  51.969684751903579
               ],
               [
                  5.9260682107650737,
                  51.969770007845646
               ],
               [
                  5.9258650372216142,
                  51.969817921004022
               ],
               [
                  5.9256614772386254,
                  51.969865197403522
               ],
               [
                  5.925457516271968,
                  51.969911837108597
               ],
               [
                  5.9249520146900441,
                  51.970024232394607
               ],
               [
                  5.9246379678729344,
                  51.97009199159578
               ],
               [
                  5.923052698350209,
                  51.970298960046023
               ],
               [
                  5.9224368524600761,
                  51.970390117625165
               ],
               [
                  5.9208229313172129,
                  51.970628994391014
               ],
               [
                  5.9197755396529006,
                  51.970856966011937
               ],
               [
                  5.9174007481305582,
                  51.971637331855099
               ],
               [
                  5.9159783060419322,
                  51.972480856049778
               ],
               [
                  5.914525789426456,
                  51.973391084850995
               ],
               [
                  5.912705347087754,
                  51.974455144433875
               ],
               [
                  5.9117914042045392,
                  51.974961746190324
               ],
               [
                  5.9117422649442757,
                  51.974988983493304
               ],
               [
                  5.9103298826879547,
                  51.975483594014221
               ],
               [
                  5.9082724642266937,
                  51.976053976714219
               ],
               [
                  5.9081906879541215,
                  51.976077987367667
               ],
               [
                  5.9076720510379896,
                  51.976230262502078
               ],
               [
                  5.9073513904204233,
                  51.976324408535866
               ],
               [
                  5.9060313709184475,
                  51.976729772190751
               ],
               [
                  5.9048654675216037,
                  51.977143956062925
               ],
               [
                  5.9038227673098636,
                  51.97755758633523
               ],
               [
                  5.9033014654610101,
                  51.977769154399176
               ],
               [
                  5.9020461470478125,
                  51.978450057188788
               ],
               [
                  5.9005368420730813,
                  51.97925649796337
               ],
               [
                  5.8996436990145993,
                  51.979811316543355
               ],
               [
                  5.8992310934220047,
                  51.980056946647608
               ],
               [
                  5.8989775058537965,
                  51.98020794445037
               ],
               [
                  5.8983120114768193,
                  51.980604205013393
               ],
               [
                  5.8981051879689819,
                  51.980728025464863
               ],
               [
                  5.898066994166677,
                  51.980750095053772
               ],
               [
                  5.8977244660559327,
                  51.980954042908969
               ],
               [
                  5.8974588794950327,
                  51.981106532088056
               ],
               [
                  5.8973648835702228,
                  51.981158353133438
               ],
               [
                  5.8970741469014509,
                  51.981310033679527
               ],
               [
                  5.896875195491301,
                  51.9814043530899
               ],
               [
                  5.8965876027782205,
                  51.981537722102082
               ],
               [
                  5.8960105726744452,
                  51.981783452996929
               ],
               [
                  5.8955853174612791,
                  51.981948448024028
               ],
               [
                  5.8951957770854797,
                  51.982087436785534
               ],
               [
                  5.8949226973414772,
                  51.982176009377312
               ],
               [
                  5.8944001777590556,
                  51.982332862891987
               ],
               [
                  5.8940061527215537,
                  51.982440165130413
               ],
               [
                  5.8931877996280591,
                  51.982642707790411
               ],
               [
                  5.8925875346895902,
                  51.982782647977395
               ],
               [
                  5.892312749465269,
                  51.982839537900261
               ],
               [
                  5.8919626297578782,
                  51.982898745839876
               ],
               [
                  5.891483099812489,
                  51.98296957217628
               ],
               [
                  5.890969325668987,
                  51.983025676411806
               ],
               [
                  5.890459738575057,
                  51.983073643928577
               ],
               [
                  5.8899392550478504,
                  51.983108011474648
               ],
               [
                  5.8896357704467279,
                  51.983121792703869
               ],
               [
                  5.8892047821502649,
                  51.983135488063773
               ],
               [
                  5.8888155085136775,
                  51.983142253748177
               ],
               [
                  5.8883487877140874,
                  51.983139442888806
               ],
               [
                  5.8879765545711438,
                  51.98312370546909
               ],
               [
                  5.8878962522296563,
                  51.983120309877357
               ],
               [
                  5.8878102132700469,
                  51.983114714022093
               ],
               [
                  5.8875811932371018,
                  51.983099816624467
               ],
               [
                  5.8873110251207503,
                  51.983082243488219
               ],
               [
                  5.8872309144957242,
                  51.983075534418795
               ],
               [
                  5.8869412738799429,
                  51.983051276756711
               ],
               [
                  5.8868440510918942,
                  51.983040571977888
               ],
               [
                  5.8866711060868155,
                  51.983021530120077
               ],
               [
                  5.8864803379887141,
                  51.983000525983776
               ],
               [
                  5.8863903824659758,
                  51.982986582945585
               ],
               [
                  5.8862339235768868,
                  51.982962332752507
               ],
               [
                  5.8861380873611289,
                  51.982947478776644
               ],
               [
                  5.8859356683106956,
                  51.982916103864589
               ],
               [
                  5.885912137646728,
                  51.982912457262316
               ],
               [
                  5.8854147295800576,
                  51.982835358339514
               ],
               [
                  5.8848181748896717,
                  51.982742887751989
               ],
               [
                  5.8844028577134777,
                  51.982656036400599
               ],
               [
                  5.8841195755631786,
                  51.982594629309872
               ],
               [
                  5.8840718358037405,
                  51.982583854353095
               ],
               [
                  5.8838510974590941,
                  51.982533943729443
               ],
               [
                  5.8836011481344359,
                  51.982473303401484
               ],
               [
                  5.8832291387096465,
                  51.982383049143849
               ],
               [
                  5.8829240132712783,
                  51.982308715280674
               ],
               [
                  5.8828100472209126,
                  51.9822785118943
               ],
               [
                  5.882658669452371,
                  51.982238392726593
               ],
               [
                  5.882393784922944,
                  51.982168190793715
               ],
               [
                  5.8821385692146828,
                  51.982094526625708
               ],
               [
                  5.8818004219668376,
                  51.981989555418536
               ],
               [
                  5.8815344346427656,
                  51.981903437827867
               ],
               [
                  5.8812776268198492,
                  51.981820292183038
               ],
               [
                  5.8807031324046202,
                  51.981634285185649
               ],
               [
                  5.8803113986698916,
                  51.981507449201835
               ],
               [
                  5.879916825071021,
                  51.981363194505924
               ],
               [
                  5.879866393698161,
                  51.981343047995466
               ],
               [
                  5.8795292617643984,
                  51.981208373911237
               ],
               [
                  5.8793249048637763,
                  51.981126737457778
               ],
               [
                  5.8792680730181806,
                  51.981103609064178
               ],
               [
                  5.8789850152178804,
                  51.98098253581589
               ],
               [
                  5.8787803651274091,
                  51.980892692383421
               ],
               [
                  5.8786043820370972,
                  51.980815433888772
               ],
               [
                  5.8785652748193957,
                  51.980797399420723
               ],
               [
                  5.8783744776351545,
                  51.980708997579825
               ],
               [
                  5.8781084735617997,
                  51.9805857495491
               ],
               [
                  5.8779797330752466,
                  51.98052609889929
               ],
               [
                  5.8779556848972367,
                  51.980514225838284
               ],
               [
                  5.8778191153436348,
                  51.98044620536367
               ],
               [
                  5.8775605661689578,
                  51.980317429530508
               ],
               [
                  5.8773937037025048,
                  51.980228583881086
               ],
               [
                  5.8772075275454272,
                  51.980129453076202
               ],
               [
                  5.8770835540546305,
                  51.980063443008845
               ],
               [
                  5.8769665637143076,
                  51.979997870235707
               ],
               [
                  5.8768218382132051,
                  51.979916601374093
               ],
               [
                  5.8766968274632276,
                  51.979846403050679
               ],
               [
                  5.8765329233440093,
                  51.97975436379383
               ],
               [
                  5.8759941551065173,
                  51.979441622995076
               ],
               [
                  5.8758731272626399,
                  51.979370697168441
               ],
               [
                  5.8755469686508928,
                  51.979175546423612
               ],
               [
                  5.8754512235780885,
                  51.979118258396674
               ],
               [
                  5.8753883788329944,
                  51.979076791686708
               ],
               [
                  5.8749310931769614,
                  51.978775056556131
               ],
               [
                  5.8747585075884876,
                  51.978655083570501
               ],
               [
                  5.8745549558666665,
                  51.978516690257216
               ],
               [
                  5.8743994308215219,
                  51.978402598134565
               ],
               [
                  5.8742596972429997,
                  51.978296660266338
               ],
               [
                  5.8740504006763201,
                  51.978136663857285
               ],
               [
                  5.8738244076673061,
                  51.977963488210477
               ],
               [
                  5.8736814229072847,
                  51.977849957164842
               ],
               [
                  5.8734060535107462,
                  51.977630995090955
               ],
               [
                  5.8733071546281517,
                  51.977547392361984
               ],
               [
                  5.8731269852904591,
                  51.9773950893346
               ],
               [
                  5.8729500176515126,
                  51.977231890619436
               ],
               [
                  5.8727331024449008,
                  51.977021067252991
               ],
               [
                  5.8724948605777278,
                  51.976779553555296
               ],
               [
                  5.8722688099331801,
                  51.976548056062562
               ],
               [
                  5.8720608838266326,
                  51.976334765743459
               ],
               [
                  5.8718389191011555,
                  51.976107072431972
               ],
               [
                  5.8716081026046796,
                  51.975870295569415
               ],
               [
                  5.8714546733502928,
                  51.975714892155089
               ],
               [
                  5.8712726344728123,
                  51.97553050827738
               ],
               [
                  5.8710024675278429,
                  51.975256859233106
               ],
               [
                  5.8709268342083991,
                  51.975180250637159
               ],
               [
                  5.8708602213594716,
                  51.975112778418541
               ],
               [
                  5.87076377214734,
                  51.97502351430704
               ],
               [
                  5.8700589495440498,
                  51.974371187300171
               ],
               [
                  5.8692724434060812,
                  51.973650940591071
               ],
               [
                  5.8687272406918023,
                  51.973177123549107
               ],
               [
                  5.8681946761474233,
                  51.972744841398921
               ],
               [
                  5.8677755443615842,
                  51.972413922515145
               ],
               [
                  5.8671361123662447,
                  51.97195372284439
               ],
               [
                  5.8666894723774785,
                  51.971666011454325
               ],
               [
                  5.866130009087196,
                  51.971341474075771
               ],
               [
                  5.865628856637592,
                  51.971065072169907
               ],
               [
                  5.8653208772465382,
                  51.970915068334804
               ],
               [
                  5.8649895762224791,
                  51.970780492542339
               ],
               [
                  5.8646517971533179,
                  51.970657833698326
               ],
               [
                  5.8641822012216691,
                  51.970503611031567
               ],
               [
                  5.8634779528034917,
                  51.970279922025391
               ],
               [
                  5.8630419245255254,
                  51.97014642087327
               ],
               [
                  5.8628109246671114,
                  51.970085290476739
               ],
               [
                  5.8620647368470049,
                  51.969909868232207
               ],
               [
                  5.8614116302069137,
                  51.969792094861099
               ],
               [
                  5.8610042731184544,
                  51.969725343909374
               ],
               [
                  5.860435296896747,
                  51.969654262277068
               ],
               [
                  5.8594675660115376,
                  51.969554740346524
               ],
               [
                  5.8591207626866249,
                  51.969536070112362
               ],
               [
                  5.8585855635676118,
                  51.96951304854263
               ],
               [
                  5.8580303061216812,
                  51.969506104077212
               ],
               [
                  5.8575935438883642,
                  51.969511239923818
               ],
               [
                  5.8570687693609669,
                  51.969530271122181
               ],
               [
                  5.8564372055620417,
                  51.969564215187269
               ],
               [
                  5.8558606917296716,
                  51.969621782640296
               ],
               [
                  5.855371622914789,
                  51.969673911893111
               ],
               [
                  5.854694336563707,
                  51.969764097821731
               ],
               [
                  5.8543019314565266,
                  51.969835733246292
               ],
               [
                  5.853846687116822,
                  51.969025791852566
               ],
               [
                  5.8536884571353029,
                  51.968773516165115
               ],
               [
                  5.8539280962271931,
                  51.968720968970146
               ],
               [
                  5.8542680759299444,
                  51.968642634465368
               ],
               [
                  5.854497465254048,
                  51.968606761528427
               ],
               [
                  5.8545943776204643,
                  51.9685959122952
               ],
               [
                  5.8547436997776554,
                  51.968589611329939
               ],
               [
                  5.8549469841129271,
                  51.968588803227661
               ],
               [
                  5.8551195256113644,
                  51.968593824658761
               ],
               [
                  5.8553582990019155,
                  51.968599534145255
               ],
               [
                  5.8558463671850669,
                  51.968586175620572
               ],
               [
                  5.8560372214367522,
                  51.968574950918821
               ],
               [
                  5.8562126545260345,
                  51.968561885455998
               ],
               [
                  5.8565111701528725,
                  51.96853691267129
               ],
               [
                  5.8568281855953002,
                  51.968513768108913
               ],
               [
                  5.8578330126840576,
                  51.968432699838118
               ],
               [
                  5.8583085178774112,
                  51.968396550891342
               ],
               [
                  5.8589122121817923,
                  51.968345649413621
               ],
               [
                  5.8595165959263342,
                  51.968312394281526
               ],
               [
                  5.859859499967695,
                  51.968298175339228
               ],
               [
                  5.8599899598551195,
                  51.968292300314829
               ],
               [
                  5.8603716118744185,
                  51.96828327400484
               ],
               [
                  5.8605760636734123,
                  51.968283878798864
               ],
               [
                  5.8606973270935425,
                  51.96828232024837
               ],
               [
                  5.8609572433200965,
                  51.968284841241356
               ],
               [
                  5.8611865683492512,
                  51.968289268213191
               ],
               [
                  5.8612819139597248,
                  51.968294234764414
               ],
               [
                  5.8614824490904471,
                  51.968299990609275
               ],
               [
                  5.86171114784299,
                  51.968306416295
               ],
               [
                  5.8619111269715427,
                  51.968320948978288
               ],
               [
                  5.8619226838829519,
                  51.968321616015423
               ],
               [
                  5.8623977638509137,
                  51.968354657139969
               ],
               [
                  5.8625532496126791,
                  51.968366870596192
               ],
               [
                  5.862931893441921,
                  51.968401012890141
               ],
               [
                  5.8632533997621747,
                  51.968438594947777
               ],
               [
                  5.8636333228099096,
                  51.968484145015886
               ],
               [
                  5.8636688642174253,
                  51.968488772980642
               ],
               [
                  5.8639016686303602,
                  51.968519086795226
               ],
               [
                  5.8644551822807998,
                  51.96859567928864
               ],
               [
                  5.864839230013609,
                  51.968648699626534
               ],
               [
                  5.8654165161823668,
                  51.968733751584537
               ],
               [
                  5.865704071307837,
                  51.968782524238101
               ],
               [
                  5.8658805204016664,
                  51.968810701225678
               ],
               [
                  5.8659510722154691,
                  51.968819332360745
               ],
               [
                  5.8662384913192849,
                  51.968855261701528
               ],
               [
                  5.8663026634482938,
                  51.96886142163703
               ],
               [
                  5.8667946193991947,
                  51.968905434633342
               ],
               [
                  5.8668998291503529,
                  51.968914636666874
               ],
               [
                  5.8673339464795724,
                  51.968950678686461
               ],
               [
                  5.8675894058846474,
                  51.968968185895122
               ],
               [
                  5.867684729269441,
                  51.968971007219636
               ],
               [
                  5.8677736894686836,
                  51.968972783949816
               ],
               [
                  5.8678562735577851,
                  51.968972446538835
               ],
               [
                  5.8679422664588001,
                  51.968966744372295
               ],
               [
                  5.8680847244018954,
                  51.968948682445365
               ],
               [
                  5.8681884630702186,
                  51.968928281704358
               ],
               [
                  5.8683106514008188,
                  51.968904951613688
               ],
               [
                  5.8684269746446507,
                  51.968873440819785
               ],
               [
                  5.8685582650452979,
                  51.968837230675064
               ],
               [
                  5.8689044912171786,
                  51.968728974237088
               ],
               [
                  5.8693385834236285,
                  51.968589149107032
               ],
               [
                  5.8696654390542005,
                  51.968491486180419
               ],
               [
                  5.8699021112356551,
                  51.96842701791104
               ],
               [
                  5.8701344654324688,
                  51.968372573626006
               ],
               [
                  5.8702570630215218,
                  51.968352075649491
               ],
               [
                  5.8702910902069956,
                  51.968347654759064
               ],
               [
                  5.8703903164452118,
                  51.968337616195491
               ],
               [
                  5.8704566684608466,
                  51.968331636022846
               ],
               [
                  5.8705224658342834,
                  51.968327798219057
               ],
               [
                  5.8706067587032464,
                  51.96832531172447
               ],
               [
                  5.8706714083756362,
                  51.968322192229152
               ],
               [
                  5.8708140016300581,
                  51.968316968092815
               ],
               [
                  5.8709196784020437,
                  51.968315820809018
               ],
               [
                  5.8712893050768598,
                  51.968319787673281
               ],
               [
                  5.871501989736351,
                  51.968322309828046
               ],
               [
                  5.8718023473129239,
                  51.968327702665
               ],
               [
                  5.8720386670784812,
                  51.968332090435268
               ],
               [
                  5.8724041218818233,
                  51.968338873560597
               ],
               [
                  5.8726108954036924,
                  51.968342711516478
               ],
               [
                  5.8728982344564225,
                  51.968348043819617
               ],
               [
                  5.8729892130688786,
                  51.968351530436649
               ],
               [
                  5.8732031576221821,
                  51.968362057432849
               ],
               [
                  5.8734193062269231,
                  51.968376146903118
               ],
               [
                  5.8735534032688639,
                  51.968386294093044
               ],
               [
                  5.8737452902535709,
                  51.968399769596488
               ],
               [
                  5.8741475873267852,
                  51.968430567305965
               ],
               [
                  5.8744423625004858,
                  51.968452177127595
               ],
               [
                  5.874651001014934,
                  51.968465938606684
               ],
               [
                  5.8748110562298734,
                  51.968473122992336
               ],
               [
                  5.8748901707813364,
                  51.968472438183412
               ],
               [
                  5.8749973416978731,
                  51.968465880836732
               ],
               [
                  5.8751954423649497,
                  51.968450125933465
               ],
               [
                  5.8753251987468884,
                  51.968432821588372
               ],
               [
                  5.8754987451392484,
                  51.968406060246842
               ],
               [
                  5.8756203621894905,
                  51.968383794530837
               ],
               [
                  5.8757701915238281,
                  51.968353564679418
               ],
               [
                  5.8759198539246444,
                  51.968321521479112
               ],
               [
                  5.8760414686387223,
                  51.968285729653317
               ],
               [
                  5.8761761380366684,
                  51.968242362875863
               ],
               [
                  5.8762649980180131,
                  51.968212758830184
               ],
               [
                  5.8764452270195031,
                  51.968132798562706
               ],
               [
                  5.8765757442758924,
                  51.96807946072839
               ],
               [
                  5.8767538112129536,
                  51.967990964643363
               ],
               [
                  5.8768266939343521,
                  51.967948567914334
               ],
               [
                  5.8769650065709511,
                  51.967868799281952
               ],
               [
                  5.8771110073319717,
                  51.967784452152912
               ],
               [
                  5.8772400906833671,
                  51.967700194192936
               ],
               [
                  5.8773147667636572,
                  51.967641156725108
               ],
               [
                  5.8774839568889767,
                  51.967507396964997
               ],
               [
                  5.8776358842024967,
                  51.967387283153627
               ],
               [
                  5.8776760371483006,
                  51.967355537828098
               ],
               [
                  5.8779640007457834,
                  51.967127871417517
               ],
               [
                  5.8779967667459649,
                  51.967101965976845
               ],
               [
                  5.8781158576939747,
                  51.967007811196225
               ],
               [
                  5.8782593969001429,
                  51.966894326329118
               ],
               [
                  5.8783953905520603,
                  51.966787094536002
               ],
               [
                  5.8785134619540971,
                  51.966694068045371
               ],
               [
                  5.8787172959358989,
                  51.966533468128446
               ],
               [
                  5.8788831761566192,
                  51.966402771690809
               ],
               [
                  5.8791151405876043,
                  51.966492651742485
               ],
               [
                  5.8795208961885299,
                  51.96662936331478
               ],
               [
                  5.8800306646711862,
                  51.966771346265887
               ],
               [
                  5.8804127299856912,
                  51.966853932620481
               ],
               [
                  5.8807900040995129,
                  51.966920841462397
               ],
               [
                  5.8811531682648184,
                  51.966964977904652
               ],
               [
                  5.8817936838305824,
                  51.967022216413788
               ],
               [
                  5.882225754544983,
                  51.967030387679486
               ],
               [
                  5.8828032265957919,
                  51.967026528715408
               ],
               [
                  5.8834081024445171,
                  51.9669940140259
               ],
               [
                  5.8838674029033955,
                  51.966957829844468
               ],
               [
                  5.884317288902067,
                  51.96690598727271
               ],
               [
                  5.8846563601947821,
                  51.966860320201505
               ],
               [
                  5.8851591200722178,
                  51.966785420322338
               ],
               [
                  5.8858300899691942,
                  51.966672705840196
               ],
               [
                  5.886653004339462,
                  51.966513681511572
               ],
               [
                  5.8875472965370976,
                  51.966334371139567
               ],
               [
                  5.8885729754735134,
                  51.966130237045668
               ],
               [
                  5.8893771605042327,
                  51.965985126280373
               ],
               [
                  5.8897140911661152,
                  51.965916615163444
               ],
               [
                  5.8917978026294389,
                  51.965492888092065
               ],
               [
                  5.8920626347877887,
                  51.965420406392958
               ],
               [
                  5.8922200734059329,
                  51.965384057430008
               ],
               [
                  5.8928800905682426,
                  51.965190967367974
               ],
               [
                  5.8930642616292541,
                  51.965135477537679
               ],
               [
                  5.8934093966292815,
                  51.965015083594309
               ],
               [
                  5.8937276097915188,
                  51.964897182900643
               ],
               [
                  5.8940764299022392,
                  51.964762502067266
               ],
               [
                  5.8943139563947593,
                  51.964659216521909
               ],
               [
                  5.8944250342480435,
                  51.964608795424581
               ],
               [
                  5.894719846322972,
                  51.964464833168321
               ],
               [
                  5.8949534929242065,
                  51.964359184735308
               ],
               [
                  5.895148669176189,
                  51.964256080309099
               ],
               [
                  5.8953132353465767,
                  51.964169755173913
               ],
               [
                  5.8955887142988797,
                  51.964018739260311
               ],
               [
                  5.8963965583921931,
                  51.963596767213808
               ],
               [
                  5.8967673112007688,
                  51.963376010412055
               ],
               [
                  5.8972831453806211,
                  51.963068862464375
               ],
               [
                  5.8973662919819354,
                  51.963013393169781
               ]
            ]
         },
         "properties":{
            "GEBIEDSNAAM":"Malburgen"
         }
      },
      {
         "type":"Feature",
         "geometry":{
            "type":"LineString",
            "coordinates":[
               [
                  5.8637137812081717,
                  51.995768637705538
               ],
               [
                  5.8636722804855488,
                  51.995615015409669
               ],
               [
                  5.8636726443933647,
                  51.995615004948
               ],
               [
                  5.8636118079823731,
                  51.995377887416439
               ],
               [
                  5.8635331631777872,
                  51.995065286022331
               ],
               [
                  5.8634538848810571,
                  51.994746404286403
               ],
               [
                  5.8633820332205149,
                  51.994464497396883
               ],
               [
                  5.8633284706779101,
                  51.994260759888036
               ],
               [
                  5.8632286714037685,
                  51.993871159909176
               ],
               [
                  5.8631505254522134,
                  51.993552929499479
               ],
               [
                  5.8630425215416651,
                  51.993185653584703
               ],
               [
                  5.863012422877107,
                  51.993018026031358
               ],
               [
                  5.8629493688762668,
                  51.992779820487506
               ],
               [
                  5.8628911103319874,
                  51.992551653464766
               ],
               [
                  5.8628340940729329,
                  51.992326618315403
               ],
               [
                  5.862789151120432,
                  51.992153990256277
               ],
               [
                  5.8627098478922681,
                  51.991842748113442
               ],
               [
                  5.8626303501320214,
                  51.991526787818124
               ],
               [
                  5.8625600151049664,
                  51.991220794462038
               ],
               [
                  5.8629309600407957,
                  51.991197678434304
               ],
               [
                  5.8645533834953865,
                  51.991094204805599
               ],
               [
                  5.8647023768495385,
                  51.991081295266802
               ],
               [
                  5.8647001069540012,
                  51.99105272156627
               ],
               [
                  5.8644262930369235,
                  51.990088862869953
               ],
               [
                  5.8643749475900746,
                  51.989901871114881
               ],
               [
                  5.8643699489131391,
                  51.989886359548187
               ],
               [
                  5.8642779184366942,
                  51.989534453018457
               ],
               [
                  5.8642326482463272,
                  51.989353216055726
               ],
               [
                  5.8641867340338285,
                  51.989178462270246
               ],
               [
                  5.8640941538845626,
                  51.988812931484311
               ],
               [
                  5.8640519402942175,
                  51.988653388873722
               ],
               [
                  5.8639551052362657,
                  51.98826538638933
               ],
               [
                  5.8638326175896607,
                  51.987771704018456
               ],
               [
                  5.8638216508666527,
                  51.987734321017591
               ],
               [
                  5.8637639280813216,
                  51.987540865201545
               ],
               [
                  5.8637007622519182,
                  51.987329167099624
               ],
               [
                  5.863685503023909,
                  51.987291963257299
               ],
               [
                  5.8633267138277985,
                  51.985920708059922
               ],
               [
                  5.8632916601719201,
                  51.985785099056962
               ],
               [
                  5.8632510952886392,
                  51.985652784094093
               ],
               [
                  5.8632488998682177,
                  51.985653044649979
               ],
               [
                  5.8631861616852969,
                  51.985432742659832
               ],
               [
                  5.8631537736654726,
                  51.985290354607173
               ],
               [
                  5.863816092216493,
                  51.985165737804557
               ],
               [
                  5.8641440815189556,
                  51.985029997141098
               ],
               [
                  5.8648244699370586,
                  51.98474652238832
               ],
               [
                  5.8651836347995001,
                  51.984593044087703
               ],
               [
                  5.8652667169493524,
                  51.984557540566428
               ],
               [
                  5.8655054826706854,
                  51.984455508897767
               ],
               [
                  5.8655033788066069,
                  51.984450699700389
               ],
               [
                  5.8655094842053987,
                  51.984436248596133
               ],
               [
                  5.8655221104149424,
                  51.984420359813384
               ],
               [
                  5.8655449470488783,
                  51.984405022749606
               ],
               [
                  5.8655584121075561,
                  51.984392716899926
               ],
               [
                  5.8655874974971516,
                  51.984379098160424
               ],
               [
                  5.8661267903254162,
                  51.984151072192326
               ],
               [
                  5.8661281081261656,
                  51.984146338961352
               ],
               [
                  5.8661754848715164,
                  51.984147098874132
               ],
               [
                  5.8661782568340941,
                  51.984154484994512
               ],
               [
                  5.8662370517268272,
                  51.984112153249896
               ],
               [
                  5.8662184819265955,
                  51.984006346199536
               ],
               [
                  5.8662959474350087,
                  51.983755049377748
               ],
               [
                  5.8663253492765195,
                  51.983681198299578
               ],
               [
                  5.8663324625331503,
                  51.983652119016867
               ],
               [
                  5.8663687972396197,
                  51.983578635182482
               ],
               [
                  5.8663932145428497,
                  51.98354373288862
               ],
               [
                  5.8664090800505306,
                  51.983514995466784
               ],
               [
                  5.8664350941054506,
                  51.983472869022606
               ],
               [
                  5.8665253700352462,
                  51.983364785022388
               ],
               [
                  5.8666064737705286,
                  51.983184454076849
               ],
               [
                  5.8667107018540845,
                  51.982550360229965
               ],
               [
                  5.8667132911399511,
                  51.982516167010701
               ],
               [
                  5.8667314779159891,
                  51.982315266376638
               ],
               [
                  5.8667801774406989,
                  51.982241183754489
               ],
               [
                  5.8668626600216296,
                  51.982093420812227
               ],
               [
                  5.8669570549675356,
                  51.981918994765543
               ],
               [
                  5.8670137122662283,
                  51.981795596531086
               ],
               [
                  5.8670449001649727,
                  51.98166172286323
               ],
               [
                  5.8670553750762675,
                  51.981576875165672
               ],
               [
                  5.8670637600904767,
                  51.98150621060028
               ],
               [
                  5.8670747185884595,
                  51.981436632114978
               ],
               [
                  5.8670884224130999,
                  51.98137331629168
               ],
               [
                  5.8671313288160452,
                  51.981182453664232
               ],
               [
                  5.8671462107380341,
                  51.981098666576408
               ],
               [
                  5.8671999711679979,
                  51.980858458594284
               ],
               [
                  5.8672010557971541,
                  51.980693275442157
               ],
               [
                  5.867223569409993,
                  51.980573216214559
               ],
               [
                  5.8672289701445752,
                  51.980559666728148
               ],
               [
                  5.8673187918273602,
                  51.980375902132444
               ],
               [
                  5.8673670300731882,
                  51.980312040862181
               ],
               [
                  5.8673697171511252,
                  51.980289756787329
               ],
               [
                  5.8673578936784629,
                  51.980268979053172
               ],
               [
                  5.8673363634358653,
                  51.980238866089898
               ],
               [
                  5.8673284034172895,
                  51.980226818242507
               ],
               [
                  5.8673243489633888,
                  51.980211123167528
               ],
               [
                  5.8673133886206346,
                  51.98016763735729
               ],
               [
                  5.867302389581396,
                  51.980150442601271
               ],
               [
                  5.8672837859986293,
                  51.980135364168817
               ],
               [
                  5.8671532488028655,
                  51.980127088159257
               ],
               [
                  5.867072072182415,
                  51.980113559248238
               ],
               [
                  5.8667782499824694,
                  51.980112195572161
               ],
               [
                  5.8667357662010824,
                  51.98011669212238
               ],
               [
                  5.8666872867809303,
                  51.980114507789139
               ],
               [
                  5.8666700383810282,
                  51.980109077215417
               ],
               [
                  5.8666372470733199,
                  51.980094362100914
               ],
               [
                  5.8665675028588478,
                  51.980058243498036
               ],
               [
                  5.8664285940737271,
                  51.980036122795248
               ],
               [
                  5.8661328232277619,
                  51.97995992852664
               ],
               [
                  5.8658577365418605,
                  51.979867326575935
               ],
               [
                  5.8658872512105731,
                  51.979812395594735
               ],
               [
                  5.8658968368685409,
                  51.979774974085188
               ],
               [
                  5.8658762866916474,
                  51.979754744046097
               ],
               [
                  5.8658008371180603,
                  51.979709012709911
               ],
               [
                  5.8658019498533553,
                  51.979653711911055
               ],
               [
                  5.8657964464458363,
                  51.979609943101785
               ],
               [
                  5.8657882343741958,
                  51.979579685798349
               ],
               [
                  5.8657800267796611,
                  51.979552574395314
               ],
               [
                  5.8657597810981903,
                  51.979503580405776
               ],
               [
                  5.8657523005896293,
                  51.979480492819853
               ],
               [
                  5.8657329411201982,
                  51.979464068968596
               ],
               [
                  5.8656978778229849,
                  51.979389140952691
               ],
               [
                  5.8656059958231381,
                  51.979163322996662
               ],
               [
                  5.8655383297850507,
                  51.978937029000647
               ],
               [
                  5.8654748100256748,
                  51.978650442283126
               ],
               [
                  5.8648739069333926,
                  51.978389129607187
               ],
               [
                  5.8641438811816693,
                  51.978047370390705
               ],
               [
                  5.8638071223672386,
                  51.977976324996924
               ],
               [
                  5.8637368408490991,
                  51.977964448459296
               ],
               [
                  5.8637969917697932,
                  51.977866744211596
               ],
               [
                  5.8639214471391528,
                  51.97764042585446
               ],
               [
                  5.8641285395209941,
                  51.977287809753221
               ],
               [
                  5.8643445721026586,
                  51.976915319732051
               ],
               [
                  5.8646323457846892,
                  51.976417546261594
               ],
               [
                  5.8646506208955937,
                  51.976385599428426
               ],
               [
                  5.8647166448773778,
                  51.976271224433106
               ],
               [
                  5.8648748294938011,
                  51.976225370913127
               ],
               [
                  5.8649984665525468,
                  51.976189553656873
               ],
               [
                  5.8651029875230396,
                  51.976079435366948
               ],
               [
                  5.8651559521510226,
                  51.976044030836675
               ],
               [
                  5.8653234117700341,
                  51.975960432920708
               ],
               [
                  5.8654822760997893,
                  51.975867935291753
               ],
               [
                  5.8655390352464654,
                  51.975839013734955
               ],
               [
                  5.865602000912479,
                  51.975810696097028
               ],
               [
                  5.8658997996619417,
                  51.975685481550236
               ],
               [
                  5.8662740791628805,
                  51.975547982352431
               ],
               [
                  5.8665970524175277,
                  51.975425422919344
               ],
               [
                  5.8667621029691608,
                  51.975347019021456
               ],
               [
                  5.8668668659956609,
                  51.97530229735802
               ],
               [
                  5.8669649407675442,
                  51.97532215718379
               ],
               [
                  5.8671847068999456,
                  51.975388592479881
               ],
               [
                  5.8675462022762268,
                  51.975501179198105
               ],
               [
                  5.868222885613009,
                  51.975709973134805
               ],
               [
                  5.8686592631083601,
                  51.975846473849394
               ],
               [
                  5.8691400043731932,
                  51.975995096273657
               ],
               [
                  5.8691868569987085,
                  51.975991219112515
               ],
               [
                  5.8692761426835149,
                  51.975939251184506
               ],
               [
                  5.8695010979839966,
                  51.975756809501455
               ],
               [
                  5.8708602213594716,
                  51.975112778418541
               ],
               [
                  5.8709268342083991,
                  51.975180250637159
               ],
               [
                  5.8710024675278429,
                  51.975256859233106
               ],
               [
                  5.8712726344728123,
                  51.97553050827738
               ],
               [
                  5.8714546733502928,
                  51.975714892155089
               ],
               [
                  5.8716081026046796,
                  51.975870295569415
               ],
               [
                  5.8718389191011555,
                  51.976107072431972
               ],
               [
                  5.8720608838266326,
                  51.976334765743459
               ],
               [
                  5.8722688099331801,
                  51.976548056062562
               ],
               [
                  5.8724948605777278,
                  51.976779553555296
               ],
               [
                  5.8727331024449008,
                  51.977021067252991
               ],
               [
                  5.8729500176515126,
                  51.977231890619436
               ],
               [
                  5.8731269852904591,
                  51.9773950893346
               ],
               [
                  5.8733071546281517,
                  51.977547392361984
               ],
               [
                  5.8734060535107462,
                  51.977630995090955
               ],
               [
                  5.8736814229072847,
                  51.977849957164842
               ],
               [
                  5.8738244076673061,
                  51.977963488210477
               ],
               [
                  5.8740504006763201,
                  51.978136663857285
               ],
               [
                  5.8742596972429997,
                  51.978296660266338
               ],
               [
                  5.8743994308215219,
                  51.978402598134565
               ],
               [
                  5.8745549558666665,
                  51.978516690257216
               ],
               [
                  5.8747585075884876,
                  51.978655083570501
               ],
               [
                  5.8749310931769614,
                  51.978775056556131
               ],
               [
                  5.8753883788329944,
                  51.979076791686708
               ],
               [
                  5.8754512235780885,
                  51.979118258396674
               ],
               [
                  5.8755469686508928,
                  51.979175546423612
               ],
               [
                  5.8758731272626399,
                  51.979370697168441
               ],
               [
                  5.8759941551065173,
                  51.979441622995076
               ],
               [
                  5.8765329233440093,
                  51.97975436379383
               ],
               [
                  5.8766968274632276,
                  51.979846403050679
               ],
               [
                  5.8768218382132051,
                  51.979916601374093
               ],
               [
                  5.8769665637143076,
                  51.979997870235707
               ],
               [
                  5.8770835540546305,
                  51.980063443008845
               ],
               [
                  5.8772075275454272,
                  51.980129453076202
               ],
               [
                  5.8773937037025048,
                  51.980228583881086
               ],
               [
                  5.8775605661689578,
                  51.980317429530508
               ],
               [
                  5.8778191153436348,
                  51.98044620536367
               ],
               [
                  5.8779556848972367,
                  51.980514225838284
               ],
               [
                  5.8779797330752466,
                  51.98052609889929
               ],
               [
                  5.8781084735617997,
                  51.9805857495491
               ],
               [
                  5.8783744776351545,
                  51.980708997579825
               ],
               [
                  5.8785652748193957,
                  51.980797399420723
               ],
               [
                  5.8786043820370972,
                  51.980815433888772
               ],
               [
                  5.8787803651274091,
                  51.980892692383421
               ],
               [
                  5.8789850152178804,
                  51.98098253581589
               ],
               [
                  5.8792680730181806,
                  51.981103609064178
               ],
               [
                  5.8793249048637763,
                  51.981126737457778
               ],
               [
                  5.8795292617643984,
                  51.981208373911237
               ],
               [
                  5.879866393698161,
                  51.981343047995466
               ],
               [
                  5.879916825071021,
                  51.981363194505924
               ],
               [
                  5.8803113986698916,
                  51.981507449201835
               ],
               [
                  5.8807031324046202,
                  51.981634285185649
               ],
               [
                  5.8812776268198492,
                  51.981820292183038
               ],
               [
                  5.8815344346427656,
                  51.981903437827867
               ],
               [
                  5.8818004219668376,
                  51.981989555418536
               ],
               [
                  5.8821385692146828,
                  51.982094526625708
               ],
               [
                  5.882393784922944,
                  51.982168190793715
               ],
               [
                  5.882658669452371,
                  51.982238392726593
               ],
               [
                  5.8828100472209126,
                  51.9822785118943
               ],
               [
                  5.8829240132712783,
                  51.982308715280674
               ],
               [
                  5.8832291387096465,
                  51.982383049143849
               ],
               [
                  5.8836011481344359,
                  51.982473303401484
               ],
               [
                  5.8838510974590941,
                  51.982533943729443
               ],
               [
                  5.8840718358037405,
                  51.982583854353095
               ],
               [
                  5.8841195755631786,
                  51.982594629309872
               ],
               [
                  5.8844028577134777,
                  51.982656036400599
               ],
               [
                  5.8848181748896717,
                  51.982742887751989
               ],
               [
                  5.8854147295800576,
                  51.982835358339514
               ],
               [
                  5.885912137646728,
                  51.982912457262316
               ],
               [
                  5.8859356683106956,
                  51.982916103864589
               ],
               [
                  5.8856219706256692,
                  51.983703513287097
               ],
               [
                  5.8855388842339345,
                  51.983883353661881
               ],
               [
                  5.8854845676014325,
                  51.984000834080788
               ],
               [
                  5.8853475148469032,
                  51.983988795688091
               ],
               [
                  5.8849489610233991,
                  51.983964005483614
               ],
               [
                  5.8846052729844303,
                  51.983942625866533
               ],
               [
                  5.8842992194827586,
                  51.983916388031652
               ],
               [
                  5.8840439948396606,
                  51.983893684708164
               ],
               [
                  5.8838642790364304,
                  51.983872564041143
               ],
               [
                  5.8836290196704049,
                  51.983844067931301
               ],
               [
                  5.8833852084318696,
                  51.983808472462655
               ],
               [
                  5.8831568866576953,
                  51.983780421634698
               ],
               [
                  5.8829380187364642,
                  51.983771355277881
               ],
               [
                  5.8829326135308158,
                  51.983770941218559
               ],
               [
                  5.882958195528964,
                  51.983840155198948
               ],
               [
                  5.883631407066245,
                  51.983962003920908
               ],
               [
                  5.8855861976548827,
                  51.984390583516898
               ],
               [
                  5.8856310012528548,
                  51.984401808928695
               ],
               [
                  5.8865021663519048,
                  51.98460358976746
               ],
               [
                  5.8875814348394568,
                  51.984814942630365
               ],
               [
                  5.8891020323656189,
                  51.985088138382899
               ],
               [
                  5.8894479437909784,
                  51.985159910145633
               ],
               [
                  5.8896689514824114,
                  51.985221750141299
               ],
               [
                  5.8898112724509755,
                  51.985273462547838
               ],
               [
                  5.8899644627199823,
                  51.985332737874948
               ],
               [
                  5.8902784213037531,
                  51.985439840320986
               ],
               [
                  5.890484120673718,
                  51.985510305645384
               ],
               [
                  5.89064803371922,
                  51.985563827509118
               ],
               [
                  5.8908302619254949,
                  51.985602048973114
               ],
               [
                  5.8911096246019676,
                  51.98564651364655
               ],
               [
                  5.8913687664709933,
                  51.985673941429908
               ],
               [
                  5.8915687401956314,
                  51.985680219240315
               ],
               [
                  5.8917674552404256,
                  51.985677227028781
               ],
               [
                  5.8919105465064652,
                  51.985660203215254
               ],
               [
                  5.8921100381991645,
                  51.985623675147586
               ],
               [
                  5.8923070411176308,
                  51.985571461067828
               ],
               [
                  5.8924566150437867,
                  51.985514455532382
               ],
               [
                  5.8925497563353257,
                  51.985474102258884
               ],
               [
                  5.8926754009728821,
                  51.985412918976358
               ],
               [
                  5.8925921619860562,
                  51.98598419871464
               ],
               [
                  5.8927459546063972,
                  51.985969698582274
               ],
               [
                  5.8929115026318275,
                  51.985948632961147
               ],
               [
                  5.8934132699777395,
                  51.985884782571731
               ],
               [
                  5.8942087787054946,
                  51.985794077367643
               ],
               [
                  5.8943827040006509,
                  51.985773973077627
               ],
               [
                  5.8945165142740343,
                  51.985758505136246
               ],
               [
                  5.8953686294577921,
                  51.985633065063446
               ],
               [
                  5.8959070966165363,
                  51.985565100518805
               ],
               [
                  5.8967009653214797,
                  51.985466538718377
               ],
               [
                  5.8969629479030541,
                  51.985434769741865
               ],
               [
                  5.8969577346962101,
                  51.985478545829942
               ],
               [
                  5.8969811318713541,
                  51.985481392628429
               ],
               [
                  5.8969825403383025,
                  51.985525887855289
               ],
               [
                  5.896970688848767,
                  51.985565434026803
               ],
               [
                  5.8969682631730027,
                  51.985565911931644
               ],
               [
                  5.8969668362250687,
                  51.985573567202003
               ],
               [
                  5.8969590967981258,
                  51.985616277430843
               ],
               [
                  5.8969438788469501,
                  51.985700321537983
               ],
               [
                  5.8969388653468284,
                  51.985727991429947
               ],
               [
                  5.8970119318472918,
                  51.985721760490598
               ],
               [
                  5.8972219420208587,
                  51.985704051014906
               ],
               [
                  5.8973027878419675,
                  51.985698316482505
               ],
               [
                  5.8975461181778348,
                  51.985682996666362
               ],
               [
                  5.8977084221027098,
                  51.985674176007201
               ],
               [
                  5.8980335239592332,
                  51.985657745299505
               ],
               [
                  5.8981959443545611,
                  51.985648941438647
               ],
               [
                  5.8983581094316575,
                  51.985639455348107
               ],
               [
                  5.8985116529968264,
                  51.985629673935698
               ],
               [
                  5.898622552996823,
                  51.985622058739025
               ],
               [
                  5.8987818754567627,
                  51.985609950834359
               ],
               [
                  5.8989580459056601,
                  51.98559776942718
               ],
               [
                  5.898958258320488,
                  51.985616379784048
               ],
               [
                  5.8990372798571977,
                  51.985611550830235
               ],
               [
                  5.8990337579635499,
                  51.985589579745664
               ],
               [
                  5.8991983935778833,
                  51.985575038384219
               ],
               [
                  5.8992401602491285,
                  51.985571308007309
               ],
               [
                  5.8994093189360024,
                  51.985554743160968
               ],
               [
                  5.8995700635709332,
                  51.985538205729831
               ],
               [
                  5.899674775888287,
                  51.985526738916853
               ],
               [
                  5.8997309849057658,
                  51.985520579720365
               ],
               [
                  5.8998911665572216,
                  51.985501932041558
               ],
               [
                  5.9002109615486171,
                  51.985462076825698
               ],
               [
                  5.9002993082017881,
                  51.985450375214079
               ],
               [
                  5.9003701540615223,
                  51.985440987974343
               ],
               [
                  5.9008462809819875,
                  51.985371893016364
               ],
               [
                  5.9011236737560173,
                  51.985329973343909
               ],
               [
                  5.9015589264254329,
                  51.98526388536947
               ],
               [
                  5.901875869085969,
                  51.985216775495125
               ],
               [
                  5.9020345831836503,
                  51.985194733711921
               ],
               [
                  5.9021939993547372,
                  51.985174261602666
               ],
               [
                  5.9024550873545758,
                  51.985143915246383
               ],
               [
                  5.9025661149815898,
                  51.985132364263507
               ],
               [
                  5.9027270505124285,
                  51.985116199184397
               ],
               [
                  5.9028478469694825,
                  51.985104730964565
               ],
               [
                  5.9029692010876618,
                  51.985094923021258
               ],
               [
                  5.9030905142744476,
                  51.985085357817638
               ],
               [
                  5.903216536759742,
                  51.98507642798296
               ],
               [
                  5.9033615424142418,
                  51.985067531576441
               ],
               [
                  5.9034853919923371,
                  51.98506080414537
               ],
               [
                  5.9034646011455942,
                  51.984753072076217
               ],
               [
                  5.9043411316484944,
                  51.984795852124833
               ],
               [
                  5.9047682876002288,
                  51.984830122151621
               ],
               [
                  5.9050458759293543,
                  51.984853632969923
               ],
               [
                  5.9051518191273278,
                  51.984863409719374
               ],
               [
                  5.9053312008794885,
                  51.984879963763106
               ],
               [
                  5.9057883189363185,
                  51.984917133497341
               ],
               [
                  5.9065259863405162,
                  51.98500903745694
               ],
               [
                  5.9069686859601944,
                  51.985065651449013
               ],
               [
                  5.907301223435141,
                  51.985104688739661
               ],
               [
                  5.9075540718106216,
                  51.985136746682173
               ],
               [
                  5.9077797333778959,
                  51.985166069683267
               ],
               [
                  5.9080580593397505,
                  51.985203007571691
               ],
               [
                  5.9083519930019053,
                  51.985240588401687
               ],
               [
                  5.9086175896914206,
                  51.985275798045564
               ],
               [
                  5.90888677952631,
                  51.985314380664875
               ],
               [
                  5.9091941849953891,
                  51.985354240212928
               ],
               [
                  5.9094467661802677,
                  51.985386989903468
               ],
               [
                  5.9097399911265969,
                  51.9854250099472
               ],
               [
                  5.9097942809645669,
                  51.985432048434717
               ],
               [
                  5.910084304819347,
                  51.98546965219947
               ],
               [
                  5.910172753261099,
                  51.985481120031466
               ],
               [
                  5.91048883295176,
                  51.985522100728815
               ],
               [
                  5.9105415046914285,
                  51.985528929450858
               ],
               [
                  5.9107103425740934,
                  51.985551077794156
               ],
               [
                  5.910777650623924,
                  51.985559907693926
               ],
               [
                  5.9109142091597766,
                  51.985577849053875
               ],
               [
                  5.9111005198045401,
                  51.985601277184209
               ],
               [
                  5.911209302065755,
                  51.9856152989463
               ],
               [
                  5.9114141029576714,
                  51.985638881501849
               ],
               [
                  5.911528266146143,
                  51.985651928919445
               ],
               [
                  5.9117538730687595,
                  51.98567613181536
               ],
               [
                  5.9118765183255917,
                  51.985689853847049
               ],
               [
                  5.9120940183434483,
                  51.985712426708524
               ],
               [
                  5.9122679032812879,
                  51.985727108834723
               ],
               [
                  5.9124691737182236,
                  51.98574523589776
               ],
               [
                  5.9126353303352612,
                  51.985757811863344
               ],
               [
                  5.9126796642984853,
                  51.98576118129975
               ],
               [
                  5.9128550583610302,
                  51.985773179982409
               ],
               [
                  5.9130328378539128,
                  51.98578338444964
               ],
               [
                  5.9131817113112826,
                  51.985791934615754
               ],
               [
                  5.9133835377665473,
                  51.985799949319691
               ],
               [
                  5.9135405742858032,
                  51.985806679225448
               ],
               [
                  5.9137178213264239,
                  51.98581242591505
               ],
               [
                  5.9139653751991448,
                  51.985819343286551
               ],
               [
                  5.9141748404981831,
                  51.985821675037883
               ],
               [
                  5.9142187203023484,
                  51.985821316658509
               ],
               [
                  5.9144857022009427,
                  51.985819134158774
               ],
               [
                  5.9146572108112174,
                  51.985816838102565
               ],
               [
                  5.9148617872569345,
                  51.985812948135944
               ],
               [
                  5.9150499664561593,
                  51.98580675217687
               ],
               [
                  5.9151462123382155,
                  51.985802753659904
               ],
               [
                  5.9153993233774003,
                  51.985790914922582
               ],
               [
                  5.915428114778555,
                  51.985789620742707
               ],
               [
                  5.9155388746348843,
                  51.985784640812341
               ],
               [
                  5.9157712266412537,
                  51.985768138771192
               ],
               [
                  5.9159068839561106,
                  51.985758313342096
               ],
               [
                  5.9161305854801025,
                  51.985743038631696
               ],
               [
                  5.9163685482743125,
                  51.985722892368415
               ],
               [
                  5.9165356215377978,
                  51.985709563236263
               ],
               [
                  5.9166632391051142,
                  51.985696224510214
               ],
               [
                  5.9168070393548309,
                  51.985679232721971
               ],
               [
                  5.9169672055712805,
                  51.985660674983045
               ],
               [
                  5.9170505114661447,
                  51.985650453915959
               ],
               [
                  5.9171776438711738,
                  51.98563304418937
               ],
               [
                  5.917274563099034,
                  51.985620906429673
               ],
               [
                  5.9175148288540909,
                  51.985588051404768
               ],
               [
                  5.9177228960676569,
                  51.985558537374203
               ],
               [
                  5.9178892508289662,
                  51.985534153871022
               ],
               [
                  5.9180327983511027,
                  51.985509422741281
               ],
               [
                  5.9181724074544286,
                  51.985485391430579
               ],
               [
                  5.9183387708445752,
                  51.985456863615838
               ],
               [
                  5.9184051823309831,
                  51.985444577741625
               ],
               [
                  5.9185866188642802,
                  51.985413888115097
               ],
               [
                  5.9187000752340255,
                  51.985393208331409
               ],
               [
                  5.9187888916208493,
                  51.985373401108234
               ],
               [
                  5.9189398090234659,
                  51.985341708230571
               ],
               [
                  5.9191070054662465,
                  51.985305565112867
               ],
               [
                  5.9193624175772266,
                  51.985250947992917
               ],
               [
                  5.9195563291027176,
                  51.985207072921988
               ],
               [
                  5.9196942909758006,
                  51.985174296183388
               ],
               [
                  5.9198245665252278,
                  51.985142884364386
               ],
               [
                  5.9199674199037151,
                  51.985106850242857
               ],
               [
                  5.9201647122221175,
                  51.985062388990308
               ],
               [
                  5.920331295652085,
                  51.9850234641059
               ],
               [
                  5.9205538418380801,
                  51.984969983862186
               ],
               [
                  5.9207264847759449,
                  51.984927139877357
               ],
               [
                  5.9209121371769386,
                  51.984880005787566
               ],
               [
                  5.9212876187696803,
                  51.985032371984175
               ],
               [
                  5.9215662457019373,
                  51.985142048147999
               ],
               [
                  5.921745930668795,
                  51.985215530455378
               ],
               [
                  5.921324797378726,
                  51.985577582984227
               ],
               [
                  5.9214201950914838,
                  51.985617088665414
               ],
               [
                  5.9216465908748477,
                  51.98571178903223
               ],
               [
                  5.9216594043150197,
                  51.985717148101017
               ],
               [
                  5.9216858373831682,
                  51.985692667731662
               ],
               [
                  5.9216995189811987,
                  51.985679996686478
               ],
               [
                  5.9217599519836153,
                  51.985625414368755
               ],
               [
                  5.9218072717224022,
                  51.985645584927298
               ],
               [
                  5.9218319783405793,
                  51.98565799342834
               ],
               [
                  5.9218297599536704,
                  51.985659962974488
               ],
               [
                  5.9219046468185015,
                  51.985691673296181
               ],
               [
                  5.9219227137837418,
                  51.985699322959171
               ],
               [
                  5.9219756456875867,
                  51.985727431628945
               ],
               [
                  5.9218654947693299,
                  51.985812225236174
               ],
               [
                  5.9218162001543035,
                  51.985849628756903
               ],
               [
                  5.9217475716354073,
                  51.985901704637627
               ],
               [
                  5.9217257678394803,
                  51.985918248830423
               ],
               [
                  5.9216057017910515,
                  51.986008139604536
               ],
               [
                  5.9215556953070259,
                  51.98604557950501
               ],
               [
                  5.921673555475409,
                  51.98612271069706
               ],
               [
                  5.9217330612907277,
                  51.986152713114947
               ],
               [
                  5.9216461270911518,
                  51.986218453533638
               ],
               [
                  5.9220088619299762,
                  51.986403729612107
               ],
               [
                  5.9221012637110304,
                  51.986331507722262
               ],
               [
                  5.9222383312829194,
                  51.986392984957284
               ],
               [
                  5.9226326626006172,
                  51.986619387266217
               ],
               [
                  5.9228270732072099,
                  51.986731004137496
               ],
               [
                  5.9228805444722772,
                  51.986761703985977
               ],
               [
                  5.9230823189702013,
                  51.986860465899596
               ],
               [
                  5.9231627932498636,
                  51.986899854792718
               ],
               [
                  5.9233602417431497,
                  51.986996496710702
               ],
               [
                  5.9239733801661094,
                  51.98728024317456
               ],
               [
                  5.9240266608880718,
                  51.987232044416892
               ],
               [
                  5.9240835859124221,
                  51.987260728047112
               ],
               [
                  5.9242391124133578,
                  51.987339054580268
               ],
               [
                  5.9243721053120542,
                  51.987406239368951
               ],
               [
                  5.9245067129643507,
                  51.987474626453555
               ],
               [
                  5.9245620663649179,
                  51.987503070719299
               ],
               [
                  5.9244337021767706,
                  51.987621764176531
               ],
               [
                  5.9246307607236268,
                  51.98769448763089
               ],
               [
                  5.9249695288109647,
                  51.987831418423724
               ],
               [
                  5.9251347599605628,
                  51.98789889799891
               ],
               [
                  5.9251426885301228,
                  51.987891140732678
               ],
               [
                  5.9253296748157949,
                  51.98796141927901
               ],
               [
                  5.9254812269339228,
                  51.988018386143104
               ],
               [
                  5.925354018519112,
                  51.988139897683055
               ],
               [
                  5.9257977266918118,
                  51.988509159774694
               ],
               [
                  5.9257863974095129,
                  51.988519959937186
               ],
               [
                  5.9257416544620378,
                  51.988562606960272
               ],
               [
                  5.92572777168016,
                  51.988575839374725
               ],
               [
                  5.9257828463694047,
                  51.988604415571814
               ],
               [
                  5.9257993391898891,
                  51.988612972472225
               ],
               [
                  5.9258129606524044,
                  51.988620040563852
               ],
               [
                  5.9258207050528666,
                  51.988623734371082
               ],
               [
                  5.9257035711945489,
                  51.988724705776427
               ],
               [
                  5.9256465754652616,
                  51.98877329533731
               ],
               [
                  5.9258072123877499,
                  51.988885522886953
               ],
               [
                  5.9258747541471983,
                  51.988936642287577
               ],
               [
                  5.9259755780175816,
                  51.989007697289317
               ],
               [
                  5.9259841192950162,
                  51.989013365773928
               ],
               [
                  5.9262315878703831,
                  51.988922414811206
               ],
               [
                  5.9262552622964622,
                  51.988900788172771
               ],
               [
                  5.9262773522152896,
                  51.988910843780367
               ],
               [
                  5.9263043078384339,
                  51.988884833749289
               ],
               [
                  5.926425244542604,
                  51.988936717480847
               ],
               [
                  5.9264213566161352,
                  51.988940285708132
               ],
               [
                  5.9264920033039807,
                  51.988970000915266
               ],
               [
                  5.9265457515778799,
                  51.988920183644581
               ],
               [
                  5.9266151203594477,
                  51.988950165300345
               ],
               [
                  5.9266559546630653,
                  51.988912424643807
               ],
               [
                  5.9266801421988831,
                  51.988922569427253
               ],
               [
                  5.926736222612619,
                  51.988945592049483
               ],
               [
                  5.9268113527397777,
                  51.988976445997615
               ],
               [
                  5.9268829276603903,
                  51.989005842119205
               ],
               [
                  5.9269216749863052,
                  51.989021753493141
               ],
               [
                  5.9269245046241483,
                  51.989022915287634
               ],
               [
                  5.9269543416722028,
                  51.989035167028788
               ],
               [
                  5.9270272920408811,
                  51.989065123017518
               ],
               [
                  5.9270958678271501,
                  51.98909328339218
               ],
               [
                  5.9270192123657388,
                  51.989169146463283
               ],
               [
                  5.9271757629858497,
                  51.989230106902106
               ],
               [
                  5.9273412484694576,
                  51.989294547742055
               ],
               [
                  5.9272005288799789,
                  51.989429673261242
               ],
               [
                  5.9271854410265936,
                  51.989444496925998
               ],
               [
                  5.9271798708867864,
                  51.989449700693442
               ],
               [
                  5.9276385622756402,
                  51.989631045558582
               ],
               [
                  5.9276905480006183,
                  51.989653531059602
               ],
               [
                  5.9277999156196941,
                  51.989700835737395
               ],
               [
                  5.9278433061089828,
                  51.989718145628281
               ],
               [
                  5.9279431398543663,
                  51.989760418267629
               ],
               [
                  5.9280446635937398,
                  51.989677134511318
               ],
               [
                  5.9281025790927755,
                  51.98970104058904
               ],
               [
                  5.9283796633626,
                  51.989815412985827
               ],
               [
                  5.9284136815710919,
                  51.989830709251848
               ],
               [
                  5.9284210335455336,
                  51.989819950508952
               ],
               [
                  5.9284683213738338,
                  51.989750757116134
               ],
               [
                  5.9285093945952276,
                  51.989690668752459
               ],
               [
                  5.9285187365375034,
                  51.989677000300411
               ],
               [
                  5.9289267642604075,
                  51.989795053452411
               ],
               [
                  5.9289840290829714,
                  51.989811085592031
               ],
               [
                  5.9290158790670313,
                  51.989764891499796
               ],
               [
                  5.9290336849524836,
                  51.989769735098122
               ],
               [
                  5.929037307534875,
                  51.989770725106638
               ],
               [
                  5.9290865448489338,
                  51.98978413092459
               ],
               [
                  5.9290886672507428,
                  51.989784708985347
               ],
               [
                  5.9291076549139232,
                  51.98978987879849
               ],
               [
                  5.9294701729455692,
                  51.989888599036071
               ],
               [
                  5.9293474005594105,
                  51.990132093457618
               ],
               [
                  5.9294161558926142,
                  51.990182066408011
               ],
               [
                  5.9294225159281106,
                  51.990186693060238
               ],
               [
                  5.9294586901425896,
                  51.990204448188393
               ],
               [
                  5.9294908469698386,
                  51.990220230905614
               ],
               [
                  5.9295138632340203,
                  51.990231528321075
               ],
               [
                  5.9297468306776153,
                  51.990348839657713
               ],
               [
                  5.9298157165435992,
                  51.990386677484061
               ],
               [
                  5.9298198071102499,
                  51.990388917388387
               ],
               [
                  5.9300712205604453,
                  51.990526615776005
               ],
               [
                  5.9300751632097022,
                  51.990528781750754
               ],
               [
                  5.9300788078100934,
                  51.990529178393793
               ],
               [
                  5.9301247345289756,
                  51.990534207523538
               ],
               [
                  5.9302043153831372,
                  51.990542166978088
               ],
               [
                  5.9301305180345736,
                  51.990810052565507
               ],
               [
                  5.9301139103895988,
                  51.990870177794818
               ],
               [
                  5.9301969087881812,
                  51.990924408867926
               ],
               [
                  5.930366434526734,
                  51.991020543179161
               ],
               [
                  5.930576824972726,
                  51.990887608740117
               ],
               [
                  5.9305872410975429,
                  51.990891004961661
               ],
               [
                  5.9306142008279927,
                  51.990899795070597
               ],
               [
                  5.9306149799188033,
                  51.990897286413741
               ],
               [
                  5.930617133782726,
                  51.99089793171462
               ],
               [
                  5.9306883780938922,
                  51.990926738326387
               ],
               [
                  5.9309136146985351,
                  51.991021183470593
               ],
               [
                  5.9309569775135422,
                  51.991037207014401
               ],
               [
                  5.9310598876039213,
                  51.991067588280778
               ],
               [
                  5.9311202363051123,
                  51.991090400335018
               ],
               [
                  5.9312036508956885,
                  51.99110032422454
               ],
               [
                  5.9312214317977014,
                  51.991110124693769
               ],
               [
                  5.931235252262204,
                  51.991117741329091
               ],
               [
                  5.9312385501886515,
                  51.991119559701687
               ],
               [
                  5.9313464358678951,
                  51.991134008297493
               ],
               [
                  5.931343795180049,
                  51.991141957240643
               ],
               [
                  5.9314469456376164,
                  51.991154917605144
               ],
               [
                  5.9314531428524999,
                  51.991155697882768
               ],
               [
                  5.9314702806622774,
                  51.991157852191158
               ],
               [
                  5.9314873382596591,
                  51.991159995183359
               ],
               [
                  5.9315309505104787,
                  51.991165476705753
               ],
               [
                  5.9315310963144947,
                  51.99116549400771
               ],
               [
                  5.9316104935111778,
                  51.991175481142896
               ],
               [
                  5.9316107448699364,
                  51.991174599119638
               ],
               [
                  5.9316937669290741,
                  51.991185746896903
               ],
               [
                  5.9317075930311995,
                  51.991220072379413
               ],
               [
                  5.9316440460858253,
                  51.991254045946363
               ],
               [
                  5.9316429615450961,
                  51.991253457734324
               ],
               [
                  5.9316047016625291,
                  51.991274029425121
               ],
               [
                  5.9315749034263598,
                  51.991290022817012
               ],
               [
                  5.9315738040648434,
                  51.991290612148831
               ],
               [
                  5.9315430657161929,
                  51.991307122220398
               ],
               [
                  5.9315667102714249,
                  51.991323910920293
               ],
               [
                  5.931490185526294,
                  51.991363463320994
               ],
               [
                  5.9314819962902661,
                  51.991367698782582
               ],
               [
                  5.9314473003641526,
                  51.991385629326793
               ],
               [
                  5.9314369711843584,
                  51.991390969469791
               ],
               [
                  5.9313928981440887,
                  51.991413753958291
               ],
               [
                  5.9313940891781378,
                  51.991414719191269
               ],
               [
                  5.9314112819415374,
                  51.99142894912282
               ],
               [
                  5.9314097614641792,
                  51.991429630285111
               ],
               [
                  5.9314182616910527,
                  51.991436619857858
               ],
               [
                  5.9314073642818137,
                  51.991456560631043
               ],
               [
                  5.9313812926260701,
                  51.991593664836692
               ],
               [
                  5.9313631629785322,
                  51.991721765498454
               ],
               [
                  5.9313534123270362,
                  51.991799488055669
               ],
               [
                  5.9313611805652187,
                  51.991805302644096
               ],
               [
                  5.9313717617103263,
                  51.991814714844459
               ],
               [
                  5.9315039629929309,
                  51.99193547933249
               ],
               [
                  5.9315581832005284,
                  51.991985008674042
               ],
               [
                  5.9316990236063001,
                  51.992113672383383
               ],
               [
                  5.9318186552459498,
                  51.9920634838792
               ],
               [
                  5.9318347707647536,
                  51.992056722815761
               ],
               [
                  5.9318583590460197,
                  51.992046786612839
               ],
               [
                  5.9319072419728194,
                  51.992026195310878
               ],
               [
                  5.9319223021374867,
                  51.99201969439212
               ],
               [
                  5.9319824124327871,
                  51.991993749725822
               ],
               [
                  5.9320120648336854,
                  51.991980945081764
               ],
               [
                  5.9320585964410473,
                  51.991960849978938
               ],
               [
                  5.9321145927801,
                  51.992009954677172
               ],
               [
                  5.9321660712695738,
                  51.99205509843511
               ],
               [
                  5.9322193893905668,
                  51.99210185155215
               ],
               [
                  5.9322134210692772,
                  51.992104342018699
               ],
               [
                  5.9322134006739393,
                  51.992112724662221
               ],
               [
                  5.9322132189445673,
                  51.99218472590119
               ],
               [
                  5.9320942710000635,
                  51.992236411796924
               ],
               [
                  5.9319174707085311,
                  51.992313236304625
               ],
               [
                  5.9317908840197742,
                  51.992366360348932
               ],
               [
                  5.9317827323022563,
                  51.992369741762076
               ],
               [
                  5.9318157266898606,
                  51.992402978074288
               ],
               [
                  5.9318445255093923,
                  51.99243338089768
               ],
               [
                  5.9319646786724745,
                  51.992574871194407
               ],
               [
                  5.9317341980646949,
                  51.992638559447727
               ],
               [
                  5.9308484240636883,
                  51.992883317468653
               ],
               [
                  5.929598076127319,
                  51.99322879773532
               ],
               [
                  5.9289570256966417,
                  51.993405917696954
               ],
               [
                  5.9285069467663325,
                  51.993532583754849
               ],
               [
                  5.9283287815009444,
                  51.993580967231786
               ],
               [
                  5.92818513971946,
                  51.993617300960459
               ],
               [
                  5.9280763874006723,
                  51.993639680549443
               ],
               [
                  5.9279840643652921,
                  51.99365080658071
               ],
               [
                  5.927832707296985,
                  51.993654356148987
               ],
               [
                  5.9274420875981653,
                  51.993655437188693
               ],
               [
                  5.9272331995007885,
                  51.993653851795266
               ],
               [
                  5.9270907178244627,
                  51.993652770204108
               ],
               [
                  5.926780979736888,
                  51.993647776467085
               ],
               [
                  5.9264861991199576,
                  51.993646268235516
               ],
               [
                  5.9259580214633027,
                  51.993645121131905
               ],
               [
                  5.925291141347758,
                  51.993642466117414
               ],
               [
                  5.9248323028704473,
                  51.993640996741092
               ],
               [
                  5.9241943302181648,
                  51.993639630617274
               ],
               [
                  5.9239597161492057,
                  51.993639274016871
               ],
               [
                  5.9235563320388165,
                  51.993636119988714
               ],
               [
                  5.9229839591104634,
                  51.993617091529977
               ],
               [
                  5.9227292421825855,
                  51.993604810194924
               ],
               [
                  5.9223571581714154,
                  51.993577356043666
               ],
               [
                  5.9223408205025772,
                  51.993575307316718
               ],
               [
                  5.9222475886411186,
                  51.993694233015255
               ],
               [
                  5.9219874478916692,
                  51.993991357610064
               ],
               [
                  5.9222330533117669,
                  51.994236755489801
               ],
               [
                  5.9222542731587717,
                  51.994279901961775
               ],
               [
                  5.9222734961553316,
                  51.994341169051843
               ],
               [
                  5.9222778575763337,
                  51.994373543252209
               ],
               [
                  5.922276601692853,
                  51.994390312250445
               ],
               [
                  5.9222632435541103,
                  51.994408089061743
               ],
               [
                  5.9222592271169212,
                  51.994442433865366
               ],
               [
                  5.922250272388581,
                  51.994472927148031
               ],
               [
                  5.9222233996572715,
                  51.994536857716582
               ],
               [
                  5.9221723452978958,
                  51.994609616957455
               ],
               [
                  5.9220651862290952,
                  51.994740714044568
               ],
               [
                  5.9219201552827183,
                  51.994744932768242
               ],
               [
                  5.9217540362049679,
                  51.994748779747823
               ],
               [
                  5.9215070035253055,
                  51.994758683662766
               ],
               [
                  5.9209909713498767,
                  51.994769160830309
               ],
               [
                  5.9208022345449551,
                  51.994776255019751
               ],
               [
                  5.9208036673655249,
                  51.994780419117824
               ],
               [
                  5.9205183082132002,
                  51.994793766563255
               ],
               [
                  5.9202366043154768,
                  51.994798602756845
               ],
               [
                  5.9202376379793424,
                  51.994812060833304
               ],
               [
                  5.9202402671259131,
                  51.994846305343906
               ],
               [
                  5.9202455774126426,
                  51.994915614765716
               ],
               [
                  5.9202499112592486,
                  51.994972359293868
               ],
               [
                  5.9202587596297542,
                  51.995088304946123
               ],
               [
                  5.9202583149688657,
                  51.995096216714416
               ],
               [
                  5.9202354022162229,
                  51.995096698050453
               ],
               [
                  5.9202335351587418,
                  51.995184585667076
               ],
               [
                  5.9202323432010395,
                  51.995241082884924
               ],
               [
                  5.9202304137958679,
                  51.99530413595523
               ],
               [
                  5.9202277784061561,
                  51.995389860856818
               ],
               [
                  5.9202225821650041,
                  51.995555581141197
               ],
               [
                  5.9202217079475057,
                  51.995583452599575
               ],
               [
                  5.9202235167238735,
                  51.995638583469884
               ],
               [
                  5.9201940457273006,
                  51.99563871700299
               ],
               [
                  5.9200385701683853,
                  51.995636567537929
               ],
               [
                  5.9199044873099496,
                  51.995635390608598
               ],
               [
                  5.9197640602583732,
                  51.995635312761294
               ],
               [
                  5.9195987892743602,
                  51.995635704924602
               ],
               [
                  5.9195138247559065,
                  51.995634305239172
               ],
               [
                  5.9193880984412059,
                  51.995688936356181
               ],
               [
                  5.9192500065312048,
                  51.995739502105955
               ],
               [
                  5.9191057510298455,
                  51.995790096461711
               ],
               [
                  5.9188962294439094,
                  51.995860010403263
               ],
               [
                  5.9186291422603121,
                  51.995948734208937
               ],
               [
                  5.9185604555579063,
                  51.995974786235877
               ],
               [
                  5.9184990604663676,
                  51.995960261518036
               ],
               [
                  5.9184265113256664,
                  51.995950124918728
               ],
               [
                  5.9183269911842853,
                  51.995939634568046
               ],
               [
                  5.9182560558385413,
                  51.995935674565516
               ],
               [
                  5.9181312220479763,
                  51.995934810698586
               ],
               [
                  5.9179297785265783,
                  51.995841068735558
               ],
               [
                  5.9174988171134428,
                  51.995617709272487
               ],
               [
                  5.9173701658520406,
                  51.995562016659505
               ],
               [
                  5.9173303031350306,
                  51.995514157144051
               ],
               [
                  5.9173225480780163,
                  51.995379586972362
               ],
               [
                  5.9173508738407481,
                  51.995168753382856
               ],
               [
                  5.9173694105131744,
                  51.995042150640586
               ],
               [
                  5.917369612589348,
                  51.994994110561308
               ],
               [
                  5.9173684369385438,
                  51.994894708234533
               ],
               [
                  5.9173626273164786,
                  51.9947943758227
               ],
               [
                  5.9173498389645554,
                  51.994625107199688
               ],
               [
                  5.9173421560731461,
                  51.994561882667888
               ],
               [
                  5.9173344409116213,
                  51.994495804477125
               ],
               [
                  5.9173188505977024,
                  51.994415491858867
               ],
               [
                  5.9173035430191927,
                  51.994358960257451
               ],
               [
                  5.9172741312311539,
                  51.994282515584999
               ],
               [
                  5.9172409913844071,
                  51.994212045185371
               ],
               [
                  5.9171469187724099,
                  51.994066998745758
               ],
               [
                  5.9171074115462021,
                  51.994009910094874
               ],
               [
                  5.9170632330980606,
                  51.993948847145859
               ],
               [
                  5.9170238250243186,
                  51.993900129775689
               ],
               [
                  5.9169947779366128,
                  51.993867536684228
               ],
               [
                  5.9169438223525361,
                  51.993806504210887
               ],
               [
                  5.9168950029395413,
                  51.993743750712838
               ],
               [
                  5.9168265596309251,
                  51.993663391065716
               ],
               [
                  5.9167838308456151,
                  51.993620585825418
               ],
               [
                  5.9167374010221181,
                  51.99357741702201
               ],
               [
                  5.9166941846266434,
                  51.993545458397669
               ],
               [
                  5.9166454054525008,
                  51.993512193618045
               ],
               [
                  5.9165941929013552,
                  51.993481603019404
               ],
               [
                  5.916539617961063,
                  51.99345331057151
               ],
               [
                  5.9164934229337689,
                  51.993430116341706
               ],
               [
                  5.9163949209482389,
                  51.99338794299873
               ],
               [
                  5.9163209246594457,
                  51.993359167055097
               ],
               [
                  5.916252802970468,
                  51.993332076927018
               ],
               [
                  5.9161664682841728,
                  51.993302405407348
               ],
               [
                  5.9160630895107742,
                  51.993264818872667
               ],
               [
                  5.9159387176023452,
                  51.993224092585237
               ],
               [
                  5.9158309512685019,
                  51.993180248093722
               ],
               [
                  5.9157474030262716,
                  51.993151609964244
               ],
               [
                  5.9156670253279575,
                  51.993130567077543
               ],
               [
                  5.9155782583210339,
                  51.99311669677445
               ],
               [
                  5.9154571054410043,
                  51.993100593511905
               ],
               [
                  5.9153869394091245,
                  51.993096152817508
               ],
               [
                  5.9153407194408123,
                  51.993096835806682
               ],
               [
                  5.9152698758000675,
                  51.993108660720182
               ],
               [
                  5.9148177657771823,
                  51.993244250835723
               ],
               [
                  5.9141343137863798,
                  51.993437092383026
               ],
               [
                  5.91371559070988,
                  51.993544908356448
               ],
               [
                  5.9134443301445607,
                  51.993607366009371
               ],
               [
                  5.9131484891279325,
                  51.99367498078405
               ],
               [
                  5.9129034770834901,
                  51.993724233685406
               ],
               [
                  5.9128034940316478,
                  51.99373954445997
               ],
               [
                  5.9127504639037811,
                  51.993745969850558
               ],
               [
                  5.9125773694870842,
                  51.993753947138281
               ],
               [
                  5.9124242340565631,
                  51.993756696425187
               ],
               [
                  5.9123443081532496,
                  51.993757647352417
               ],
               [
                  5.9121747277984609,
                  51.993751270139668
               ],
               [
                  5.9120220154231689,
                  51.99374600569589
               ],
               [
                  5.9118986405284142,
                  51.99373763776503
               ],
               [
                  5.9117588170570787,
                  51.993722803121202
               ],
               [
                  5.9116107422881221,
                  51.993702356811433
               ],
               [
                  5.9114655403255281,
                  51.993680411739263
               ],
               [
                  5.9113989436268986,
                  51.993668222774382
               ],
               [
                  5.911247331895499,
                  51.993633522759048
               ],
               [
                  5.9110588980869867,
                  51.993579664257346
               ],
               [
                  5.9108631772990545,
                  51.993520189611303
               ],
               [
                  5.9106523647142666,
                  51.993446809399295
               ],
               [
                  5.9106160781498911,
                  51.993432107708664
               ],
               [
                  5.9104251376140571,
                  51.993356823930114
               ],
               [
                  5.9102939698896026,
                  51.993312253340179
               ],
               [
                  5.91027899019595,
                  51.993307860823329
               ],
               [
                  5.9102597088743378,
                  51.993306163262439
               ],
               [
                  5.9102511493828231,
                  51.993305571234927
               ],
               [
                  5.9102351261604147,
                  51.993305832127682
               ],
               [
                  5.9102081693266877,
                  51.993307177083864
               ],
               [
                  5.9101536981860141,
                  51.993318369740038
               ],
               [
                  5.9100552692368531,
                  51.993338596887973
               ],
               [
                  5.9099135374462293,
                  51.993371094908262
               ],
               [
                  5.9099848156013142,
                  51.993470286428256
               ],
               [
                  5.9100290058615883,
                  51.993543218377681
               ],
               [
                  5.9100664399425673,
                  51.993614992077973
               ],
               [
                  5.9101322820321522,
                  51.993727662331921
               ],
               [
                  5.9101745118932758,
                  51.99379763049285
               ],
               [
                  5.9103140397044616,
                  51.994034827555147
               ],
               [
                  5.9104845886125572,
                  51.994289127932426
               ],
               [
                  5.9106291930018777,
                  51.994486467469116
               ],
               [
                  5.9107064411174175,
                  51.994586007706665
               ],
               [
                  5.9107572706655596,
                  51.994649991598685
               ],
               [
                  5.9105546739836123,
                  51.994703213299523
               ],
               [
                  5.9103436591508451,
                  51.994777875140187
               ],
               [
                  5.9102354216232866,
                  51.994828892480122
               ],
               [
                  5.910136933078225,
                  51.994889973785504
               ],
               [
                  5.9100311344362497,
                  51.99498497626611
               ],
               [
                  5.9099302334898249,
                  51.995087090939755
               ],
               [
                  5.9098043751146188,
                  51.995196452236215
               ],
               [
                  5.9096698832130627,
                  51.995308823281221
               ],
               [
                  5.9094916306908161,
                  51.99546776292518
               ],
               [
                  5.9093590773491842,
                  51.995581315052938
               ],
               [
                  5.9092302166775719,
                  51.995681174870377
               ],
               [
                  5.9090811576701698,
                  51.995783503354431
               ],
               [
                  5.908956903247419,
                  51.995865506853626
               ],
               [
                  5.9087973666132561,
                  51.995977987930011
               ],
               [
                  5.9086845998684074,
                  51.996053995311968
               ],
               [
                  5.908535579855271,
                  51.996159889488226
               ],
               [
                  5.9083406358476802,
                  51.996292147475899
               ],
               [
                  5.9081915589470677,
                  51.996393284823377
               ],
               [
                  5.9080177444277577,
                  51.996520692062319
               ],
               [
                  5.9078724289534668,
                  51.996614084164399
               ],
               [
                  5.9077921637464543,
                  51.996669137017392
               ],
               [
                  5.9077081822911914,
                  51.996736097841072
               ],
               [
                  5.90766443842399,
                  51.996784449112411
               ],
               [
                  5.9076099208898452,
                  51.996861418374365
               ],
               [
                  5.9075775439819811,
                  51.996932280077914
               ],
               [
                  5.9075524583172161,
                  51.997011465089656
               ],
               [
                  5.9075438134593625,
                  51.997096523173482
               ],
               [
                  5.9075552152154414,
                  51.997166034440987
               ],
               [
                  5.9075772526968722,
                  51.997239065240421
               ],
               [
                  5.9076175348176294,
                  51.997307259601406
               ],
               [
                  5.9076586069350929,
                  51.997360586428854
               ],
               [
                  5.9076813328502835,
                  51.997381525809757
               ],
               [
                  5.9075654711528811,
                  51.99742695935619
               ],
               [
                  5.9075043132048197,
                  51.997454550805003
               ],
               [
                  5.9074762413660613,
                  51.997475721152739
               ],
               [
                  5.9074579770323776,
                  51.997495421675382
               ],
               [
                  5.9074512999421636,
                  51.997517568818573
               ],
               [
                  5.9074507146120769,
                  51.997533505043741
               ],
               [
                  5.9074431908968705,
                  51.997798109305663
               ],
               [
                  5.9074418141676786,
                  51.99817743425848
               ],
               [
                  5.9074610193373189,
                  51.99850434703712
               ],
               [
                  5.9075045001353388,
                  51.999034913659948
               ],
               [
                  5.9075201499951433,
                  51.999284924474772
               ],
               [
                  5.9072586386533921,
                  51.999242662527209
               ],
               [
                  5.9060755376301204,
                  51.999019582323044
               ],
               [
                  5.9040552900796248,
                  51.998634649679147
               ],
               [
                  5.9012420399739893,
                  51.998439598530268
               ],
               [
                  5.9011896000592872,
                  51.998436021972715
               ],
               [
                  5.9011889031140425,
                  51.99846375226187
               ],
               [
                  5.9011905690953705,
                  51.998786795056247
               ],
               [
                  5.9011824494277816,
                  51.998952377843182
               ],
               [
                  5.9011566813450909,
                  51.999106595529483
               ],
               [
                  5.9011234247054247,
                  51.999241458036906
               ],
               [
                  5.9010680524691974,
                  51.999413529979542
               ],
               [
                  5.9008928052619716,
                  52.000004927987142
               ],
               [
                  5.9008042338748918,
                  52.000267630321908
               ],
               [
                  5.9007541277224504,
                  52.000262788607969
               ],
               [
                  5.9006388533900536,
                  52.000687433377678
               ],
               [
                  5.9010832692137862,
                  52.000980724075717
               ],
               [
                  5.9010720977866455,
                  52.001036817845844
               ],
               [
                  5.9010554624024074,
                  52.001120341815792
               ],
               [
                  5.900991382324646,
                  52.00144207423957
               ],
               [
                  5.9009765614315697,
                  52.001510759513707
               ],
               [
                  5.9009143516213713,
                  52.00180238716186
               ],
               [
                  5.9008888268254323,
                  52.001940952230804
               ],
               [
                  5.9008365452825604,
                  52.002184203493428
               ],
               [
                  5.9008075983839428,
                  52.002318886131846
               ],
               [
                  5.9007887289440619,
                  52.002406679368136
               ],
               [
                  5.90075342178742,
                  52.002502703058369
               ],
               [
                  5.9007085172590399,
                  52.002589816241084
               ],
               [
                  5.9006981315269629,
                  52.002602328387297
               ],
               [
                  5.900655454032961,
                  52.002676778051089
               ],
               [
                  5.9006131608037702,
                  52.002752112270962
               ],
               [
                  5.9005478491278875,
                  52.00283610919135
               ],
               [
                  5.9004331265581405,
                  52.002962770815785
               ],
               [
                  5.900278903750813,
                  52.003122781413175
               ],
               [
                  5.9000676065860853,
                  52.003346061388278
               ],
               [
                  5.8998467979928479,
                  52.003580083917107
               ],
               [
                  5.8996431336872002,
                  52.003797384059233
               ],
               [
                  5.8993728419621032,
                  52.004085130444608
               ],
               [
                  5.8992644410561148,
                  52.004209266359261
               ],
               [
                  5.8991274683766495,
                  52.004362065321523
               ],
               [
                  5.8989544188464658,
                  52.004561394514333
               ],
               [
                  5.8988191670994006,
                  52.004696349181557
               ],
               [
                  5.8987240057426709,
                  52.004799024011376
               ],
               [
                  5.8985431524179344,
                  52.004990063313436
               ],
               [
                  5.8984937123058092,
                  52.00504735493314
               ],
               [
                  5.8984272858456315,
                  52.005135635689022
               ],
               [
                  5.8983934339685069,
                  52.005208316774791
               ],
               [
                  5.8983695410690693,
                  52.005309492537585
               ],
               [
                  5.8983628393405221,
                  52.005397513802791
               ],
               [
                  5.8983485513034761,
                  52.005496269524471
               ],
               [
                  5.8983363677016509,
                  52.005610474231332
               ],
               [
                  5.8983065983915672,
                  52.005872202566529
               ],
               [
                  5.8982837762865667,
                  52.006067310677274
               ],
               [
                  5.8982572089772853,
                  52.006271949188822
               ],
               [
                  5.898228166307609,
                  52.006432599671491
               ],
               [
                  5.8985197504280027,
                  52.006454364756145
               ],
               [
                  5.8990309858898939,
                  52.006512778426014
               ],
               [
                  5.8993299050443131,
                  52.006561515930677
               ],
               [
                  5.8997779565147503,
                  52.00662665937103
               ],
               [
                  5.9001147693729559,
                  52.006678700146189
               ],
               [
                  5.9006974671727983,
                  52.006793186841833
               ],
               [
                  5.9010672170916862,
                  52.006864797962685
               ],
               [
                  5.9012937043932023,
                  52.006909849605435
               ],
               [
                  5.901467034533642,
                  52.006943338654835
               ],
               [
                  5.9015751804840795,
                  52.006964935016001
               ],
               [
                  5.9016845513587377,
                  52.00698576550981
               ],
               [
                  5.9017982674313476,
                  52.007009049589733
               ],
               [
                  5.9018359584811755,
                  52.007016114068627
               ],
               [
                  5.901889416304968,
                  52.007026915232693
               ],
               [
                  5.902250133157068,
                  52.007096784268114
               ],
               [
                  5.9024579179838401,
                  52.00713667713859
               ],
               [
                  5.9025932432219257,
                  52.007162529072303
               ],
               [
                  5.9026142610930332,
                  52.007167193638765
               ],
               [
                  5.9027100324334025,
                  52.007184847848968
               ],
               [
                  5.9028397872653402,
                  52.00720882287149
               ],
               [
                  5.9029272289797587,
                  52.00722594264662
               ],
               [
                  5.9030313245422299,
                  52.007243750665786
               ],
               [
                  5.9031743422949514,
                  52.00726823704062
               ],
               [
                  5.9032043017530382,
                  52.007273051948268
               ],
               [
                  5.9032237599035229,
                  52.007276201521385
               ],
               [
                  5.9033086975298845,
                  52.007290097993625
               ],
               [
                  5.9034025891142035,
                  52.007305096644281
               ],
               [
                  5.9035109930068161,
                  52.007322124029265
               ],
               [
                  5.9035616399025015,
                  52.007329701869537
               ],
               [
                  5.9035743047383376,
                  52.007331929330228
               ],
               [
                  5.9037679466541171,
                  52.007362090968023
               ],
               [
                  5.9038911652877131,
                  52.007380575590702
               ],
               [
                  5.903945498377718,
                  52.007386995562143
               ],
               [
                  5.9040742528296741,
                  52.007404314165534
               ],
               [
                  5.9042514302780278,
                  52.00742351235268
               ],
               [
                  5.9043029810048555,
                  52.00742937362584
               ],
               [
                  5.904441261810951,
                  52.007443986722691
               ],
               [
                  5.9045674762596505,
                  52.007454847050099
               ],
               [
                  5.9046344458982665,
                  52.00746102059211
               ],
               [
                  5.9048134558477932,
                  52.007478688151622
               ],
               [
                  5.9049319830385896,
                  52.007491294179481
               ],
               [
                  5.9049832288341939,
                  52.007497347049181
               ],
               [
                  5.9050465198988622,
                  52.007505440271757
               ],
               [
                  5.905089102896226,
                  52.007508867076304
               ],
               [
                  5.9051514398496323,
                  52.007514300300272
               ],
               [
                  5.9052338292725395,
                  52.007520977286489
               ],
               [
                  5.9052847355961235,
                  52.007524368276975
               ],
               [
                  5.9053621651065997,
                  52.007528593421796
               ],
               [
                  5.9054568770656344,
                  52.007534454678655
               ],
               [
                  5.9055324643286857,
                  52.007539448237893
               ],
               [
                  5.9055771947800597,
                  52.007541915340113
               ],
               [
                  5.9056453681872085,
                  52.007545610314494
               ],
               [
                  5.905710466480107,
                  52.007549889558533
               ],
               [
                  5.9057934522787852,
                  52.007554850349429
               ],
               [
                  5.9058477462238104,
                  52.007557845960633
               ],
               [
                  5.9058995708280317,
                  52.007560660980126
               ],
               [
                  5.905983479281872,
                  52.00756542791629
               ],
               [
                  5.9060602848075154,
                  52.007569084593889
               ],
               [
                  5.9065964057675515,
                  52.007586601628944
               ],
               [
                  5.9067679919966789,
                  52.007595356493724
               ],
               [
                  5.9070562472730179,
                  52.007612513969782
               ],
               [
                  5.9077564127341624,
                  52.007657844241145
               ],
               [
                  5.9081925357276113,
                  52.007683887539493
               ],
               [
                  5.9086815330897711,
                  52.007715015082411
               ],
               [
                  5.9091118497611559,
                  52.007736889432834
               ],
               [
                  5.9098028997579748,
                  52.007778532023124
               ],
               [
                  5.9105124917627805,
                  52.007823892856045
               ],
               [
                  5.9110169067971903,
                  52.007854942128866
               ],
               [
                  5.9115984356040334,
                  52.007889452158174
               ],
               [
                  5.9121953992468876,
                  52.007925791482911
               ],
               [
                  5.9123835685635138,
                  52.007935415997245
               ],
               [
                  5.9134587272520314,
                  52.008001006275613
               ],
               [
                  5.9140124928236846,
                  52.0080337248164
               ],
               [
                  5.914340703885447,
                  52.008052246768102
               ],
               [
                  5.9145122534576426,
                  52.008061927053504
               ],
               [
                  5.9151354605240556,
                  52.00810098855473
               ],
               [
                  5.9157539869964548,
                  52.0081353111553
               ],
               [
                  5.9163525220119624,
                  52.008173525104269
               ],
               [
                  5.9170836164571323,
                  52.008211139861295
               ],
               [
                  5.9172471377847584,
                  52.008221818505518
               ],
               [
                  5.9178795173278083,
                  52.00825416449409
               ],
               [
                  5.9182250459533119,
                  52.008274484949219
               ],
               [
                  5.9188806716909674,
                  52.008317184864424
               ],
               [
                  5.9190998752668476,
                  52.008343781119457
               ],
               [
                  5.9196603905710834,
                  52.008424956945866
               ],
               [
                  5.9200898782611997,
                  52.008505772650189
               ],
               [
                  5.9206324103445338,
                  52.008629833155958
               ],
               [
                  5.9223314329829133,
                  52.009027833636608
               ],
               [
                  5.9226841296863979,
                  52.009115410395616
               ],
               [
                  5.9229738184147056,
                  52.009170573455187
               ],
               [
                  5.9232875219603676,
                  52.009219680604026
               ],
               [
                  5.9235865959476888,
                  52.009253989597447
               ],
               [
                  5.9240012773630522,
                  52.009287771355517
               ],
               [
                  5.9245719980896201,
                  52.009318460766032
               ],
               [
                  5.9251944857628596,
                  52.00932750662173
               ],
               [
                  5.9255779833951179,
                  52.009331697255732
               ],
               [
                  5.9267206546588511,
                  52.009334786965397
               ],
               [
                  5.9274548804975673,
                  52.009342119258335
               ],
               [
                  5.9282996218227062,
                  52.009329390905116
               ],
               [
                  5.9286573213743639,
                  52.009335354790629
               ],
               [
                  5.9292433560744131,
                  52.00935738953055
               ],
               [
                  5.9296631033687506,
                  52.009395408132036
               ],
               [
                  5.9301756832886152,
                  52.009461534835566
               ],
               [
                  5.9307317454489441,
                  52.009554094496501
               ],
               [
                  5.9311827403634974,
                  52.009626208913829
               ],
               [
                  5.9317789779835906,
                  52.009726187409008
               ],
               [
                  5.9319828387490521,
                  52.009757587287361
               ],
               [
                  5.9327456464500408,
                  52.009864399028253
               ],
               [
                  5.9334341213013788,
                  52.009943013705012
               ],
               [
                  5.9341531010875324,
                  52.00999484736505
               ],
               [
                  5.9349582403577497,
                  52.01003295748739
               ],
               [
                  5.9352912824589428,
                  52.010039015934808
               ],
               [
                  5.935796919319138,
                  52.010040464882557
               ],
               [
                  5.937242667806097,
                  52.010024201152554
               ],
               [
                  5.9379443434514014,
                  52.010015924571199
               ],
               [
                  5.9384299829397849,
                  52.010020784200954
               ],
               [
                  5.9388753053057144,
                  52.010037722473697
               ],
               [
                  5.93936116490078,
                  52.010060413708544
               ],
               [
                  5.9397970308678385,
                  52.010091661881276
               ],
               [
                  5.9400882850568593,
                  52.010115264922725
               ],
               [
                  5.940526239013141,
                  52.010159579532839
               ],
               [
                  5.9409391909365077,
                  52.010207578571176
               ],
               [
                  5.9413657190417819,
                  52.010262646222031
               ],
               [
                  5.941823092295742,
                  52.010318756029847
               ],
               [
                  5.9428034417940214,
                  52.010437795468093
               ],
               [
                  5.9431211430131556,
                  52.010482096550824
               ],
               [
                  5.943707749167201,
                  52.01054828982474
               ],
               [
                  5.9442649533558889,
                  52.010574190700076
               ],
               [
                  5.9448102858517187,
                  52.010575174668155
               ],
               [
                  5.9454015359277923,
                  52.010549778544721
               ],
               [
                  5.9460482016753637,
                  52.010503914893548
               ],
               [
                  5.9460671372791492,
                  52.010605296259854
               ],
               [
                  5.9459364827977454,
                  52.010613485053348
               ],
               [
                  5.9456248180681337,
                  52.010635557170581
               ],
               [
                  5.9452626310828229,
                  52.010661670204755
               ],
               [
                  5.9448722834549788,
                  52.010687412268638
               ],
               [
                  5.9444605617666095,
                  52.010715042964911
               ],
               [
                  5.9440569965906178,
                  52.010742687540848
               ],
               [
                  5.943652301879256,
                  52.010770902339395
               ],
               [
                  5.943248183674096,
                  52.010798663601527
               ],
               [
                  5.942888500505922,
                  52.010822519383197
               ],
               [
                  5.9423962223699816,
                  52.010830928720139
               ],
               [
                  5.9421312270004201,
                  52.011040295254276
               ],
               [
                  5.9419074273150763,
                  52.011177173649834
               ],
               [
                  5.9417075750065997,
                  52.011298937186766
               ],
               [
                  5.9414020808426793,
                  52.011485986094641
               ],
               [
                  5.9410659517890076,
                  52.013389871724918
               ],
               [
                  5.9410341767262427,
                  52.013583881935723
               ],
               [
                  5.9410045135446001,
                  52.013768462405245
               ],
               [
                  5.9409744408737373,
                  52.013938789273908
               ],
               [
                  5.9409313591883253,
                  52.014156213361517
               ],
               [
                  5.9408978294971675,
                  52.014334457223015
               ],
               [
                  5.9408517745543659,
                  52.01455299183592
               ],
               [
                  5.9408517836460302,
                  52.014554906310373
               ],
               [
                  5.94084997172782,
                  52.01456624014974
               ],
               [
                  5.9408245866635845,
                  52.014716375054704
               ],
               [
                  5.9407983330083871,
                  52.014866963454232
               ],
               [
                  5.9407484989503949,
                  52.015125163367543
               ],
               [
                  5.940740879865567,
                  52.01517346661425
               ],
               [
                  5.9407123544940106,
                  52.015359533669859
               ],
               [
                  5.9406996611689813,
                  52.015488809795407
               ],
               [
                  5.9406764735181889,
                  52.015683651309232
               ],
               [
                  5.9406456699936907,
                  52.015857513878785
               ],
               [
                  5.9406318010333212,
                  52.01595650479635
               ],
               [
                  5.9406104851963022,
                  52.016075314075053
               ],
               [
                  5.9404643807050963,
                  52.016954692327815
               ],
               [
                  5.9404447188674823,
                  52.017106058532839
               ],
               [
                  5.9404183255989933,
                  52.017262067398349
               ],
               [
                  5.9403876846632517,
                  52.017423309460739
               ],
               [
                  5.940373169977275,
                  52.01758098822161
               ],
               [
                  5.9403313584943529,
                  52.017855778525643
               ],
               [
                  5.940310593999909,
                  52.018031175696962
               ],
               [
                  5.9402881797942948,
                  52.018193322815833
               ],
               [
                  5.9401925645477656,
                  52.018714592449136
               ],
               [
                  5.9399974775727697,
                  52.021117965358428
               ],
               [
                  5.9398123130001892,
                  52.023143951316413
               ],
               [
                  5.9396131261866394,
                  52.025459004556048
               ],
               [
                  5.9394007671667115,
                  52.027798126678114
               ],
               [
                  5.9390970715765539,
                  52.03142190979613
               ],
               [
                  5.9385065981101111,
                  52.035547855620159
               ],
               [
                  5.9380715388011192,
                  52.03857146050639
               ],
               [
                  5.9381351858226052,
                  52.038611628001483
               ],
               [
                  5.9381334029807293,
                  52.038627824308087
               ],
               [
                  5.9381289326246662,
                  52.038666054574321
               ],
               [
                  5.9381272656234163,
                  52.038683373878243
               ],
               [
                  5.9370988303904868,
                  52.048533179627952
               ],
               [
                  5.9373915699601696,
                  52.049228944677871
               ],
               [
                  5.937448892867832,
                  52.049360616094425
               ],
               [
                  5.9375502287442172,
                  52.049634555360399
               ],
               [
                  5.9377620087522089,
                  52.050166454730032
               ],
               [
                  5.9380845314798183,
                  52.050945607076159
               ],
               [
                  5.9384965808326076,
                  52.051953082527518
               ],
               [
                  5.9387582177922082,
                  52.052619993394551
               ],
               [
                  5.9389912521762982,
                  52.053240379419464
               ],
               [
                  5.9392881819712571,
                  52.05396829790795
               ],
               [
                  5.9396313919346113,
                  52.054836179899922
               ],
               [
                  5.9405018662476259,
                  52.056871859912064
               ],
               [
                  5.9409109617073126,
                  52.057954572396859
               ],
               [
                  5.9410916019616069,
                  52.058213187880781
               ],
               [
                  5.9411761754020365,
                  52.058335821790543
               ],
               [
                  5.9412863401506888,
                  52.058469103191065
               ],
               [
                  5.9416337252405498,
                  52.05904787822243
               ],
               [
                  5.9421757216511786,
                  52.060066961578691
               ],
               [
                  5.9424858091169783,
                  52.060572412488909
               ],
               [
                  5.942826575413843,
                  52.061158127082265
               ],
               [
                  5.9430889299319842,
                  52.061669014828425
               ],
               [
                  5.9432488401123891,
                  52.062304738962915
               ],
               [
                  5.9432870580455637,
                  52.062455795529203
               ],
               [
                  5.9451864644464925,
                  52.064088125104767
               ],
               [
                  5.9466938682566681,
                  52.06538113675456
               ],
               [
                  5.9486980668941793,
                  52.067096214477139
               ],
               [
                  5.9509465271842625,
                  52.069046390808467
               ],
               [
                  5.9531733512723886,
                  52.070964432104446
               ],
               [
                  5.9547205783507335,
                  52.072326880222519
               ],
               [
                  5.9559309905400717,
                  52.073338801331666
               ],
               [
                  5.9535887824263991,
                  52.074524141197116
               ],
               [
                  5.9519135154096849,
                  52.075321826311679
               ],
               [
                  5.9505220111474673,
                  52.07595297045976
               ],
               [
                  5.9476506168675822,
                  52.077236203381943
               ],
               [
                  5.947230974413567,
                  52.077413857771901
               ],
               [
                  5.9461028345340781,
                  52.077890814441417
               ],
               [
                  5.9460686770121409,
                  52.077735003066934
               ],
               [
                  5.9460677842373082,
                  52.077731268182688
               ],
               [
                  5.9458847906853887,
                  52.077773896051312
               ],
               [
                  5.9455399448587425,
                  52.077815160957904
               ],
               [
                  5.9450591144768214,
                  52.077832027829906
               ],
               [
                  5.9421880169020094,
                  52.076590643255187
               ],
               [
                  5.9409634880030424,
                  52.076052006641135
               ],
               [
                  5.9397062103839202,
                  52.075486096323225
               ],
               [
                  5.9394058278554773,
                  52.075349463399348
               ],
               [
                  5.9382810235500019,
                  52.074842868472309
               ],
               [
                  5.9372231250119549,
                  52.074375498785052
               ],
               [
                  5.9369088169768816,
                  52.074232075518388
               ],
               [
                  5.936530835906825,
                  52.074065650871219
               ],
               [
                  5.9358203823331417,
                  52.073747506477098
               ],
               [
                  5.9344131759453118,
                  52.073122196825466
               ],
               [
                  5.9340465013938228,
                  52.072958003726214
               ],
               [
                  5.9333686445709537,
                  52.072654640754749
               ],
               [
                  5.9329650873374211,
                  52.072475883603687
               ],
               [
                  5.9327296565374912,
                  52.072371838763985
               ],
               [
                  5.9315067903000704,
                  52.071828611096706
               ],
               [
                  5.9304033194423971,
                  52.071336853129296
               ],
               [
                  5.9299757718144557,
                  52.071146727384928
               ],
               [
                  5.929351606505711,
                  52.070869105893038
               ],
               [
                  5.9290265277680749,
                  52.070725792164218
               ],
               [
                  5.928914033807116,
                  52.070676622592117
               ],
               [
                  5.928547568360095,
                  52.070514307981007
               ],
               [
                  5.9280101208372136,
                  52.070266130730566
               ],
               [
                  5.9278066049816953,
                  52.070174863601977
               ],
               [
                  5.9263587941845506,
                  52.069524773875806
               ],
               [
                  5.9253829563466347,
                  52.069087949975341
               ],
               [
                  5.9251695783967184,
                  52.068993128067191
               ],
               [
                  5.9241230005947578,
                  52.068526011797459
               ],
               [
                  5.923582115423053,
                  52.068283843117534
               ],
               [
                  5.9235740633830236,
                  52.068280077757542
               ],
               [
                  5.9231213693400981,
                  52.068077512009907
               ],
               [
                  5.9221313977800527,
                  52.067631557381475
               ],
               [
                  5.921698376676753,
                  52.067439997334006
               ],
               [
                  5.9211609568699055,
                  52.067200030957892
               ],
               [
                  5.9206855262222309,
                  52.066990727917201
               ],
               [
                  5.9203376730966033,
                  52.066834613224025
               ],
               [
                  5.9200478056450523,
                  52.066701541702713
               ],
               [
                  5.918696134014489,
                  52.066101347009365
               ],
               [
                  5.9181453521016918,
                  52.065855908466176
               ],
               [
                  5.9176143422508787,
                  52.065617056548383
               ],
               [
                  5.9171904738508765,
                  52.065429096929378
               ],
               [
                  5.9167088848304941,
                  52.065210107197473
               ],
               [
                  5.9162629780634823,
                  52.065011394507351
               ],
               [
                  5.9158105173159106,
                  52.064813068991256
               ],
               [
                  5.9154502469472297,
                  52.064644843352617
               ],
               [
                  5.9150353819739321,
                  52.064460745378348
               ],
               [
                  5.9147040997462943,
                  52.064311541523011
               ],
               [
                  5.9143149015137535,
                  52.06413809397921
               ],
               [
                  5.9141262277698186,
                  52.064054143057184
               ],
               [
                  5.9136775866810716,
                  52.063845419761755
               ],
               [
                  5.9132577496019891,
                  52.063657643580527
               ],
               [
                  5.9128040816549943,
                  52.063459761299669
               ],
               [
                  5.9119686152149571,
                  52.063082088198236
               ],
               [
                  5.9112461362867617,
                  52.06275806971626
               ],
               [
                  5.910723461372748,
                  52.062524821050573
               ],
               [
                  5.9102015835127073,
                  52.062300653672509
               ],
               [
                  5.9099481021044689,
                  52.062182666665713
               ],
               [
                  5.9097918599685269,
                  52.062113548273402
               ],
               [
                  5.9097433761785716,
                  52.062096317203086
               ],
               [
                  5.9097068351117255,
                  52.062086547315573
               ],
               [
                  5.9096752030978914,
                  52.062081321677972
               ],
               [
                  5.9096390106344368,
                  52.062080169978351
               ],
               [
                  5.9095764739486976,
                  52.062083296714896
               ],
               [
                  5.9087425162290241,
                  52.062174314606779
               ],
               [
                  5.9083832339658047,
                  52.062216891958457
               ],
               [
                  5.9080487014775871,
                  52.062254801681803
               ],
               [
                  5.9073331694739322,
                  52.062333897529484
               ],
               [
                  5.9070595116153184,
                  52.062360021540051
               ],
               [
                  5.9067910337311256,
                  52.06239021172086
               ],
               [
                  5.9065489055742555,
                  52.06241909862004
               ],
               [
                  5.9056485129127738,
                  52.062521488088628
               ],
               [
                  5.9052534938722339,
                  52.062567502928466
               ],
               [
                  5.9039805300316406,
                  52.062706994932512
               ],
               [
                  5.9035271590915341,
                  52.062760288885201
               ],
               [
                  5.903106704805559,
                  52.062807666403053
               ],
               [
                  5.9027605507577521,
                  52.06284386827646
               ],
               [
                  5.9024515309901053,
                  52.062880706599394
               ],
               [
                  5.9014432694275749,
                  52.062990987119399
               ],
               [
                  5.8998476687505468,
                  52.06316873984705
               ],
               [
                  5.8981244169618243,
                  52.063362223607385
               ],
               [
                  5.8984492615954327,
                  52.061815945905145
               ],
               [
                  5.8982047930503212,
                  52.061607005095951
               ],
               [
                  5.8980273972616377,
                  52.061451019348397
               ],
               [
                  5.8980662572253504,
                  52.061010452438573
               ],
               [
                  5.8980975227362853,
                  52.060741243886802
               ],
               [
                  5.8983460464696131,
                  52.058728131315405
               ],
               [
                  5.8986896428920534,
                  52.055875908707172
               ],
               [
                  5.8994013402761061,
                  52.049958337180321
               ],
               [
                  5.884232696621253,
                  52.049479748603837
               ],
               [
                  5.8820631674865167,
                  52.049410931737938
               ],
               [
                  5.8616831593491803,
                  52.051781825671107
               ],
               [
                  5.860707958968681,
                  52.051895210619314
               ],
               [
                  5.8596679278585029,
                  52.052017575247326
               ],
               [
                  5.8593464096968608,
                  52.052003243340181
               ],
               [
                  5.858966077469705,
                  52.051988696807044
               ],
               [
                  5.8576393253189272,
                  52.051937639777854
               ],
               [
                  5.8570692587128246,
                  52.051918586832464
               ],
               [
                  5.8533255380837819,
                  52.05174287932892
               ],
               [
                  5.8500452919540242,
                  52.051601859102149
               ],
               [
                  5.8441566892133903,
                  52.049191842498345
               ],
               [
                  5.8379181002682161,
                  52.046631931361446
               ],
               [
                  5.8334589466292348,
                  52.042824827599745
               ],
               [
                  5.8330014496080231,
                  52.042437332208124
               ],
               [
                  5.8321437021868006,
                  52.04170910136051
               ],
               [
                  5.8319304518395931,
                  52.041522060921231
               ],
               [
                  5.8314727368927191,
                  52.041134883878378
               ],
               [
                  5.8310155157968619,
                  52.040740854117374
               ],
               [
                  5.8306481611303607,
                  52.04042789116275
               ],
               [
                  5.8289674219924263,
                  52.038986314357629
               ],
               [
                  5.8287046818279418,
                  52.038764705108413
               ],
               [
                  5.8276666809800988,
                  52.037874456618148
               ],
               [
                  5.8265850933866599,
                  52.036941864956944
               ],
               [
                  5.8265268244537731,
                  52.03690905044467
               ],
               [
                  5.8264776832523744,
                  52.036891517878864
               ],
               [
                  5.8264032328770394,
                  52.036867176696902
               ],
               [
                  5.8263280696227202,
                  52.036842954973963
               ],
               [
                  5.8262646958968851,
                  52.036806743822694
               ],
               [
                  5.8262035896707953,
                  52.03677436217842
               ],
               [
                  5.8261535343799808,
                  52.036731953330914
               ],
               [
                  5.8260910605146021,
                  52.036664117968364
               ],
               [
                  5.82603568482401,
                  52.036593352905406
               ],
               [
                  5.8259773288758048,
                  52.036490618626047
               ],
               [
                  5.8259377692757139,
                  52.036414203870699
               ],
               [
                  5.8259108403887199,
                  52.036358091507118
               ],
               [
                  5.8248147782770712,
                  52.035378951096611
               ],
               [
                  5.8244424640647479,
                  52.035050599127089
               ],
               [
                  5.8242727287655978,
                  52.034904612477263
               ],
               [
                  5.8242019279367323,
                  52.034843719907201
               ],
               [
                  5.8238019614569447,
                  52.034499729209564
               ],
               [
                  5.8234320818695249,
                  52.034169953897006
               ],
               [
                  5.8228045871122536,
                  52.033606914111232
               ],
               [
                  5.8219435502761723,
                  52.032875996453022
               ],
               [
                  5.8214581155497296,
                  52.032450961219936
               ],
               [
                  5.8210314824033311,
                  52.032080742655516
               ],
               [
                  5.8203849671328927,
                  52.031407258129271
               ],
               [
                  5.8184620885106613,
                  52.029397049332296
               ],
               [
                  5.8143215940210844,
                  52.025072435156432
               ],
               [
                  5.8141044769906411,
                  52.024841135953594
               ],
               [
                  5.8107463769475185,
                  52.021299735679655
               ],
               [
                  5.8100214620566923,
                  52.020535703130456
               ],
               [
                  5.8096922505360951,
                  52.020188238184957
               ],
               [
                  5.8091300637967551,
                  52.01959495976611
               ],
               [
                  5.80833827866224,
                  52.018759771296075
               ],
               [
                  5.8081740565230069,
                  52.017911063849269
               ],
               [
                  5.8072259266099389,
                  52.011700296687735
               ],
               [
                  5.8029605957128423,
                  52.004053826713459
               ],
               [
                  5.8070043022854891,
                  52.00310785649522
               ],
               [
                  5.8099117200102173,
                  52.002666687782437
               ],
               [
                  5.8126251452856694,
                  52.002249832514657
               ],
               [
                  5.8127846442682864,
                  52.002224448256541
               ],
               [
                  5.81280397916571,
                  52.002220899878829
               ],
               [
                  5.8130061460905162,
                  52.002184682941596
               ],
               [
                  5.813228176531684,
                  52.002142353629885
               ],
               [
                  5.8134780974422444,
                  52.002103410359865
               ],
               [
                  5.8135018323859553,
                  52.002098560606044
               ],
               [
                  5.8140475383877179,
                  52.002015328803509
               ],
               [
                  5.8153811663520782,
                  52.001772663789453
               ],
               [
                  5.8172476812486584,
                  52.0014309645208
               ],
               [
                  5.8188266607327588,
                  52.001124050485529
               ],
               [
                  5.8203736426163584,
                  52.000797854217339
               ],
               [
                  5.8221902794091003,
                  52.000412954540437
               ],
               [
                  5.8238897740485234,
                  52.000050231083925
               ],
               [
                  5.8251809150160669,
                  51.999764298082795
               ],
               [
                  5.8262758733059794,
                  51.999555447403736
               ],
               [
                  5.8276251948739795,
                  51.999409380143952
               ],
               [
                  5.8293958024639769,
                  51.999209115987924
               ],
               [
                  5.8314034376009571,
                  51.998981514305299
               ],
               [
                  5.8317099619703017,
                  51.99894901496981
               ],
               [
                  5.831775134770429,
                  51.99894108384126
               ],
               [
                  5.8335258469034095,
                  51.998747025451898
               ],
               [
                  5.8338074503796475,
                  51.998717185751119
               ],
               [
                  5.834202769134369,
                  51.998692036923124
               ],
               [
                  5.8343493685859089,
                  51.998678096517857
               ],
               [
                  5.834391946595705,
                  51.998675130411527
               ],
               [
                  5.8354650946797193,
                  51.998610341387639
               ],
               [
                  5.8362946841856616,
                  51.998558947857511
               ],
               [
                  5.8371161549330592,
                  51.998599772600507
               ],
               [
                  5.8374361815329472,
                  51.998600175796447
               ],
               [
                  5.8387895512977499,
                  51.998642575398115
               ],
               [
                  5.8390582066022318,
                  51.998650406851347
               ],
               [
                  5.8391771491276883,
                  51.998654974654272
               ],
               [
                  5.8400119443352594,
                  51.998689633949382
               ],
               [
                  5.8405377354826218,
                  51.998694998470995
               ],
               [
                  5.8426401371472707,
                  51.998586806538121
               ],
               [
                  5.8440006087837943,
                  51.998518310765462
               ],
               [
                  5.844037551586041,
                  51.998516864083072
               ],
               [
                  5.8441399751965877,
                  51.998512259980075
               ],
               [
                  5.846262924802164,
                  51.998404426802708
               ],
               [
                  5.8466691498741339,
                  51.998371643322699
               ],
               [
                  5.8471220657063974,
                  51.998356544779888
               ],
               [
                  5.8473972951059903,
                  51.998318257382067
               ],
               [
                  5.8481258581977569,
                  51.998222134827422
               ],
               [
                  5.8490449051073661,
                  51.998113989128612
               ],
               [
                  5.849672846165026,
                  51.998039500053153
               ],
               [
                  5.8506971808776358,
                  51.997672378206147
               ],
               [
                  5.851265958789428,
                  51.997474973405097
               ],
               [
                  5.8518408670067092,
                  51.997275240628014
               ],
               [
                  5.852052393052686,
                  51.997198876460722
               ],
               [
                  5.8522713933042469,
                  51.997122994709848
               ],
               [
                  5.8524166613809223,
                  51.997074395961342
               ],
               [
                  5.8524565467969643,
                  51.997063389385609
               ],
               [
                  5.8527745515795164,
                  51.996979511139394
               ],
               [
                  5.8534361246231938,
                  51.996814329309501
               ],
               [
                  5.8544810170578412,
                  51.996547546413801
               ],
               [
                  5.8562128821365222,
                  51.996101128247851
               ],
               [
                  5.8609194155982722,
                  51.99599176492125
               ],
               [
                  5.8633850197530171,
                  51.995896757793894
               ],
               [
                  5.8637395324862336,
                  51.995889875888409
               ],
               [
                  5.8637339840690963,
                  51.995859679590275
               ],
               [
                  5.8637325763828034,
                  51.995838212170192
               ],
               [
                  5.8637137812081717,
                  51.995768637705538
               ]
            ]
         },
         "properties":{
            "GEBIEDSNAAM":"Noord-West"
         }
      },
      {
         "type":"Feature",
         "geometry":{
            "type":"LineString",
            "coordinates":[
               [
                  5.9319646786724745,
                  51.992574871194407
               ],
               [
                  5.9318445255093923,
                  51.99243338089768
               ],
               [
                  5.9318157266898606,
                  51.992402978074288
               ],
               [
                  5.9317827323022563,
                  51.992369741762076
               ],
               [
                  5.9317908840197742,
                  51.992366360348932
               ],
               [
                  5.9319174707085311,
                  51.992313236304625
               ],
               [
                  5.9320942710000635,
                  51.992236411796924
               ],
               [
                  5.9322132189445673,
                  51.99218472590119
               ],
               [
                  5.9322134006739393,
                  51.992112724662221
               ],
               [
                  5.9322134210692772,
                  51.992104342018699
               ],
               [
                  5.9322193893905668,
                  51.99210185155215
               ],
               [
                  5.9321660712695738,
                  51.99205509843511
               ],
               [
                  5.9321145927801,
                  51.992009954677172
               ],
               [
                  5.9320585964410473,
                  51.991960849978938
               ],
               [
                  5.9320120648336854,
                  51.991980945081764
               ],
               [
                  5.9319824124327871,
                  51.991993749725822
               ],
               [
                  5.9319223021374867,
                  51.99201969439212
               ],
               [
                  5.9319072419728194,
                  51.992026195310878
               ],
               [
                  5.9318583590460197,
                  51.992046786612839
               ],
               [
                  5.9318347707647536,
                  51.992056722815761
               ],
               [
                  5.9318186552459498,
                  51.9920634838792
               ],
               [
                  5.9316990236063001,
                  51.992113672383383
               ],
               [
                  5.9315581832005284,
                  51.991985008674042
               ],
               [
                  5.9315039629929309,
                  51.99193547933249
               ],
               [
                  5.9313717617103263,
                  51.991814714844459
               ],
               [
                  5.9313611805652187,
                  51.991805302644096
               ],
               [
                  5.9313534123270362,
                  51.991799488055669
               ],
               [
                  5.9313631629785322,
                  51.991721765498454
               ],
               [
                  5.9313812926260701,
                  51.991593664836692
               ],
               [
                  5.9314073642818137,
                  51.991456560631043
               ],
               [
                  5.9314182616910527,
                  51.991436619857858
               ],
               [
                  5.9314097614641792,
                  51.991429630285111
               ],
               [
                  5.9314112819415374,
                  51.99142894912282
               ],
               [
                  5.9313940891781378,
                  51.991414719191269
               ],
               [
                  5.9313928981440887,
                  51.991413753958291
               ],
               [
                  5.9314369711843584,
                  51.991390969469791
               ],
               [
                  5.9314473003641526,
                  51.991385629326793
               ],
               [
                  5.9314819962902661,
                  51.991367698782582
               ],
               [
                  5.931490185526294,
                  51.991363463320994
               ],
               [
                  5.9315667102714249,
                  51.991323910920293
               ],
               [
                  5.9315430657161929,
                  51.991307122220398
               ],
               [
                  5.9315738040648434,
                  51.991290612148831
               ],
               [
                  5.9315749034263598,
                  51.991290022817012
               ],
               [
                  5.9316047016625291,
                  51.991274029425121
               ],
               [
                  5.9316429615450961,
                  51.991253457734324
               ],
               [
                  5.9316440460858253,
                  51.991254045946363
               ],
               [
                  5.9317075930311995,
                  51.991220072379413
               ],
               [
                  5.9316937669290741,
                  51.991185746896903
               ],
               [
                  5.9316107448699364,
                  51.991174599119638
               ],
               [
                  5.9316104935111778,
                  51.991175481142896
               ],
               [
                  5.9315310963144947,
                  51.99116549400771
               ],
               [
                  5.9315309505104787,
                  51.991165476705753
               ],
               [
                  5.9314873382596591,
                  51.991159995183359
               ],
               [
                  5.9314702806622774,
                  51.991157852191158
               ],
               [
                  5.9314531428524999,
                  51.991155697882768
               ],
               [
                  5.9314469456376164,
                  51.991154917605144
               ],
               [
                  5.931343795180049,
                  51.991141957240643
               ],
               [
                  5.9313464358678951,
                  51.991134008297493
               ],
               [
                  5.9312385501886515,
                  51.991119559701687
               ],
               [
                  5.931235252262204,
                  51.991117741329091
               ],
               [
                  5.9312214317977014,
                  51.991110124693769
               ],
               [
                  5.9312036508956885,
                  51.99110032422454
               ],
               [
                  5.9311202363051123,
                  51.991090400335018
               ],
               [
                  5.9310598876039213,
                  51.991067588280778
               ],
               [
                  5.9309569775135422,
                  51.991037207014401
               ],
               [
                  5.9309136146985351,
                  51.991021183470593
               ],
               [
                  5.9306883780938922,
                  51.990926738326387
               ],
               [
                  5.930617133782726,
                  51.99089793171462
               ],
               [
                  5.9306149799188033,
                  51.990897286413741
               ],
               [
                  5.9306142008279927,
                  51.990899795070597
               ],
               [
                  5.9305872410975429,
                  51.990891004961661
               ],
               [
                  5.930576824972726,
                  51.990887608740117
               ],
               [
                  5.930366434526734,
                  51.991020543179161
               ],
               [
                  5.9301969087881812,
                  51.990924408867926
               ],
               [
                  5.9301139103895988,
                  51.990870177794818
               ],
               [
                  5.9301305180345736,
                  51.990810052565507
               ],
               [
                  5.9302043153831372,
                  51.990542166978088
               ],
               [
                  5.9301247345289756,
                  51.990534207523538
               ],
               [
                  5.9300788078100934,
                  51.990529178393793
               ],
               [
                  5.9300751632097022,
                  51.990528781750754
               ],
               [
                  5.9300712205604453,
                  51.990526615776005
               ],
               [
                  5.9298198071102499,
                  51.990388917388387
               ],
               [
                  5.9298157165435992,
                  51.990386677484061
               ],
               [
                  5.9297468306776153,
                  51.990348839657713
               ],
               [
                  5.9295138632340203,
                  51.990231528321075
               ],
               [
                  5.9294908469698386,
                  51.990220230905614
               ],
               [
                  5.9294586901425896,
                  51.990204448188393
               ],
               [
                  5.9294225159281106,
                  51.990186693060238
               ],
               [
                  5.9294161558926142,
                  51.990182066408011
               ],
               [
                  5.9293474005594105,
                  51.990132093457618
               ],
               [
                  5.9294701729455692,
                  51.989888599036071
               ],
               [
                  5.9291076549139232,
                  51.98978987879849
               ],
               [
                  5.9290886672507428,
                  51.989784708985347
               ],
               [
                  5.9290865448489338,
                  51.98978413092459
               ],
               [
                  5.929037307534875,
                  51.989770725106638
               ],
               [
                  5.9290336849524836,
                  51.989769735098122
               ],
               [
                  5.9290158790670313,
                  51.989764891499796
               ],
               [
                  5.9289840290829714,
                  51.989811085592031
               ],
               [
                  5.9289267642604075,
                  51.989795053452411
               ],
               [
                  5.9285187365375034,
                  51.989677000300411
               ],
               [
                  5.9285093945952276,
                  51.989690668752459
               ],
               [
                  5.9284683213738338,
                  51.989750757116134
               ],
               [
                  5.9284210335455336,
                  51.989819950508952
               ],
               [
                  5.9284136815710919,
                  51.989830709251848
               ],
               [
                  5.9283796633626,
                  51.989815412985827
               ],
               [
                  5.9281025790927755,
                  51.98970104058904
               ],
               [
                  5.9280446635937398,
                  51.989677134511318
               ],
               [
                  5.9279431398543663,
                  51.989760418267629
               ],
               [
                  5.9278433061089828,
                  51.989718145628281
               ],
               [
                  5.9277999156196941,
                  51.989700835737395
               ],
               [
                  5.9276905480006183,
                  51.989653531059602
               ],
               [
                  5.9276385622756402,
                  51.989631045558582
               ],
               [
                  5.9271798708867864,
                  51.989449700693442
               ],
               [
                  5.9271854410265936,
                  51.989444496925998
               ],
               [
                  5.9272005288799789,
                  51.989429673261242
               ],
               [
                  5.9273412484694576,
                  51.989294547742055
               ],
               [
                  5.9271757629858497,
                  51.989230106902106
               ],
               [
                  5.9270192123657388,
                  51.989169146463283
               ],
               [
                  5.9270958678271501,
                  51.98909328339218
               ],
               [
                  5.9270272920408811,
                  51.989065123017518
               ],
               [
                  5.9269543416722028,
                  51.989035167028788
               ],
               [
                  5.9269245046241483,
                  51.989022915287634
               ],
               [
                  5.9269216749863052,
                  51.989021753493141
               ],
               [
                  5.9268829276603903,
                  51.989005842119205
               ],
               [
                  5.9268113527397777,
                  51.988976445997615
               ],
               [
                  5.926736222612619,
                  51.988945592049483
               ],
               [
                  5.9266801421988831,
                  51.988922569427253
               ],
               [
                  5.9266559546630653,
                  51.988912424643807
               ],
               [
                  5.9266151203594477,
                  51.988950165300345
               ],
               [
                  5.9265457515778799,
                  51.988920183644581
               ],
               [
                  5.9264920033039807,
                  51.988970000915266
               ],
               [
                  5.9264213566161352,
                  51.988940285708132
               ],
               [
                  5.926425244542604,
                  51.988936717480847
               ],
               [
                  5.9263043078384339,
                  51.988884833749289
               ],
               [
                  5.9262773522152896,
                  51.988910843780367
               ],
               [
                  5.9262552622964622,
                  51.988900788172771
               ],
               [
                  5.9262315878703831,
                  51.988922414811206
               ],
               [
                  5.9259841192950162,
                  51.989013365773928
               ],
               [
                  5.9259755780175816,
                  51.989007697289317
               ],
               [
                  5.9258747541471983,
                  51.988936642287577
               ],
               [
                  5.9258072123877499,
                  51.988885522886953
               ],
               [
                  5.9256465754652616,
                  51.98877329533731
               ],
               [
                  5.9257035711945489,
                  51.988724705776427
               ],
               [
                  5.9258207050528666,
                  51.988623734371082
               ],
               [
                  5.9258129606524044,
                  51.988620040563852
               ],
               [
                  5.9257993391898891,
                  51.988612972472225
               ],
               [
                  5.9257828463694047,
                  51.988604415571814
               ],
               [
                  5.92572777168016,
                  51.988575839374725
               ],
               [
                  5.9257416544620378,
                  51.988562606960272
               ],
               [
                  5.9257863974095129,
                  51.988519959937186
               ],
               [
                  5.9257977266918118,
                  51.988509159774694
               ],
               [
                  5.925354018519112,
                  51.988139897683055
               ],
               [
                  5.9254812269339228,
                  51.988018386143104
               ],
               [
                  5.9253296748157949,
                  51.98796141927901
               ],
               [
                  5.9251426885301228,
                  51.987891140732678
               ],
               [
                  5.9251347599605628,
                  51.98789889799891
               ],
               [
                  5.9249695288109647,
                  51.987831418423724
               ],
               [
                  5.9246307607236268,
                  51.98769448763089
               ],
               [
                  5.9244337021767706,
                  51.987621764176531
               ],
               [
                  5.9245620663649179,
                  51.987503070719299
               ],
               [
                  5.9245067129643507,
                  51.987474626453555
               ],
               [
                  5.9243721053120542,
                  51.987406239368951
               ],
               [
                  5.9242391124133578,
                  51.987339054580268
               ],
               [
                  5.9240835859124221,
                  51.987260728047112
               ],
               [
                  5.9240266608880718,
                  51.987232044416892
               ],
               [
                  5.9239733801661094,
                  51.98728024317456
               ],
               [
                  5.9233602417431497,
                  51.986996496710702
               ],
               [
                  5.9231627932498636,
                  51.986899854792718
               ],
               [
                  5.9230823189702013,
                  51.986860465899596
               ],
               [
                  5.9228805444722772,
                  51.986761703985977
               ],
               [
                  5.9228270732072099,
                  51.986731004137496
               ],
               [
                  5.9226326626006172,
                  51.986619387266217
               ],
               [
                  5.9222383312829194,
                  51.986392984957284
               ],
               [
                  5.9221012637110304,
                  51.986331507722262
               ],
               [
                  5.9220088619299762,
                  51.986403729612107
               ],
               [
                  5.9216461270911518,
                  51.986218453533638
               ],
               [
                  5.9217330612907277,
                  51.986152713114947
               ],
               [
                  5.921673555475409,
                  51.98612271069706
               ],
               [
                  5.9215556953070259,
                  51.98604557950501
               ],
               [
                  5.9216057017910515,
                  51.986008139604536
               ],
               [
                  5.9217257678394803,
                  51.985918248830423
               ],
               [
                  5.9217475716354073,
                  51.985901704637627
               ],
               [
                  5.9218162001543035,
                  51.985849628756903
               ],
               [
                  5.9218654947693299,
                  51.985812225236174
               ],
               [
                  5.9219756456875867,
                  51.985727431628945
               ],
               [
                  5.9219227137837418,
                  51.985699322959171
               ],
               [
                  5.9219046468185015,
                  51.985691673296181
               ],
               [
                  5.9218297599536704,
                  51.985659962974488
               ],
               [
                  5.9218319783405793,
                  51.98565799342834
               ],
               [
                  5.9218072717224022,
                  51.985645584927298
               ],
               [
                  5.9217599519836153,
                  51.985625414368755
               ],
               [
                  5.9216995189811987,
                  51.985679996686478
               ],
               [
                  5.9216858373831682,
                  51.985692667731662
               ],
               [
                  5.9216594043150197,
                  51.985717148101017
               ],
               [
                  5.9216465908748477,
                  51.98571178903223
               ],
               [
                  5.9214201950914838,
                  51.985617088665414
               ],
               [
                  5.921324797378726,
                  51.985577582984227
               ],
               [
                  5.921745930668795,
                  51.985215530455378
               ],
               [
                  5.9215662457019373,
                  51.985142048147999
               ],
               [
                  5.9212876187696803,
                  51.985032371984175
               ],
               [
                  5.9209121371769386,
                  51.984880005787566
               ],
               [
                  5.9210784238751621,
                  51.984837787850154
               ],
               [
                  5.9212299345920822,
                  51.984801071126213
               ],
               [
                  5.921557148594232,
                  51.98472181868032
               ],
               [
                  5.9218440156393912,
                  51.984650596455694
               ],
               [
                  5.9219304308410683,
                  51.984629870165932
               ],
               [
                  5.9223313805506956,
                  51.984532801558125
               ],
               [
                  5.9225934642441231,
                  51.984466684180532
               ],
               [
                  5.9229604252886254,
                  51.984377972698681
               ],
               [
                  5.9232207805600989,
                  51.984312575466205
               ],
               [
                  5.9236090254772664,
                  51.984216273157138
               ],
               [
                  5.9238273400803116,
                  51.984162124673304
               ],
               [
                  5.9241406756797597,
                  51.984082571486518
               ],
               [
                  5.9242726074417247,
                  51.984051647812684
               ],
               [
                  5.9246401082484628,
                  51.98396043065646
               ],
               [
                  5.9251656570562181,
                  51.983835926366368
               ],
               [
                  5.9256088348077229,
                  51.983725570603781
               ],
               [
                  5.9258135805374375,
                  51.983679669723607
               ],
               [
                  5.9261271423275357,
                  51.983607395099753
               ],
               [
                  5.9262578363231615,
                  51.9835772702653
               ],
               [
                  5.9264080428307064,
                  51.983539204489055
               ],
               [
                  5.9268312793281694,
                  51.983480891896733
               ],
               [
                  5.9272450038454672,
                  51.983422868635841
               ],
               [
                  5.9276450804480225,
                  51.983382979547436
               ],
               [
                  5.9281745036964608,
                  51.983337738473793
               ],
               [
                  5.9284917124754122,
                  51.983324863771422
               ],
               [
                  5.9290878225751262,
                  51.983316411149268
               ],
               [
                  5.9294129410142746,
                  51.983320620364637
               ],
               [
                  5.9299570898130769,
                  51.983346648568464
               ],
               [
                  5.9303502552316649,
                  51.983372420644315
               ],
               [
                  5.9307357425367435,
                  51.983400128829977
               ],
               [
                  5.9311967418594254,
                  51.983445404827876
               ],
               [
                  5.9314048577520859,
                  51.983472422840258
               ],
               [
                  5.9316664413007185,
                  51.983509500842594
               ],
               [
                  5.931835432259617,
                  51.983533689902359
               ],
               [
                  5.9320338055029866,
                  51.983567016813424
               ],
               [
                  5.932189339564184,
                  51.983593169642148
               ],
               [
                  5.9324490657039419,
                  51.983641513346981
               ],
               [
                  5.9326333175911845,
                  51.983679579565482
               ],
               [
                  5.9328716122739138,
                  51.983733410238244
               ],
               [
                  5.9330017699242408,
                  51.983763008981065
               ],
               [
                  5.9331829780257843,
                  51.983809968923012
               ],
               [
                  5.9332733864648359,
                  51.983833093309016
               ],
               [
                  5.9334430621543417,
                  51.983881771944326
               ],
               [
                  5.9335949682162559,
                  51.98392601354108
               ],
               [
                  5.9338017942775965,
                  51.983989025388141
               ],
               [
                  5.9339274331542651,
                  51.984026968243064
               ],
               [
                  5.9340674663714825,
                  51.984076733850053
               ],
               [
                  5.9341641593098995,
                  51.98410981710839
               ],
               [
                  5.9343661145839572,
                  51.984183790367318
               ],
               [
                  5.934472946052586,
                  51.984227051374624
               ],
               [
                  5.9346304462890727,
                  51.984287675677578
               ],
               [
                  5.9346888921309251,
                  51.98431118504638
               ],
               [
                  5.9349192073493624,
                  51.984405001990083
               ],
               [
                  5.9351189800405804,
                  51.984489210197147
               ],
               [
                  5.9354007973585317,
                  51.984605378520627
               ],
               [
                  5.9356005471305835,
                  51.984687684080512
               ],
               [
                  5.935981532971514,
                  51.984850001354943
               ],
               [
                  5.9363446722498692,
                  51.985001460984719
               ],
               [
                  5.9365344003719906,
                  51.985082859890177
               ],
               [
                  5.9367875439402882,
                  51.985184414307582
               ],
               [
                  5.9369602626359539,
                  51.985260659882002
               ],
               [
                  5.9373061570990737,
                  51.985401612458169
               ],
               [
                  5.9375766199686613,
                  51.985518901012163
               ],
               [
                  5.9377032606185827,
                  51.985571544633274
               ],
               [
                  5.937748635304863,
                  51.98559040735887
               ],
               [
                  5.9379900790915565,
                  51.985689621262509
               ],
               [
                  5.9382281906613796,
                  51.985789816534869
               ],
               [
                  5.938489117180894,
                  51.985897276648615
               ],
               [
                  5.9387426847768028,
                  51.986001203211572
               ],
               [
                  5.9389385424434922,
                  51.986079239318236
               ],
               [
                  5.9390783174784385,
                  51.986138276195561
               ],
               [
                  5.9392269273623972,
                  51.98619536860123
               ],
               [
                  5.9394057530866275,
                  51.986266349803493
               ],
               [
                  5.939555133876099,
                  51.986323438176619
               ],
               [
                  5.939687868557681,
                  51.986373707780565
               ],
               [
                  5.9398361044865142,
                  51.986431514853187
               ],
               [
                  5.9399637955190405,
                  51.986478715846154
               ],
               [
                  5.9401023381398304,
                  51.986531336010529
               ],
               [
                  5.9402493547601347,
                  51.986583916164911
               ],
               [
                  5.9404026158897238,
                  51.986643125350888
               ],
               [
                  5.9404513737440894,
                  51.986661445305131
               ],
               [
                  5.9406568609446095,
                  51.986738958677911
               ],
               [
                  5.940853446779979,
                  51.986812946111328
               ],
               [
                  5.940885170926772,
                  51.986824211999661
               ],
               [
                  5.9411049742640802,
                  51.986906888428095
               ],
               [
                  5.9412431205831142,
                  51.986958319937926
               ],
               [
                  5.9415073641298051,
                  51.987052439626297
               ],
               [
                  5.9418622987937262,
                  51.987183884897554
               ],
               [
                  5.9421152650928484,
                  51.987276927470731
               ],
               [
                  5.9421946124298488,
                  51.987307589902869
               ],
               [
                  5.9423136212089709,
                  51.987353579014602
               ],
               [
                  5.9425313625584328,
                  51.98744024611625
               ],
               [
                  5.9427607458895162,
                  51.987533992791803
               ],
               [
                  5.9429853174955065,
                  51.987627761760663
               ],
               [
                  5.9430612790873836,
                  51.987657427519508
               ],
               [
                  5.9432777068320091,
                  51.987754504393031
               ],
               [
                  5.9434672336942072,
                  51.987840946331268
               ],
               [
                  5.9436353667780111,
                  51.987918392953723
               ],
               [
                  5.9437911081407462,
                  51.987990428557502
               ],
               [
                  5.9439430571228353,
                  51.988067237656608
               ],
               [
                  5.9441097048541973,
                  51.98814897179669
               ],
               [
                  5.9442996288555108,
                  51.988243912619239
               ],
               [
                  5.9444899350322435,
                  51.988338614032074
               ],
               [
                  5.9447062745784933,
                  51.988451265553472
               ],
               [
                  5.9449092067902471,
                  51.988555843083596
               ],
               [
                  5.945063252992612,
                  51.988632406198356
               ],
               [
                  5.9452200039517855,
                  51.988710311725349
               ],
               [
                  5.9457960293284069,
                  51.989002945062872
               ],
               [
                  5.9461671366926119,
                  51.989191525045811
               ],
               [
                  5.9462098519932729,
                  51.989213231182141
               ],
               [
                  5.9465267787846372,
                  51.989375521286945
               ],
               [
                  5.9467705190771252,
                  51.989499216648611
               ],
               [
                  5.9470569140275407,
                  51.989645300741351
               ],
               [
                  5.9472798746864939,
                  51.989755505343858
               ],
               [
                  5.9475390354005873,
                  51.989890013298194
               ],
               [
                  5.9478724423578937,
                  51.990057299700602
               ],
               [
                  5.9481292537778421,
                  51.990185983205478
               ],
               [
                  5.9483153301164524,
                  51.990279924723112
               ],
               [
                  5.9485436322482332,
                  51.990400420105445
               ],
               [
                  5.9488891399855923,
                  51.99057505319692
               ],
               [
                  5.9495943807378779,
                  51.990927922797226
               ],
               [
                  5.949636236637315,
                  51.990948056135899
               ],
               [
                  5.9498756599113491,
                  51.991071765700433
               ],
               [
                  5.9503864635889396,
                  51.991332703457694
               ],
               [
                  5.9505938509056078,
                  51.991435755985286
               ],
               [
                  5.9511036841756111,
                  51.991695507022143
               ],
               [
                  5.9514090421901438,
                  51.991853974443679
               ],
               [
                  5.951859653261601,
                  51.992075360793656
               ],
               [
                  5.9521204185502823,
                  51.99221025902262
               ],
               [
                  5.9525275520505216,
                  51.992419960932679
               ],
               [
                  5.9528182945872397,
                  51.992564226814331
               ],
               [
                  5.9531118824686811,
                  51.99270490990375
               ],
               [
                  5.9534742079489815,
                  51.992873800306967
               ],
               [
                  5.9538528778767663,
                  51.993040233424921
               ],
               [
                  5.9541229459145679,
                  51.993148327611664
               ],
               [
                  5.9545245302243268,
                  51.993298594880308
               ],
               [
                  5.9551931900799939,
                  51.993364046794113
               ],
               [
                  5.9552608308916835,
                  51.993385436019608
               ],
               [
                  5.9552560632697302,
                  51.993390672304244
               ],
               [
                  5.955497614847415,
                  51.993454886803399
               ],
               [
                  5.9553212565344076,
                  51.993669311594026
               ],
               [
                  5.9552330322226377,
                  51.993777031947261
               ],
               [
                  5.9549548219010697,
                  51.994115637050115
               ],
               [
                  5.9544716863766318,
                  51.994678896704855
               ],
               [
                  5.9544384305771638,
                  51.99472496970499
               ],
               [
                  5.9539686107257586,
                  51.994571160591171
               ],
               [
                  5.9538484298043706,
                  51.994716443474736
               ],
               [
                  5.9536133690333832,
                  51.995001509410713
               ],
               [
                  5.9534058332947053,
                  51.995479746250176
               ],
               [
                  5.9532415143391768,
                  51.995794563876593
               ],
               [
                  5.9531576505953563,
                  51.995949684268474
               ],
               [
                  5.9531264878081682,
                  51.996002559995816
               ],
               [
                  5.9525881663518652,
                  51.997008026253461
               ],
               [
                  5.9525537118137004,
                  51.997115207383246
               ],
               [
                  5.9523386276087997,
                  51.997571564780927
               ],
               [
                  5.9522614060518384,
                  51.997763172296182
               ],
               [
                  5.9521910298977643,
                  51.997950324594584
               ],
               [
                  5.9519346222115521,
                  51.998460684030618
               ],
               [
                  5.9517996690627522,
                  51.998825297806555
               ],
               [
                  5.9517564421163849,
                  51.99894843916978
               ],
               [
                  5.9515874194427347,
                  51.999399306945783
               ],
               [
                  5.9515463216630522,
                  51.999533188156533
               ],
               [
                  5.9515263191223218,
                  51.999637746951819
               ],
               [
                  5.9514895685068163,
                  51.99978036195035
               ],
               [
                  5.9514228585562048,
                  51.999973518432824
               ],
               [
                  5.9513640293463332,
                  52.000116014581465
               ],
               [
                  5.9513266195350933,
                  52.000205169864913
               ],
               [
                  5.951302633737602,
                  52.000295294417299
               ],
               [
                  5.9512910413626896,
                  52.000327636229883
               ],
               [
                  5.9511849263177403,
                  52.000648301750878
               ],
               [
                  5.9510514904485188,
                  52.00106968693791
               ],
               [
                  5.9509326551489234,
                  52.001464171690507
               ],
               [
                  5.9507660788444516,
                  52.001682479378715
               ],
               [
                  5.950540923295538,
                  52.001997665344554
               ],
               [
                  5.9503346136362421,
                  52.00228191256231
               ],
               [
                  5.9503138918795049,
                  52.002324913229302
               ],
               [
                  5.9502201178930019,
                  52.002586707793398
               ],
               [
                  5.950024780424962,
                  52.003147815399558
               ],
               [
                  5.949976379609442,
                  52.003306152280885
               ],
               [
                  5.9499413539348858,
                  52.003477745903872
               ],
               [
                  5.9498937887304262,
                  52.003761843907299
               ],
               [
                  5.9498458634606024,
                  52.004031229651382
               ],
               [
                  5.9498277470576149,
                  52.004091610234411
               ],
               [
                  5.9498171702503946,
                  52.004112319673496
               ],
               [
                  5.9497467257824308,
                  52.004250255814526
               ],
               [
                  5.9495944954930069,
                  52.004523286130315
               ],
               [
                  5.9492885481462174,
                  52.004825840554425
               ],
               [
                  5.9489722659290392,
                  52.005151237984954
               ],
               [
                  5.9487664290103766,
                  52.005365901069354
               ],
               [
                  5.9485397159170041,
                  52.005798846822735
               ],
               [
                  5.9482684864161905,
                  52.006280370785838
               ],
               [
                  5.9481257461063928,
                  52.006586763523785
               ],
               [
                  5.9476891040460851,
                  52.006882503373021
               ],
               [
                  5.9473487882378429,
                  52.007113120703536
               ],
               [
                  5.9471907729383524,
                  52.007236348356948
               ],
               [
                  5.9466028572976288,
                  52.007755589606504
               ],
               [
                  5.9462089295479084,
                  52.008018816647493
               ],
               [
                  5.9460232800566777,
                  52.008169049226559
               ],
               [
                  5.9454386960445449,
                  52.008646787435104
               ],
               [
                  5.9450160786170052,
                  52.008985199287608
               ],
               [
                  5.9447704651584905,
                  52.009174795515406
               ],
               [
                  5.9445178590790286,
                  52.009345719580217
               ],
               [
                  5.9443136093099138,
                  52.009485107665796
               ],
               [
                  5.9441004904757699,
                  52.00963055957066
               ],
               [
                  5.9435847736093317,
                  52.00998722174964
               ],
               [
                  5.9433103192515073,
                  52.010134238605801
               ],
               [
                  5.9433106286483355,
                  52.010134287478039
               ],
               [
                  5.9433549921197946,
                  52.010141299000622
               ],
               [
                  5.9440063623772561,
                  52.010244244458711
               ],
               [
                  5.9445522602970975,
                  52.010331525000993
               ],
               [
                  5.9449116325183411,
                  52.010350944504943
               ],
               [
                  5.9456434732049139,
                  52.010391012380772
               ],
               [
                  5.9460311921842965,
                  52.010412846598769
               ],
               [
                  5.9460482016753637,
                  52.010503914893548
               ],
               [
                  5.9454015359277923,
                  52.010549778544721
               ],
               [
                  5.9448102858517187,
                  52.010575174668155
               ],
               [
                  5.9442649533558889,
                  52.010574190700076
               ],
               [
                  5.943707749167201,
                  52.01054828982474
               ],
               [
                  5.9431211430131556,
                  52.010482096550824
               ],
               [
                  5.9428034417940214,
                  52.010437795468093
               ],
               [
                  5.941823092295742,
                  52.010318756029847
               ],
               [
                  5.9413657190417819,
                  52.010262646222031
               ],
               [
                  5.9409391909365077,
                  52.010207578571176
               ],
               [
                  5.940526239013141,
                  52.010159579532839
               ],
               [
                  5.9400882850568593,
                  52.010115264922725
               ],
               [
                  5.9397970308678385,
                  52.010091661881276
               ],
               [
                  5.93936116490078,
                  52.010060413708544
               ],
               [
                  5.9388753053057144,
                  52.010037722473697
               ],
               [
                  5.9384299829397849,
                  52.010020784200954
               ],
               [
                  5.9379443434514014,
                  52.010015924571199
               ],
               [
                  5.937242667806097,
                  52.010024201152554
               ],
               [
                  5.935796919319138,
                  52.010040464882557
               ],
               [
                  5.9352912824589428,
                  52.010039015934808
               ],
               [
                  5.9349582403577497,
                  52.01003295748739
               ],
               [
                  5.9341531010875324,
                  52.00999484736505
               ],
               [
                  5.9334341213013788,
                  52.009943013705012
               ],
               [
                  5.9327456464500408,
                  52.009864399028253
               ],
               [
                  5.9319828387490521,
                  52.009757587287361
               ],
               [
                  5.9317789779835906,
                  52.009726187409008
               ],
               [
                  5.9311827403634974,
                  52.009626208913829
               ],
               [
                  5.9307317454489441,
                  52.009554094496501
               ],
               [
                  5.9301756832886152,
                  52.009461534835566
               ],
               [
                  5.9296631033687506,
                  52.009395408132036
               ],
               [
                  5.9292433560744131,
                  52.00935738953055
               ],
               [
                  5.9286573213743639,
                  52.009335354790629
               ],
               [
                  5.9282996218227062,
                  52.009329390905116
               ],
               [
                  5.9274548804975673,
                  52.009342119258335
               ],
               [
                  5.9267206546588511,
                  52.009334786965397
               ],
               [
                  5.9255779833951179,
                  52.009331697255732
               ],
               [
                  5.9251944857628596,
                  52.00932750662173
               ],
               [
                  5.9245719980896201,
                  52.009318460766032
               ],
               [
                  5.9240012773630522,
                  52.009287771355517
               ],
               [
                  5.9235865959476888,
                  52.009253989597447
               ],
               [
                  5.9232875219603676,
                  52.009219680604026
               ],
               [
                  5.9229738184147056,
                  52.009170573455187
               ],
               [
                  5.9226841296863979,
                  52.009115410395616
               ],
               [
                  5.9223314329829133,
                  52.009027833636608
               ],
               [
                  5.9206324103445338,
                  52.008629833155958
               ],
               [
                  5.9200898782611997,
                  52.008505772650189
               ],
               [
                  5.9196603905710834,
                  52.008424956945866
               ],
               [
                  5.9190998752668476,
                  52.008343781119457
               ],
               [
                  5.9188806716909674,
                  52.008317184864424
               ],
               [
                  5.9182250459533119,
                  52.008274484949219
               ],
               [
                  5.9178795173278083,
                  52.00825416449409
               ],
               [
                  5.9172471377847584,
                  52.008221818505518
               ],
               [
                  5.9170836164571323,
                  52.008211139861295
               ],
               [
                  5.9163525220119624,
                  52.008173525104269
               ],
               [
                  5.9157539869964548,
                  52.0081353111553
               ],
               [
                  5.9151354605240556,
                  52.00810098855473
               ],
               [
                  5.9145122534576426,
                  52.008061927053504
               ],
               [
                  5.914340703885447,
                  52.008052246768102
               ],
               [
                  5.9140124928236846,
                  52.0080337248164
               ],
               [
                  5.9134587272520314,
                  52.008001006275613
               ],
               [
                  5.9123835685635138,
                  52.007935415997245
               ],
               [
                  5.9121953992468876,
                  52.007925791482911
               ],
               [
                  5.9115984356040334,
                  52.007889452158174
               ],
               [
                  5.9110169067971903,
                  52.007854942128866
               ],
               [
                  5.9105124917627805,
                  52.007823892856045
               ],
               [
                  5.9098028997579748,
                  52.007778532023124
               ],
               [
                  5.9091118497611559,
                  52.007736889432834
               ],
               [
                  5.9086815330897711,
                  52.007715015082411
               ],
               [
                  5.9081925357276113,
                  52.007683887539493
               ],
               [
                  5.9077564127341624,
                  52.007657844241145
               ],
               [
                  5.9070562472730179,
                  52.007612513969782
               ],
               [
                  5.9067679919966789,
                  52.007595356493724
               ],
               [
                  5.9065964057675515,
                  52.007586601628944
               ],
               [
                  5.9060602848075154,
                  52.007569084593889
               ],
               [
                  5.905983479281872,
                  52.00756542791629
               ],
               [
                  5.9058995708280317,
                  52.007560660980126
               ],
               [
                  5.9058477462238104,
                  52.007557845960633
               ],
               [
                  5.9057934522787852,
                  52.007554850349429
               ],
               [
                  5.905710466480107,
                  52.007549889558533
               ],
               [
                  5.9056453681872085,
                  52.007545610314494
               ],
               [
                  5.9055771947800597,
                  52.007541915340113
               ],
               [
                  5.9055324643286857,
                  52.007539448237893
               ],
               [
                  5.9054568770656344,
                  52.007534454678655
               ],
               [
                  5.9053621651065997,
                  52.007528593421796
               ],
               [
                  5.9052847355961235,
                  52.007524368276975
               ],
               [
                  5.9052338292725395,
                  52.007520977286489
               ],
               [
                  5.9051514398496323,
                  52.007514300300272
               ],
               [
                  5.905089102896226,
                  52.007508867076304
               ],
               [
                  5.9050465198988622,
                  52.007505440271757
               ],
               [
                  5.9049832288341939,
                  52.007497347049181
               ],
               [
                  5.9049319830385896,
                  52.007491294179481
               ],
               [
                  5.9048134558477932,
                  52.007478688151622
               ],
               [
                  5.9046344458982665,
                  52.00746102059211
               ],
               [
                  5.9045674762596505,
                  52.007454847050099
               ],
               [
                  5.904441261810951,
                  52.007443986722691
               ],
               [
                  5.9043029810048555,
                  52.00742937362584
               ],
               [
                  5.9042514302780278,
                  52.00742351235268
               ],
               [
                  5.9040742528296741,
                  52.007404314165534
               ],
               [
                  5.903945498377718,
                  52.007386995562143
               ],
               [
                  5.9038911652877131,
                  52.007380575590702
               ],
               [
                  5.9037679466541171,
                  52.007362090968023
               ],
               [
                  5.9035743047383376,
                  52.007331929330228
               ],
               [
                  5.9035616399025015,
                  52.007329701869537
               ],
               [
                  5.9035109930068161,
                  52.007322124029265
               ],
               [
                  5.9034025891142035,
                  52.007305096644281
               ],
               [
                  5.9033086975298845,
                  52.007290097993625
               ],
               [
                  5.9032237599035229,
                  52.007276201521385
               ],
               [
                  5.9032043017530382,
                  52.007273051948268
               ],
               [
                  5.9031743422949514,
                  52.00726823704062
               ],
               [
                  5.9030313245422299,
                  52.007243750665786
               ],
               [
                  5.9029272289797587,
                  52.00722594264662
               ],
               [
                  5.9028397872653402,
                  52.00720882287149
               ],
               [
                  5.9027100324334025,
                  52.007184847848968
               ],
               [
                  5.9026142610930332,
                  52.007167193638765
               ],
               [
                  5.9025932432219257,
                  52.007162529072303
               ],
               [
                  5.9024579179838401,
                  52.00713667713859
               ],
               [
                  5.902250133157068,
                  52.007096784268114
               ],
               [
                  5.901889416304968,
                  52.007026915232693
               ],
               [
                  5.9018359584811755,
                  52.007016114068627
               ],
               [
                  5.9017982674313476,
                  52.007009049589733
               ],
               [
                  5.9016845513587377,
                  52.00698576550981
               ],
               [
                  5.9015751804840795,
                  52.006964935016001
               ],
               [
                  5.901467034533642,
                  52.006943338654835
               ],
               [
                  5.9012937043932023,
                  52.006909849605435
               ],
               [
                  5.9010672170916862,
                  52.006864797962685
               ],
               [
                  5.9006974671727983,
                  52.006793186841833
               ],
               [
                  5.9001147693729559,
                  52.006678700146189
               ],
               [
                  5.8997779565147503,
                  52.00662665937103
               ],
               [
                  5.8993299050443131,
                  52.006561515930677
               ],
               [
                  5.8990309858898939,
                  52.006512778426014
               ],
               [
                  5.8985197504280027,
                  52.006454364756145
               ],
               [
                  5.898228166307609,
                  52.006432599671491
               ],
               [
                  5.8982572089772853,
                  52.006271949188822
               ],
               [
                  5.8982837762865667,
                  52.006067310677274
               ],
               [
                  5.8983065983915672,
                  52.005872202566529
               ],
               [
                  5.8983363677016509,
                  52.005610474231332
               ],
               [
                  5.8983485513034761,
                  52.005496269524471
               ],
               [
                  5.8983628393405221,
                  52.005397513802791
               ],
               [
                  5.8983695410690693,
                  52.005309492537585
               ],
               [
                  5.8983934339685069,
                  52.005208316774791
               ],
               [
                  5.8984272858456315,
                  52.005135635689022
               ],
               [
                  5.8984937123058092,
                  52.00504735493314
               ],
               [
                  5.8985431524179344,
                  52.004990063313436
               ],
               [
                  5.8987240057426709,
                  52.004799024011376
               ],
               [
                  5.8988191670994006,
                  52.004696349181557
               ],
               [
                  5.8989544188464658,
                  52.004561394514333
               ],
               [
                  5.8991274683766495,
                  52.004362065321523
               ],
               [
                  5.8992644410561148,
                  52.004209266359261
               ],
               [
                  5.8993728419621032,
                  52.004085130444608
               ],
               [
                  5.8996431336872002,
                  52.003797384059233
               ],
               [
                  5.8998467979928479,
                  52.003580083917107
               ],
               [
                  5.9000676065860853,
                  52.003346061388278
               ],
               [
                  5.900278903750813,
                  52.003122781413175
               ],
               [
                  5.9004331265581405,
                  52.002962770815785
               ],
               [
                  5.9005478491278875,
                  52.00283610919135
               ],
               [
                  5.9006131608037702,
                  52.002752112270962
               ],
               [
                  5.900655454032961,
                  52.002676778051089
               ],
               [
                  5.9006981315269629,
                  52.002602328387297
               ],
               [
                  5.9007085172590399,
                  52.002589816241084
               ],
               [
                  5.90075342178742,
                  52.002502703058369
               ],
               [
                  5.9007887289440619,
                  52.002406679368136
               ],
               [
                  5.9008075983839428,
                  52.002318886131846
               ],
               [
                  5.9008365452825604,
                  52.002184203493428
               ],
               [
                  5.9008888268254323,
                  52.001940952230804
               ],
               [
                  5.9009143516213713,
                  52.00180238716186
               ],
               [
                  5.9009765614315697,
                  52.001510759513707
               ],
               [
                  5.900991382324646,
                  52.00144207423957
               ],
               [
                  5.9010554624024074,
                  52.001120341815792
               ],
               [
                  5.9010720977866455,
                  52.001036817845844
               ],
               [
                  5.9010832692137862,
                  52.000980724075717
               ],
               [
                  5.9006388533900536,
                  52.000687433377678
               ],
               [
                  5.9007541277224504,
                  52.000262788607969
               ],
               [
                  5.9008042338748918,
                  52.000267630321908
               ],
               [
                  5.9008928052619716,
                  52.000004927987142
               ],
               [
                  5.9010680524691974,
                  51.999413529979542
               ],
               [
                  5.9011234247054247,
                  51.999241458036906
               ],
               [
                  5.9011566813450909,
                  51.999106595529483
               ],
               [
                  5.9011824494277816,
                  51.998952377843182
               ],
               [
                  5.9011905690953705,
                  51.998786795056247
               ],
               [
                  5.9011889031140425,
                  51.99846375226187
               ],
               [
                  5.9011896000592872,
                  51.998436021972715
               ],
               [
                  5.9012420399739893,
                  51.998439598530268
               ],
               [
                  5.9040552900796248,
                  51.998634649679147
               ],
               [
                  5.9060755376301204,
                  51.999019582323044
               ],
               [
                  5.9072586386533921,
                  51.999242662527209
               ],
               [
                  5.9075201499951433,
                  51.999284924474772
               ],
               [
                  5.9075045001353388,
                  51.999034913659948
               ],
               [
                  5.9074610193373189,
                  51.99850434703712
               ],
               [
                  5.9074418141676786,
                  51.99817743425848
               ],
               [
                  5.9074431908968705,
                  51.997798109305663
               ],
               [
                  5.9074507146120769,
                  51.997533505043741
               ],
               [
                  5.9074512999421636,
                  51.997517568818573
               ],
               [
                  5.9074579770323776,
                  51.997495421675382
               ],
               [
                  5.9074762413660613,
                  51.997475721152739
               ],
               [
                  5.9075043132048197,
                  51.997454550805003
               ],
               [
                  5.9075654711528811,
                  51.99742695935619
               ],
               [
                  5.9076813328502835,
                  51.997381525809757
               ],
               [
                  5.9076586069350929,
                  51.997360586428854
               ],
               [
                  5.9076175348176294,
                  51.997307259601406
               ],
               [
                  5.9075772526968722,
                  51.997239065240421
               ],
               [
                  5.9075552152154414,
                  51.997166034440987
               ],
               [
                  5.9075438134593625,
                  51.997096523173482
               ],
               [
                  5.9075524583172161,
                  51.997011465089656
               ],
               [
                  5.9075775439819811,
                  51.996932280077914
               ],
               [
                  5.9076099208898452,
                  51.996861418374365
               ],
               [
                  5.90766443842399,
                  51.996784449112411
               ],
               [
                  5.9077081822911914,
                  51.996736097841072
               ],
               [
                  5.9077921637464543,
                  51.996669137017392
               ],
               [
                  5.9078724289534668,
                  51.996614084164399
               ],
               [
                  5.9080177444277577,
                  51.996520692062319
               ],
               [
                  5.9081915589470677,
                  51.996393284823377
               ],
               [
                  5.9083406358476802,
                  51.996292147475899
               ],
               [
                  5.908535579855271,
                  51.996159889488226
               ],
               [
                  5.9086845998684074,
                  51.996053995311968
               ],
               [
                  5.9087973666132561,
                  51.995977987930011
               ],
               [
                  5.908956903247419,
                  51.995865506853626
               ],
               [
                  5.9090811576701698,
                  51.995783503354431
               ],
               [
                  5.9092302166775719,
                  51.995681174870377
               ],
               [
                  5.9093590773491842,
                  51.995581315052938
               ],
               [
                  5.9094916306908161,
                  51.99546776292518
               ],
               [
                  5.9096698832130627,
                  51.995308823281221
               ],
               [
                  5.9098043751146188,
                  51.995196452236215
               ],
               [
                  5.9099302334898249,
                  51.995087090939755
               ],
               [
                  5.9100311344362497,
                  51.99498497626611
               ],
               [
                  5.910136933078225,
                  51.994889973785504
               ],
               [
                  5.9102354216232866,
                  51.994828892480122
               ],
               [
                  5.9103436591508451,
                  51.994777875140187
               ],
               [
                  5.9105546739836123,
                  51.994703213299523
               ],
               [
                  5.9107572706655596,
                  51.994649991598685
               ],
               [
                  5.9107064411174175,
                  51.994586007706665
               ],
               [
                  5.9106291930018777,
                  51.994486467469116
               ],
               [
                  5.9104845886125572,
                  51.994289127932426
               ],
               [
                  5.9103140397044616,
                  51.994034827555147
               ],
               [
                  5.9101745118932758,
                  51.99379763049285
               ],
               [
                  5.9101322820321522,
                  51.993727662331921
               ],
               [
                  5.9100664399425673,
                  51.993614992077973
               ],
               [
                  5.9100290058615883,
                  51.993543218377681
               ],
               [
                  5.9099848156013142,
                  51.993470286428256
               ],
               [
                  5.9099135374462293,
                  51.993371094908262
               ],
               [
                  5.9100552692368531,
                  51.993338596887973
               ],
               [
                  5.9101536981860141,
                  51.993318369740038
               ],
               [
                  5.9102081693266877,
                  51.993307177083864
               ],
               [
                  5.9102351261604147,
                  51.993305832127682
               ],
               [
                  5.9102511493828231,
                  51.993305571234927
               ],
               [
                  5.9102597088743378,
                  51.993306163262439
               ],
               [
                  5.91027899019595,
                  51.993307860823329
               ],
               [
                  5.9102939698896026,
                  51.993312253340179
               ],
               [
                  5.9104251376140571,
                  51.993356823930114
               ],
               [
                  5.9106160781498911,
                  51.993432107708664
               ],
               [
                  5.9106523647142666,
                  51.993446809399295
               ],
               [
                  5.9108631772990545,
                  51.993520189611303
               ],
               [
                  5.9110588980869867,
                  51.993579664257346
               ],
               [
                  5.911247331895499,
                  51.993633522759048
               ],
               [
                  5.9113989436268986,
                  51.993668222774382
               ],
               [
                  5.9114655403255281,
                  51.993680411739263
               ],
               [
                  5.9116107422881221,
                  51.993702356811433
               ],
               [
                  5.9117588170570787,
                  51.993722803121202
               ],
               [
                  5.9118986405284142,
                  51.99373763776503
               ],
               [
                  5.9120220154231689,
                  51.99374600569589
               ],
               [
                  5.9121747277984609,
                  51.993751270139668
               ],
               [
                  5.9123443081532496,
                  51.993757647352417
               ],
               [
                  5.9124242340565631,
                  51.993756696425187
               ],
               [
                  5.9125773694870842,
                  51.993753947138281
               ],
               [
                  5.9127504639037811,
                  51.993745969850558
               ],
               [
                  5.9128034940316478,
                  51.99373954445997
               ],
               [
                  5.9129034770834901,
                  51.993724233685406
               ],
               [
                  5.9131484891279325,
                  51.99367498078405
               ],
               [
                  5.9134443301445607,
                  51.993607366009371
               ],
               [
                  5.91371559070988,
                  51.993544908356448
               ],
               [
                  5.9141343137863798,
                  51.993437092383026
               ],
               [
                  5.9148177657771823,
                  51.993244250835723
               ],
               [
                  5.9152698758000675,
                  51.993108660720182
               ],
               [
                  5.9153407194408123,
                  51.993096835806682
               ],
               [
                  5.9153869394091245,
                  51.993096152817508
               ],
               [
                  5.9154571054410043,
                  51.993100593511905
               ],
               [
                  5.9155782583210339,
                  51.99311669677445
               ],
               [
                  5.9156670253279575,
                  51.993130567077543
               ],
               [
                  5.9157474030262716,
                  51.993151609964244
               ],
               [
                  5.9158309512685019,
                  51.993180248093722
               ],
               [
                  5.9159387176023452,
                  51.993224092585237
               ],
               [
                  5.9160630895107742,
                  51.993264818872667
               ],
               [
                  5.9161664682841728,
                  51.993302405407348
               ],
               [
                  5.916252802970468,
                  51.993332076927018
               ],
               [
                  5.9163209246594457,
                  51.993359167055097
               ],
               [
                  5.9163949209482389,
                  51.99338794299873
               ],
               [
                  5.9164934229337689,
                  51.993430116341706
               ],
               [
                  5.916539617961063,
                  51.99345331057151
               ],
               [
                  5.9165941929013552,
                  51.993481603019404
               ],
               [
                  5.9166454054525008,
                  51.993512193618045
               ],
               [
                  5.9166941846266434,
                  51.993545458397669
               ],
               [
                  5.9167374010221181,
                  51.99357741702201
               ],
               [
                  5.9167838308456151,
                  51.993620585825418
               ],
               [
                  5.9168265596309251,
                  51.993663391065716
               ],
               [
                  5.9168950029395413,
                  51.993743750712838
               ],
               [
                  5.9169438223525361,
                  51.993806504210887
               ],
               [
                  5.9169947779366128,
                  51.993867536684228
               ],
               [
                  5.9170238250243186,
                  51.993900129775689
               ],
               [
                  5.9170632330980606,
                  51.993948847145859
               ],
               [
                  5.9171074115462021,
                  51.994009910094874
               ],
               [
                  5.9171469187724099,
                  51.994066998745758
               ],
               [
                  5.9172409913844071,
                  51.994212045185371
               ],
               [
                  5.9172741312311539,
                  51.994282515584999
               ],
               [
                  5.9173035430191927,
                  51.994358960257451
               ],
               [
                  5.9173188505977024,
                  51.994415491858867
               ],
               [
                  5.9173344409116213,
                  51.994495804477125
               ],
               [
                  5.9173421560731461,
                  51.994561882667888
               ],
               [
                  5.9173498389645554,
                  51.994625107199688
               ],
               [
                  5.9173626273164786,
                  51.9947943758227
               ],
               [
                  5.9173684369385438,
                  51.994894708234533
               ],
               [
                  5.917369612589348,
                  51.994994110561308
               ],
               [
                  5.9173694105131744,
                  51.995042150640586
               ],
               [
                  5.9173508738407481,
                  51.995168753382856
               ],
               [
                  5.9173225480780163,
                  51.995379586972362
               ],
               [
                  5.9173303031350306,
                  51.995514157144051
               ],
               [
                  5.9173701658520406,
                  51.995562016659505
               ],
               [
                  5.9174988171134428,
                  51.995617709272487
               ],
               [
                  5.9179297785265783,
                  51.995841068735558
               ],
               [
                  5.9181312220479763,
                  51.995934810698586
               ],
               [
                  5.9182560558385413,
                  51.995935674565516
               ],
               [
                  5.9183269911842853,
                  51.995939634568046
               ],
               [
                  5.9184265113256664,
                  51.995950124918728
               ],
               [
                  5.9184990604663676,
                  51.995960261518036
               ],
               [
                  5.9185604555579063,
                  51.995974786235877
               ],
               [
                  5.9186291422603121,
                  51.995948734208937
               ],
               [
                  5.9188962294439094,
                  51.995860010403263
               ],
               [
                  5.9191057510298455,
                  51.995790096461711
               ],
               [
                  5.9192500065312048,
                  51.995739502105955
               ],
               [
                  5.9193880984412059,
                  51.995688936356181
               ],
               [
                  5.9195138247559065,
                  51.995634305239172
               ],
               [
                  5.9195987892743602,
                  51.995635704924602
               ],
               [
                  5.9197640602583732,
                  51.995635312761294
               ],
               [
                  5.9199044873099496,
                  51.995635390608598
               ],
               [
                  5.9200385701683853,
                  51.995636567537929
               ],
               [
                  5.9201940457273006,
                  51.99563871700299
               ],
               [
                  5.9202235167238735,
                  51.995638583469884
               ],
               [
                  5.9202217079475057,
                  51.995583452599575
               ],
               [
                  5.9202225821650041,
                  51.995555581141197
               ],
               [
                  5.9202277784061561,
                  51.995389860856818
               ],
               [
                  5.9202304137958679,
                  51.99530413595523
               ],
               [
                  5.9202323432010395,
                  51.995241082884924
               ],
               [
                  5.9202335351587418,
                  51.995184585667076
               ],
               [
                  5.9202354022162229,
                  51.995096698050453
               ],
               [
                  5.9202583149688657,
                  51.995096216714416
               ],
               [
                  5.9202587596297542,
                  51.995088304946123
               ],
               [
                  5.9202499112592486,
                  51.994972359293868
               ],
               [
                  5.9202455774126426,
                  51.994915614765716
               ],
               [
                  5.9202402671259131,
                  51.994846305343906
               ],
               [
                  5.9202376379793424,
                  51.994812060833304
               ],
               [
                  5.9202366043154768,
                  51.994798602756845
               ],
               [
                  5.9205183082132002,
                  51.994793766563255
               ],
               [
                  5.9208036673655249,
                  51.994780419117824
               ],
               [
                  5.9208022345449551,
                  51.994776255019751
               ],
               [
                  5.9209909713498767,
                  51.994769160830309
               ],
               [
                  5.9215070035253055,
                  51.994758683662766
               ],
               [
                  5.9217540362049679,
                  51.994748779747823
               ],
               [
                  5.9219201552827183,
                  51.994744932768242
               ],
               [
                  5.9220651862290952,
                  51.994740714044568
               ],
               [
                  5.9221723452978958,
                  51.994609616957455
               ],
               [
                  5.9222233996572715,
                  51.994536857716582
               ],
               [
                  5.922250272388581,
                  51.994472927148031
               ],
               [
                  5.9222592271169212,
                  51.994442433865366
               ],
               [
                  5.9222632435541103,
                  51.994408089061743
               ],
               [
                  5.922276601692853,
                  51.994390312250445
               ],
               [
                  5.9222778575763337,
                  51.994373543252209
               ],
               [
                  5.9222734961553316,
                  51.994341169051843
               ],
               [
                  5.9222542731587717,
                  51.994279901961775
               ],
               [
                  5.9222330533117669,
                  51.994236755489801
               ],
               [
                  5.9219874478916692,
                  51.993991357610064
               ],
               [
                  5.9222475886411186,
                  51.993694233015255
               ],
               [
                  5.9223408205025772,
                  51.993575307316718
               ],
               [
                  5.9223571581714154,
                  51.993577356043666
               ],
               [
                  5.9227292421825855,
                  51.993604810194924
               ],
               [
                  5.9229839591104634,
                  51.993617091529977
               ],
               [
                  5.9235563320388165,
                  51.993636119988714
               ],
               [
                  5.9239597161492057,
                  51.993639274016871
               ],
               [
                  5.9241943302181648,
                  51.993639630617274
               ],
               [
                  5.9248323028704473,
                  51.993640996741092
               ],
               [
                  5.925291141347758,
                  51.993642466117414
               ],
               [
                  5.9259580214633027,
                  51.993645121131905
               ],
               [
                  5.9264861991199576,
                  51.993646268235516
               ],
               [
                  5.926780979736888,
                  51.993647776467085
               ],
               [
                  5.9270907178244627,
                  51.993652770204108
               ],
               [
                  5.9272331995007885,
                  51.993653851795266
               ],
               [
                  5.9274420875981653,
                  51.993655437188693
               ],
               [
                  5.927832707296985,
                  51.993654356148987
               ],
               [
                  5.9279840643652921,
                  51.99365080658071
               ],
               [
                  5.9280763874006723,
                  51.993639680549443
               ],
               [
                  5.92818513971946,
                  51.993617300960459
               ],
               [
                  5.9283287815009444,
                  51.993580967231786
               ],
               [
                  5.9285069467663325,
                  51.993532583754849
               ],
               [
                  5.9289570256966417,
                  51.993405917696954
               ],
               [
                  5.929598076127319,
                  51.99322879773532
               ],
               [
                  5.9308484240636883,
                  51.992883317468653
               ],
               [
                  5.9317341980646949,
                  51.992638559447727
               ],
               [
                  5.9319646786724745,
                  51.992574871194407
               ]
            ]
         },
         "properties":{
            "GEBIEDSNAAM":"Noord-Oost"
         }
      },
      {
         "type":"Feature",
         "geometry":{
            "type":"LineString",
            "coordinates":[
               [
                  5.9557170194179117,
                  51.971991458169811
               ],
               [
                  5.9560711942034246,
                  51.971757872100746
               ],
               [
                  5.9565275462083394,
                  51.971459578844517
               ],
               [
                  5.9569207926772387,
                  51.971195478574415
               ],
               [
                  5.9571919317629067,
                  51.97101877363793
               ],
               [
                  5.957571823900035,
                  51.970764843348675
               ],
               [
                  5.9580613529336732,
                  51.970427737342604
               ],
               [
                  5.9589274561931314,
                  51.96985014724666
               ],
               [
                  5.9593387580284132,
                  51.969569898428496
               ],
               [
                  5.9594940132914047,
                  51.969465510888625
               ],
               [
                  5.9598365691022703,
                  51.969628390958555
               ],
               [
                  5.9604320142158054,
                  51.969903042219457
               ],
               [
                  5.9607945505372584,
                  51.970054679151829
               ],
               [
                  5.9615197887329083,
                  51.970365759793957
               ],
               [
                  5.9620418692786243,
                  51.970585150013754
               ],
               [
                  5.9623852602251031,
                  51.970715977617211
               ],
               [
                  5.9636289017930535,
                  51.971143118935132
               ],
               [
                  5.964633773780661,
                  51.971423929293536
               ],
               [
                  5.9651716617916817,
                  51.971537479380324
               ],
               [
                  5.9656290757679411,
                  51.971625221756355
               ],
               [
                  5.9662767069647229,
                  51.971730334973437
               ],
               [
                  5.966967973390938,
                  51.971843453787756
               ],
               [
                  5.9684126382414471,
                  51.972082674948659
               ],
               [
                  5.9696035399235603,
                  51.972233530303996
               ],
               [
                  5.9706357669847767,
                  51.97229542086427
               ],
               [
                  5.9713127940048576,
                  51.972340596496487
               ],
               [
                  5.9717252121258015,
                  51.972374518341852
               ],
               [
                  5.9722894914992457,
                  51.972433812388353
               ],
               [
                  5.9728624984225069,
                  51.97249487591376
               ],
               [
                  5.9732338418889084,
                  51.97253267334483
               ],
               [
                  5.9738684307939574,
                  51.972611833260636
               ],
               [
                  5.9742856904987907,
                  51.972665065043415
               ],
               [
                  5.9748602761916167,
                  51.972753993020589
               ],
               [
                  5.9755145926184046,
                  51.972845467442205
               ],
               [
                  5.9761769014563537,
                  51.972935819583988
               ],
               [
                  5.9764385287545112,
                  51.972987755981123
               ],
               [
                  5.9769937027064399,
                  51.973102810291635
               ],
               [
                  5.9774974454508065,
                  51.973195631219525
               ],
               [
                  5.9779670768575004,
                  51.973271902955339
               ],
               [
                  5.9783456750233777,
                  51.973331489674671
               ],
               [
                  5.978855038771254,
                  51.973405391880696
               ],
               [
                  5.9791712649426811,
                  51.973450863409731
               ],
               [
                  5.9796096807605172,
                  51.973501533962498
               ],
               [
                  5.9800069309655663,
                  51.973550450983915
               ],
               [
                  5.9804291280073612,
                  51.973591726474893
               ],
               [
                  5.9807807307812499,
                  51.973630103084545
               ],
               [
                  5.9811124739151449,
                  51.973666709379607
               ],
               [
                  5.9814588321996078,
                  51.973698018597489
               ],
               [
                  5.9818420379824389,
                  51.973731279678219
               ],
               [
                  5.9821868435834267,
                  51.973760662099117
               ],
               [
                  5.9825751471509623,
                  51.973795234270945
               ],
               [
                  5.9829474892297396,
                  51.973825679461171
               ],
               [
                  5.9834136089919951,
                  51.973856618689396
               ],
               [
                  5.9839010448903558,
                  51.973889299501451
               ],
               [
                  5.984015164683175,
                  51.973896081764217
               ],
               [
                  5.9843883568649998,
                  51.973916990351384
               ],
               [
                  5.984767005730423,
                  51.973932333153684
               ],
               [
                  5.9852491271185349,
                  51.97394832592127
               ],
               [
                  5.9856145054162884,
                  51.973959455012157
               ],
               [
                  5.9859388406025671,
                  51.973967214603185
               ],
               [
                  5.9863360810393056,
                  51.973974233268599
               ],
               [
                  5.9865029711382629,
                  51.973978631907904
               ],
               [
                  5.9877684291771498,
                  51.974070759464944
               ],
               [
                  5.9885236900151506,
                  51.974142347789972
               ],
               [
                  5.9893636601669114,
                  51.974245577106203
               ],
               [
                  5.9901630829641492,
                  51.974369097505068
               ],
               [
                  5.990340118639919,
                  51.974405931806103
               ],
               [
                  5.987402498416178,
                  51.976736471365456
               ],
               [
                  5.9870683095533428,
                  51.97699248614115
               ],
               [
                  5.9868011446396148,
                  51.977204025042617
               ],
               [
                  5.9867597705609183,
                  51.977242553646903
               ],
               [
                  5.9866897464777411,
                  51.977526746854359
               ],
               [
                  5.9864857151415034,
                  51.97768152483642
               ],
               [
                  5.9862673995719087,
                  51.977846882695964
               ],
               [
                  5.9860187723218523,
                  51.978040123782577
               ],
               [
                  5.9858776329485313,
                  51.978141719498439
               ],
               [
                  5.9860127234568168,
                  51.978150685103891
               ],
               [
                  5.9859676608572858,
                  51.978183425692016
               ],
               [
                  5.9856770491943188,
                  51.978381841449654
               ],
               [
                  5.9849904016204158,
                  51.978884146543102
               ],
               [
                  5.9850085555350212,
                  51.978897491915838
               ],
               [
                  5.9849242851192539,
                  51.978957998900917
               ],
               [
                  5.9848735083476265,
                  51.978994597175181
               ],
               [
                  5.9844558542644535,
                  51.979252691483588
               ],
               [
                  5.9839433827963449,
                  51.979587595143798
               ],
               [
                  5.9835463630974592,
                  51.979838408695862
               ],
               [
                  5.9832958386256694,
                  51.979990270906953
               ],
               [
                  5.9826189637809355,
                  51.980399266613652
               ],
               [
                  5.9821802092976881,
                  51.98066194476047
               ],
               [
                  5.9815308687862538,
                  51.981003912002095
               ],
               [
                  5.9808425011889153,
                  51.981359690100838
               ],
               [
                  5.9804960627219144,
                  51.981530303895859
               ],
               [
                  5.9801351535296172,
                  51.981700989633779
               ],
               [
                  5.9796000308222803,
                  51.981957681300209
               ],
               [
                  5.9795199986523011,
                  51.981953221769679
               ],
               [
                  5.9795133446124433,
                  51.981991662743368
               ],
               [
                  5.978744358538532,
                  51.982310865214345
               ],
               [
                  5.978400455378317,
                  51.982447492825521
               ],
               [
                  5.9773148509248184,
                  51.982863419576404
               ],
               [
                  5.976926611514342,
                  51.982991025256887
               ],
               [
                  5.9762812842743864,
                  51.983216363454609
               ],
               [
                  5.9755113747165352,
                  51.983450770577214
               ],
               [
                  5.9755117855461171,
                  51.983588605611693
               ],
               [
                  5.9754918036126616,
                  51.983584534970547
               ],
               [
                  5.9752382497325556,
                  51.983577866527391
               ],
               [
                  5.9750316081953132,
                  51.983574153899291
               ],
               [
                  5.975028298400737,
                  51.983720330784742
               ],
               [
                  5.9748000583857159,
                  51.983724761349855
               ],
               [
                  5.9746091049382386,
                  51.983726317674275
               ],
               [
                  5.9742579229778539,
                  51.983821344093229
               ],
               [
                  5.9737294140983579,
                  51.983966043074687
               ],
               [
                  5.9734699221732495,
                  51.984037554475542
               ],
               [
                  5.9732605974203938,
                  51.984094892254582
               ],
               [
                  5.9730271030687669,
                  51.984163055253369
               ],
               [
                  5.9727089051504487,
                  51.984259512592629
               ],
               [
                  5.9723578471323009,
                  51.984365777139104
               ],
               [
                  5.9720232029992104,
                  51.984466071600657
               ],
               [
                  5.9717231553898866,
                  51.984557069914352
               ],
               [
                  5.9712457767255858,
                  51.984695598124524
               ],
               [
                  5.971238840452421,
                  51.984699533538432
               ],
               [
                  5.9710984114686587,
                  51.984779355761042
               ],
               [
                  5.9708769928820882,
                  51.984909024999375
               ],
               [
                  5.9706317288521893,
                  51.984940308322535
               ],
               [
                  5.9704024431507854,
                  51.984965579548486
               ],
               [
                  5.9699998716830311,
                  51.985022701268676
               ],
               [
                  5.9699618634714637,
                  51.985029523071979
               ],
               [
                  5.9698729927494245,
                  51.985045405527721
               ],
               [
                  5.9697731633517224,
                  51.985071615941663
               ],
               [
                  5.9694503447429739,
                  51.985147342095296
               ],
               [
                  5.969265117415679,
                  51.985189012473192
               ],
               [
                  5.9690090757266621,
                  51.985260496900068
               ],
               [
                  5.968723611201681,
                  51.985337501333426
               ],
               [
                  5.9683568182299336,
                  51.985437413970843
               ],
               [
                  5.9681035753123517,
                  51.985504909714706
               ],
               [
                  5.9679929779290708,
                  51.985537256944482
               ],
               [
                  5.9676319184355933,
                  51.985646244230836
               ],
               [
                  5.967233307674161,
                  51.985768331950872
               ],
               [
                  5.9668956955095549,
                  51.985876077755528
               ],
               [
                  5.9664574229406933,
                  51.9860227708119
               ],
               [
                  5.9660739736500563,
                  51.986160545520171
               ],
               [
                  5.9656445319924254,
                  51.986310589626143
               ],
               [
                  5.9651778560053028,
                  51.986487205069992
               ],
               [
                  5.9648206463657054,
                  51.986630581247951
               ],
               [
                  5.9645204502169671,
                  51.986747331479116
               ],
               [
                  5.9642996480432444,
                  51.986845669621715
               ],
               [
                  5.9639232878241888,
                  51.987012731539224
               ],
               [
                  5.9636194691015163,
                  51.987148166089412
               ],
               [
                  5.9634766566506086,
                  51.98720842306949
               ],
               [
                  5.9633365994046619,
                  51.987270131482489
               ],
               [
                  5.9631147269678069,
                  51.98736715132403
               ],
               [
                  5.9630612396330944,
                  51.987390917887055
               ],
               [
                  5.9630327869924029,
                  51.987405195943929
               ],
               [
                  5.962879002087468,
                  51.987484066933028
               ],
               [
                  5.9627035101159258,
                  51.987575402980617
               ],
               [
                  5.962573095052301,
                  51.987636506005032
               ],
               [
                  5.9624789558765405,
                  51.987682618571405
               ],
               [
                  5.9623238727769916,
                  51.987760308708033
               ],
               [
                  5.9621638784851285,
                  51.987839919198407
               ],
               [
                  5.9620068385979863,
                  51.987921771111552
               ],
               [
                  5.9618779644889797,
                  51.987990802565299
               ],
               [
                  5.9617507305372381,
                  51.988058342779027
               ],
               [
                  5.9615844315947504,
                  51.988152823092953
               ],
               [
                  5.9614790785303473,
                  51.988214710300845
               ],
               [
                  5.9613539074667612,
                  51.988278590721023
               ],
               [
                  5.9613533879972094,
                  51.98827895279252
               ],
               [
                  5.9610980041035617,
                  51.988409856799521
               ],
               [
                  5.9609389182804362,
                  51.988491865557577
               ],
               [
                  5.960883125142713,
                  51.988520626423963
               ],
               [
                  5.9608188676015441,
                  51.988558493334395
               ],
               [
                  5.9605085030467917,
                  51.988756250143609
               ],
               [
                  5.9601131929769737,
                  51.989010408603839
               ],
               [
                  5.9600287392843869,
                  51.989059528043327
               ],
               [
                  5.9599034635859374,
                  51.989139496606057
               ],
               [
                  5.9597700097083868,
                  51.989227783149055
               ],
               [
                  5.959673987606716,
                  51.989281983157163
               ],
               [
                  5.9595671138200457,
                  51.989359731527216
               ],
               [
                  5.9594502329517631,
                  51.989449653817594
               ],
               [
                  5.9593600755400669,
                  51.989526538662062
               ],
               [
                  5.9592876852058261,
                  51.989575329215477
               ],
               [
                  5.9591965312970041,
                  51.989636911568532
               ],
               [
                  5.9590822905081318,
                  51.989726191456434
               ],
               [
                  5.9589692370685121,
                  51.989814998062009
               ],
               [
                  5.958872052611107,
                  51.989890110022785
               ],
               [
                  5.9587165890023783,
                  51.99000870328549
               ],
               [
                  5.9582503550304695,
                  51.990369181969406
               ],
               [
                  5.9580853329633543,
                  51.990497725981783
               ],
               [
                  5.9579749881442368,
                  51.990597178673518
               ],
               [
                  5.9577444876048498,
                  51.990807807252132
               ],
               [
                  5.9575668775839761,
                  51.990967960802408
               ],
               [
                  5.9573924306078192,
                  51.991126211182738
               ],
               [
                  5.9571806792343596,
                  51.991325548205836
               ],
               [
                  5.95696279446706,
                  51.991530460379892
               ],
               [
                  5.9567489552671793,
                  51.991730786451626
               ],
               [
                  5.9565792944346132,
                  51.991891475229963
               ],
               [
                  5.9563817147042109,
                  51.992086041242445
               ],
               [
                  5.9561702421059834,
                  51.992298875586563
               ],
               [
                  5.95600055719847,
                  51.992471769836499
               ],
               [
                  5.9557970327523684,
                  51.992677877696515
               ],
               [
                  5.955724486113243,
                  51.992760975392692
               ],
               [
                  5.9554379804793607,
                  51.99308302028583
               ],
               [
                  5.9551931900799939,
                  51.993364046794113
               ],
               [
                  5.9545245302243268,
                  51.993298594880308
               ],
               [
                  5.9541229459145679,
                  51.993148327611664
               ],
               [
                  5.9538528778767663,
                  51.993040233424921
               ],
               [
                  5.9534742079489815,
                  51.992873800306967
               ],
               [
                  5.9531118824686811,
                  51.99270490990375
               ],
               [
                  5.9528182945872397,
                  51.992564226814331
               ],
               [
                  5.9525275520505216,
                  51.992419960932679
               ],
               [
                  5.9521204185502823,
                  51.99221025902262
               ],
               [
                  5.951859653261601,
                  51.992075360793656
               ],
               [
                  5.9514090421901438,
                  51.991853974443679
               ],
               [
                  5.9511036841756111,
                  51.991695507022143
               ],
               [
                  5.9505938509056078,
                  51.991435755985286
               ],
               [
                  5.9503864635889396,
                  51.991332703457694
               ],
               [
                  5.9498756599113491,
                  51.991071765700433
               ],
               [
                  5.949636236637315,
                  51.990948056135899
               ],
               [
                  5.9495943807378779,
                  51.990927922797226
               ],
               [
                  5.9488891399855923,
                  51.99057505319692
               ],
               [
                  5.9485436322482332,
                  51.990400420105445
               ],
               [
                  5.9483153301164524,
                  51.990279924723112
               ],
               [
                  5.9481292537778421,
                  51.990185983205478
               ],
               [
                  5.9478724423578937,
                  51.990057299700602
               ],
               [
                  5.9475390354005873,
                  51.989890013298194
               ],
               [
                  5.9472798746864939,
                  51.989755505343858
               ],
               [
                  5.9470569140275407,
                  51.989645300741351
               ],
               [
                  5.9467705190771252,
                  51.989499216648611
               ],
               [
                  5.9465267787846372,
                  51.989375521286945
               ],
               [
                  5.9462098519932729,
                  51.989213231182141
               ],
               [
                  5.9461671366926119,
                  51.989191525045811
               ],
               [
                  5.9457960293284069,
                  51.989002945062872
               ],
               [
                  5.9452200039517855,
                  51.988710311725349
               ],
               [
                  5.945063252992612,
                  51.988632406198356
               ],
               [
                  5.9449092067902471,
                  51.988555843083596
               ],
               [
                  5.9447062745784933,
                  51.988451265553472
               ],
               [
                  5.9444899350322435,
                  51.988338614032074
               ],
               [
                  5.9442996288555108,
                  51.988243912619239
               ],
               [
                  5.9441097048541973,
                  51.98814897179669
               ],
               [
                  5.9439430571228353,
                  51.988067237656608
               ],
               [
                  5.9437911081407462,
                  51.987990428557502
               ],
               [
                  5.9436353667780111,
                  51.987918392953723
               ],
               [
                  5.9434672336942072,
                  51.987840946331268
               ],
               [
                  5.9432777068320091,
                  51.987754504393031
               ],
               [
                  5.9430612790873836,
                  51.987657427519508
               ],
               [
                  5.9429853174955065,
                  51.987627761760663
               ],
               [
                  5.9427607458895162,
                  51.987533992791803
               ],
               [
                  5.9425313625584328,
                  51.98744024611625
               ],
               [
                  5.9423136212089709,
                  51.987353579014602
               ],
               [
                  5.9421946124298488,
                  51.987307589902869
               ],
               [
                  5.9421152650928484,
                  51.987276927470731
               ],
               [
                  5.9418622987937262,
                  51.987183884897554
               ],
               [
                  5.9415073641298051,
                  51.987052439626297
               ],
               [
                  5.9412431205831142,
                  51.986958319937926
               ],
               [
                  5.9411049742640802,
                  51.986906888428095
               ],
               [
                  5.940885170926772,
                  51.986824211999661
               ],
               [
                  5.940853446779979,
                  51.986812946111328
               ],
               [
                  5.9406568609446095,
                  51.986738958677911
               ],
               [
                  5.9404513737440894,
                  51.986661445305131
               ],
               [
                  5.9404026158897238,
                  51.986643125350888
               ],
               [
                  5.9402493547601347,
                  51.986583916164911
               ],
               [
                  5.9401023381398304,
                  51.986531336010529
               ],
               [
                  5.9399637955190405,
                  51.986478715846154
               ],
               [
                  5.9398361044865142,
                  51.986431514853187
               ],
               [
                  5.939687868557681,
                  51.986373707780565
               ],
               [
                  5.939555133876099,
                  51.986323438176619
               ],
               [
                  5.9394057530866275,
                  51.986266349803493
               ],
               [
                  5.9392269273623972,
                  51.98619536860123
               ],
               [
                  5.9390783174784385,
                  51.986138276195561
               ],
               [
                  5.9389385424434922,
                  51.986079239318236
               ],
               [
                  5.9387426847768028,
                  51.986001203211572
               ],
               [
                  5.938489117180894,
                  51.985897276648615
               ],
               [
                  5.9382281906613796,
                  51.985789816534869
               ],
               [
                  5.9379900790915565,
                  51.985689621262509
               ],
               [
                  5.937748635304863,
                  51.98559040735887
               ],
               [
                  5.9377032606185827,
                  51.985571544633274
               ],
               [
                  5.9375766199686613,
                  51.985518901012163
               ],
               [
                  5.9373061570990737,
                  51.985401612458169
               ],
               [
                  5.9369602626359539,
                  51.985260659882002
               ],
               [
                  5.9367875439402882,
                  51.985184414307582
               ],
               [
                  5.9365344003719906,
                  51.985082859890177
               ],
               [
                  5.9363446722498692,
                  51.985001460984719
               ],
               [
                  5.935981532971514,
                  51.984850001354943
               ],
               [
                  5.9356005471305835,
                  51.984687684080512
               ],
               [
                  5.9354007973585317,
                  51.984605378520627
               ],
               [
                  5.9351189800405804,
                  51.984489210197147
               ],
               [
                  5.9349192073493624,
                  51.984405001990083
               ],
               [
                  5.9346888921309251,
                  51.98431118504638
               ],
               [
                  5.9346304462890727,
                  51.984287675677578
               ],
               [
                  5.934472946052586,
                  51.984227051374624
               ],
               [
                  5.9343661145839572,
                  51.984183790367318
               ],
               [
                  5.9341641593098995,
                  51.98410981710839
               ],
               [
                  5.9340674663714825,
                  51.984076733850053
               ],
               [
                  5.9339274331542651,
                  51.984026968243064
               ],
               [
                  5.9338017942775965,
                  51.983989025388141
               ],
               [
                  5.9335949682162559,
                  51.98392601354108
               ],
               [
                  5.9334430621543417,
                  51.983881771944326
               ],
               [
                  5.9332733864648359,
                  51.983833093309016
               ],
               [
                  5.9331829780257843,
                  51.983809968923012
               ],
               [
                  5.9330017699242408,
                  51.983763008981065
               ],
               [
                  5.9328716122739138,
                  51.983733410238244
               ],
               [
                  5.9326333175911845,
                  51.983679579565482
               ],
               [
                  5.9324490657039419,
                  51.983641513346981
               ],
               [
                  5.932189339564184,
                  51.983593169642148
               ],
               [
                  5.9320338055029866,
                  51.983567016813424
               ],
               [
                  5.931835432259617,
                  51.983533689902359
               ],
               [
                  5.9316664413007185,
                  51.983509500842594
               ],
               [
                  5.9314048577520859,
                  51.983472422840258
               ],
               [
                  5.9311967418594254,
                  51.983445404827876
               ],
               [
                  5.9307357425367435,
                  51.983400128829977
               ],
               [
                  5.9303502552316649,
                  51.983372420644315
               ],
               [
                  5.9299570898130769,
                  51.983346648568464
               ],
               [
                  5.9294129410142746,
                  51.983320620364637
               ],
               [
                  5.9290878225751262,
                  51.983316411149268
               ],
               [
                  5.9284917124754122,
                  51.983324863771422
               ],
               [
                  5.9281745036964608,
                  51.983337738473793
               ],
               [
                  5.9276450804480225,
                  51.983382979547436
               ],
               [
                  5.9272450038454672,
                  51.983422868635841
               ],
               [
                  5.9268312793281694,
                  51.983480891896733
               ],
               [
                  5.9264080428307064,
                  51.983539204489055
               ],
               [
                  5.9267267018205771,
                  51.98345844773602
               ],
               [
                  5.9268049553913338,
                  51.983438615433258
               ],
               [
                  5.9273550219676414,
                  51.9833102487773
               ],
               [
                  5.9278983890657679,
                  51.983174982104231
               ],
               [
                  5.9285002698913205,
                  51.983025145820612
               ],
               [
                  5.9290634505458888,
                  51.982884939619886
               ],
               [
                  5.9294549246950368,
                  51.982787478419354
               ],
               [
                  5.9301312355049545,
                  51.982621702040923
               ],
               [
                  5.9308850505376478,
                  51.982429255437992
               ],
               [
                  5.9312628856360288,
                  51.982334758988955
               ],
               [
                  5.932096933063872,
                  51.98213760373887
               ],
               [
                  5.9326875105459713,
                  51.981988953344533
               ],
               [
                  5.9332121194433016,
                  51.981862694143096
               ],
               [
                  5.9338169176530515,
                  51.981715409959556
               ],
               [
                  5.9343589321177275,
                  51.981583754336718
               ],
               [
                  5.9349556517790809,
                  51.981437929206656
               ],
               [
                  5.9354832453177986,
                  51.981308475675007
               ],
               [
                  5.9358478216545834,
                  51.981217950444346
               ],
               [
                  5.936026375096664,
                  51.981174310156355
               ],
               [
                  5.9372497753507822,
                  51.980878218546209
               ],
               [
                  5.9375043751367098,
                  51.980817811106142
               ],
               [
                  5.9385319134233558,
                  51.980568283409056
               ],
               [
                  5.93953057626356,
                  51.980320309665053
               ],
               [
                  5.9403436379089101,
                  51.980106732596319
               ],
               [
                  5.9405347745878281,
                  51.980053751129418
               ],
               [
                  5.9408837128840091,
                  51.979961500488571
               ],
               [
                  5.9413546290519079,
                  51.979824655246922
               ],
               [
                  5.9419576625276669,
                  51.979637524960282
               ],
               [
                  5.9423500195285008,
                  51.979506538149536
               ],
               [
                  5.942879214554984,
                  51.979323533976988
               ],
               [
                  5.9437521886470153,
                  51.979006199051128
               ],
               [
                  5.9439224020337242,
                  51.978941729506708
               ],
               [
                  5.9443168053409527,
                  51.978792343353625
               ],
               [
                  5.9447352471977073,
                  51.978623411704774
               ],
               [
                  5.9453305768313847,
                  51.978371592237927
               ],
               [
                  5.945717460933662,
                  51.97820066131225
               ],
               [
                  5.9460359577401878,
                  51.978051468052691
               ],
               [
                  5.9462633724264293,
                  51.977944082328975
               ],
               [
                  5.9464184405624625,
                  51.977871999667236
               ],
               [
                  5.9468654740824922,
                  51.977650128401194
               ],
               [
                  5.9469238626679664,
                  51.977619541647556
               ],
               [
                  5.9471531894457854,
                  51.97749940943509
               ],
               [
                  5.9475497064753675,
                  51.977303460397152
               ],
               [
                  5.9478234476004648,
                  51.977144244919941
               ],
               [
                  5.9480180877060134,
                  51.977037800295612
               ],
               [
                  5.9484015873939624,
                  51.976814248662194
               ],
               [
                  5.9488847809930867,
                  51.976529414035831
               ],
               [
                  5.9491736183467694,
                  51.976346340875388
               ],
               [
                  5.9497284178285943,
                  51.975999326593701
               ],
               [
                  5.9499514819977088,
                  51.975853665653482
               ],
               [
                  5.950334886914483,
                  51.975596888673969
               ],
               [
                  5.9506922927090695,
                  51.975355455964944
               ],
               [
                  5.9509581298316219,
                  51.975182000910713
               ],
               [
                  5.9511795864098289,
                  51.975031588645983
               ],
               [
                  5.9516470183882939,
                  51.974721133620051
               ],
               [
                  5.9519662767833479,
                  51.974509369209116
               ],
               [
                  5.9520946119491063,
                  51.974425991163429
               ],
               [
                  5.9526093931289781,
                  51.974084863747102
               ],
               [
                  5.9532122149060802,
                  51.973672202029405
               ],
               [
                  5.9534769037521444,
                  51.973500768135999
               ],
               [
                  5.9536555723689633,
                  51.973377935802645
               ],
               [
                  5.953851977318676,
                  51.973243187181495
               ],
               [
                  5.9541173313093987,
                  51.973069155457438
               ],
               [
                  5.9544943608057999,
                  51.972816861641725
               ],
               [
                  5.9547760906194389,
                  51.972623582518978
               ],
               [
                  5.9550235449922511,
                  51.972460432880816
               ],
               [
                  5.9552749032456047,
                  51.97228656225667
               ],
               [
                  5.9555790510605675,
                  51.972085325077039
               ],
               [
                  5.955668362414813,
                  51.972022822973642
               ],
               [
                  5.9557170194179117,
                  51.971991458169811
               ]
            ]
         },
         "properties":{
            "GEBIEDSNAAM":"Presikhaaf"
         }
      },
      {
         "type":"Feature",
         "geometry":{
            "type":"LineString",
            "coordinates":[
               [
                  5.9107103425740934,
                  51.985551077794156
               ],
               [
                  5.9105415046914285,
                  51.985528929450858
               ],
               [
                  5.91048883295176,
                  51.985522100728815
               ],
               [
                  5.910172753261099,
                  51.985481120031466
               ],
               [
                  5.910084304819347,
                  51.98546965219947
               ],
               [
                  5.9097942809645669,
                  51.985432048434717
               ],
               [
                  5.9097399911265969,
                  51.9854250099472
               ],
               [
                  5.9094467661802677,
                  51.985386989903468
               ],
               [
                  5.9091941849953891,
                  51.985354240212928
               ],
               [
                  5.90888677952631,
                  51.985314380664875
               ],
               [
                  5.9086175896914206,
                  51.985275798045564
               ],
               [
                  5.9083519930019053,
                  51.985240588401687
               ],
               [
                  5.9080580593397505,
                  51.985203007571691
               ],
               [
                  5.9077797333778959,
                  51.985166069683267
               ],
               [
                  5.9075540718106216,
                  51.985136746682173
               ],
               [
                  5.907301223435141,
                  51.985104688739661
               ],
               [
                  5.9069686859601944,
                  51.985065651449013
               ],
               [
                  5.9065259863405162,
                  51.98500903745694
               ],
               [
                  5.9057883189363185,
                  51.984917133497341
               ],
               [
                  5.9053312008794885,
                  51.984879963763106
               ],
               [
                  5.9051518191273278,
                  51.984863409719374
               ],
               [
                  5.9050458759293543,
                  51.984853632969923
               ],
               [
                  5.9047682876002288,
                  51.984830122151621
               ],
               [
                  5.9043411316484944,
                  51.984795852124833
               ],
               [
                  5.9034646011455942,
                  51.984753072076217
               ],
               [
                  5.9034853919923371,
                  51.98506080414537
               ],
               [
                  5.9033615424142418,
                  51.985067531576441
               ],
               [
                  5.903216536759742,
                  51.98507642798296
               ],
               [
                  5.9030905142744476,
                  51.985085357817638
               ],
               [
                  5.9029692010876618,
                  51.985094923021258
               ],
               [
                  5.9028478469694825,
                  51.985104730964565
               ],
               [
                  5.9027270505124285,
                  51.985116199184397
               ],
               [
                  5.9025661149815898,
                  51.985132364263507
               ],
               [
                  5.9024550873545758,
                  51.985143915246383
               ],
               [
                  5.9021939993547372,
                  51.985174261602666
               ],
               [
                  5.9020345831836503,
                  51.985194733711921
               ],
               [
                  5.901875869085969,
                  51.985216775495125
               ],
               [
                  5.9015589264254329,
                  51.98526388536947
               ],
               [
                  5.9011236737560173,
                  51.985329973343909
               ],
               [
                  5.9008462809819875,
                  51.985371893016364
               ],
               [
                  5.9003701540615223,
                  51.985440987974343
               ],
               [
                  5.9002993082017881,
                  51.985450375214079
               ],
               [
                  5.9002109615486171,
                  51.985462076825698
               ],
               [
                  5.8998911665572216,
                  51.985501932041558
               ],
               [
                  5.8997309849057658,
                  51.985520579720365
               ],
               [
                  5.899674775888287,
                  51.985526738916853
               ],
               [
                  5.8995700635709332,
                  51.985538205729831
               ],
               [
                  5.8994093189360024,
                  51.985554743160968
               ],
               [
                  5.8992401602491285,
                  51.985571308007309
               ],
               [
                  5.8991983935778833,
                  51.985575038384219
               ],
               [
                  5.8990337579635499,
                  51.985589579745664
               ],
               [
                  5.8990372798571977,
                  51.985611550830235
               ],
               [
                  5.898958258320488,
                  51.985616379784048
               ],
               [
                  5.8989580459056601,
                  51.98559776942718
               ],
               [
                  5.8987818754567627,
                  51.985609950834359
               ],
               [
                  5.898622552996823,
                  51.985622058739025
               ],
               [
                  5.8985116529968264,
                  51.985629673935698
               ],
               [
                  5.8983581094316575,
                  51.985639455348107
               ],
               [
                  5.8981959443545611,
                  51.985648941438647
               ],
               [
                  5.8980335239592332,
                  51.985657745299505
               ],
               [
                  5.8977084221027098,
                  51.985674176007201
               ],
               [
                  5.8975461181778348,
                  51.985682996666362
               ],
               [
                  5.8973027878419675,
                  51.985698316482505
               ],
               [
                  5.8972219420208587,
                  51.985704051014906
               ],
               [
                  5.8970119318472918,
                  51.985721760490598
               ],
               [
                  5.8969388653468284,
                  51.985727991429947
               ],
               [
                  5.8969438788469501,
                  51.985700321537983
               ],
               [
                  5.8969590967981258,
                  51.985616277430843
               ],
               [
                  5.8969668362250687,
                  51.985573567202003
               ],
               [
                  5.8969682631730027,
                  51.985565911931644
               ],
               [
                  5.896970688848767,
                  51.985565434026803
               ],
               [
                  5.8969825403383025,
                  51.985525887855289
               ],
               [
                  5.8969811318713541,
                  51.985481392628429
               ],
               [
                  5.8969577346962101,
                  51.985478545829942
               ],
               [
                  5.8969629479030541,
                  51.985434769741865
               ],
               [
                  5.8967009653214797,
                  51.985466538718377
               ],
               [
                  5.8959070966165363,
                  51.985565100518805
               ],
               [
                  5.8953686294577921,
                  51.985633065063446
               ],
               [
                  5.8945165142740343,
                  51.985758505136246
               ],
               [
                  5.8943827040006509,
                  51.985773973077627
               ],
               [
                  5.8942087787054946,
                  51.985794077367643
               ],
               [
                  5.8934132699777395,
                  51.985884782571731
               ],
               [
                  5.8929115026318275,
                  51.985948632961147
               ],
               [
                  5.8927459546063972,
                  51.985969698582274
               ],
               [
                  5.8925921619860562,
                  51.98598419871464
               ],
               [
                  5.8926754009728821,
                  51.985412918976358
               ],
               [
                  5.8925497563353257,
                  51.985474102258884
               ],
               [
                  5.8924566150437867,
                  51.985514455532382
               ],
               [
                  5.8923070411176308,
                  51.985571461067828
               ],
               [
                  5.8921100381991645,
                  51.985623675147586
               ],
               [
                  5.8919105465064652,
                  51.985660203215254
               ],
               [
                  5.8917674552404256,
                  51.985677227028781
               ],
               [
                  5.8915687401956314,
                  51.985680219240315
               ],
               [
                  5.8913687664709933,
                  51.985673941429908
               ],
               [
                  5.8911096246019676,
                  51.98564651364655
               ],
               [
                  5.8908302619254949,
                  51.985602048973114
               ],
               [
                  5.89064803371922,
                  51.985563827509118
               ],
               [
                  5.890484120673718,
                  51.985510305645384
               ],
               [
                  5.8902784213037531,
                  51.985439840320986
               ],
               [
                  5.8899644627199823,
                  51.985332737874948
               ],
               [
                  5.8898112724509755,
                  51.985273462547838
               ],
               [
                  5.8896689514824114,
                  51.985221750141299
               ],
               [
                  5.8894479437909784,
                  51.985159910145633
               ],
               [
                  5.8891020323656189,
                  51.985088138382899
               ],
               [
                  5.8875814348394568,
                  51.984814942630365
               ],
               [
                  5.8865021663519048,
                  51.98460358976746
               ],
               [
                  5.8856310012528548,
                  51.984401808928695
               ],
               [
                  5.8855861976548827,
                  51.984390583516898
               ],
               [
                  5.883631407066245,
                  51.983962003920908
               ],
               [
                  5.882958195528964,
                  51.983840155198948
               ],
               [
                  5.8829326135308158,
                  51.983770941218559
               ],
               [
                  5.8829380187364642,
                  51.983771355277881
               ],
               [
                  5.8831568866576953,
                  51.983780421634698
               ],
               [
                  5.8833852084318696,
                  51.983808472462655
               ],
               [
                  5.8836290196704049,
                  51.983844067931301
               ],
               [
                  5.8838642790364304,
                  51.983872564041143
               ],
               [
                  5.8840439948396606,
                  51.983893684708164
               ],
               [
                  5.8842992194827586,
                  51.983916388031652
               ],
               [
                  5.8846052729844303,
                  51.983942625866533
               ],
               [
                  5.8849489610233991,
                  51.983964005483614
               ],
               [
                  5.8853475148469032,
                  51.983988795688091
               ],
               [
                  5.8854845676014325,
                  51.984000834080788
               ],
               [
                  5.8855388842339345,
                  51.983883353661881
               ],
               [
                  5.8856219706256692,
                  51.983703513287097
               ],
               [
                  5.8859356683106956,
                  51.982916103864589
               ],
               [
                  5.8861380873611289,
                  51.982947478776644
               ],
               [
                  5.8862339235768868,
                  51.982962332752507
               ],
               [
                  5.8863903824659758,
                  51.982986582945585
               ],
               [
                  5.8864803379887141,
                  51.983000525983776
               ],
               [
                  5.8866711060868155,
                  51.983021530120077
               ],
               [
                  5.8868440510918942,
                  51.983040571977888
               ],
               [
                  5.8869412738799429,
                  51.983051276756711
               ],
               [
                  5.8872309144957242,
                  51.983075534418795
               ],
               [
                  5.8873110251207503,
                  51.983082243488219
               ],
               [
                  5.8875811932371018,
                  51.983099816624467
               ],
               [
                  5.8878102132700469,
                  51.983114714022093
               ],
               [
                  5.8878962522296563,
                  51.983120309877357
               ],
               [
                  5.8879765545711438,
                  51.98312370546909
               ],
               [
                  5.8883487877140874,
                  51.983139442888806
               ],
               [
                  5.8888155085136775,
                  51.983142253748177
               ],
               [
                  5.8892047821502649,
                  51.983135488063773
               ],
               [
                  5.8896357704467279,
                  51.983121792703869
               ],
               [
                  5.8899392550478504,
                  51.983108011474648
               ],
               [
                  5.890459738575057,
                  51.983073643928577
               ],
               [
                  5.890969325668987,
                  51.983025676411806
               ],
               [
                  5.891483099812489,
                  51.98296957217628
               ],
               [
                  5.8919626297578782,
                  51.982898745839876
               ],
               [
                  5.892312749465269,
                  51.982839537900261
               ],
               [
                  5.8925875346895902,
                  51.982782647977395
               ],
               [
                  5.8931877996280591,
                  51.982642707790411
               ],
               [
                  5.8940061527215537,
                  51.982440165130413
               ],
               [
                  5.8944001777590556,
                  51.982332862891987
               ],
               [
                  5.8949226973414772,
                  51.982176009377312
               ],
               [
                  5.8951957770854797,
                  51.982087436785534
               ],
               [
                  5.8955853174612791,
                  51.981948448024028
               ],
               [
                  5.8960105726744452,
                  51.981783452996929
               ],
               [
                  5.8965876027782205,
                  51.981537722102082
               ],
               [
                  5.896875195491301,
                  51.9814043530899
               ],
               [
                  5.8970741469014509,
                  51.981310033679527
               ],
               [
                  5.8973648835702228,
                  51.981158353133438
               ],
               [
                  5.8974588794950327,
                  51.981106532088056
               ],
               [
                  5.8977244660559327,
                  51.980954042908969
               ],
               [
                  5.898066994166677,
                  51.980750095053772
               ],
               [
                  5.8981051879689819,
                  51.980728025464863
               ],
               [
                  5.8983120114768193,
                  51.980604205013393
               ],
               [
                  5.8989775058537965,
                  51.98020794445037
               ],
               [
                  5.8992310934220047,
                  51.980056946647608
               ],
               [
                  5.8996436990145993,
                  51.979811316543355
               ],
               [
                  5.9005368420730813,
                  51.97925649796337
               ],
               [
                  5.9020461470478125,
                  51.978450057188788
               ],
               [
                  5.9033014654610101,
                  51.977769154399176
               ],
               [
                  5.9038227673098636,
                  51.97755758633523
               ],
               [
                  5.9048654675216037,
                  51.977143956062925
               ],
               [
                  5.9060313709184475,
                  51.976729772190751
               ],
               [
                  5.9073513904204233,
                  51.976324408535866
               ],
               [
                  5.9076720510379896,
                  51.976230262502078
               ],
               [
                  5.9081906879541215,
                  51.976077987367667
               ],
               [
                  5.9082724642266937,
                  51.976053976714219
               ],
               [
                  5.9103298826879547,
                  51.975483594014221
               ],
               [
                  5.9117422649442757,
                  51.974988983493304
               ],
               [
                  5.9117914042045392,
                  51.974961746190324
               ],
               [
                  5.912705347087754,
                  51.974455144433875
               ],
               [
                  5.914525789426456,
                  51.973391084850995
               ],
               [
                  5.9159783060419322,
                  51.972480856049778
               ],
               [
                  5.9174007481305582,
                  51.971637331855099
               ],
               [
                  5.9197755396529006,
                  51.970856966011937
               ],
               [
                  5.9208229313172129,
                  51.970628994391014
               ],
               [
                  5.9224368524600761,
                  51.970390117625165
               ],
               [
                  5.923052698350209,
                  51.970298960046023
               ],
               [
                  5.9246379678729344,
                  51.97009199159578
               ],
               [
                  5.9249520146900441,
                  51.970024232394607
               ],
               [
                  5.925457516271968,
                  51.969911837108597
               ],
               [
                  5.9256614772386254,
                  51.969865197403522
               ],
               [
                  5.9258650372216142,
                  51.969817921004022
               ],
               [
                  5.9260682107650737,
                  51.969770007845646
               ],
               [
                  5.9263841529853298,
                  51.969684751903579
               ],
               [
                  5.9268142438752474,
                  51.969562065033934
               ],
               [
                  5.9270749357596548,
                  51.969476251789658
               ],
               [
                  5.9273081746960834,
                  51.969397170523877
               ],
               [
                  5.9276477054997168,
                  51.969274824586734
               ],
               [
                  5.9276837836980105,
                  51.969263000827603
               ],
               [
                  5.9287788398427681,
                  51.968810691306139
               ],
               [
                  5.9292561954383665,
                  51.96858321579127
               ],
               [
                  5.9296068181905754,
                  51.968404320969242
               ],
               [
                  5.9298489016644353,
                  51.968266868142983
               ],
               [
                  5.9302133831031316,
                  51.968051540495686
               ],
               [
                  5.9304113914108099,
                  51.967926613101874
               ],
               [
                  5.930837833040977,
                  51.967626371519451
               ],
               [
                  5.9312407032318184,
                  51.967324385806116
               ],
               [
                  5.9315254746312416,
                  51.967088947211941
               ],
               [
                  5.9317933533302947,
                  51.966849091949548
               ],
               [
                  5.9321702363575195,
                  51.966486057289153
               ],
               [
                  5.932501247851965,
                  51.966155358645068
               ],
               [
                  5.9326083033215271,
                  51.966031019999939
               ],
               [
                  5.9328202690410583,
                  51.965765229461127
               ],
               [
                  5.9331223812633569,
                  51.965368337482246
               ],
               [
                  5.9332542593616928,
                  51.965183220155545
               ],
               [
                  5.9334147725736459,
                  51.964939545030411
               ],
               [
                  5.9336376626062712,
                  51.964563207574201
               ],
               [
                  5.9340139292745802,
                  51.963853971981074
               ],
               [
                  5.9340316451932589,
                  51.963831939902462
               ],
               [
                  5.9342547436870472,
                  51.963406748223392
               ],
               [
                  5.934297937071233,
                  51.963298812213985
               ],
               [
                  5.9344141919624063,
                  51.963024241665025
               ],
               [
                  5.9346191651738236,
                  51.96255828126732
               ],
               [
                  5.9347580344914146,
                  51.962230681296035
               ],
               [
                  5.9348579891358657,
                  51.961991969009688
               ],
               [
                  5.934995976220109,
                  51.961647213956013
               ],
               [
                  5.9350972292054029,
                  51.961393978208498
               ],
               [
                  5.9351297638828253,
                  51.961312608223416
               ],
               [
                  5.9353348203713079,
                  51.960945212914396
               ],
               [
                  5.9355325240005277,
                  51.960594318276492
               ],
               [
                  5.9355971203274462,
                  51.960415489180548
               ],
               [
                  5.9360496570730001,
                  51.959749915841016
               ],
               [
                  5.9361380958537024,
                  51.9596221910721
               ],
               [
                  5.9365741310938498,
                  51.95908244051931
               ],
               [
                  5.9367878547598103,
                  51.958857854821744
               ],
               [
                  5.9373298566462882,
                  51.958305759187745
               ],
               [
                  5.9376169377898291,
                  51.958025100456723
               ],
               [
                  5.9377818187388387,
                  51.957867489520154
               ],
               [
                  5.9380280481380909,
                  51.957666730333685
               ],
               [
                  5.9381602753937814,
                  51.957558546337786
               ],
               [
                  5.9389135289680128,
                  51.957000455142193
               ],
               [
                  5.9392144543068142,
                  51.956781136156195
               ],
               [
                  5.9397226382908368,
                  51.95643133723906
               ],
               [
                  5.9403276815754031,
                  51.956039571829059
               ],
               [
                  5.9406121820049966,
                  51.955872027885647
               ],
               [
                  5.9414327153604845,
                  51.955394948523995
               ],
               [
                  5.9418768737819301,
                  51.955134804795776
               ],
               [
                  5.9423229242862101,
                  51.954883378191134
               ],
               [
                  5.9430608573302051,
                  51.95447853072006
               ],
               [
                  5.9435046066552344,
                  51.95425023767578
               ],
               [
                  5.944262285383151,
                  51.953880290055309
               ],
               [
                  5.945109991813557,
                  51.953462972642228
               ],
               [
                  5.946246815582124,
                  51.952964744707835
               ],
               [
                  5.9464204588169025,
                  51.952888496795367
               ],
               [
                  5.9473568523967613,
                  51.952516977536
               ],
               [
                  5.9486756159568497,
                  51.951989230546182
               ],
               [
                  5.9499434552057107,
                  51.951469981681022
               ],
               [
                  5.9506071944885148,
                  51.951185679586104
               ],
               [
                  5.9515451448808196,
                  51.950772286750173
               ],
               [
                  5.9517161431299286,
                  51.950695297549274
               ],
               [
                  5.9519487217866915,
                  51.950587622310373
               ],
               [
                  5.9523999717262495,
                  51.95036666560847
               ],
               [
                  5.9526235074120137,
                  51.95026078524922
               ],
               [
                  5.9532117043404673,
                  51.949947727096379
               ],
               [
                  5.9538652384464781,
                  51.949584366240558
               ],
               [
                  5.9543265419599942,
                  51.949307580286273
               ],
               [
                  5.9547232386696471,
                  51.949061584283633
               ],
               [
                  5.955225457178825,
                  51.948753317221616
               ],
               [
                  5.9552192432080835,
                  51.948757679685727
               ],
               [
                  5.9551399007320525,
                  51.948814330804126
               ],
               [
                  5.9550239225647159,
                  51.948912775387235
               ],
               [
                  5.9549212929206545,
                  51.948999407473345
               ],
               [
                  5.9548266334155748,
                  51.949081398862774
               ],
               [
                  5.9547459434183203,
                  51.949145453672287
               ],
               [
                  5.954181463662823,
                  51.949647396186457
               ],
               [
                  5.9538064792009164,
                  51.950022674258172
               ],
               [
                  5.9534231523411254,
                  51.950440515594181
               ],
               [
                  5.9526979966724314,
                  51.951157590010936
               ],
               [
                  5.9518040522575664,
                  51.952019582334898
               ],
               [
                  5.9513296020927271,
                  51.952463255605458
               ],
               [
                  5.9508880157184114,
                  51.952991215652709
               ],
               [
                  5.9504763693935807,
                  51.953609382236358
               ],
               [
                  5.9501095032641054,
                  51.954228699084105
               ],
               [
                  5.9497405987560894,
                  51.95509584452018
               ],
               [
                  5.9495309716761797,
                  51.955665096212122
               ],
               [
                  5.9494052862405384,
                  51.95614994012675
               ],
               [
                  5.9493055123639857,
                  51.956640897924522
               ],
               [
                  5.9492727588906709,
                  51.95699815586007
               ],
               [
                  5.9492493819217671,
                  51.957451275414059
               ],
               [
                  5.9492655654439606,
                  51.958018493315436
               ],
               [
                  5.9493231842200265,
                  51.958584524318368
               ],
               [
                  5.9493922891869904,
                  51.959003530657085
               ],
               [
                  5.9494923076409227,
                  51.959461632514419
               ],
               [
                  5.9496562860299038,
                  51.960076348056354
               ],
               [
                  5.9498380376223867,
                  51.960628706497211
               ],
               [
                  5.9501090139402155,
                  51.961286709729187
               ],
               [
                  5.9504882506135912,
                  51.962050229956319
               ],
               [
                  5.950973274920405,
                  51.962831838660257
               ],
               [
                  5.9512429742608184,
                  51.96322386006657
               ],
               [
                  5.9517525836590712,
                  51.963859600371997
               ],
               [
                  5.9524288344446914,
                  51.964569725440839
               ],
               [
                  5.9529553710384677,
                  51.965053268165718
               ],
               [
                  5.9536477378388604,
                  51.965591674868811
               ],
               [
                  5.9540437131470219,
                  51.965926427212189
               ],
               [
                  5.9543542627436654,
                  51.966171355679819
               ],
               [
                  5.9547667913411759,
                  51.966488696035377
               ],
               [
                  5.9550990353320561,
                  51.966753543986904
               ],
               [
                  5.9554574834917693,
                  51.967017823915022
               ],
               [
                  5.955887682249223,
                  51.967319354221011
               ],
               [
                  5.9563615294251449,
                  51.967650845749368
               ],
               [
                  5.9568634227892421,
                  51.967985588116413
               ],
               [
                  5.9573145490001309,
                  51.968268594578127
               ],
               [
                  5.9577402405969577,
                  51.968520452077371
               ],
               [
                  5.9581281840992348,
                  51.968749085477768
               ],
               [
                  5.9584622119290875,
                  51.968938583388322
               ],
               [
                  5.9589429828834302,
                  51.969201907669522
               ],
               [
                  5.9593081083158683,
                  51.969377113175788
               ],
               [
                  5.9594722066856196,
                  51.96945514284679
               ],
               [
                  5.9594940132914047,
                  51.969465510888625
               ],
               [
                  5.9593387580284132,
                  51.969569898428496
               ],
               [
                  5.9589274561931314,
                  51.96985014724666
               ],
               [
                  5.9580613529336732,
                  51.970427737342604
               ],
               [
                  5.957571823900035,
                  51.970764843348675
               ],
               [
                  5.9571919317629067,
                  51.97101877363793
               ],
               [
                  5.9569207926772387,
                  51.971195478574415
               ],
               [
                  5.9565275462083394,
                  51.971459578844517
               ],
               [
                  5.9560711942034246,
                  51.971757872100746
               ],
               [
                  5.9557170194179117,
                  51.971991458169811
               ],
               [
                  5.955668362414813,
                  51.972022822973642
               ],
               [
                  5.9555790510605675,
                  51.972085325077039
               ],
               [
                  5.9552749032456047,
                  51.97228656225667
               ],
               [
                  5.9550235449922511,
                  51.972460432880816
               ],
               [
                  5.9547760906194389,
                  51.972623582518978
               ],
               [
                  5.9544943608057999,
                  51.972816861641725
               ],
               [
                  5.9541173313093987,
                  51.973069155457438
               ],
               [
                  5.953851977318676,
                  51.973243187181495
               ],
               [
                  5.9536555723689633,
                  51.973377935802645
               ],
               [
                  5.9534769037521444,
                  51.973500768135999
               ],
               [
                  5.9532122149060802,
                  51.973672202029405
               ],
               [
                  5.9526093931289781,
                  51.974084863747102
               ],
               [
                  5.9520946119491063,
                  51.974425991163429
               ],
               [
                  5.9519662767833479,
                  51.974509369209116
               ],
               [
                  5.9516470183882939,
                  51.974721133620051
               ],
               [
                  5.9511795864098289,
                  51.975031588645983
               ],
               [
                  5.9509581298316219,
                  51.975182000910713
               ],
               [
                  5.9506922927090695,
                  51.975355455964944
               ],
               [
                  5.950334886914483,
                  51.975596888673969
               ],
               [
                  5.9499514819977088,
                  51.975853665653482
               ],
               [
                  5.9497284178285943,
                  51.975999326593701
               ],
               [
                  5.9491736183467694,
                  51.976346340875388
               ],
               [
                  5.9488847809930867,
                  51.976529414035831
               ],
               [
                  5.9484015873939624,
                  51.976814248662194
               ],
               [
                  5.9480180877060134,
                  51.977037800295612
               ],
               [
                  5.9478234476004648,
                  51.977144244919941
               ],
               [
                  5.9475497064753675,
                  51.977303460397152
               ],
               [
                  5.9471531894457854,
                  51.97749940943509
               ],
               [
                  5.9469238626679664,
                  51.977619541647556
               ],
               [
                  5.9468654740824922,
                  51.977650128401194
               ],
               [
                  5.9464184405624625,
                  51.977871999667236
               ],
               [
                  5.9462633724264293,
                  51.977944082328975
               ],
               [
                  5.9460359577401878,
                  51.978051468052691
               ],
               [
                  5.945717460933662,
                  51.97820066131225
               ],
               [
                  5.9453305768313847,
                  51.978371592237927
               ],
               [
                  5.9447352471977073,
                  51.978623411704774
               ],
               [
                  5.9443168053409527,
                  51.978792343353625
               ],
               [
                  5.9439224020337242,
                  51.978941729506708
               ],
               [
                  5.9437521886470153,
                  51.979006199051128
               ],
               [
                  5.942879214554984,
                  51.979323533976988
               ],
               [
                  5.9423500195285008,
                  51.979506538149536
               ],
               [
                  5.9419576625276669,
                  51.979637524960282
               ],
               [
                  5.9413546290519079,
                  51.979824655246922
               ],
               [
                  5.9408837128840091,
                  51.979961500488571
               ],
               [
                  5.9405347745878281,
                  51.980053751129418
               ],
               [
                  5.9403436379089101,
                  51.980106732596319
               ],
               [
                  5.93953057626356,
                  51.980320309665053
               ],
               [
                  5.9385319134233558,
                  51.980568283409056
               ],
               [
                  5.9375043751367098,
                  51.980817811106142
               ],
               [
                  5.9372497753507822,
                  51.980878218546209
               ],
               [
                  5.936026375096664,
                  51.981174310156355
               ],
               [
                  5.9358478216545834,
                  51.981217950444346
               ],
               [
                  5.9354832453177986,
                  51.981308475675007
               ],
               [
                  5.9349556517790809,
                  51.981437929206656
               ],
               [
                  5.9343589321177275,
                  51.981583754336718
               ],
               [
                  5.9338169176530515,
                  51.981715409959556
               ],
               [
                  5.9332121194433016,
                  51.981862694143096
               ],
               [
                  5.9326875105459713,
                  51.981988953344533
               ],
               [
                  5.932096933063872,
                  51.98213760373887
               ],
               [
                  5.9312628856360288,
                  51.982334758988955
               ],
               [
                  5.9308850505376478,
                  51.982429255437992
               ],
               [
                  5.9301312355049545,
                  51.982621702040923
               ],
               [
                  5.9294549246950368,
                  51.982787478419354
               ],
               [
                  5.9290634505458888,
                  51.982884939619886
               ],
               [
                  5.9285002698913205,
                  51.983025145820612
               ],
               [
                  5.9278983890657679,
                  51.983174982104231
               ],
               [
                  5.9273550219676414,
                  51.9833102487773
               ],
               [
                  5.9268049553913338,
                  51.983438615433258
               ],
               [
                  5.9267267018205771,
                  51.98345844773602
               ],
               [
                  5.9264080428307064,
                  51.983539204489055
               ],
               [
                  5.9262578363231615,
                  51.9835772702653
               ],
               [
                  5.9261271423275357,
                  51.983607395099753
               ],
               [
                  5.9258135805374375,
                  51.983679669723607
               ],
               [
                  5.9256088348077229,
                  51.983725570603781
               ],
               [
                  5.9251656570562181,
                  51.983835926366368
               ],
               [
                  5.9246401082484628,
                  51.98396043065646
               ],
               [
                  5.9242726074417247,
                  51.984051647812684
               ],
               [
                  5.9241406756797597,
                  51.984082571486518
               ],
               [
                  5.9238273400803116,
                  51.984162124673304
               ],
               [
                  5.9236090254772664,
                  51.984216273157138
               ],
               [
                  5.9232207805600989,
                  51.984312575466205
               ],
               [
                  5.9229604252886254,
                  51.984377972698681
               ],
               [
                  5.9225934642441231,
                  51.984466684180532
               ],
               [
                  5.9223313805506956,
                  51.984532801558125
               ],
               [
                  5.9219304308410683,
                  51.984629870165932
               ],
               [
                  5.9218440156393912,
                  51.984650596455694
               ],
               [
                  5.921557148594232,
                  51.98472181868032
               ],
               [
                  5.9212299345920822,
                  51.984801071126213
               ],
               [
                  5.9210784238751621,
                  51.984837787850154
               ],
               [
                  5.9209121371769386,
                  51.984880005787566
               ],
               [
                  5.9207264847759449,
                  51.984927139877357
               ],
               [
                  5.9205538418380801,
                  51.984969983862186
               ],
               [
                  5.920331295652085,
                  51.9850234641059
               ],
               [
                  5.9201647122221175,
                  51.985062388990308
               ],
               [
                  5.9199674199037151,
                  51.985106850242857
               ],
               [
                  5.9198245665252278,
                  51.985142884364386
               ],
               [
                  5.9196942909758006,
                  51.985174296183388
               ],
               [
                  5.9195563291027176,
                  51.985207072921988
               ],
               [
                  5.9193624175772266,
                  51.985250947992917
               ],
               [
                  5.9191070054662465,
                  51.985305565112867
               ],
               [
                  5.9189398090234659,
                  51.985341708230571
               ],
               [
                  5.9187888916208493,
                  51.985373401108234
               ],
               [
                  5.9187000752340255,
                  51.985393208331409
               ],
               [
                  5.9185866188642802,
                  51.985413888115097
               ],
               [
                  5.9184051823309831,
                  51.985444577741625
               ],
               [
                  5.9183387708445752,
                  51.985456863615838
               ],
               [
                  5.9181724074544286,
                  51.985485391430579
               ],
               [
                  5.9180327983511027,
                  51.985509422741281
               ],
               [
                  5.9178892508289662,
                  51.985534153871022
               ],
               [
                  5.9177228960676569,
                  51.985558537374203
               ],
               [
                  5.9175148288540909,
                  51.985588051404768
               ],
               [
                  5.917274563099034,
                  51.985620906429673
               ],
               [
                  5.9171776438711738,
                  51.98563304418937
               ],
               [
                  5.9170505114661447,
                  51.985650453915959
               ],
               [
                  5.9169672055712805,
                  51.985660674983045
               ],
               [
                  5.9168070393548309,
                  51.985679232721971
               ],
               [
                  5.9166632391051142,
                  51.985696224510214
               ],
               [
                  5.9165356215377978,
                  51.985709563236263
               ],
               [
                  5.9163685482743125,
                  51.985722892368415
               ],
               [
                  5.9161305854801025,
                  51.985743038631696
               ],
               [
                  5.9159068839561106,
                  51.985758313342096
               ],
               [
                  5.9157712266412537,
                  51.985768138771192
               ],
               [
                  5.9155388746348843,
                  51.985784640812341
               ],
               [
                  5.915428114778555,
                  51.985789620742707
               ],
               [
                  5.9153993233774003,
                  51.985790914922582
               ],
               [
                  5.9151462123382155,
                  51.985802753659904
               ],
               [
                  5.9150499664561593,
                  51.98580675217687
               ],
               [
                  5.9148617872569345,
                  51.985812948135944
               ],
               [
                  5.9146572108112174,
                  51.985816838102565
               ],
               [
                  5.9144857022009427,
                  51.985819134158774
               ],
               [
                  5.9142187203023484,
                  51.985821316658509
               ],
               [
                  5.9141748404981831,
                  51.985821675037883
               ],
               [
                  5.9139653751991448,
                  51.985819343286551
               ],
               [
                  5.9137178213264239,
                  51.98581242591505
               ],
               [
                  5.9135405742858032,
                  51.985806679225448
               ],
               [
                  5.9133835377665473,
                  51.985799949319691
               ],
               [
                  5.9131817113112826,
                  51.985791934615754
               ],
               [
                  5.9130328378539128,
                  51.98578338444964
               ],
               [
                  5.9128550583610302,
                  51.985773179982409
               ],
               [
                  5.9126796642984853,
                  51.98576118129975
               ],
               [
                  5.9126353303352612,
                  51.985757811863344
               ],
               [
                  5.9124691737182236,
                  51.98574523589776
               ],
               [
                  5.9122679032812879,
                  51.985727108834723
               ],
               [
                  5.9120940183434483,
                  51.985712426708524
               ],
               [
                  5.9118765183255917,
                  51.985689853847049
               ],
               [
                  5.9117538730687595,
                  51.98567613181536
               ],
               [
                  5.911528266146143,
                  51.985651928919445
               ],
               [
                  5.9114141029576714,
                  51.985638881501849
               ],
               [
                  5.911209302065755,
                  51.9856152989463
               ],
               [
                  5.9111005198045401,
                  51.985601277184209
               ],
               [
                  5.9109142091597766,
                  51.985577849053875
               ],
               [
                  5.910777650623924,
                  51.985559907693926
               ],
               [
                  5.9107103425740934,
                  51.985551077794156
               ]
            ]
         },
         "properties":{
            "GEBIEDSNAAM":"CSA"
         }
      }
   ]
}