<?xml version="1.0" encoding="UTF-8"?><kml xmlns="http://www.opengis.net/kml/2.2" xmlns:ns2="http://www.google.com/kml/ext/2.2" xmlns:ns3="http://www.w3.org/2005/Atom" xmlns:ns4="urn:oasis:names:tc:ciq:xsdschema:xAL:2.0">
    <Document>
        <LookAt>
            <longitude>5.796188002438839</longitude>
            <latitude>50.86326152090953</latitude>
            <altitude>346586.82287839067</altitude>
            <heading>0.0</heading>
            <tilt>0.0</tilt>
            <range>280060.3319435083</range>
            <altitudeMode>clampToGround</altitudeMode>
        </LookAt>
        <Folder>
            <name>religieuserfgoed</name>
            <LookAt>
                <longitude>5.870473295150703</longitude>
                <latitude>50.9023265743651</latitude>
                <altitude>53594.02404825311</altitude>
                <heading>0.0</heading>
                <tilt>0.0</tilt>
                <range>43306.782527068666</range>
                <altitudeMode>clampToGround</altitudeMode>
            </LookAt>
            <Placemark id="religieuserfgoed.225">
                <name>St.-Martinuskerk</name>
                <description>&lt;h4&gt;religieuserfgoed&lt;/h4&gt;

&lt;ul class="textattributes"&gt;
  &lt;li&gt;&lt;strong&gt;&lt;span class="atr-name"&gt;ogc_fid&lt;/span&gt;:&lt;/strong&gt; &lt;span class="atr-value"&gt;225&lt;/span&gt;&lt;/li&gt;
  &lt;li&gt;&lt;strong&gt;&lt;span class="atr-name"&gt;rijksmonum&lt;/span&gt;:&lt;/strong&gt; &lt;span class="atr-value"&gt;8752&lt;/span&gt;&lt;/li&gt;
  &lt;li&gt;&lt;strong&gt;&lt;span class="atr-name"&gt;rd_x&lt;/span&gt;:&lt;/strong&gt; &lt;span class="atr-value"&gt;183829.6&lt;/span&gt;&lt;/li&gt;
  &lt;li&gt;&lt;strong&gt;&lt;span class="atr-name"&gt;rd_y&lt;/span&gt;:&lt;/strong&gt; &lt;span class="atr-value"&gt;327734.1&lt;/span&gt;&lt;/li&gt;
  &lt;li&gt;&lt;strong&gt;&lt;span class="atr-name"&gt;legenda&lt;/span&gt;:&lt;/strong&gt; &lt;span class="atr-value"&gt;Kerk&lt;/span&gt;&lt;/li&gt;
  &lt;li&gt;&lt;strong&gt;&lt;span class="atr-name"&gt;naam&lt;/span&gt;:&lt;/strong&gt; &lt;span class="atr-value"&gt;St.-Martinuskerk&lt;/span&gt;&lt;/li&gt;
  &lt;li&gt;&lt;strong&gt;&lt;span class="atr-name"&gt;plaats&lt;/span&gt;:&lt;/strong&gt; &lt;span class="atr-value"&gt;Beek (L)&lt;/span&gt;&lt;/li&gt;
  &lt;li&gt;&lt;strong&gt;&lt;span class="atr-name"&gt;foto_thumb&lt;/span&gt;:&lt;/strong&gt; &lt;span class="atr-value"&gt;https://upload.wikimedia.org/wikipedia/commons/f/f3/Sint_Martinuskerk.JPG&lt;/span&gt;&lt;/li&gt;
  &lt;li&gt;&lt;strong&gt;&lt;span class="atr-name"&gt;foto_groot&lt;/span&gt;:&lt;/strong&gt; &lt;span class="atr-value"&gt;https://upload.wikimedia.org/wikipedia/commons/f/f3/Sint_Martinuskerk.JPG&lt;/span&gt;&lt;/li&gt;
  &lt;li&gt;&lt;strong&gt;&lt;span class="atr-name"&gt;fotograaf&lt;/span&gt;:&lt;/strong&gt; &lt;span class="atr-value"&gt;Nicolas von Kospoth via Wikimedia Commons&lt;/span&gt;&lt;/li&gt;
  &lt;li&gt;&lt;strong&gt;&lt;span class="atr-name"&gt;architect&lt;/span&gt;:&lt;/strong&gt; &lt;span class="atr-value"&gt;Fisenne, L. von&lt;/span&gt;&lt;/li&gt;
  &lt;li&gt;&lt;strong&gt;&lt;span class="atr-name"&gt;hoofd_beg&lt;/span&gt;:&lt;/strong&gt; &lt;span class="atr-value"&gt;1889-&lt;/span&gt;&lt;/li&gt;
  &lt;li&gt;&lt;strong&gt;&lt;span class="atr-name"&gt;hoofd_eind&lt;/span&gt;:&lt;/strong&gt; &lt;span class="atr-value"&gt;1890&lt;/span&gt;&lt;/li&gt;
  &lt;li&gt;&lt;strong&gt;&lt;span class="atr-name"&gt;voorg_beg&lt;/span&gt;:&lt;/strong&gt; &lt;span class="atr-value"&gt;ME: ouder dan&lt;/span&gt;&lt;/li&gt;
  &lt;li&gt;&lt;strong&gt;&lt;span class="atr-name"&gt;voorg_eind&lt;/span&gt;:&lt;/strong&gt; &lt;span class="atr-value"&gt;1500&lt;/span&gt;&lt;/li&gt;
  &lt;li&gt;&lt;strong&gt;&lt;span class="atr-name"&gt;denominat&lt;/span&gt;:&lt;/strong&gt; &lt;span class="atr-value"&gt;Rooms-Katholieke Kerk in Nederland&lt;/span&gt;&lt;/li&gt;
  &lt;li&gt;&lt;strong&gt;&lt;span class="atr-name"&gt;huidigfunc&lt;/span&gt;:&lt;/strong&gt; &lt;span class="atr-value"&gt;Religieus&lt;/span&gt;&lt;/li&gt;
  &lt;li&gt;&lt;strong&gt;&lt;span class="atr-name"&gt;rmon_url&lt;/span&gt;:&lt;/strong&gt; &lt;span class="atr-value"&gt;https://monumentenregister.cultureelerfgoed.nl/monumenten/8752&lt;/span&gt;&lt;/li&gt;
  
&lt;/ul&gt;
</description>
                <LookAt>
                    <longitude>5.797341695630678</longitude>
                    <latitude>50.938604488827885</latitude>
                    <altitude>0.0</altitude>
                    <heading>0.0</heading>
                    <tilt>0.0</tilt>
                    <range>0.0</range>
                    <altitudeMode>clampToGround</altitudeMode>
                </LookAt>
                <Style>
                    <IconStyle>
                        <scale>4.125</scale>
                        <heading>0.0</heading>
                        <Icon>
                            <href>https://services.rce.geovoorziening.nl/kml/icon/Landschapsatlas_religieuserfgoed_kerken_style?0.0.0=&amp;0.1.0=&amp;0.1.1=</href>
                        </Icon>
                    </IconStyle>
                    <LabelStyle>
                        <color>00ffffff</color>
                        <scale>0.0</scale>
                    </LabelStyle>
                </Style>
                <Point>
                    <coordinates>5.797341695630678,50.938604488827885</coordinates>
                </Point>
            </Placemark>
            <Placemark id="religieuserfgoed.226">
                <name>Nederlands Hervormde Kerk</name>
                <description>&lt;h4&gt;religieuserfgoed&lt;/h4&gt;

&lt;ul class="textattributes"&gt;
  &lt;li&gt;&lt;strong&gt;&lt;span class="atr-name"&gt;ogc_fid&lt;/span&gt;:&lt;/strong&gt; &lt;span class="atr-value"&gt;226&lt;/span&gt;&lt;/li&gt;
  &lt;li&gt;&lt;strong&gt;&lt;span class="atr-name"&gt;rijksmonum&lt;/span&gt;:&lt;/strong&gt; &lt;span class="atr-value"&gt;8757&lt;/span&gt;&lt;/li&gt;
  &lt;li&gt;&lt;strong&gt;&lt;span class="atr-name"&gt;rd_x&lt;/span&gt;:&lt;/strong&gt; &lt;span class="atr-value"&gt;183687.4&lt;/span&gt;&lt;/li&gt;
  &lt;li&gt;&lt;strong&gt;&lt;span class="atr-name"&gt;rd_y&lt;/span&gt;:&lt;/strong&gt; &lt;span class="atr-value"&gt;327792.4&lt;/span&gt;&lt;/li&gt;
  &lt;li&gt;&lt;strong&gt;&lt;span class="atr-name"&gt;legenda&lt;/span&gt;:&lt;/strong&gt; &lt;span class="atr-value"&gt;Kerk&lt;/span&gt;&lt;/li&gt;
  &lt;li&gt;&lt;strong&gt;&lt;span class="atr-name"&gt;naam&lt;/span&gt;:&lt;/strong&gt; &lt;span class="atr-value"&gt;Nederlands Hervormde Kerk&lt;/span&gt;&lt;/li&gt;
  &lt;li&gt;&lt;strong&gt;&lt;span class="atr-name"&gt;plaats&lt;/span&gt;:&lt;/strong&gt; &lt;span class="atr-value"&gt;Beek (L)&lt;/span&gt;&lt;/li&gt;
  &lt;li&gt;&lt;strong&gt;&lt;span class="atr-name"&gt;foto_thumb&lt;/span&gt;:&lt;/strong&gt; &lt;span class="atr-value"&gt;https://images.memorix.nl/rce/thumb/350x350/a7709868-b9f1-8e0c-ee83-3f9433da4323.jpg&lt;/span&gt;&lt;/li&gt;
  &lt;li&gt;&lt;strong&gt;&lt;span class="atr-name"&gt;foto_groot&lt;/span&gt;:&lt;/strong&gt; &lt;span class="atr-value"&gt;https://images.memorix.nl/rce/thumb/fullsize/a7709868-b9f1-8e0c-ee83-3f9433da4323.jpg&lt;/span&gt;&lt;/li&gt;
  &lt;li&gt;&lt;strong&gt;&lt;span class="atr-name"&gt;fotograaf&lt;/span&gt;:&lt;/strong&gt; &lt;span class="atr-value"&gt;G.Th. Delemarre (beeldbank RCE)&lt;/span&gt;&lt;/li&gt;
  &lt;li&gt;&lt;strong&gt;&lt;span class="atr-name"&gt;architect&lt;/span&gt;:&lt;/strong&gt; &lt;span class="atr-value"&gt;Konings, H.&lt;/span&gt;&lt;/li&gt;
  &lt;li&gt;&lt;strong&gt;&lt;span class="atr-name"&gt;hoofd_beg&lt;/span&gt;:&lt;/strong&gt; &lt;span class="atr-value"&gt;1835-&lt;/span&gt;&lt;/li&gt;
  &lt;li&gt;&lt;strong&gt;&lt;span class="atr-name"&gt;hoofd_eind&lt;/span&gt;:&lt;/strong&gt; &lt;span class="atr-value"&gt;1837&lt;/span&gt;&lt;/li&gt;
  
  &lt;li&gt;&lt;strong&gt;&lt;span class="atr-name"&gt;voorg_eind&lt;/span&gt;:&lt;/strong&gt; &lt;span class="atr-value"&gt;0&lt;/span&gt;&lt;/li&gt;
  &lt;li&gt;&lt;strong&gt;&lt;span class="atr-name"&gt;denominat&lt;/span&gt;:&lt;/strong&gt; &lt;span class="atr-value"&gt;Nederlandse Hervormde Kerk&lt;/span&gt;&lt;/li&gt;
  &lt;li&gt;&lt;strong&gt;&lt;span class="atr-name"&gt;huidigfunc&lt;/span&gt;:&lt;/strong&gt; &lt;span class="atr-value"&gt;Religieus&lt;/span&gt;&lt;/li&gt;
  &lt;li&gt;&lt;strong&gt;&lt;span class="atr-name"&gt;rmon_url&lt;/span&gt;:&lt;/strong&gt; &lt;span class="atr-value"&gt;https://monumentenregister.cultureelerfgoed.nl/monumenten/8757&lt;/span&gt;&lt;/li&gt;
  
&lt;/ul&gt;
</description>
                <LookAt>
                    <longitude>5.795323373737489</longitude>
                    <latitude>50.93913567543709</latitude>
                    <altitude>0.0</altitude>
                    <heading>0.0</heading>
                    <tilt>0.0</tilt>
                    <range>0.0</range>
                    <altitudeMode>clampToGround</altitudeMode>
                </LookAt>
                <Style>
                    <IconStyle>
                        <scale>4.125</scale>
                        <heading>0.0</heading>
                        <Icon>
                            <href>https://services.rce.geovoorziening.nl/kml/icon/Landschapsatlas_religieuserfgoed_kerken_style?0.0.0=&amp;0.1.0=&amp;0.1.1=</href>
                        </Icon>
                    </IconStyle>
                    <LabelStyle>
                        <color>00ffffff</color>
                        <scale>0.0</scale>
                    </LabelStyle>
                </Style>
                <Point>
                    <coordinates>5.795323373737482,50.9391356754371</coordinates>
                </Point>
            </Placemark>
            <Placemark id="religieuserfgoed.643">
                <name>St.-Christinakerk</name>
                <description>&lt;h4&gt;religieuserfgoed&lt;/h4&gt;

&lt;ul class="textattributes"&gt;
  &lt;li&gt;&lt;strong&gt;&lt;span class="atr-name"&gt;ogc_fid&lt;/span&gt;:&lt;/strong&gt; &lt;span class="atr-value"&gt;643&lt;/span&gt;&lt;/li&gt;
  &lt;li&gt;&lt;strong&gt;&lt;span class="atr-name"&gt;rijksmonum&lt;/span&gt;:&lt;/strong&gt; &lt;span class="atr-value"&gt;15482&lt;/span&gt;&lt;/li&gt;
  &lt;li&gt;&lt;strong&gt;&lt;span class="atr-name"&gt;rd_x&lt;/span&gt;:&lt;/strong&gt; &lt;span class="atr-value"&gt;177201.8&lt;/span&gt;&lt;/li&gt;
  &lt;li&gt;&lt;strong&gt;&lt;span class="atr-name"&gt;rd_y&lt;/span&gt;:&lt;/strong&gt; &lt;span class="atr-value"&gt;309760.5&lt;/span&gt;&lt;/li&gt;
  &lt;li&gt;&lt;strong&gt;&lt;span class="atr-name"&gt;legenda&lt;/span&gt;:&lt;/strong&gt; &lt;span class="atr-value"&gt;Kerk&lt;/span&gt;&lt;/li&gt;
  &lt;li&gt;&lt;strong&gt;&lt;span class="atr-name"&gt;naam&lt;/span&gt;:&lt;/strong&gt; &lt;span class="atr-value"&gt;St.-Christinakerk&lt;/span&gt;&lt;/li&gt;
  &lt;li&gt;&lt;strong&gt;&lt;span class="atr-name"&gt;plaats&lt;/span&gt;:&lt;/strong&gt; &lt;span class="atr-value"&gt;Eijsden&lt;/span&gt;&lt;/li&gt;
  &lt;li&gt;&lt;strong&gt;&lt;span class="atr-name"&gt;foto_thumb&lt;/span&gt;:&lt;/strong&gt; &lt;span class="atr-value"&gt;https://images.memorix.nl/rce/thumb/350x350/46b6f27c-2a69-4555-4c36-c39e1f4f29e7.jpg&lt;/span&gt;&lt;/li&gt;
  &lt;li&gt;&lt;strong&gt;&lt;span class="atr-name"&gt;foto_groot&lt;/span&gt;:&lt;/strong&gt; &lt;span class="atr-value"&gt;https://images.memorix.nl/rce/thumb/fullsize/46b6f27c-2a69-4555-4c36-c39e1f4f29e7.jpg&lt;/span&gt;&lt;/li&gt;
  &lt;li&gt;&lt;strong&gt;&lt;span class="atr-name"&gt;fotograaf&lt;/span&gt;:&lt;/strong&gt; &lt;span class="atr-value"&gt;G.Th. Delemarre (beeldbank RCE)&lt;/span&gt;&lt;/li&gt;
  &lt;li&gt;&lt;strong&gt;&lt;span class="atr-name"&gt;architect&lt;/span&gt;:&lt;/strong&gt; &lt;span class="atr-value"&gt;onbekend&lt;/span&gt;&lt;/li&gt;
  &lt;li&gt;&lt;strong&gt;&lt;span class="atr-name"&gt;hoofd_beg&lt;/span&gt;:&lt;/strong&gt; &lt;span class="atr-value"&gt;1300-&lt;/span&gt;&lt;/li&gt;
  &lt;li&gt;&lt;strong&gt;&lt;span class="atr-name"&gt;hoofd_eind&lt;/span&gt;:&lt;/strong&gt; &lt;span class="atr-value"&gt;1400&lt;/span&gt;&lt;/li&gt;
  
  &lt;li&gt;&lt;strong&gt;&lt;span class="atr-name"&gt;voorg_eind&lt;/span&gt;:&lt;/strong&gt; &lt;span class="atr-value"&gt;0&lt;/span&gt;&lt;/li&gt;
  &lt;li&gt;&lt;strong&gt;&lt;span class="atr-name"&gt;denominat&lt;/span&gt;:&lt;/strong&gt; &lt;span class="atr-value"&gt;Rooms-Katholieke Kerk in Nederland&lt;/span&gt;&lt;/li&gt;
  &lt;li&gt;&lt;strong&gt;&lt;span class="atr-name"&gt;huidigfunc&lt;/span&gt;:&lt;/strong&gt; &lt;span class="atr-value"&gt;Religieus&lt;/span&gt;&lt;/li&gt;
  &lt;li&gt;&lt;strong&gt;&lt;span class="atr-name"&gt;rmon_url&lt;/span&gt;:&lt;/strong&gt; &lt;span class="atr-value"&gt;https://monumentenregister.cultureelerfgoed.nl/monumenten/15482&lt;/span&gt;&lt;/li&gt;
  
&lt;/ul&gt;
</description>
                <LookAt>
                    <longitude>5.701953204373012</longitude>
                    <latitude>50.777341587122876</latitude>
                    <altitude>0.0</altitude>
                    <heading>0.0</heading>
                    <tilt>0.0</tilt>
                    <range>0.0</range>
                    <altitudeMode>clampToGround</altitudeMode>
                </LookAt>
                <Style>
                    <IconStyle>
                        <scale>4.125</scale>
                        <heading>0.0</heading>
                        <Icon>
                            <href>https://services.rce.geovoorziening.nl/kml/icon/Landschapsatlas_religieuserfgoed_kerken_style?0.0.0=&amp;0.1.0=&amp;0.1.1=</href>
                        </Icon>
                    </IconStyle>
                    <LabelStyle>
                        <color>00ffffff</color>
                        <scale>0.0</scale>
                    </LabelStyle>
                </Style>
                <Point>
                    <coordinates>5.70195320437301,50.77734158712288</coordinates>
                </Point>
            </Placemark>
            <Placemark id="religieuserfgoed.644">
                <name>St.-Martinuskerk</name>
                <description>&lt;h4&gt;religieuserfgoed&lt;/h4&gt;

&lt;ul class="textattributes"&gt;
  &lt;li&gt;&lt;strong&gt;&lt;span class="atr-name"&gt;ogc_fid&lt;/span&gt;:&lt;/strong&gt; &lt;span class="atr-value"&gt;644&lt;/span&gt;&lt;/li&gt;
  &lt;li&gt;&lt;strong&gt;&lt;span class="atr-name"&gt;rijksmonum&lt;/span&gt;:&lt;/strong&gt; &lt;span class="atr-value"&gt;15487&lt;/span&gt;&lt;/li&gt;
  &lt;li&gt;&lt;strong&gt;&lt;span class="atr-name"&gt;rd_x&lt;/span&gt;:&lt;/strong&gt; &lt;span class="atr-value"&gt;177794.2&lt;/span&gt;&lt;/li&gt;
  &lt;li&gt;&lt;strong&gt;&lt;span class="atr-name"&gt;rd_y&lt;/span&gt;:&lt;/strong&gt; &lt;span class="atr-value"&gt;309893.7&lt;/span&gt;&lt;/li&gt;
  &lt;li&gt;&lt;strong&gt;&lt;span class="atr-name"&gt;legenda&lt;/span&gt;:&lt;/strong&gt; &lt;span class="atr-value"&gt;Kerk&lt;/span&gt;&lt;/li&gt;
  &lt;li&gt;&lt;strong&gt;&lt;span class="atr-name"&gt;naam&lt;/span&gt;:&lt;/strong&gt; &lt;span class="atr-value"&gt;St.-Martinuskerk&lt;/span&gt;&lt;/li&gt;
  &lt;li&gt;&lt;strong&gt;&lt;span class="atr-name"&gt;plaats&lt;/span&gt;:&lt;/strong&gt; &lt;span class="atr-value"&gt;Eijsden&lt;/span&gt;&lt;/li&gt;
  &lt;li&gt;&lt;strong&gt;&lt;span class="atr-name"&gt;foto_thumb&lt;/span&gt;:&lt;/strong&gt; &lt;span class="atr-value"&gt;https://images.memorix.nl/rce/thumb/350x350/8c0473ef-0eee-92dc-3d84-18d4664d134f.jpg&lt;/span&gt;&lt;/li&gt;
  &lt;li&gt;&lt;strong&gt;&lt;span class="atr-name"&gt;foto_groot&lt;/span&gt;:&lt;/strong&gt; &lt;span class="atr-value"&gt;https://images.memorix.nl/rce/thumb/fullsize/8c0473ef-0eee-92dc-3d84-18d4664d134f.jpg&lt;/span&gt;&lt;/li&gt;
  &lt;li&gt;&lt;strong&gt;&lt;span class="atr-name"&gt;fotograaf&lt;/span&gt;:&lt;/strong&gt; &lt;span class="atr-value"&gt;Frans Kabel (beeldbank RCE)&lt;/span&gt;&lt;/li&gt;
  &lt;li&gt;&lt;strong&gt;&lt;span class="atr-name"&gt;architect&lt;/span&gt;:&lt;/strong&gt; &lt;span class="atr-value"&gt;onbekend&lt;/span&gt;&lt;/li&gt;
  &lt;li&gt;&lt;strong&gt;&lt;span class="atr-name"&gt;hoofd_beg&lt;/span&gt;:&lt;/strong&gt; &lt;span class="atr-value"&gt;ca.&lt;/span&gt;&lt;/li&gt;
  &lt;li&gt;&lt;strong&gt;&lt;span class="atr-name"&gt;hoofd_eind&lt;/span&gt;:&lt;/strong&gt; &lt;span class="atr-value"&gt;1500&lt;/span&gt;&lt;/li&gt;
  
  &lt;li&gt;&lt;strong&gt;&lt;span class="atr-name"&gt;voorg_eind&lt;/span&gt;:&lt;/strong&gt; &lt;span class="atr-value"&gt;0&lt;/span&gt;&lt;/li&gt;
  &lt;li&gt;&lt;strong&gt;&lt;span class="atr-name"&gt;denominat&lt;/span&gt;:&lt;/strong&gt; &lt;span class="atr-value"&gt;Rooms-Katholieke Kerk in Nederland&lt;/span&gt;&lt;/li&gt;
  &lt;li&gt;&lt;strong&gt;&lt;span class="atr-name"&gt;huidigfunc&lt;/span&gt;:&lt;/strong&gt; &lt;span class="atr-value"&gt;Religieus&lt;/span&gt;&lt;/li&gt;
  &lt;li&gt;&lt;strong&gt;&lt;span class="atr-name"&gt;rmon_url&lt;/span&gt;:&lt;/strong&gt; &lt;span class="atr-value"&gt;https://monumentenregister.cultureelerfgoed.nl/monumenten/15487&lt;/span&gt;&lt;/li&gt;
  
&lt;/ul&gt;
</description>
                <LookAt>
                    <longitude>5.710359861349019</longitude>
                    <latitude>50.77851567204092</latitude>
                    <altitude>0.0</altitude>
                    <heading>0.0</heading>
                    <tilt>0.0</tilt>
                    <range>0.0</range>
                    <altitudeMode>clampToGround</altitudeMode>
                </LookAt>
                <Style>
                    <IconStyle>
                        <scale>4.125</scale>
                        <heading>0.0</heading>
                        <Icon>
                            <href>https://services.rce.geovoorziening.nl/kml/icon/Landschapsatlas_religieuserfgoed_kerken_style?0.0.0=&amp;0.1.0=&amp;0.1.1=</href>
                        </Icon>
                    </IconStyle>
                    <LabelStyle>
                        <color>00ffffff</color>
                        <scale>0.0</scale>
                    </LabelStyle>
                </Style>
                <Point>
                    <coordinates>5.71035986134902,50.77851567204092</coordinates>
                </Point>
            </Placemark>
            <Placemark id="religieuserfgoed.645">
                <name>St.-Pancratiuskerk</name>
                <description>&lt;h4&gt;religieuserfgoed&lt;/h4&gt;

&lt;ul class="textattributes"&gt;
  &lt;li&gt;&lt;strong&gt;&lt;span class="atr-name"&gt;ogc_fid&lt;/span&gt;:&lt;/strong&gt; &lt;span class="atr-value"&gt;645&lt;/span&gt;&lt;/li&gt;
  &lt;li&gt;&lt;strong&gt;&lt;span class="atr-name"&gt;rijksmonum&lt;/span&gt;:&lt;/strong&gt; &lt;span class="atr-value"&gt;15509&lt;/span&gt;&lt;/li&gt;
  &lt;li&gt;&lt;strong&gt;&lt;span class="atr-name"&gt;rd_x&lt;/span&gt;:&lt;/strong&gt; &lt;span class="atr-value"&gt;179312.7&lt;/span&gt;&lt;/li&gt;
  &lt;li&gt;&lt;strong&gt;&lt;span class="atr-name"&gt;rd_y&lt;/span&gt;:&lt;/strong&gt; &lt;span class="atr-value"&gt;308215.9&lt;/span&gt;&lt;/li&gt;
  &lt;li&gt;&lt;strong&gt;&lt;span class="atr-name"&gt;legenda&lt;/span&gt;:&lt;/strong&gt; &lt;span class="atr-value"&gt;Kerk&lt;/span&gt;&lt;/li&gt;
  &lt;li&gt;&lt;strong&gt;&lt;span class="atr-name"&gt;naam&lt;/span&gt;:&lt;/strong&gt; &lt;span class="atr-value"&gt;St.-Pancratiuskerk&lt;/span&gt;&lt;/li&gt;
  &lt;li&gt;&lt;strong&gt;&lt;span class="atr-name"&gt;plaats&lt;/span&gt;:&lt;/strong&gt; &lt;span class="atr-value"&gt;Mesch&lt;/span&gt;&lt;/li&gt;
  &lt;li&gt;&lt;strong&gt;&lt;span class="atr-name"&gt;foto_thumb&lt;/span&gt;:&lt;/strong&gt; &lt;span class="atr-value"&gt;https://images.memorix.nl/rce/thumb/350x350/952e1f78-c472-1912-fb22-230108eeef67.jpg&lt;/span&gt;&lt;/li&gt;
  &lt;li&gt;&lt;strong&gt;&lt;span class="atr-name"&gt;foto_groot&lt;/span&gt;:&lt;/strong&gt; &lt;span class="atr-value"&gt;https://images.memorix.nl/rce/thumb/fullsize/952e1f78-c472-1912-fb22-230108eeef67.jpg&lt;/span&gt;&lt;/li&gt;
  &lt;li&gt;&lt;strong&gt;&lt;span class="atr-name"&gt;fotograaf&lt;/span&gt;:&lt;/strong&gt; &lt;span class="atr-value"&gt;Leon Bok (beeldbank RCE)&lt;/span&gt;&lt;/li&gt;
  &lt;li&gt;&lt;strong&gt;&lt;span class="atr-name"&gt;architect&lt;/span&gt;:&lt;/strong&gt; &lt;span class="atr-value"&gt;onbekend&lt;/span&gt;&lt;/li&gt;
  &lt;li&gt;&lt;strong&gt;&lt;span class="atr-name"&gt;hoofd_beg&lt;/span&gt;:&lt;/strong&gt; &lt;span class="atr-value"&gt;ca.&lt;/span&gt;&lt;/li&gt;
  &lt;li&gt;&lt;strong&gt;&lt;span class="atr-name"&gt;hoofd_eind&lt;/span&gt;:&lt;/strong&gt; &lt;span class="atr-value"&gt;1400&lt;/span&gt;&lt;/li&gt;
  
  &lt;li&gt;&lt;strong&gt;&lt;span class="atr-name"&gt;voorg_eind&lt;/span&gt;:&lt;/strong&gt; &lt;span class="atr-value"&gt;0&lt;/span&gt;&lt;/li&gt;
  &lt;li&gt;&lt;strong&gt;&lt;span class="atr-name"&gt;denominat&lt;/span&gt;:&lt;/strong&gt; &lt;span class="atr-value"&gt;Rooms-Katholieke Kerk in Nederland&lt;/span&gt;&lt;/li&gt;
  &lt;li&gt;&lt;strong&gt;&lt;span class="atr-name"&gt;huidigfunc&lt;/span&gt;:&lt;/strong&gt; &lt;span class="atr-value"&gt;Religieus&lt;/span&gt;&lt;/li&gt;
  &lt;li&gt;&lt;strong&gt;&lt;span class="atr-name"&gt;rmon_url&lt;/span&gt;:&lt;/strong&gt; &lt;span class="atr-value"&gt;https://monumentenregister.cultureelerfgoed.nl/monumenten/15509&lt;/span&gt;&lt;/li&gt;
  
&lt;/ul&gt;
</description>
                <LookAt>
                    <longitude>5.731775842465765</longitude>
                    <latitude>50.76337230483994</latitude>
                    <altitude>0.0</altitude>
                    <heading>0.0</heading>
                    <tilt>0.0</tilt>
                    <range>0.0</range>
                    <altitudeMode>clampToGround</altitudeMode>
                </LookAt>
                <Style>
                    <IconStyle>
                        <scale>4.125</scale>
                        <heading>0.0</heading>
                        <Icon>
                            <href>https://services.rce.geovoorziening.nl/kml/icon/Landschapsatlas_religieuserfgoed_kerken_style?0.0.0=&amp;0.1.0=&amp;0.1.1=</href>
                        </Icon>
                    </IconStyle>
                    <LabelStyle>
                        <color>00ffffff</color>
                        <scale>0.0</scale>
                    </LabelStyle>
                </Style>
                <Point>
                    <coordinates>5.731775842465758,50.76337230483994</coordinates>
                </Point>
            </Placemark>
            <Placemark id="religieuserfgoed.687">
                <name>St.-Marcellinus en Petruskerk</name>
                <description>&lt;h4&gt;religieuserfgoed&lt;/h4&gt;

&lt;ul class="textattributes"&gt;
  &lt;li&gt;&lt;strong&gt;&lt;span class="atr-name"&gt;ogc_fid&lt;/span&gt;:&lt;/strong&gt; &lt;span class="atr-value"&gt;687&lt;/span&gt;&lt;/li&gt;
  &lt;li&gt;&lt;strong&gt;&lt;span class="atr-name"&gt;rijksmonum&lt;/span&gt;:&lt;/strong&gt; &lt;span class="atr-value"&gt;16037&lt;/span&gt;&lt;/li&gt;
  &lt;li&gt;&lt;strong&gt;&lt;span class="atr-name"&gt;rd_x&lt;/span&gt;:&lt;/strong&gt; &lt;span class="atr-value"&gt;187006.0&lt;/span&gt;&lt;/li&gt;
  &lt;li&gt;&lt;strong&gt;&lt;span class="atr-name"&gt;rd_y&lt;/span&gt;:&lt;/strong&gt; &lt;span class="atr-value"&gt;331446.8&lt;/span&gt;&lt;/li&gt;
  &lt;li&gt;&lt;strong&gt;&lt;span class="atr-name"&gt;legenda&lt;/span&gt;:&lt;/strong&gt; &lt;span class="atr-value"&gt;Kerk&lt;/span&gt;&lt;/li&gt;
  &lt;li&gt;&lt;strong&gt;&lt;span class="atr-name"&gt;naam&lt;/span&gt;:&lt;/strong&gt; &lt;span class="atr-value"&gt;St.-Marcellinus en Petruskerk&lt;/span&gt;&lt;/li&gt;
  &lt;li&gt;&lt;strong&gt;&lt;span class="atr-name"&gt;plaats&lt;/span&gt;:&lt;/strong&gt; &lt;span class="atr-value"&gt;Geleen&lt;/span&gt;&lt;/li&gt;
  &lt;li&gt;&lt;strong&gt;&lt;span class="atr-name"&gt;foto_thumb&lt;/span&gt;:&lt;/strong&gt; &lt;span class="atr-value"&gt;https://upload.wikimedia.org/wikipedia/commons/9/9b/Geleen_%28oud%29_-_Leurstraat_1-3.jpg&lt;/span&gt;&lt;/li&gt;
  &lt;li&gt;&lt;strong&gt;&lt;span class="atr-name"&gt;foto_groot&lt;/span&gt;:&lt;/strong&gt; &lt;span class="atr-value"&gt;https://upload.wikimedia.org/wikipedia/commons/9/9b/Geleen_%28oud%29_-_Leurstraat_1-3.jpg&lt;/span&gt;&lt;/li&gt;
  &lt;li&gt;&lt;strong&gt;&lt;span class="atr-name"&gt;fotograaf&lt;/span&gt;:&lt;/strong&gt; &lt;span class="atr-value"&gt;Jossarisfoto via Wikimedia Commons&lt;/span&gt;&lt;/li&gt;
  &lt;li&gt;&lt;strong&gt;&lt;span class="atr-name"&gt;architect&lt;/span&gt;:&lt;/strong&gt; &lt;span class="atr-value"&gt;Weber, C.E.M.H.A.F.&lt;/span&gt;&lt;/li&gt;
  
  &lt;li&gt;&lt;strong&gt;&lt;span class="atr-name"&gt;hoofd_eind&lt;/span&gt;:&lt;/strong&gt; &lt;span class="atr-value"&gt;1862&lt;/span&gt;&lt;/li&gt;
  
  &lt;li&gt;&lt;strong&gt;&lt;span class="atr-name"&gt;voorg_eind&lt;/span&gt;:&lt;/strong&gt; &lt;span class="atr-value"&gt;1643&lt;/span&gt;&lt;/li&gt;
  &lt;li&gt;&lt;strong&gt;&lt;span class="atr-name"&gt;denominat&lt;/span&gt;:&lt;/strong&gt; &lt;span class="atr-value"&gt;Rooms-Katholieke Kerk in Nederland&lt;/span&gt;&lt;/li&gt;
  &lt;li&gt;&lt;strong&gt;&lt;span class="atr-name"&gt;huidigfunc&lt;/span&gt;:&lt;/strong&gt; &lt;span class="atr-value"&gt;Religieus&lt;/span&gt;&lt;/li&gt;
  &lt;li&gt;&lt;strong&gt;&lt;span class="atr-name"&gt;rmon_url&lt;/span&gt;:&lt;/strong&gt; &lt;span class="atr-value"&gt;https://monumentenregister.cultureelerfgoed.nl/monumenten/16037&lt;/span&gt;&lt;/li&gt;
  
&lt;/ul&gt;
</description>
                <LookAt>
                    <longitude>5.842858387119506</longitude>
                    <latitude>50.97180736951529</latitude>
                    <altitude>0.0</altitude>
                    <heading>0.0</heading>
                    <tilt>0.0</tilt>
                    <range>0.0</range>
                    <altitudeMode>clampToGround</altitudeMode>
                </LookAt>
                <Style>
                    <IconStyle>
                        <scale>4.125</scale>
                        <heading>0.0</heading>
                        <Icon>
                            <href>https://services.rce.geovoorziening.nl/kml/icon/Landschapsatlas_religieuserfgoed_kerken_style?0.0.0=&amp;0.1.0=&amp;0.1.1=</href>
                        </Icon>
                    </IconStyle>
                    <LabelStyle>
                        <color>00ffffff</color>
                        <scale>0.0</scale>
                    </LabelStyle>
                </Style>
                <Point>
                    <coordinates>5.842858387119512,50.97180736951529</coordinates>
                </Point>
            </Placemark>
            <Placemark id="religieuserfgoed.813">
                <name>St.-Barbarakerk</name>
                <description>&lt;h4&gt;religieuserfgoed&lt;/h4&gt;

&lt;ul class="textattributes"&gt;
  &lt;li&gt;&lt;strong&gt;&lt;span class="atr-name"&gt;ogc_fid&lt;/span&gt;:&lt;/strong&gt; &lt;span class="atr-value"&gt;813&lt;/span&gt;&lt;/li&gt;
  &lt;li&gt;&lt;strong&gt;&lt;span class="atr-name"&gt;rijksmonum&lt;/span&gt;:&lt;/strong&gt; &lt;span class="atr-value"&gt;18232&lt;/span&gt;&lt;/li&gt;
  &lt;li&gt;&lt;strong&gt;&lt;span class="atr-name"&gt;rd_x&lt;/span&gt;:&lt;/strong&gt; &lt;span class="atr-value"&gt;187020.1&lt;/span&gt;&lt;/li&gt;
  &lt;li&gt;&lt;strong&gt;&lt;span class="atr-name"&gt;rd_y&lt;/span&gt;:&lt;/strong&gt; &lt;span class="atr-value"&gt;315619.7&lt;/span&gt;&lt;/li&gt;
  &lt;li&gt;&lt;strong&gt;&lt;span class="atr-name"&gt;legenda&lt;/span&gt;:&lt;/strong&gt; &lt;span class="atr-value"&gt;Kerk&lt;/span&gt;&lt;/li&gt;
  &lt;li&gt;&lt;strong&gt;&lt;span class="atr-name"&gt;naam&lt;/span&gt;:&lt;/strong&gt; &lt;span class="atr-value"&gt;St.-Barbarakerk&lt;/span&gt;&lt;/li&gt;
  &lt;li&gt;&lt;strong&gt;&lt;span class="atr-name"&gt;plaats&lt;/span&gt;:&lt;/strong&gt; &lt;span class="atr-value"&gt;Scheulder&lt;/span&gt;&lt;/li&gt;
  &lt;li&gt;&lt;strong&gt;&lt;span class="atr-name"&gt;foto_thumb&lt;/span&gt;:&lt;/strong&gt; &lt;span class="atr-value"&gt;https://images.memorix.nl/rce/thumb/350x350/b5d255db-637c-4b5a-f893-9c7bb26da95a.jpg&lt;/span&gt;&lt;/li&gt;
  &lt;li&gt;&lt;strong&gt;&lt;span class="atr-name"&gt;foto_groot&lt;/span&gt;:&lt;/strong&gt; &lt;span class="atr-value"&gt;https://images.memorix.nl/rce/thumb/fullsize/b5d255db-637c-4b5a-f893-9c7bb26da95a.jpg&lt;/span&gt;&lt;/li&gt;
  &lt;li&gt;&lt;strong&gt;&lt;span class="atr-name"&gt;fotograaf&lt;/span&gt;:&lt;/strong&gt; &lt;span class="atr-value"&gt;H.P.R. Rosenberg (beeldbank RCE)&lt;/span&gt;&lt;/li&gt;
  &lt;li&gt;&lt;strong&gt;&lt;span class="atr-name"&gt;architect&lt;/span&gt;:&lt;/strong&gt; &lt;span class="atr-value"&gt;onbekend&lt;/span&gt;&lt;/li&gt;
  
  &lt;li&gt;&lt;strong&gt;&lt;span class="atr-name"&gt;hoofd_eind&lt;/span&gt;:&lt;/strong&gt; &lt;span class="atr-value"&gt;1850&lt;/span&gt;&lt;/li&gt;
  
  &lt;li&gt;&lt;strong&gt;&lt;span class="atr-name"&gt;voorg_eind&lt;/span&gt;:&lt;/strong&gt; &lt;span class="atr-value"&gt;0&lt;/span&gt;&lt;/li&gt;
  &lt;li&gt;&lt;strong&gt;&lt;span class="atr-name"&gt;denominat&lt;/span&gt;:&lt;/strong&gt; &lt;span class="atr-value"&gt;Rooms-Katholieke Kerk in Nederland&lt;/span&gt;&lt;/li&gt;
  &lt;li&gt;&lt;strong&gt;&lt;span class="atr-name"&gt;huidigfunc&lt;/span&gt;:&lt;/strong&gt; &lt;span class="atr-value"&gt;Religieus&lt;/span&gt;&lt;/li&gt;
  &lt;li&gt;&lt;strong&gt;&lt;span class="atr-name"&gt;rmon_url&lt;/span&gt;:&lt;/strong&gt; &lt;span class="atr-value"&gt;https://monumentenregister.cultureelerfgoed.nl/monumenten/18232&lt;/span&gt;&lt;/li&gt;
  
&lt;/ul&gt;
</description>
                <LookAt>
                    <longitude>5.84165928522529</longitude>
                    <latitude>50.82954385689103</latitude>
                    <altitude>0.0</altitude>
                    <heading>0.0</heading>
                    <tilt>0.0</tilt>
                    <range>0.0</range>
                    <altitudeMode>clampToGround</altitudeMode>
                </LookAt>
                <Style>
                    <IconStyle>
                        <scale>4.125</scale>
                        <heading>0.0</heading>
                        <Icon>
                            <href>https://services.rce.geovoorziening.nl/kml/icon/Landschapsatlas_religieuserfgoed_kerken_style?0.0.0=&amp;0.1.0=&amp;0.1.1=</href>
                        </Icon>
                    </IconStyle>
                    <LabelStyle>
                        <color>00ffffff</color>
                        <scale>0.0</scale>
                    </LabelStyle>
                </Style>
                <Point>
                    <coordinates>5.841659285225302,50.829543856891036</coordinates>
                </Point>
            </Placemark>
            <Placemark id="religieuserfgoed.944">
                <name>St.-Pancratiuskerk</name>
                <description>&lt;h4&gt;religieuserfgoed&lt;/h4&gt;

&lt;ul class="textattributes"&gt;
  &lt;li&gt;&lt;strong&gt;&lt;span class="atr-name"&gt;ogc_fid&lt;/span&gt;:&lt;/strong&gt; &lt;span class="atr-value"&gt;944&lt;/span&gt;&lt;/li&gt;
  &lt;li&gt;&lt;strong&gt;&lt;span class="atr-name"&gt;rijksmonum&lt;/span&gt;:&lt;/strong&gt; &lt;span class="atr-value"&gt;21228&lt;/span&gt;&lt;/li&gt;
  &lt;li&gt;&lt;strong&gt;&lt;span class="atr-name"&gt;rd_x&lt;/span&gt;:&lt;/strong&gt; &lt;span class="atr-value"&gt;196725.6&lt;/span&gt;&lt;/li&gt;
  &lt;li&gt;&lt;strong&gt;&lt;span class="atr-name"&gt;rd_y&lt;/span&gt;:&lt;/strong&gt; &lt;span class="atr-value"&gt;322162.9&lt;/span&gt;&lt;/li&gt;
  &lt;li&gt;&lt;strong&gt;&lt;span class="atr-name"&gt;legenda&lt;/span&gt;:&lt;/strong&gt; &lt;span class="atr-value"&gt;Kerk&lt;/span&gt;&lt;/li&gt;
  &lt;li&gt;&lt;strong&gt;&lt;span class="atr-name"&gt;naam&lt;/span&gt;:&lt;/strong&gt; &lt;span class="atr-value"&gt;St.-Pancratiuskerk&lt;/span&gt;&lt;/li&gt;
  &lt;li&gt;&lt;strong&gt;&lt;span class="atr-name"&gt;plaats&lt;/span&gt;:&lt;/strong&gt; &lt;span class="atr-value"&gt;Heerlen&lt;/span&gt;&lt;/li&gt;
  &lt;li&gt;&lt;strong&gt;&lt;span class="atr-name"&gt;foto_thumb&lt;/span&gt;:&lt;/strong&gt; &lt;span class="atr-value"&gt;https://images.memorix.nl/rce/thumb/350x350/4a2693ce-3da6-a471-07ae-a31c3c306a85.jpg&lt;/span&gt;&lt;/li&gt;
  &lt;li&gt;&lt;strong&gt;&lt;span class="atr-name"&gt;foto_groot&lt;/span&gt;:&lt;/strong&gt; &lt;span class="atr-value"&gt;https://images.memorix.nl/rce/thumb/fullsize/4a2693ce-3da6-a471-07ae-a31c3c306a85.jpg&lt;/span&gt;&lt;/li&gt;
  &lt;li&gt;&lt;strong&gt;&lt;span class="atr-name"&gt;fotograaf&lt;/span&gt;:&lt;/strong&gt; &lt;span class="atr-value"&gt;Paul Minkjan (beeldbank RCE)&lt;/span&gt;&lt;/li&gt;
  &lt;li&gt;&lt;strong&gt;&lt;span class="atr-name"&gt;architect&lt;/span&gt;:&lt;/strong&gt; &lt;span class="atr-value"&gt;onbekend&lt;/span&gt;&lt;/li&gt;
  &lt;li&gt;&lt;strong&gt;&lt;span class="atr-name"&gt;hoofd_beg&lt;/span&gt;:&lt;/strong&gt; &lt;span class="atr-value"&gt;1100-&lt;/span&gt;&lt;/li&gt;
  &lt;li&gt;&lt;strong&gt;&lt;span class="atr-name"&gt;hoofd_eind&lt;/span&gt;:&lt;/strong&gt; &lt;span class="atr-value"&gt;1150&lt;/span&gt;&lt;/li&gt;
  
  &lt;li&gt;&lt;strong&gt;&lt;span class="atr-name"&gt;voorg_eind&lt;/span&gt;:&lt;/strong&gt; &lt;span class="atr-value"&gt;0&lt;/span&gt;&lt;/li&gt;
  &lt;li&gt;&lt;strong&gt;&lt;span class="atr-name"&gt;denominat&lt;/span&gt;:&lt;/strong&gt; &lt;span class="atr-value"&gt;Rooms-Katholieke Kerk in Nederland&lt;/span&gt;&lt;/li&gt;
  &lt;li&gt;&lt;strong&gt;&lt;span class="atr-name"&gt;huidigfunc&lt;/span&gt;:&lt;/strong&gt; &lt;span class="atr-value"&gt;Religieus&lt;/span&gt;&lt;/li&gt;
  &lt;li&gt;&lt;strong&gt;&lt;span class="atr-name"&gt;rmon_url&lt;/span&gt;:&lt;/strong&gt; &lt;span class="atr-value"&gt;https://monumentenregister.cultureelerfgoed.nl/monumenten/21228&lt;/span&gt;&lt;/li&gt;
  
&lt;/ul&gt;
</description>
                <LookAt>
                    <longitude>5.980155508816935</longitude>
                    <latitude>50.88773288275258</latitude>
                    <altitude>0.0</altitude>
                    <heading>0.0</heading>
                    <tilt>0.0</tilt>
                    <range>0.0</range>
                    <altitudeMode>clampToGround</altitudeMode>
                </LookAt>
                <Style>
                    <IconStyle>
                        <scale>4.125</scale>
                        <heading>0.0</heading>
                        <Icon>
                            <href>https://services.rce.geovoorziening.nl/kml/icon/Landschapsatlas_religieuserfgoed_kerken_style?0.0.0=&amp;0.1.0=&amp;0.1.1=</href>
                        </Icon>
                    </IconStyle>
                    <LabelStyle>
                        <color>00ffffff</color>
                        <scale>0.0</scale>
                    </LabelStyle>
                </Style>
                <Point>
                    <coordinates>5.980155508816951,50.88773288275258</coordinates>
                </Point>
            </Placemark>
            <Placemark id="religieuserfgoed.945">
                <name>St.-Janskerk</name>
                <description>&lt;h4&gt;religieuserfgoed&lt;/h4&gt;

&lt;ul class="textattributes"&gt;
  &lt;li&gt;&lt;strong&gt;&lt;span class="atr-name"&gt;ogc_fid&lt;/span&gt;:&lt;/strong&gt; &lt;span class="atr-value"&gt;945&lt;/span&gt;&lt;/li&gt;
  &lt;li&gt;&lt;strong&gt;&lt;span class="atr-name"&gt;rijksmonum&lt;/span&gt;:&lt;/strong&gt; &lt;span class="atr-value"&gt;21243&lt;/span&gt;&lt;/li&gt;
  &lt;li&gt;&lt;strong&gt;&lt;span class="atr-name"&gt;rd_x&lt;/span&gt;:&lt;/strong&gt; &lt;span class="atr-value"&gt;192759.2&lt;/span&gt;&lt;/li&gt;
  &lt;li&gt;&lt;strong&gt;&lt;span class="atr-name"&gt;rd_y&lt;/span&gt;:&lt;/strong&gt; &lt;span class="atr-value"&gt;326086.4&lt;/span&gt;&lt;/li&gt;
  &lt;li&gt;&lt;strong&gt;&lt;span class="atr-name"&gt;legenda&lt;/span&gt;:&lt;/strong&gt; &lt;span class="atr-value"&gt;Kerk&lt;/span&gt;&lt;/li&gt;
  &lt;li&gt;&lt;strong&gt;&lt;span class="atr-name"&gt;naam&lt;/span&gt;:&lt;/strong&gt; &lt;span class="atr-value"&gt;St.-Janskerk&lt;/span&gt;&lt;/li&gt;
  &lt;li&gt;&lt;strong&gt;&lt;span class="atr-name"&gt;plaats&lt;/span&gt;:&lt;/strong&gt; &lt;span class="atr-value"&gt;Hoensbroek&lt;/span&gt;&lt;/li&gt;
  &lt;li&gt;&lt;strong&gt;&lt;span class="atr-name"&gt;foto_thumb&lt;/span&gt;:&lt;/strong&gt; &lt;span class="atr-value"&gt;https://images.memorix.nl/rce/thumb/350x350/7ea0675e-62e1-c847-28ff-5ba3019a2605.jpg&lt;/span&gt;&lt;/li&gt;
  &lt;li&gt;&lt;strong&gt;&lt;span class="atr-name"&gt;foto_groot&lt;/span&gt;:&lt;/strong&gt; &lt;span class="atr-value"&gt;https://images.memorix.nl/rce/thumb/fullsize/7ea0675e-62e1-c847-28ff-5ba3019a2605.jpg&lt;/span&gt;&lt;/li&gt;
  &lt;li&gt;&lt;strong&gt;&lt;span class="atr-name"&gt;fotograaf&lt;/span&gt;:&lt;/strong&gt; &lt;span class="atr-value"&gt;Leon Bok (beeldbank RCE)&lt;/span&gt;&lt;/li&gt;
  &lt;li&gt;&lt;strong&gt;&lt;span class="atr-name"&gt;architect&lt;/span&gt;:&lt;/strong&gt; &lt;span class="atr-value"&gt;onbekend&lt;/span&gt;&lt;/li&gt;
  &lt;li&gt;&lt;strong&gt;&lt;span class="atr-name"&gt;hoofd_beg&lt;/span&gt;:&lt;/strong&gt; &lt;span class="atr-value"&gt;1400-&lt;/span&gt;&lt;/li&gt;
  &lt;li&gt;&lt;strong&gt;&lt;span class="atr-name"&gt;hoofd_eind&lt;/span&gt;:&lt;/strong&gt; &lt;span class="atr-value"&gt;1450&lt;/span&gt;&lt;/li&gt;
  
  &lt;li&gt;&lt;strong&gt;&lt;span class="atr-name"&gt;voorg_eind&lt;/span&gt;:&lt;/strong&gt; &lt;span class="atr-value"&gt;0&lt;/span&gt;&lt;/li&gt;
  &lt;li&gt;&lt;strong&gt;&lt;span class="atr-name"&gt;denominat&lt;/span&gt;:&lt;/strong&gt; &lt;span class="atr-value"&gt;Rooms-Katholieke Kerk in Nederland&lt;/span&gt;&lt;/li&gt;
  &lt;li&gt;&lt;strong&gt;&lt;span class="atr-name"&gt;huidigfunc&lt;/span&gt;:&lt;/strong&gt; &lt;span class="atr-value"&gt;Religieus&lt;/span&gt;&lt;/li&gt;
  &lt;li&gt;&lt;strong&gt;&lt;span class="atr-name"&gt;rmon_url&lt;/span&gt;:&lt;/strong&gt; &lt;span class="atr-value"&gt;https://monumentenregister.cultureelerfgoed.nl/monumenten/21243&lt;/span&gt;&lt;/li&gt;
  
&lt;/ul&gt;
</description>
                <LookAt>
                    <longitude>5.924201324227212</longitude>
                    <latitude>50.9232743418579</latitude>
                    <altitude>0.0</altitude>
                    <heading>0.0</heading>
                    <tilt>0.0</tilt>
                    <range>0.0</range>
                    <altitudeMode>clampToGround</altitudeMode>
                </LookAt>
                <Style>
                    <IconStyle>
                        <scale>4.125</scale>
                        <heading>0.0</heading>
                        <Icon>
                            <href>https://services.rce.geovoorziening.nl/kml/icon/Landschapsatlas_religieuserfgoed_kerken_style?0.0.0=&amp;0.1.0=&amp;0.1.1=</href>
                        </Icon>
                    </IconStyle>
                    <LabelStyle>
                        <color>00ffffff</color>
                        <scale>0.0</scale>
                    </LabelStyle>
                </Style>
                <Point>
                    <coordinates>5.92420132422721,50.9232743418579</coordinates>
                </Point>
            </Placemark>
            <Placemark id="religieuserfgoed.1117">
                <name>St.-Lambertuskerk</name>
                <description>&lt;h4&gt;religieuserfgoed&lt;/h4&gt;

&lt;ul class="textattributes"&gt;
  &lt;li&gt;&lt;strong&gt;&lt;span class="atr-name"&gt;ogc_fid&lt;/span&gt;:&lt;/strong&gt; &lt;span class="atr-value"&gt;1117&lt;/span&gt;&lt;/li&gt;
  &lt;li&gt;&lt;strong&gt;&lt;span class="atr-name"&gt;rijksmonum&lt;/span&gt;:&lt;/strong&gt; &lt;span class="atr-value"&gt;23556&lt;/span&gt;&lt;/li&gt;
  &lt;li&gt;&lt;strong&gt;&lt;span class="atr-name"&gt;rd_x&lt;/span&gt;:&lt;/strong&gt; &lt;span class="atr-value"&gt;202398.6&lt;/span&gt;&lt;/li&gt;
  &lt;li&gt;&lt;strong&gt;&lt;span class="atr-name"&gt;rd_y&lt;/span&gt;:&lt;/strong&gt; &lt;span class="atr-value"&gt;319675.7&lt;/span&gt;&lt;/li&gt;
  &lt;li&gt;&lt;strong&gt;&lt;span class="atr-name"&gt;legenda&lt;/span&gt;:&lt;/strong&gt; &lt;span class="atr-value"&gt;Kerk&lt;/span&gt;&lt;/li&gt;
  &lt;li&gt;&lt;strong&gt;&lt;span class="atr-name"&gt;naam&lt;/span&gt;:&lt;/strong&gt; &lt;span class="atr-value"&gt;St.-Lambertuskerk&lt;/span&gt;&lt;/li&gt;
  &lt;li&gt;&lt;strong&gt;&lt;span class="atr-name"&gt;plaats&lt;/span&gt;:&lt;/strong&gt; &lt;span class="atr-value"&gt;Kerkrade&lt;/span&gt;&lt;/li&gt;
  &lt;li&gt;&lt;strong&gt;&lt;span class="atr-name"&gt;foto_thumb&lt;/span&gt;:&lt;/strong&gt; &lt;span class="atr-value"&gt;https://images.memorix.nl/rce/thumb/350x350/bf96b4dc-29d5-e5a5-5016-d94a59136eac.jpg&lt;/span&gt;&lt;/li&gt;
  &lt;li&gt;&lt;strong&gt;&lt;span class="atr-name"&gt;foto_groot&lt;/span&gt;:&lt;/strong&gt; &lt;span class="atr-value"&gt;https://images.memorix.nl/rce/thumb/fullsize/bf96b4dc-29d5-e5a5-5016-d94a59136eac.jpg&lt;/span&gt;&lt;/li&gt;
  &lt;li&gt;&lt;strong&gt;&lt;span class="atr-name"&gt;fotograaf&lt;/span&gt;:&lt;/strong&gt; &lt;span class="atr-value"&gt;Joris Brinkkemper (beeldbank RCE)&lt;/span&gt;&lt;/li&gt;
  &lt;li&gt;&lt;strong&gt;&lt;span class="atr-name"&gt;architect&lt;/span&gt;:&lt;/strong&gt; &lt;span class="atr-value"&gt;Jamine, L.&lt;/span&gt;&lt;/li&gt;
  &lt;li&gt;&lt;strong&gt;&lt;span class="atr-name"&gt;hoofd_beg&lt;/span&gt;:&lt;/strong&gt; &lt;span class="atr-value"&gt;1843-&lt;/span&gt;&lt;/li&gt;
  &lt;li&gt;&lt;strong&gt;&lt;span class="atr-name"&gt;hoofd_eind&lt;/span&gt;:&lt;/strong&gt; &lt;span class="atr-value"&gt;1844&lt;/span&gt;&lt;/li&gt;
  
  &lt;li&gt;&lt;strong&gt;&lt;span class="atr-name"&gt;voorg_eind&lt;/span&gt;:&lt;/strong&gt; &lt;span class="atr-value"&gt;0&lt;/span&gt;&lt;/li&gt;
  &lt;li&gt;&lt;strong&gt;&lt;span class="atr-name"&gt;denominat&lt;/span&gt;:&lt;/strong&gt; &lt;span class="atr-value"&gt;Rooms-Katholieke Kerk in Nederland&lt;/span&gt;&lt;/li&gt;
  &lt;li&gt;&lt;strong&gt;&lt;span class="atr-name"&gt;huidigfunc&lt;/span&gt;:&lt;/strong&gt; &lt;span class="atr-value"&gt;Religieus&lt;/span&gt;&lt;/li&gt;
  &lt;li&gt;&lt;strong&gt;&lt;span class="atr-name"&gt;rmon_url&lt;/span&gt;:&lt;/strong&gt; &lt;span class="atr-value"&gt;https://monumentenregister.cultureelerfgoed.nl/monumenten/23556&lt;/span&gt;&lt;/li&gt;
  
&lt;/ul&gt;
</description>
                <LookAt>
                    <longitude>6.060443541639842</longitude>
                    <latitude>50.86493588985793</latitude>
                    <altitude>0.0</altitude>
                    <heading>0.0</heading>
                    <tilt>0.0</tilt>
                    <range>0.0</range>
                    <altitudeMode>clampToGround</altitudeMode>
                </LookAt>
                <Style>
                    <IconStyle>
                        <scale>4.125</scale>
                        <heading>0.0</heading>
                        <Icon>
                            <href>https://services.rce.geovoorziening.nl/kml/icon/Landschapsatlas_religieuserfgoed_kerken_style?0.0.0=&amp;0.1.0=&amp;0.1.1=</href>
                        </Icon>
                    </IconStyle>
                    <LabelStyle>
                        <color>00ffffff</color>
                        <scale>0.0</scale>
                    </LabelStyle>
                </Style>
                <Point>
                    <coordinates>6.060443541639838,50.86493588985794</coordinates>
                </Point>
            </Placemark>
            <Placemark id="religieuserfgoed.1118">
                <name>St.-Johannes de Doperkerk</name>
                <description>&lt;h4&gt;religieuserfgoed&lt;/h4&gt;

&lt;ul class="textattributes"&gt;
  &lt;li&gt;&lt;strong&gt;&lt;span class="atr-name"&gt;ogc_fid&lt;/span&gt;:&lt;/strong&gt; &lt;span class="atr-value"&gt;1118&lt;/span&gt;&lt;/li&gt;
  &lt;li&gt;&lt;strong&gt;&lt;span class="atr-name"&gt;rijksmonum&lt;/span&gt;:&lt;/strong&gt; &lt;span class="atr-value"&gt;23579&lt;/span&gt;&lt;/li&gt;
  &lt;li&gt;&lt;strong&gt;&lt;span class="atr-name"&gt;rd_x&lt;/span&gt;:&lt;/strong&gt; &lt;span class="atr-value"&gt;202240.1&lt;/span&gt;&lt;/li&gt;
  &lt;li&gt;&lt;strong&gt;&lt;span class="atr-name"&gt;rd_y&lt;/span&gt;:&lt;/strong&gt; &lt;span class="atr-value"&gt;322976.1&lt;/span&gt;&lt;/li&gt;
  &lt;li&gt;&lt;strong&gt;&lt;span class="atr-name"&gt;legenda&lt;/span&gt;:&lt;/strong&gt; &lt;span class="atr-value"&gt;Kerk&lt;/span&gt;&lt;/li&gt;
  &lt;li&gt;&lt;strong&gt;&lt;span class="atr-name"&gt;naam&lt;/span&gt;:&lt;/strong&gt; &lt;span class="atr-value"&gt;St.-Johannes de Doperkerk&lt;/span&gt;&lt;/li&gt;
  &lt;li&gt;&lt;strong&gt;&lt;span class="atr-name"&gt;plaats&lt;/span&gt;:&lt;/strong&gt; &lt;span class="atr-value"&gt;Eygelshoven&lt;/span&gt;&lt;/li&gt;
  &lt;li&gt;&lt;strong&gt;&lt;span class="atr-name"&gt;foto_thumb&lt;/span&gt;:&lt;/strong&gt; &lt;span class="atr-value"&gt;https://images.memorix.nl/rce/thumb/350x350/cff10cd4-a1e8-3a83-a6aa-d8a988f682d8.jpg&lt;/span&gt;&lt;/li&gt;
  &lt;li&gt;&lt;strong&gt;&lt;span class="atr-name"&gt;foto_groot&lt;/span&gt;:&lt;/strong&gt; &lt;span class="atr-value"&gt;https://images.memorix.nl/rce/thumb/fullsize/cff10cd4-a1e8-3a83-a6aa-d8a988f682d8.jpg&lt;/span&gt;&lt;/li&gt;
  &lt;li&gt;&lt;strong&gt;&lt;span class="atr-name"&gt;fotograaf&lt;/span&gt;:&lt;/strong&gt; &lt;span class="atr-value"&gt;Kris Roderburg (beeldbank RCE)&lt;/span&gt;&lt;/li&gt;
  &lt;li&gt;&lt;strong&gt;&lt;span class="atr-name"&gt;architect&lt;/span&gt;:&lt;/strong&gt; &lt;span class="atr-value"&gt;onbekend&lt;/span&gt;&lt;/li&gt;
  &lt;li&gt;&lt;strong&gt;&lt;span class="atr-name"&gt;hoofd_beg&lt;/span&gt;:&lt;/strong&gt; &lt;span class="atr-value"&gt;1500-&lt;/span&gt;&lt;/li&gt;
  &lt;li&gt;&lt;strong&gt;&lt;span class="atr-name"&gt;hoofd_eind&lt;/span&gt;:&lt;/strong&gt; &lt;span class="atr-value"&gt;1525&lt;/span&gt;&lt;/li&gt;
  
  &lt;li&gt;&lt;strong&gt;&lt;span class="atr-name"&gt;voorg_eind&lt;/span&gt;:&lt;/strong&gt; &lt;span class="atr-value"&gt;0&lt;/span&gt;&lt;/li&gt;
  &lt;li&gt;&lt;strong&gt;&lt;span class="atr-name"&gt;denominat&lt;/span&gt;:&lt;/strong&gt; &lt;span class="atr-value"&gt;Rooms-Katholieke Kerk in Nederland&lt;/span&gt;&lt;/li&gt;
  &lt;li&gt;&lt;strong&gt;&lt;span class="atr-name"&gt;huidigfunc&lt;/span&gt;:&lt;/strong&gt; &lt;span class="atr-value"&gt;Religieus&lt;/span&gt;&lt;/li&gt;
  &lt;li&gt;&lt;strong&gt;&lt;span class="atr-name"&gt;rmon_url&lt;/span&gt;:&lt;/strong&gt; &lt;span class="atr-value"&gt;https://monumentenregister.cultureelerfgoed.nl/monumenten/23579&lt;/span&gt;&lt;/li&gt;
  
&lt;/ul&gt;
</description>
                <LookAt>
                    <longitude>6.058622522439876</longitude>
                    <latitude>50.89461389839184</latitude>
                    <altitude>0.0</altitude>
                    <heading>0.0</heading>
                    <tilt>0.0</tilt>
                    <range>0.0</range>
                    <altitudeMode>clampToGround</altitudeMode>
                </LookAt>
                <Style>
                    <IconStyle>
                        <scale>4.125</scale>
                        <heading>0.0</heading>
                        <Icon>
                            <href>https://services.rce.geovoorziening.nl/kml/icon/Landschapsatlas_religieuserfgoed_kerken_style?0.0.0=&amp;0.1.0=&amp;0.1.1=</href>
                        </Icon>
                    </IconStyle>
                    <LabelStyle>
                        <color>00ffffff</color>
                        <scale>0.0</scale>
                    </LabelStyle>
                </Style>
                <Point>
                    <coordinates>6.058622522439882,50.89461389839183</coordinates>
                </Point>
            </Placemark>
            <Placemark id="religieuserfgoed.1151">
                <name>H.H. Petrus en Pauluskerk</name>
                <description>&lt;h4&gt;religieuserfgoed&lt;/h4&gt;

&lt;ul class="textattributes"&gt;
  &lt;li&gt;&lt;strong&gt;&lt;span class="atr-name"&gt;ogc_fid&lt;/span&gt;:&lt;/strong&gt; &lt;span class="atr-value"&gt;1151&lt;/span&gt;&lt;/li&gt;
  &lt;li&gt;&lt;strong&gt;&lt;span class="atr-name"&gt;rijksmonum&lt;/span&gt;:&lt;/strong&gt; &lt;span class="atr-value"&gt;23832&lt;/span&gt;&lt;/li&gt;
  &lt;li&gt;&lt;strong&gt;&lt;span class="atr-name"&gt;rd_x&lt;/span&gt;:&lt;/strong&gt; &lt;span class="atr-value"&gt;199170.9&lt;/span&gt;&lt;/li&gt;
  &lt;li&gt;&lt;strong&gt;&lt;span class="atr-name"&gt;rd_y&lt;/span&gt;:&lt;/strong&gt; &lt;span class="atr-value"&gt;322992.1&lt;/span&gt;&lt;/li&gt;
  &lt;li&gt;&lt;strong&gt;&lt;span class="atr-name"&gt;legenda&lt;/span&gt;:&lt;/strong&gt; &lt;span class="atr-value"&gt;Kerk&lt;/span&gt;&lt;/li&gt;
  &lt;li&gt;&lt;strong&gt;&lt;span class="atr-name"&gt;naam&lt;/span&gt;:&lt;/strong&gt; &lt;span class="atr-value"&gt;H.H. Petrus en Pauluskerk&lt;/span&gt;&lt;/li&gt;
  &lt;li&gt;&lt;strong&gt;&lt;span class="atr-name"&gt;plaats&lt;/span&gt;:&lt;/strong&gt; &lt;span class="atr-value"&gt;Schaesberg&lt;/span&gt;&lt;/li&gt;
  &lt;li&gt;&lt;strong&gt;&lt;span class="atr-name"&gt;foto_thumb&lt;/span&gt;:&lt;/strong&gt; &lt;span class="atr-value"&gt;https://images.memorix.nl/rce/thumb/350x350/ebbef17e-8570-c080-9d8f-ae806ddb70f3.jpg&lt;/span&gt;&lt;/li&gt;
  &lt;li&gt;&lt;strong&gt;&lt;span class="atr-name"&gt;foto_groot&lt;/span&gt;:&lt;/strong&gt; &lt;span class="atr-value"&gt;https://images.memorix.nl/rce/thumb/fullsize/ebbef17e-8570-c080-9d8f-ae806ddb70f3.jpg&lt;/span&gt;&lt;/li&gt;
  &lt;li&gt;&lt;strong&gt;&lt;span class="atr-name"&gt;fotograaf&lt;/span&gt;:&lt;/strong&gt; &lt;span class="atr-value"&gt;onbekend (beeldbank RCE)&lt;/span&gt;&lt;/li&gt;
  &lt;li&gt;&lt;strong&gt;&lt;span class="atr-name"&gt;architect&lt;/span&gt;:&lt;/strong&gt; &lt;span class="atr-value"&gt;onbekend&lt;/span&gt;&lt;/li&gt;
  
  &lt;li&gt;&lt;strong&gt;&lt;span class="atr-name"&gt;hoofd_eind&lt;/span&gt;:&lt;/strong&gt; &lt;span class="atr-value"&gt;1648&lt;/span&gt;&lt;/li&gt;
  
  &lt;li&gt;&lt;strong&gt;&lt;span class="atr-name"&gt;voorg_eind&lt;/span&gt;:&lt;/strong&gt; &lt;span class="atr-value"&gt;0&lt;/span&gt;&lt;/li&gt;
  &lt;li&gt;&lt;strong&gt;&lt;span class="atr-name"&gt;denominat&lt;/span&gt;:&lt;/strong&gt; &lt;span class="atr-value"&gt;Rooms-Katholieke Kerk in Nederland&lt;/span&gt;&lt;/li&gt;
  &lt;li&gt;&lt;strong&gt;&lt;span class="atr-name"&gt;huidigfunc&lt;/span&gt;:&lt;/strong&gt; &lt;span class="atr-value"&gt;Religieus&lt;/span&gt;&lt;/li&gt;
  &lt;li&gt;&lt;strong&gt;&lt;span class="atr-name"&gt;rmon_url&lt;/span&gt;:&lt;/strong&gt; &lt;span class="atr-value"&gt;https://monumentenregister.cultureelerfgoed.nl/monumenten/23832&lt;/span&gt;&lt;/li&gt;
  
&lt;/ul&gt;
</description>
                <LookAt>
                    <longitude>6.015004504878547</longitude>
                    <latitude>50.89500266588338</latitude>
                    <altitude>0.0</altitude>
                    <heading>0.0</heading>
                    <tilt>0.0</tilt>
                    <range>0.0</range>
                    <altitudeMode>clampToGround</altitudeMode>
                </LookAt>
                <Style>
                    <IconStyle>
                        <scale>4.125</scale>
                        <heading>0.0</heading>
                        <Icon>
                            <href>https://services.rce.geovoorziening.nl/kml/icon/Landschapsatlas_religieuserfgoed_kerken_style?0.0.0=&amp;0.1.0=&amp;0.1.1=</href>
                        </Icon>
                    </IconStyle>
                    <LabelStyle>
                        <color>00ffffff</color>
                        <scale>0.0</scale>
                    </LabelStyle>
                </Style>
                <Point>
                    <coordinates>6.015004504878541,50.89500266588338</coordinates>
                </Point>
            </Placemark>
            <Placemark id="religieuserfgoed.1153">
                <name>H. Drievuldigheidkerk</name>
                <description>&lt;h4&gt;religieuserfgoed&lt;/h4&gt;

&lt;ul class="textattributes"&gt;
  &lt;li&gt;&lt;strong&gt;&lt;span class="atr-name"&gt;ogc_fid&lt;/span&gt;:&lt;/strong&gt; &lt;span class="atr-value"&gt;1153&lt;/span&gt;&lt;/li&gt;
  &lt;li&gt;&lt;strong&gt;&lt;span class="atr-name"&gt;rijksmonum&lt;/span&gt;:&lt;/strong&gt; &lt;span class="atr-value"&gt;23855&lt;/span&gt;&lt;/li&gt;
  &lt;li&gt;&lt;strong&gt;&lt;span class="atr-name"&gt;rd_x&lt;/span&gt;:&lt;/strong&gt; &lt;span class="atr-value"&gt;204268.6&lt;/span&gt;&lt;/li&gt;
  &lt;li&gt;&lt;strong&gt;&lt;span class="atr-name"&gt;rd_y&lt;/span&gt;:&lt;/strong&gt; &lt;span class="atr-value"&gt;325363.7&lt;/span&gt;&lt;/li&gt;
  &lt;li&gt;&lt;strong&gt;&lt;span class="atr-name"&gt;legenda&lt;/span&gt;:&lt;/strong&gt; &lt;span class="atr-value"&gt;Kerk&lt;/span&gt;&lt;/li&gt;
  &lt;li&gt;&lt;strong&gt;&lt;span class="atr-name"&gt;naam&lt;/span&gt;:&lt;/strong&gt; &lt;span class="atr-value"&gt;H. Drievuldigheidkerk&lt;/span&gt;&lt;/li&gt;
  &lt;li&gt;&lt;strong&gt;&lt;span class="atr-name"&gt;plaats&lt;/span&gt;:&lt;/strong&gt; &lt;span class="atr-value"&gt;Rimburg&lt;/span&gt;&lt;/li&gt;
  &lt;li&gt;&lt;strong&gt;&lt;span class="atr-name"&gt;foto_thumb&lt;/span&gt;:&lt;/strong&gt; &lt;span class="atr-value"&gt;https://images.memorix.nl/rce/thumb/350x350/7ea0ea48-7fcd-08c0-8dc5-d2ef6fc63319.jpg&lt;/span&gt;&lt;/li&gt;
  &lt;li&gt;&lt;strong&gt;&lt;span class="atr-name"&gt;foto_groot&lt;/span&gt;:&lt;/strong&gt; &lt;span class="atr-value"&gt;https://images.memorix.nl/rce/thumb/fullsize/7ea0ea48-7fcd-08c0-8dc5-d2ef6fc63319.jpg&lt;/span&gt;&lt;/li&gt;
  &lt;li&gt;&lt;strong&gt;&lt;span class="atr-name"&gt;fotograaf&lt;/span&gt;:&lt;/strong&gt; &lt;span class="atr-value"&gt;Frans Kabel (beeldbank RCE)&lt;/span&gt;&lt;/li&gt;
  &lt;li&gt;&lt;strong&gt;&lt;span class="atr-name"&gt;architect&lt;/span&gt;:&lt;/strong&gt; &lt;span class="atr-value"&gt;onbekend&lt;/span&gt;&lt;/li&gt;
  
  &lt;li&gt;&lt;strong&gt;&lt;span class="atr-name"&gt;hoofd_eind&lt;/span&gt;:&lt;/strong&gt; &lt;span class="atr-value"&gt;1726&lt;/span&gt;&lt;/li&gt;
  
  &lt;li&gt;&lt;strong&gt;&lt;span class="atr-name"&gt;voorg_eind&lt;/span&gt;:&lt;/strong&gt; &lt;span class="atr-value"&gt;0&lt;/span&gt;&lt;/li&gt;
  &lt;li&gt;&lt;strong&gt;&lt;span class="atr-name"&gt;denominat&lt;/span&gt;:&lt;/strong&gt; &lt;span class="atr-value"&gt;Rooms-Katholieke Kerk in Nederland&lt;/span&gt;&lt;/li&gt;
  &lt;li&gt;&lt;strong&gt;&lt;span class="atr-name"&gt;huidigfunc&lt;/span&gt;:&lt;/strong&gt; &lt;span class="atr-value"&gt;Religieus&lt;/span&gt;&lt;/li&gt;
  &lt;li&gt;&lt;strong&gt;&lt;span class="atr-name"&gt;rmon_url&lt;/span&gt;:&lt;/strong&gt; &lt;span class="atr-value"&gt;https://monumentenregister.cultureelerfgoed.nl/monumenten/23855&lt;/span&gt;&lt;/li&gt;
  
&lt;/ul&gt;
</description>
                <LookAt>
                    <longitude>6.087776547346877</longitude>
                    <latitude>50.91590330332948</latitude>
                    <altitude>0.0</altitude>
                    <heading>0.0</heading>
                    <tilt>0.0</tilt>
                    <range>0.0</range>
                    <altitudeMode>clampToGround</altitudeMode>
                </LookAt>
                <Style>
                    <IconStyle>
                        <scale>4.125</scale>
                        <heading>0.0</heading>
                        <Icon>
                            <href>https://services.rce.geovoorziening.nl/kml/icon/Landschapsatlas_religieuserfgoed_kerken_style?0.0.0=&amp;0.1.0=&amp;0.1.1=</href>
                        </Icon>
                    </IconStyle>
                    <LabelStyle>
                        <color>00ffffff</color>
                        <scale>0.0</scale>
                    </LabelStyle>
                </Style>
                <Point>
                    <coordinates>6.087776547346891,50.915903303329486</coordinates>
                </Point>
            </Placemark>
            <Placemark id="religieuserfgoed.1154">
                <name>St.-Josephkerk</name>
                <description>&lt;h4&gt;religieuserfgoed&lt;/h4&gt;

&lt;ul class="textattributes"&gt;
  &lt;li&gt;&lt;strong&gt;&lt;span class="atr-name"&gt;ogc_fid&lt;/span&gt;:&lt;/strong&gt; &lt;span class="atr-value"&gt;1154&lt;/span&gt;&lt;/li&gt;
  &lt;li&gt;&lt;strong&gt;&lt;span class="atr-name"&gt;rijksmonum&lt;/span&gt;:&lt;/strong&gt; &lt;span class="atr-value"&gt;23863&lt;/span&gt;&lt;/li&gt;
  &lt;li&gt;&lt;strong&gt;&lt;span class="atr-name"&gt;rd_x&lt;/span&gt;:&lt;/strong&gt; &lt;span class="atr-value"&gt;201675.2&lt;/span&gt;&lt;/li&gt;
  &lt;li&gt;&lt;strong&gt;&lt;span class="atr-name"&gt;rd_y&lt;/span&gt;:&lt;/strong&gt; &lt;span class="atr-value"&gt;325526.0&lt;/span&gt;&lt;/li&gt;
  &lt;li&gt;&lt;strong&gt;&lt;span class="atr-name"&gt;legenda&lt;/span&gt;:&lt;/strong&gt; &lt;span class="atr-value"&gt;Kerk&lt;/span&gt;&lt;/li&gt;
  &lt;li&gt;&lt;strong&gt;&lt;span class="atr-name"&gt;naam&lt;/span&gt;:&lt;/strong&gt; &lt;span class="atr-value"&gt;St.-Josephkerk&lt;/span&gt;&lt;/li&gt;
  &lt;li&gt;&lt;strong&gt;&lt;span class="atr-name"&gt;plaats&lt;/span&gt;:&lt;/strong&gt; &lt;span class="atr-value"&gt;Ubach over Worms&lt;/span&gt;&lt;/li&gt;
  &lt;li&gt;&lt;strong&gt;&lt;span class="atr-name"&gt;foto_thumb&lt;/span&gt;:&lt;/strong&gt; &lt;span class="atr-value"&gt;https://images.memorix.nl/rce/thumb/350x350/da9009d3-31e7-b50b-5611-258e3fc4f978.jpg&lt;/span&gt;&lt;/li&gt;
  &lt;li&gt;&lt;strong&gt;&lt;span class="atr-name"&gt;foto_groot&lt;/span&gt;:&lt;/strong&gt; &lt;span class="atr-value"&gt;https://images.memorix.nl/rce/thumb/fullsize/da9009d3-31e7-b50b-5611-258e3fc4f978.jpg&lt;/span&gt;&lt;/li&gt;
  &lt;li&gt;&lt;strong&gt;&lt;span class="atr-name"&gt;fotograaf&lt;/span&gt;:&lt;/strong&gt; &lt;span class="atr-value"&gt;Joris Brinkkemper (beeldbank RCE)&lt;/span&gt;&lt;/li&gt;
  &lt;li&gt;&lt;strong&gt;&lt;span class="atr-name"&gt;architect&lt;/span&gt;:&lt;/strong&gt; &lt;span class="atr-value"&gt;onbekend&lt;/span&gt;&lt;/li&gt;
  
  &lt;li&gt;&lt;strong&gt;&lt;span class="atr-name"&gt;hoofd_eind&lt;/span&gt;:&lt;/strong&gt; &lt;span class="atr-value"&gt;1810&lt;/span&gt;&lt;/li&gt;
  
  &lt;li&gt;&lt;strong&gt;&lt;span class="atr-name"&gt;voorg_eind&lt;/span&gt;:&lt;/strong&gt; &lt;span class="atr-value"&gt;0&lt;/span&gt;&lt;/li&gt;
  &lt;li&gt;&lt;strong&gt;&lt;span class="atr-name"&gt;denominat&lt;/span&gt;:&lt;/strong&gt; &lt;span class="atr-value"&gt;Rooms-Katholieke Kerk in Nederland&lt;/span&gt;&lt;/li&gt;
  &lt;li&gt;&lt;strong&gt;&lt;span class="atr-name"&gt;huidigfunc&lt;/span&gt;:&lt;/strong&gt; &lt;span class="atr-value"&gt;Cultureel en maatschappelijk&lt;/span&gt;&lt;/li&gt;
  &lt;li&gt;&lt;strong&gt;&lt;span class="atr-name"&gt;rmon_url&lt;/span&gt;:&lt;/strong&gt; &lt;span class="atr-value"&gt;https://monumentenregister.cultureelerfgoed.nl/monumenten/23863&lt;/span&gt;&lt;/li&gt;
  
&lt;/ul&gt;
</description>
                <LookAt>
                    <longitude>6.050922908678714</longitude>
                    <latitude>50.91757947665531</latitude>
                    <altitude>0.0</altitude>
                    <heading>0.0</heading>
                    <tilt>0.0</tilt>
                    <range>0.0</range>
                    <altitudeMode>clampToGround</altitudeMode>
                </LookAt>
                <Style>
                    <IconStyle>
                        <scale>4.125</scale>
                        <heading>0.0</heading>
                        <Icon>
                            <href>https://services.rce.geovoorziening.nl/kml/icon/Landschapsatlas_religieuserfgoed_kerken_style?0.0.0=&amp;0.1.0=&amp;0.1.1=</href>
                        </Icon>
                    </IconStyle>
                    <LabelStyle>
                        <color>00ffffff</color>
                        <scale>0.0</scale>
                    </LabelStyle>
                </Style>
                <Point>
                    <coordinates>6.05092290867871,50.91757947665531</coordinates>
                </Point>
            </Placemark>
            <Placemark id="religieuserfgoed.1155">
                <name>St.-Jozefkerk</name>
                <description>&lt;h4&gt;religieuserfgoed&lt;/h4&gt;

&lt;ul class="textattributes"&gt;
  &lt;li&gt;&lt;strong&gt;&lt;span class="atr-name"&gt;ogc_fid&lt;/span&gt;:&lt;/strong&gt; &lt;span class="atr-value"&gt;1155&lt;/span&gt;&lt;/li&gt;
  &lt;li&gt;&lt;strong&gt;&lt;span class="atr-name"&gt;rijksmonum&lt;/span&gt;:&lt;/strong&gt; &lt;span class="atr-value"&gt;23865&lt;/span&gt;&lt;/li&gt;
  &lt;li&gt;&lt;strong&gt;&lt;span class="atr-name"&gt;rd_x&lt;/span&gt;:&lt;/strong&gt; &lt;span class="atr-value"&gt;201793.7&lt;/span&gt;&lt;/li&gt;
  &lt;li&gt;&lt;strong&gt;&lt;span class="atr-name"&gt;rd_y&lt;/span&gt;:&lt;/strong&gt; &lt;span class="atr-value"&gt;325384.0&lt;/span&gt;&lt;/li&gt;
  &lt;li&gt;&lt;strong&gt;&lt;span class="atr-name"&gt;legenda&lt;/span&gt;:&lt;/strong&gt; &lt;span class="atr-value"&gt;Kerk&lt;/span&gt;&lt;/li&gt;
  &lt;li&gt;&lt;strong&gt;&lt;span class="atr-name"&gt;naam&lt;/span&gt;:&lt;/strong&gt; &lt;span class="atr-value"&gt;St.-Jozefkerk&lt;/span&gt;&lt;/li&gt;
  &lt;li&gt;&lt;strong&gt;&lt;span class="atr-name"&gt;plaats&lt;/span&gt;:&lt;/strong&gt; &lt;span class="atr-value"&gt;Ubach over Worms&lt;/span&gt;&lt;/li&gt;
  &lt;li&gt;&lt;strong&gt;&lt;span class="atr-name"&gt;foto_thumb&lt;/span&gt;:&lt;/strong&gt; &lt;span class="atr-value"&gt;https://images.memorix.nl/rce/thumb/350x350/77812481-ea99-8e72-ecdc-af9aaa85ed54.jpg&lt;/span&gt;&lt;/li&gt;
  &lt;li&gt;&lt;strong&gt;&lt;span class="atr-name"&gt;foto_groot&lt;/span&gt;:&lt;/strong&gt; &lt;span class="atr-value"&gt;https://images.memorix.nl/rce/thumb/fullsize/77812481-ea99-8e72-ecdc-af9aaa85ed54.jpg&lt;/span&gt;&lt;/li&gt;
  &lt;li&gt;&lt;strong&gt;&lt;span class="atr-name"&gt;fotograaf&lt;/span&gt;:&lt;/strong&gt; &lt;span class="atr-value"&gt;Frans Kabel (beeldbank RCE)&lt;/span&gt;&lt;/li&gt;
  &lt;li&gt;&lt;strong&gt;&lt;span class="atr-name"&gt;architect&lt;/span&gt;:&lt;/strong&gt; &lt;span class="atr-value"&gt;Schoubrouck, F.F. van&lt;/span&gt;&lt;/li&gt;
  &lt;li&gt;&lt;strong&gt;&lt;span class="atr-name"&gt;hoofd_beg&lt;/span&gt;:&lt;/strong&gt; &lt;span class="atr-value"&gt;1869-&lt;/span&gt;&lt;/li&gt;
  &lt;li&gt;&lt;strong&gt;&lt;span class="atr-name"&gt;hoofd_eind&lt;/span&gt;:&lt;/strong&gt; &lt;span class="atr-value"&gt;1877&lt;/span&gt;&lt;/li&gt;
  
  &lt;li&gt;&lt;strong&gt;&lt;span class="atr-name"&gt;voorg_eind&lt;/span&gt;:&lt;/strong&gt; &lt;span class="atr-value"&gt;0&lt;/span&gt;&lt;/li&gt;
  &lt;li&gt;&lt;strong&gt;&lt;span class="atr-name"&gt;denominat&lt;/span&gt;:&lt;/strong&gt; &lt;span class="atr-value"&gt;Rooms-Katholieke Kerk in Nederland&lt;/span&gt;&lt;/li&gt;
  &lt;li&gt;&lt;strong&gt;&lt;span class="atr-name"&gt;huidigfunc&lt;/span&gt;:&lt;/strong&gt; &lt;span class="atr-value"&gt;Religieus&lt;/span&gt;&lt;/li&gt;
  &lt;li&gt;&lt;strong&gt;&lt;span class="atr-name"&gt;rmon_url&lt;/span&gt;:&lt;/strong&gt; &lt;span class="atr-value"&gt;https://monumentenregister.cultureelerfgoed.nl/monumenten/23865&lt;/span&gt;&lt;/li&gt;
  
&lt;/ul&gt;
</description>
                <LookAt>
                    <longitude>6.052589510780251</longitude>
                    <latitude>50.916293461948364</latitude>
                    <altitude>0.0</altitude>
                    <heading>0.0</heading>
                    <tilt>0.0</tilt>
                    <range>0.0</range>
                    <altitudeMode>clampToGround</altitudeMode>
                </LookAt>
                <Style>
                    <IconStyle>
                        <scale>4.125</scale>
                        <heading>0.0</heading>
                        <Icon>
                            <href>https://services.rce.geovoorziening.nl/kml/icon/Landschapsatlas_religieuserfgoed_kerken_style?0.0.0=&amp;0.1.0=&amp;0.1.1=</href>
                        </Icon>
                    </IconStyle>
                    <LabelStyle>
                        <color>00ffffff</color>
                        <scale>0.0</scale>
                    </LabelStyle>
                </Style>
                <Point>
                    <coordinates>6.052589510780244,50.916293461948364</coordinates>
                </Point>
            </Placemark>
            <Placemark id="religieuserfgoed.1280">
                <name>St.-Mathiaskerk</name>
                <description>&lt;h4&gt;religieuserfgoed&lt;/h4&gt;

&lt;ul class="textattributes"&gt;
  &lt;li&gt;&lt;strong&gt;&lt;span class="atr-name"&gt;ogc_fid&lt;/span&gt;:&lt;/strong&gt; &lt;span class="atr-value"&gt;1280&lt;/span&gt;&lt;/li&gt;
  &lt;li&gt;&lt;strong&gt;&lt;span class="atr-name"&gt;rijksmonum&lt;/span&gt;:&lt;/strong&gt; &lt;span class="atr-value"&gt;26800&lt;/span&gt;&lt;/li&gt;
  &lt;li&gt;&lt;strong&gt;&lt;span class="atr-name"&gt;rd_x&lt;/span&gt;:&lt;/strong&gt; &lt;span class="atr-value"&gt;176354.0&lt;/span&gt;&lt;/li&gt;
  &lt;li&gt;&lt;strong&gt;&lt;span class="atr-name"&gt;rd_y&lt;/span&gt;:&lt;/strong&gt; &lt;span class="atr-value"&gt;318144.0&lt;/span&gt;&lt;/li&gt;
  &lt;li&gt;&lt;strong&gt;&lt;span class="atr-name"&gt;legenda&lt;/span&gt;:&lt;/strong&gt; &lt;span class="atr-value"&gt;Kerk&lt;/span&gt;&lt;/li&gt;
  &lt;li&gt;&lt;strong&gt;&lt;span class="atr-name"&gt;naam&lt;/span&gt;:&lt;/strong&gt; &lt;span class="atr-value"&gt;St.-Mathiaskerk&lt;/span&gt;&lt;/li&gt;
  &lt;li&gt;&lt;strong&gt;&lt;span class="atr-name"&gt;plaats&lt;/span&gt;:&lt;/strong&gt; &lt;span class="atr-value"&gt;Maastricht&lt;/span&gt;&lt;/li&gt;
  &lt;li&gt;&lt;strong&gt;&lt;span class="atr-name"&gt;foto_thumb&lt;/span&gt;:&lt;/strong&gt; &lt;span class="atr-value"&gt;https://images.memorix.nl/rce/thumb/350x350/8f84e732-3afb-810d-d87e-cf6cf1496572.jpg&lt;/span&gt;&lt;/li&gt;
  &lt;li&gt;&lt;strong&gt;&lt;span class="atr-name"&gt;foto_groot&lt;/span&gt;:&lt;/strong&gt; &lt;span class="atr-value"&gt;https://images.memorix.nl/rce/thumb/fullsize/8f84e732-3afb-810d-d87e-cf6cf1496572.jpg&lt;/span&gt;&lt;/li&gt;
  &lt;li&gt;&lt;strong&gt;&lt;span class="atr-name"&gt;fotograaf&lt;/span&gt;:&lt;/strong&gt; &lt;span class="atr-value"&gt;Paul Minkjan (beeldbank RCE)&lt;/span&gt;&lt;/li&gt;
  &lt;li&gt;&lt;strong&gt;&lt;span class="atr-name"&gt;architect&lt;/span&gt;:&lt;/strong&gt; &lt;span class="atr-value"&gt;onbekend&lt;/span&gt;&lt;/li&gt;
  &lt;li&gt;&lt;strong&gt;&lt;span class="atr-name"&gt;hoofd_beg&lt;/span&gt;:&lt;/strong&gt; &lt;span class="atr-value"&gt;1340-&lt;/span&gt;&lt;/li&gt;
  &lt;li&gt;&lt;strong&gt;&lt;span class="atr-name"&gt;hoofd_eind&lt;/span&gt;:&lt;/strong&gt; &lt;span class="atr-value"&gt;1360&lt;/span&gt;&lt;/li&gt;
  
  &lt;li&gt;&lt;strong&gt;&lt;span class="atr-name"&gt;voorg_eind&lt;/span&gt;:&lt;/strong&gt; &lt;span class="atr-value"&gt;0&lt;/span&gt;&lt;/li&gt;
  &lt;li&gt;&lt;strong&gt;&lt;span class="atr-name"&gt;denominat&lt;/span&gt;:&lt;/strong&gt; &lt;span class="atr-value"&gt;Rooms-Katholieke Kerk in Nederland&lt;/span&gt;&lt;/li&gt;
  &lt;li&gt;&lt;strong&gt;&lt;span class="atr-name"&gt;huidigfunc&lt;/span&gt;:&lt;/strong&gt; &lt;span class="atr-value"&gt;Religieus&lt;/span&gt;&lt;/li&gt;
  &lt;li&gt;&lt;strong&gt;&lt;span class="atr-name"&gt;rmon_url&lt;/span&gt;:&lt;/strong&gt; &lt;span class="atr-value"&gt;https://monumentenregister.cultureelerfgoed.nl/monumenten/26800&lt;/span&gt;&lt;/li&gt;
  
&lt;/ul&gt;
</description>
                <LookAt>
                    <longitude>5.690426584154835</longitude>
                    <latitude>50.852730175317916</latitude>
                    <altitude>0.0</altitude>
                    <heading>0.0</heading>
                    <tilt>0.0</tilt>
                    <range>0.0</range>
                    <altitudeMode>clampToGround</altitudeMode>
                </LookAt>
                <Style>
                    <IconStyle>
                        <scale>4.125</scale>
                        <heading>0.0</heading>
                        <Icon>
                            <href>https://services.rce.geovoorziening.nl/kml/icon/Landschapsatlas_religieuserfgoed_kerken_style?0.0.0=&amp;0.1.0=&amp;0.1.1=</href>
                        </Icon>
                    </IconStyle>
                    <LabelStyle>
                        <color>00ffffff</color>
                        <scale>0.0</scale>
                    </LabelStyle>
                </Style>
                <Point>
                    <coordinates>5.69042658415483,50.852730175317916</coordinates>
                </Point>
            </Placemark>
            <Placemark id="religieuserfgoed.1283">
                <name>Capucijnerkerk</name>
                <description>&lt;h4&gt;religieuserfgoed&lt;/h4&gt;

&lt;ul class="textattributes"&gt;
  &lt;li&gt;&lt;strong&gt;&lt;span class="atr-name"&gt;ogc_fid&lt;/span&gt;:&lt;/strong&gt; &lt;span class="atr-value"&gt;1283&lt;/span&gt;&lt;/li&gt;
  &lt;li&gt;&lt;strong&gt;&lt;span class="atr-name"&gt;rijksmonum&lt;/span&gt;:&lt;/strong&gt; &lt;span class="atr-value"&gt;26932&lt;/span&gt;&lt;/li&gt;
  &lt;li&gt;&lt;strong&gt;&lt;span class="atr-name"&gt;rd_x&lt;/span&gt;:&lt;/strong&gt; &lt;span class="atr-value"&gt;176160.0&lt;/span&gt;&lt;/li&gt;
  &lt;li&gt;&lt;strong&gt;&lt;span class="atr-name"&gt;rd_y&lt;/span&gt;:&lt;/strong&gt; &lt;span class="atr-value"&gt;318014.0&lt;/span&gt;&lt;/li&gt;
  &lt;li&gt;&lt;strong&gt;&lt;span class="atr-name"&gt;legenda&lt;/span&gt;:&lt;/strong&gt; &lt;span class="atr-value"&gt;Kerk&lt;/span&gt;&lt;/li&gt;
  &lt;li&gt;&lt;strong&gt;&lt;span class="atr-name"&gt;naam&lt;/span&gt;:&lt;/strong&gt; &lt;span class="atr-value"&gt;Capucijnerkerk&lt;/span&gt;&lt;/li&gt;
  &lt;li&gt;&lt;strong&gt;&lt;span class="atr-name"&gt;plaats&lt;/span&gt;:&lt;/strong&gt; &lt;span class="atr-value"&gt;Maastricht&lt;/span&gt;&lt;/li&gt;
  &lt;li&gt;&lt;strong&gt;&lt;span class="atr-name"&gt;foto_thumb&lt;/span&gt;:&lt;/strong&gt; &lt;span class="atr-value"&gt;https://images.memorix.nl/rce/thumb/350x350/2b4f3367-8112-e8b7-9d12-45b7701588d4.jpg&lt;/span&gt;&lt;/li&gt;
  &lt;li&gt;&lt;strong&gt;&lt;span class="atr-name"&gt;foto_groot&lt;/span&gt;:&lt;/strong&gt; &lt;span class="atr-value"&gt;https://images.memorix.nl/rce/thumb/fullsize/2b4f3367-8112-e8b7-9d12-45b7701588d4.jpg&lt;/span&gt;&lt;/li&gt;
  &lt;li&gt;&lt;strong&gt;&lt;span class="atr-name"&gt;fotograaf&lt;/span&gt;:&lt;/strong&gt; &lt;span class="atr-value"&gt;Frans Kabel (beeldbank RCE)&lt;/span&gt;&lt;/li&gt;
  &lt;li&gt;&lt;strong&gt;&lt;span class="atr-name"&gt;architect&lt;/span&gt;:&lt;/strong&gt; &lt;span class="atr-value"&gt;onbekend&lt;/span&gt;&lt;/li&gt;
  &lt;li&gt;&lt;strong&gt;&lt;span class="atr-name"&gt;hoofd_beg&lt;/span&gt;:&lt;/strong&gt; &lt;span class="atr-value"&gt;1600-&lt;/span&gt;&lt;/li&gt;
  &lt;li&gt;&lt;strong&gt;&lt;span class="atr-name"&gt;hoofd_eind&lt;/span&gt;:&lt;/strong&gt; &lt;span class="atr-value"&gt;1625&lt;/span&gt;&lt;/li&gt;
  
  &lt;li&gt;&lt;strong&gt;&lt;span class="atr-name"&gt;voorg_eind&lt;/span&gt;:&lt;/strong&gt; &lt;span class="atr-value"&gt;0&lt;/span&gt;&lt;/li&gt;
  &lt;li&gt;&lt;strong&gt;&lt;span class="atr-name"&gt;denominat&lt;/span&gt;:&lt;/strong&gt; &lt;span class="atr-value"&gt;Rooms-Katholieke Kerk in Nederland&lt;/span&gt;&lt;/li&gt;
  &lt;li&gt;&lt;strong&gt;&lt;span class="atr-name"&gt;huidigfunc&lt;/span&gt;:&lt;/strong&gt; &lt;span class="atr-value"&gt;Ontspanning, horeca en toerisme&lt;/span&gt;&lt;/li&gt;
  &lt;li&gt;&lt;strong&gt;&lt;span class="atr-name"&gt;rmon_url&lt;/span&gt;:&lt;/strong&gt; &lt;span class="atr-value"&gt;https://monumentenregister.cultureelerfgoed.nl/monumenten/26932&lt;/span&gt;&lt;/li&gt;
  
&lt;/ul&gt;
</description>
                <LookAt>
                    <longitude>5.687664231017749</longitude>
                    <latitude>50.8515688423482</latitude>
                    <altitude>0.0</altitude>
                    <heading>0.0</heading>
                    <tilt>0.0</tilt>
                    <range>0.0</range>
                    <altitudeMode>clampToGround</altitudeMode>
                </LookAt>
                <Style>
                    <IconStyle>
                        <scale>4.125</scale>
                        <heading>0.0</heading>
                        <Icon>
                            <href>https://services.rce.geovoorziening.nl/kml/icon/Landschapsatlas_religieuserfgoed_kerken_style?0.0.0=&amp;0.1.0=&amp;0.1.1=</href>
                        </Icon>
                    </IconStyle>
                    <LabelStyle>
                        <color>00ffffff</color>
                        <scale>0.0</scale>
                    </LabelStyle>
                </Style>
                <Point>
                    <coordinates>5.687664231017751,50.85156884234821</coordinates>
                </Point>
            </Placemark>
            <Placemark id="religieuserfgoed.1285">
                <name>Lutherse kerk</name>
                <description>&lt;h4&gt;religieuserfgoed&lt;/h4&gt;

&lt;ul class="textattributes"&gt;
  &lt;li&gt;&lt;strong&gt;&lt;span class="atr-name"&gt;ogc_fid&lt;/span&gt;:&lt;/strong&gt; &lt;span class="atr-value"&gt;1285&lt;/span&gt;&lt;/li&gt;
  &lt;li&gt;&lt;strong&gt;&lt;span class="atr-name"&gt;rijksmonum&lt;/span&gt;:&lt;/strong&gt; &lt;span class="atr-value"&gt;27116&lt;/span&gt;&lt;/li&gt;
  &lt;li&gt;&lt;strong&gt;&lt;span class="atr-name"&gt;rd_x&lt;/span&gt;:&lt;/strong&gt; &lt;span class="atr-value"&gt;176410.8&lt;/span&gt;&lt;/li&gt;
  &lt;li&gt;&lt;strong&gt;&lt;span class="atr-name"&gt;rd_y&lt;/span&gt;:&lt;/strong&gt; &lt;span class="atr-value"&gt;317537.2&lt;/span&gt;&lt;/li&gt;
  &lt;li&gt;&lt;strong&gt;&lt;span class="atr-name"&gt;legenda&lt;/span&gt;:&lt;/strong&gt; &lt;span class="atr-value"&gt;Kerk&lt;/span&gt;&lt;/li&gt;
  &lt;li&gt;&lt;strong&gt;&lt;span class="atr-name"&gt;naam&lt;/span&gt;:&lt;/strong&gt; &lt;span class="atr-value"&gt;Lutherse kerk&lt;/span&gt;&lt;/li&gt;
  &lt;li&gt;&lt;strong&gt;&lt;span class="atr-name"&gt;plaats&lt;/span&gt;:&lt;/strong&gt; &lt;span class="atr-value"&gt;Maastricht&lt;/span&gt;&lt;/li&gt;
  &lt;li&gt;&lt;strong&gt;&lt;span class="atr-name"&gt;foto_thumb&lt;/span&gt;:&lt;/strong&gt; &lt;span class="atr-value"&gt;https://images.memorix.nl/rce/thumb/350x350/c72cddf2-b888-024c-a60e-75f8fe05eea6.jpg&lt;/span&gt;&lt;/li&gt;
  &lt;li&gt;&lt;strong&gt;&lt;span class="atr-name"&gt;foto_groot&lt;/span&gt;:&lt;/strong&gt; &lt;span class="atr-value"&gt;https://images.memorix.nl/rce/thumb/fullsize/c72cddf2-b888-024c-a60e-75f8fe05eea6.jpg&lt;/span&gt;&lt;/li&gt;
  &lt;li&gt;&lt;strong&gt;&lt;span class="atr-name"&gt;fotograaf&lt;/span&gt;:&lt;/strong&gt; &lt;span class="atr-value"&gt;G.Th. Delemarre (beeldbank RCE)&lt;/span&gt;&lt;/li&gt;
  &lt;li&gt;&lt;strong&gt;&lt;span class="atr-name"&gt;architect&lt;/span&gt;:&lt;/strong&gt; &lt;span class="atr-value"&gt;onbekend&lt;/span&gt;&lt;/li&gt;
  &lt;li&gt;&lt;strong&gt;&lt;span class="atr-name"&gt;hoofd_beg&lt;/span&gt;:&lt;/strong&gt; &lt;span class="atr-value"&gt;1683-&lt;/span&gt;&lt;/li&gt;
  &lt;li&gt;&lt;strong&gt;&lt;span class="atr-name"&gt;hoofd_eind&lt;/span&gt;:&lt;/strong&gt; &lt;span class="atr-value"&gt;1884&lt;/span&gt;&lt;/li&gt;
  
  &lt;li&gt;&lt;strong&gt;&lt;span class="atr-name"&gt;voorg_eind&lt;/span&gt;:&lt;/strong&gt; &lt;span class="atr-value"&gt;0&lt;/span&gt;&lt;/li&gt;
  &lt;li&gt;&lt;strong&gt;&lt;span class="atr-name"&gt;denominat&lt;/span&gt;:&lt;/strong&gt; &lt;span class="atr-value"&gt;Evangelisch-Lutherse kerk&lt;/span&gt;&lt;/li&gt;
  &lt;li&gt;&lt;strong&gt;&lt;span class="atr-name"&gt;huidigfunc&lt;/span&gt;:&lt;/strong&gt; &lt;span class="atr-value"&gt;Religieus&lt;/span&gt;&lt;/li&gt;
  &lt;li&gt;&lt;strong&gt;&lt;span class="atr-name"&gt;rmon_url&lt;/span&gt;:&lt;/strong&gt; &lt;span class="atr-value"&gt;https://monumentenregister.cultureelerfgoed.nl/monumenten/27116&lt;/span&gt;&lt;/li&gt;
  
&lt;/ul&gt;
</description>
                <LookAt>
                    <longitude>5.691197333811701</longitude>
                    <latitude>50.847273731208965</latitude>
                    <altitude>0.0</altitude>
                    <heading>0.0</heading>
                    <tilt>0.0</tilt>
                    <range>0.0</range>
                    <altitudeMode>clampToGround</altitudeMode>
                </LookAt>
                <Style>
                    <IconStyle>
                        <scale>4.125</scale>
                        <heading>0.0</heading>
                        <Icon>
                            <href>https://services.rce.geovoorziening.nl/kml/icon/Landschapsatlas_religieuserfgoed_kerken_style?0.0.0=&amp;0.1.0=&amp;0.1.1=</href>
                        </Icon>
                    </IconStyle>
                    <LabelStyle>
                        <color>00ffffff</color>
                        <scale>0.0</scale>
                    </LabelStyle>
                </Style>
                <Point>
                    <coordinates>5.6911973338117,50.847273731208965</coordinates>
                </Point>
            </Placemark>
            <Placemark id="religieuserfgoed.1286">
                <name>St.-Servaaskerk</name>
                <description>&lt;h4&gt;religieuserfgoed&lt;/h4&gt;

&lt;ul class="textattributes"&gt;
  &lt;li&gt;&lt;strong&gt;&lt;span class="atr-name"&gt;ogc_fid&lt;/span&gt;:&lt;/strong&gt; &lt;span class="atr-value"&gt;1286&lt;/span&gt;&lt;/li&gt;
  &lt;li&gt;&lt;strong&gt;&lt;span class="atr-name"&gt;rijksmonum&lt;/span&gt;:&lt;/strong&gt; &lt;span class="atr-value"&gt;27168&lt;/span&gt;&lt;/li&gt;
  &lt;li&gt;&lt;strong&gt;&lt;span class="atr-name"&gt;rd_x&lt;/span&gt;:&lt;/strong&gt; &lt;span class="atr-value"&gt;176118.9&lt;/span&gt;&lt;/li&gt;
  &lt;li&gt;&lt;strong&gt;&lt;span class="atr-name"&gt;rd_y&lt;/span&gt;:&lt;/strong&gt; &lt;span class="atr-value"&gt;317713.6&lt;/span&gt;&lt;/li&gt;
  &lt;li&gt;&lt;strong&gt;&lt;span class="atr-name"&gt;legenda&lt;/span&gt;:&lt;/strong&gt; &lt;span class="atr-value"&gt;Kerk&lt;/span&gt;&lt;/li&gt;
  &lt;li&gt;&lt;strong&gt;&lt;span class="atr-name"&gt;naam&lt;/span&gt;:&lt;/strong&gt; &lt;span class="atr-value"&gt;St.-Servaaskerk&lt;/span&gt;&lt;/li&gt;
  &lt;li&gt;&lt;strong&gt;&lt;span class="atr-name"&gt;plaats&lt;/span&gt;:&lt;/strong&gt; &lt;span class="atr-value"&gt;Maastricht&lt;/span&gt;&lt;/li&gt;
  &lt;li&gt;&lt;strong&gt;&lt;span class="atr-name"&gt;foto_thumb&lt;/span&gt;:&lt;/strong&gt; &lt;span class="atr-value"&gt;https://images.memorix.nl/rce/thumb/350x350/83d7b114-67e8-652c-dc2f-ac15e7a6207b.jpg&lt;/span&gt;&lt;/li&gt;
  &lt;li&gt;&lt;strong&gt;&lt;span class="atr-name"&gt;foto_groot&lt;/span&gt;:&lt;/strong&gt; &lt;span class="atr-value"&gt;https://images.memorix.nl/rce/thumb/fullsize/83d7b114-67e8-652c-dc2f-ac15e7a6207b.jpg&lt;/span&gt;&lt;/li&gt;
  &lt;li&gt;&lt;strong&gt;&lt;span class="atr-name"&gt;fotograaf&lt;/span&gt;:&lt;/strong&gt; &lt;span class="atr-value"&gt;Dennis Nijhuis (beeldbank RCE)&lt;/span&gt;&lt;/li&gt;
  &lt;li&gt;&lt;strong&gt;&lt;span class="atr-name"&gt;architect&lt;/span&gt;:&lt;/strong&gt; &lt;span class="atr-value"&gt;onbekend&lt;/span&gt;&lt;/li&gt;
  &lt;li&gt;&lt;strong&gt;&lt;span class="atr-name"&gt;hoofd_beg&lt;/span&gt;:&lt;/strong&gt; &lt;span class="atr-value"&gt;1000-&lt;/span&gt;&lt;/li&gt;
  &lt;li&gt;&lt;strong&gt;&lt;span class="atr-name"&gt;hoofd_eind&lt;/span&gt;:&lt;/strong&gt; &lt;span class="atr-value"&gt;1050&lt;/span&gt;&lt;/li&gt;
  
  &lt;li&gt;&lt;strong&gt;&lt;span class="atr-name"&gt;voorg_eind&lt;/span&gt;:&lt;/strong&gt; &lt;span class="atr-value"&gt;0&lt;/span&gt;&lt;/li&gt;
  &lt;li&gt;&lt;strong&gt;&lt;span class="atr-name"&gt;denominat&lt;/span&gt;:&lt;/strong&gt; &lt;span class="atr-value"&gt;Rooms-Katholieke Kerk in Nederland&lt;/span&gt;&lt;/li&gt;
  &lt;li&gt;&lt;strong&gt;&lt;span class="atr-name"&gt;huidigfunc&lt;/span&gt;:&lt;/strong&gt; &lt;span class="atr-value"&gt;Religieus&lt;/span&gt;&lt;/li&gt;
  &lt;li&gt;&lt;strong&gt;&lt;span class="atr-name"&gt;rmon_url&lt;/span&gt;:&lt;/strong&gt; &lt;span class="atr-value"&gt;https://monumentenregister.cultureelerfgoed.nl/monumenten/27168&lt;/span&gt;&lt;/li&gt;
  
&lt;/ul&gt;
</description>
                <LookAt>
                    <longitude>5.687063148893557</longitude>
                    <latitude>50.848870160628366</latitude>
                    <altitude>0.0</altitude>
                    <heading>0.0</heading>
                    <tilt>0.0</tilt>
                    <range>0.0</range>
                    <altitudeMode>clampToGround</altitudeMode>
                </LookAt>
                <Style>
                    <IconStyle>
                        <scale>4.125</scale>
                        <heading>0.0</heading>
                        <Icon>
                            <href>https://services.rce.geovoorziening.nl/kml/icon/Landschapsatlas_religieuserfgoed_kerken_style?0.0.0=&amp;0.1.0=&amp;0.1.1=</href>
                        </Icon>
                    </IconStyle>
                    <LabelStyle>
                        <color>00ffffff</color>
                        <scale>0.0</scale>
                    </LabelStyle>
                </Style>
                <Point>
                    <coordinates>5.687063148893552,50.848870160628366</coordinates>
                </Point>
            </Placemark>
            <Placemark id="religieuserfgoed.1287">
                <name>Augustijnenkerk</name>
                <description>&lt;h4&gt;religieuserfgoed&lt;/h4&gt;

&lt;ul class="textattributes"&gt;
  &lt;li&gt;&lt;strong&gt;&lt;span class="atr-name"&gt;ogc_fid&lt;/span&gt;:&lt;/strong&gt; &lt;span class="atr-value"&gt;1287&lt;/span&gt;&lt;/li&gt;
  &lt;li&gt;&lt;strong&gt;&lt;span class="atr-name"&gt;rijksmonum&lt;/span&gt;:&lt;/strong&gt; &lt;span class="atr-value"&gt;27175&lt;/span&gt;&lt;/li&gt;
  &lt;li&gt;&lt;strong&gt;&lt;span class="atr-name"&gt;rd_x&lt;/span&gt;:&lt;/strong&gt; &lt;span class="atr-value"&gt;176579.0&lt;/span&gt;&lt;/li&gt;
  &lt;li&gt;&lt;strong&gt;&lt;span class="atr-name"&gt;rd_y&lt;/span&gt;:&lt;/strong&gt; &lt;span class="atr-value"&gt;317929.0&lt;/span&gt;&lt;/li&gt;
  &lt;li&gt;&lt;strong&gt;&lt;span class="atr-name"&gt;legenda&lt;/span&gt;:&lt;/strong&gt; &lt;span class="atr-value"&gt;Kerk&lt;/span&gt;&lt;/li&gt;
  &lt;li&gt;&lt;strong&gt;&lt;span class="atr-name"&gt;naam&lt;/span&gt;:&lt;/strong&gt; &lt;span class="atr-value"&gt;Augustijnenkerk&lt;/span&gt;&lt;/li&gt;
  &lt;li&gt;&lt;strong&gt;&lt;span class="atr-name"&gt;plaats&lt;/span&gt;:&lt;/strong&gt; &lt;span class="atr-value"&gt;Maastricht&lt;/span&gt;&lt;/li&gt;
  &lt;li&gt;&lt;strong&gt;&lt;span class="atr-name"&gt;foto_thumb&lt;/span&gt;:&lt;/strong&gt; &lt;span class="atr-value"&gt;https://images.memorix.nl/rce/thumb/350x350/1ad04165-17cd-9de1-0408-1a7e1f4db2d5.jpg&lt;/span&gt;&lt;/li&gt;
  &lt;li&gt;&lt;strong&gt;&lt;span class="atr-name"&gt;foto_groot&lt;/span&gt;:&lt;/strong&gt; &lt;span class="atr-value"&gt;https://images.memorix.nl/rce/thumb/fullsize/1ad04165-17cd-9de1-0408-1a7e1f4db2d5.jpg&lt;/span&gt;&lt;/li&gt;
  &lt;li&gt;&lt;strong&gt;&lt;span class="atr-name"&gt;fotograaf&lt;/span&gt;:&lt;/strong&gt; &lt;span class="atr-value"&gt;Frans Kabel (beeldbank RCE)&lt;/span&gt;&lt;/li&gt;
  &lt;li&gt;&lt;strong&gt;&lt;span class="atr-name"&gt;architect&lt;/span&gt;:&lt;/strong&gt; &lt;span class="atr-value"&gt;onbekend&lt;/span&gt;&lt;/li&gt;
  &lt;li&gt;&lt;strong&gt;&lt;span class="atr-name"&gt;hoofd_beg&lt;/span&gt;:&lt;/strong&gt; &lt;span class="atr-value"&gt;1659-&lt;/span&gt;&lt;/li&gt;
  &lt;li&gt;&lt;strong&gt;&lt;span class="atr-name"&gt;hoofd_eind&lt;/span&gt;:&lt;/strong&gt; &lt;span class="atr-value"&gt;1661&lt;/span&gt;&lt;/li&gt;
  
  &lt;li&gt;&lt;strong&gt;&lt;span class="atr-name"&gt;voorg_eind&lt;/span&gt;:&lt;/strong&gt; &lt;span class="atr-value"&gt;0&lt;/span&gt;&lt;/li&gt;
  &lt;li&gt;&lt;strong&gt;&lt;span class="atr-name"&gt;denominat&lt;/span&gt;:&lt;/strong&gt; &lt;span class="atr-value"&gt;Rooms-Katholieke Kerk in Nederland&lt;/span&gt;&lt;/li&gt;
  &lt;li&gt;&lt;strong&gt;&lt;span class="atr-name"&gt;huidigfunc&lt;/span&gt;:&lt;/strong&gt; &lt;span class="atr-value"&gt;Cultureel en maatschappelijk&lt;/span&gt;&lt;/li&gt;
  &lt;li&gt;&lt;strong&gt;&lt;span class="atr-name"&gt;rmon_url&lt;/span&gt;:&lt;/strong&gt; &lt;span class="atr-value"&gt;https://monumentenregister.cultureelerfgoed.nl/monumenten/27175&lt;/span&gt;&lt;/li&gt;
  
&lt;/ul&gt;
</description>
                <LookAt>
                    <longitude>5.693608764400935</longitude>
                    <latitude>50.85078918502456</latitude>
                    <altitude>0.0</altitude>
                    <heading>0.0</heading>
                    <tilt>0.0</tilt>
                    <range>0.0</range>
                    <altitudeMode>clampToGround</altitudeMode>
                </LookAt>
                <Style>
                    <IconStyle>
                        <scale>4.125</scale>
                        <heading>0.0</heading>
                        <Icon>
                            <href>https://services.rce.geovoorziening.nl/kml/icon/Landschapsatlas_religieuserfgoed_kerken_style?0.0.0=&amp;0.1.0=&amp;0.1.1=</href>
                        </Icon>
                    </IconStyle>
                    <LabelStyle>
                        <color>00ffffff</color>
                        <scale>0.0</scale>
                    </LabelStyle>
                </Style>
                <Point>
                    <coordinates>5.6936087644009366,50.85078918502456</coordinates>
                </Point>
            </Placemark>
            <Placemark id="religieuserfgoed.1290">
                <name>O.L. Vrouwebasiliek</name>
                <description>&lt;h4&gt;religieuserfgoed&lt;/h4&gt;

&lt;ul class="textattributes"&gt;
  &lt;li&gt;&lt;strong&gt;&lt;span class="atr-name"&gt;ogc_fid&lt;/span&gt;:&lt;/strong&gt; &lt;span class="atr-value"&gt;1290&lt;/span&gt;&lt;/li&gt;
  &lt;li&gt;&lt;strong&gt;&lt;span class="atr-name"&gt;rijksmonum&lt;/span&gt;:&lt;/strong&gt; &lt;span class="atr-value"&gt;27454&lt;/span&gt;&lt;/li&gt;
  &lt;li&gt;&lt;strong&gt;&lt;span class="atr-name"&gt;rd_x&lt;/span&gt;:&lt;/strong&gt; &lt;span class="atr-value"&gt;176555.0&lt;/span&gt;&lt;/li&gt;
  &lt;li&gt;&lt;strong&gt;&lt;span class="atr-name"&gt;rd_y&lt;/span&gt;:&lt;/strong&gt; &lt;span class="atr-value"&gt;317558.0&lt;/span&gt;&lt;/li&gt;
  &lt;li&gt;&lt;strong&gt;&lt;span class="atr-name"&gt;legenda&lt;/span&gt;:&lt;/strong&gt; &lt;span class="atr-value"&gt;Kerk&lt;/span&gt;&lt;/li&gt;
  &lt;li&gt;&lt;strong&gt;&lt;span class="atr-name"&gt;naam&lt;/span&gt;:&lt;/strong&gt; &lt;span class="atr-value"&gt;O.L. Vrouwebasiliek&lt;/span&gt;&lt;/li&gt;
  &lt;li&gt;&lt;strong&gt;&lt;span class="atr-name"&gt;plaats&lt;/span&gt;:&lt;/strong&gt; &lt;span class="atr-value"&gt;Maastricht&lt;/span&gt;&lt;/li&gt;
  &lt;li&gt;&lt;strong&gt;&lt;span class="atr-name"&gt;foto_thumb&lt;/span&gt;:&lt;/strong&gt; &lt;span class="atr-value"&gt;https://images.memorix.nl/rce/thumb/350x350/2803244d-19a9-baa9-5093-da3df33a96b3.jpg&lt;/span&gt;&lt;/li&gt;
  &lt;li&gt;&lt;strong&gt;&lt;span class="atr-name"&gt;foto_groot&lt;/span&gt;:&lt;/strong&gt; &lt;span class="atr-value"&gt;https://images.memorix.nl/rce/thumb/fullsize/2803244d-19a9-baa9-5093-da3df33a96b3.jpg&lt;/span&gt;&lt;/li&gt;
  &lt;li&gt;&lt;strong&gt;&lt;span class="atr-name"&gt;fotograaf&lt;/span&gt;:&lt;/strong&gt; &lt;span class="atr-value"&gt;Arjan Bronkhorst (beeldbank RCE)&lt;/span&gt;&lt;/li&gt;
  &lt;li&gt;&lt;strong&gt;&lt;span class="atr-name"&gt;architect&lt;/span&gt;:&lt;/strong&gt; &lt;span class="atr-value"&gt;onbekend&lt;/span&gt;&lt;/li&gt;
  &lt;li&gt;&lt;strong&gt;&lt;span class="atr-name"&gt;hoofd_beg&lt;/span&gt;:&lt;/strong&gt; &lt;span class="atr-value"&gt;1000-&lt;/span&gt;&lt;/li&gt;
  &lt;li&gt;&lt;strong&gt;&lt;span class="atr-name"&gt;hoofd_eind&lt;/span&gt;:&lt;/strong&gt; &lt;span class="atr-value"&gt;1050&lt;/span&gt;&lt;/li&gt;
  
  &lt;li&gt;&lt;strong&gt;&lt;span class="atr-name"&gt;voorg_eind&lt;/span&gt;:&lt;/strong&gt; &lt;span class="atr-value"&gt;0&lt;/span&gt;&lt;/li&gt;
  &lt;li&gt;&lt;strong&gt;&lt;span class="atr-name"&gt;denominat&lt;/span&gt;:&lt;/strong&gt; &lt;span class="atr-value"&gt;Rooms-Katholieke Kerk in Nederland&lt;/span&gt;&lt;/li&gt;
  &lt;li&gt;&lt;strong&gt;&lt;span class="atr-name"&gt;huidigfunc&lt;/span&gt;:&lt;/strong&gt; &lt;span class="atr-value"&gt;Religieus&lt;/span&gt;&lt;/li&gt;
  &lt;li&gt;&lt;strong&gt;&lt;span class="atr-name"&gt;rmon_url&lt;/span&gt;:&lt;/strong&gt; &lt;span class="atr-value"&gt;https://monumentenregister.cultureelerfgoed.nl/monumenten/27454&lt;/span&gt;&lt;/li&gt;
  
&lt;/ul&gt;
</description>
                <LookAt>
                    <longitude>5.69324594644695</longitude>
                    <latitude>50.84745529184047</latitude>
                    <altitude>0.0</altitude>
                    <heading>0.0</heading>
                    <tilt>0.0</tilt>
                    <range>0.0</range>
                    <altitudeMode>clampToGround</altitudeMode>
                </LookAt>
                <Style>
                    <IconStyle>
                        <scale>4.125</scale>
                        <heading>0.0</heading>
                        <Icon>
                            <href>https://services.rce.geovoorziening.nl/kml/icon/Landschapsatlas_religieuserfgoed_kerken_style?0.0.0=&amp;0.1.0=&amp;0.1.1=</href>
                        </Icon>
                    </IconStyle>
                    <LabelStyle>
                        <color>00ffffff</color>
                        <scale>0.0</scale>
                    </LabelStyle>
                </Style>
                <Point>
                    <coordinates>5.693245946446952,50.84745529184047</coordinates>
                </Point>
            </Placemark>
            <Placemark id="religieuserfgoed.1292">
                <name>Waalse kerk</name>
                <description>&lt;h4&gt;religieuserfgoed&lt;/h4&gt;

&lt;ul class="textattributes"&gt;
  &lt;li&gt;&lt;strong&gt;&lt;span class="atr-name"&gt;ogc_fid&lt;/span&gt;:&lt;/strong&gt; &lt;span class="atr-value"&gt;1292&lt;/span&gt;&lt;/li&gt;
  &lt;li&gt;&lt;strong&gt;&lt;span class="atr-name"&gt;rijksmonum&lt;/span&gt;:&lt;/strong&gt; &lt;span class="atr-value"&gt;27478&lt;/span&gt;&lt;/li&gt;
  &lt;li&gt;&lt;strong&gt;&lt;span class="atr-name"&gt;rd_x&lt;/span&gt;:&lt;/strong&gt; &lt;span class="atr-value"&gt;176473.1&lt;/span&gt;&lt;/li&gt;
  &lt;li&gt;&lt;strong&gt;&lt;span class="atr-name"&gt;rd_y&lt;/span&gt;:&lt;/strong&gt; &lt;span class="atr-value"&gt;317390.2&lt;/span&gt;&lt;/li&gt;
  &lt;li&gt;&lt;strong&gt;&lt;span class="atr-name"&gt;legenda&lt;/span&gt;:&lt;/strong&gt; &lt;span class="atr-value"&gt;Kerk&lt;/span&gt;&lt;/li&gt;
  &lt;li&gt;&lt;strong&gt;&lt;span class="atr-name"&gt;naam&lt;/span&gt;:&lt;/strong&gt; &lt;span class="atr-value"&gt;Waalse kerk&lt;/span&gt;&lt;/li&gt;
  &lt;li&gt;&lt;strong&gt;&lt;span class="atr-name"&gt;plaats&lt;/span&gt;:&lt;/strong&gt; &lt;span class="atr-value"&gt;Maastricht&lt;/span&gt;&lt;/li&gt;
  &lt;li&gt;&lt;strong&gt;&lt;span class="atr-name"&gt;foto_thumb&lt;/span&gt;:&lt;/strong&gt; &lt;span class="atr-value"&gt;https://images.memorix.nl/rce/thumb/350x350/5dc34773-b4dd-b1e0-49bb-6022433db6b4.jpg&lt;/span&gt;&lt;/li&gt;
  &lt;li&gt;&lt;strong&gt;&lt;span class="atr-name"&gt;foto_groot&lt;/span&gt;:&lt;/strong&gt; &lt;span class="atr-value"&gt;https://images.memorix.nl/rce/thumb/fullsize/5dc34773-b4dd-b1e0-49bb-6022433db6b4.jpg&lt;/span&gt;&lt;/li&gt;
  &lt;li&gt;&lt;strong&gt;&lt;span class="atr-name"&gt;fotograaf&lt;/span&gt;:&lt;/strong&gt; &lt;span class="atr-value"&gt;G. de Hoog (beeldbank RCE)&lt;/span&gt;&lt;/li&gt;
  &lt;li&gt;&lt;strong&gt;&lt;span class="atr-name"&gt;architect&lt;/span&gt;:&lt;/strong&gt; &lt;span class="atr-value"&gt;Comhaire, N.&lt;/span&gt;&lt;/li&gt;
  &lt;li&gt;&lt;strong&gt;&lt;span class="atr-name"&gt;hoofd_beg&lt;/span&gt;:&lt;/strong&gt; &lt;span class="atr-value"&gt;1732-&lt;/span&gt;&lt;/li&gt;
  &lt;li&gt;&lt;strong&gt;&lt;span class="atr-name"&gt;hoofd_eind&lt;/span&gt;:&lt;/strong&gt; &lt;span class="atr-value"&gt;1733&lt;/span&gt;&lt;/li&gt;
  
  &lt;li&gt;&lt;strong&gt;&lt;span class="atr-name"&gt;voorg_eind&lt;/span&gt;:&lt;/strong&gt; &lt;span class="atr-value"&gt;0&lt;/span&gt;&lt;/li&gt;
  &lt;li&gt;&lt;strong&gt;&lt;span class="atr-name"&gt;denominat&lt;/span&gt;:&lt;/strong&gt; &lt;span class="atr-value"&gt;Waalse Kerk&lt;/span&gt;&lt;/li&gt;
  &lt;li&gt;&lt;strong&gt;&lt;span class="atr-name"&gt;huidigfunc&lt;/span&gt;:&lt;/strong&gt; &lt;span class="atr-value"&gt;Religieus&lt;/span&gt;&lt;/li&gt;
  &lt;li&gt;&lt;strong&gt;&lt;span class="atr-name"&gt;rmon_url&lt;/span&gt;:&lt;/strong&gt; &lt;span class="atr-value"&gt;https://monumentenregister.cultureelerfgoed.nl/monumenten/27478&lt;/span&gt;&lt;/li&gt;
  
&lt;/ul&gt;
</description>
                <LookAt>
                    <longitude>5.692073183458419</longitude>
                    <latitude>50.845950066704894</latitude>
                    <altitude>0.0</altitude>
                    <heading>0.0</heading>
                    <tilt>0.0</tilt>
                    <range>0.0</range>
                    <altitudeMode>clampToGround</altitudeMode>
                </LookAt>
                <Style>
                    <IconStyle>
                        <scale>4.125</scale>
                        <heading>0.0</heading>
                        <Icon>
                            <href>https://services.rce.geovoorziening.nl/kml/icon/Landschapsatlas_religieuserfgoed_kerken_style?0.0.0=&amp;0.1.0=&amp;0.1.1=</href>
                        </Icon>
                    </IconStyle>
                    <LabelStyle>
                        <color>00ffffff</color>
                        <scale>0.0</scale>
                    </LabelStyle>
                </Style>
                <Point>
                    <coordinates>5.6920731834584135,50.84595006670489</coordinates>
                </Point>
            </Placemark>
            <Placemark id="religieuserfgoed.1293">
                <name>Janskerk</name>
                <description>&lt;h4&gt;religieuserfgoed&lt;/h4&gt;

&lt;ul class="textattributes"&gt;
  &lt;li&gt;&lt;strong&gt;&lt;span class="atr-name"&gt;ogc_fid&lt;/span&gt;:&lt;/strong&gt; &lt;span class="atr-value"&gt;1293&lt;/span&gt;&lt;/li&gt;
  &lt;li&gt;&lt;strong&gt;&lt;span class="atr-name"&gt;rijksmonum&lt;/span&gt;:&lt;/strong&gt; &lt;span class="atr-value"&gt;27704&lt;/span&gt;&lt;/li&gt;
  &lt;li&gt;&lt;strong&gt;&lt;span class="atr-name"&gt;rd_x&lt;/span&gt;:&lt;/strong&gt; &lt;span class="atr-value"&gt;176155.4&lt;/span&gt;&lt;/li&gt;
  &lt;li&gt;&lt;strong&gt;&lt;span class="atr-name"&gt;rd_y&lt;/span&gt;:&lt;/strong&gt; &lt;span class="atr-value"&gt;317660.2&lt;/span&gt;&lt;/li&gt;
  &lt;li&gt;&lt;strong&gt;&lt;span class="atr-name"&gt;legenda&lt;/span&gt;:&lt;/strong&gt; &lt;span class="atr-value"&gt;Kerk&lt;/span&gt;&lt;/li&gt;
  &lt;li&gt;&lt;strong&gt;&lt;span class="atr-name"&gt;naam&lt;/span&gt;:&lt;/strong&gt; &lt;span class="atr-value"&gt;Janskerk&lt;/span&gt;&lt;/li&gt;
  &lt;li&gt;&lt;strong&gt;&lt;span class="atr-name"&gt;plaats&lt;/span&gt;:&lt;/strong&gt; &lt;span class="atr-value"&gt;Maastricht&lt;/span&gt;&lt;/li&gt;
  &lt;li&gt;&lt;strong&gt;&lt;span class="atr-name"&gt;foto_thumb&lt;/span&gt;:&lt;/strong&gt; &lt;span class="atr-value"&gt;https://images.memorix.nl/rce/thumb/350x350/9b7487af-aaae-6a90-1e48-3dfe98e40a57.jpg&lt;/span&gt;&lt;/li&gt;
  &lt;li&gt;&lt;strong&gt;&lt;span class="atr-name"&gt;foto_groot&lt;/span&gt;:&lt;/strong&gt; &lt;span class="atr-value"&gt;https://images.memorix.nl/rce/thumb/fullsize/9b7487af-aaae-6a90-1e48-3dfe98e40a57.jpg&lt;/span&gt;&lt;/li&gt;
  &lt;li&gt;&lt;strong&gt;&lt;span class="atr-name"&gt;fotograaf&lt;/span&gt;:&lt;/strong&gt; &lt;span class="atr-value"&gt;Loek Tangel (beeldbank RCE)&lt;/span&gt;&lt;/li&gt;
  &lt;li&gt;&lt;strong&gt;&lt;span class="atr-name"&gt;architect&lt;/span&gt;:&lt;/strong&gt; &lt;span class="atr-value"&gt;onbekend&lt;/span&gt;&lt;/li&gt;
  &lt;li&gt;&lt;strong&gt;&lt;span class="atr-name"&gt;hoofd_beg&lt;/span&gt;:&lt;/strong&gt; &lt;span class="atr-value"&gt;1300-&lt;/span&gt;&lt;/li&gt;
  &lt;li&gt;&lt;strong&gt;&lt;span class="atr-name"&gt;hoofd_eind&lt;/span&gt;:&lt;/strong&gt; &lt;span class="atr-value"&gt;1400&lt;/span&gt;&lt;/li&gt;
  
  &lt;li&gt;&lt;strong&gt;&lt;span class="atr-name"&gt;voorg_eind&lt;/span&gt;:&lt;/strong&gt; &lt;span class="atr-value"&gt;0&lt;/span&gt;&lt;/li&gt;
  &lt;li&gt;&lt;strong&gt;&lt;span class="atr-name"&gt;denominat&lt;/span&gt;:&lt;/strong&gt; &lt;span class="atr-value"&gt;Rooms-Katholieke Kerk in Nederland&lt;/span&gt;&lt;/li&gt;
  &lt;li&gt;&lt;strong&gt;&lt;span class="atr-name"&gt;huidigfunc&lt;/span&gt;:&lt;/strong&gt; &lt;span class="atr-value"&gt;Religieus&lt;/span&gt;&lt;/li&gt;
  &lt;li&gt;&lt;strong&gt;&lt;span class="atr-name"&gt;rmon_url&lt;/span&gt;:&lt;/strong&gt; &lt;span class="atr-value"&gt;https://monumentenregister.cultureelerfgoed.nl/monumenten/27704&lt;/span&gt;&lt;/li&gt;
  
&lt;/ul&gt;
</description>
                <LookAt>
                    <longitude>5.687578287576102</longitude>
                    <latitude>50.84838881967206</latitude>
                    <altitude>0.0</altitude>
                    <heading>0.0</heading>
                    <tilt>0.0</tilt>
                    <range>0.0</range>
                    <altitudeMode>clampToGround</altitudeMode>
                </LookAt>
                <Style>
                    <IconStyle>
                        <scale>4.125</scale>
                        <heading>0.0</heading>
                        <Icon>
                            <href>https://services.rce.geovoorziening.nl/kml/icon/Landschapsatlas_religieuserfgoed_kerken_style?0.0.0=&amp;0.1.0=&amp;0.1.1=</href>
                        </Icon>
                    </IconStyle>
                    <LabelStyle>
                        <color>00ffffff</color>
                        <scale>0.0</scale>
                    </LabelStyle>
                </Style>
                <Point>
                    <coordinates>5.687578287576095,50.84838881967206</coordinates>
                </Point>
            </Placemark>
            <Placemark id="religieuserfgoed.1294">
                <name>St.-Martinuskerk</name>
                <description>&lt;h4&gt;religieuserfgoed&lt;/h4&gt;

&lt;ul class="textattributes"&gt;
  &lt;li&gt;&lt;strong&gt;&lt;span class="atr-name"&gt;ogc_fid&lt;/span&gt;:&lt;/strong&gt; &lt;span class="atr-value"&gt;1294&lt;/span&gt;&lt;/li&gt;
  &lt;li&gt;&lt;strong&gt;&lt;span class="atr-name"&gt;rijksmonum&lt;/span&gt;:&lt;/strong&gt; &lt;span class="atr-value"&gt;27823&lt;/span&gt;&lt;/li&gt;
  &lt;li&gt;&lt;strong&gt;&lt;span class="atr-name"&gt;rd_x&lt;/span&gt;:&lt;/strong&gt; &lt;span class="atr-value"&gt;176925.0&lt;/span&gt;&lt;/li&gt;
  &lt;li&gt;&lt;strong&gt;&lt;span class="atr-name"&gt;rd_y&lt;/span&gt;:&lt;/strong&gt; &lt;span class="atr-value"&gt;317910.0&lt;/span&gt;&lt;/li&gt;
  &lt;li&gt;&lt;strong&gt;&lt;span class="atr-name"&gt;legenda&lt;/span&gt;:&lt;/strong&gt; &lt;span class="atr-value"&gt;Kerk&lt;/span&gt;&lt;/li&gt;
  &lt;li&gt;&lt;strong&gt;&lt;span class="atr-name"&gt;naam&lt;/span&gt;:&lt;/strong&gt; &lt;span class="atr-value"&gt;St.-Martinuskerk&lt;/span&gt;&lt;/li&gt;
  &lt;li&gt;&lt;strong&gt;&lt;span class="atr-name"&gt;plaats&lt;/span&gt;:&lt;/strong&gt; &lt;span class="atr-value"&gt;Maastricht&lt;/span&gt;&lt;/li&gt;
  &lt;li&gt;&lt;strong&gt;&lt;span class="atr-name"&gt;foto_thumb&lt;/span&gt;:&lt;/strong&gt; &lt;span class="atr-value"&gt;https://images.memorix.nl/rce/thumb/350x350/a76e4e2c-8a69-26a7-e9bf-aed2d8b78e6a.jpg&lt;/span&gt;&lt;/li&gt;
  &lt;li&gt;&lt;strong&gt;&lt;span class="atr-name"&gt;foto_groot&lt;/span&gt;:&lt;/strong&gt; &lt;span class="atr-value"&gt;https://images.memorix.nl/rce/thumb/fullsize/a76e4e2c-8a69-26a7-e9bf-aed2d8b78e6a.jpg&lt;/span&gt;&lt;/li&gt;
  &lt;li&gt;&lt;strong&gt;&lt;span class="atr-name"&gt;fotograaf&lt;/span&gt;:&lt;/strong&gt; &lt;span class="atr-value"&gt;Frans Kabel (beeldbank RCE)&lt;/span&gt;&lt;/li&gt;
  &lt;li&gt;&lt;strong&gt;&lt;span class="atr-name"&gt;architect&lt;/span&gt;:&lt;/strong&gt; &lt;span class="atr-value"&gt;Cuypers, P.J.H.&lt;/span&gt;&lt;/li&gt;
  &lt;li&gt;&lt;strong&gt;&lt;span class="atr-name"&gt;hoofd_beg&lt;/span&gt;:&lt;/strong&gt; &lt;span class="atr-value"&gt;1857-&lt;/span&gt;&lt;/li&gt;
  &lt;li&gt;&lt;strong&gt;&lt;span class="atr-name"&gt;hoofd_eind&lt;/span&gt;:&lt;/strong&gt; &lt;span class="atr-value"&gt;1858&lt;/span&gt;&lt;/li&gt;
  
  &lt;li&gt;&lt;strong&gt;&lt;span class="atr-name"&gt;voorg_eind&lt;/span&gt;:&lt;/strong&gt; &lt;span class="atr-value"&gt;0&lt;/span&gt;&lt;/li&gt;
  &lt;li&gt;&lt;strong&gt;&lt;span class="atr-name"&gt;denominat&lt;/span&gt;:&lt;/strong&gt; &lt;span class="atr-value"&gt;Rooms-Katholieke Kerk in Nederland&lt;/span&gt;&lt;/li&gt;
  &lt;li&gt;&lt;strong&gt;&lt;span class="atr-name"&gt;huidigfunc&lt;/span&gt;:&lt;/strong&gt; &lt;span class="atr-value"&gt;Religieus&lt;/span&gt;&lt;/li&gt;
  &lt;li&gt;&lt;strong&gt;&lt;span class="atr-name"&gt;rmon_url&lt;/span&gt;:&lt;/strong&gt; &lt;span class="atr-value"&gt;https://monumentenregister.cultureelerfgoed.nl/monumenten/27823&lt;/span&gt;&lt;/li&gt;
  
&lt;/ul&gt;
</description>
                <LookAt>
                    <longitude>5.698520556962862</longitude>
                    <latitude>50.85060527092336</latitude>
                    <altitude>0.0</altitude>
                    <heading>0.0</heading>
                    <tilt>0.0</tilt>
                    <range>0.0</range>
                    <altitudeMode>clampToGround</altitudeMode>
                </LookAt>
                <Style>
                    <IconStyle>
                        <scale>4.125</scale>
                        <heading>0.0</heading>
                        <Icon>
                            <href>https://services.rce.geovoorziening.nl/kml/icon/Landschapsatlas_religieuserfgoed_kerken_style?0.0.0=&amp;0.1.0=&amp;0.1.1=</href>
                        </Icon>
                    </IconStyle>
                    <LabelStyle>
                        <color>00ffffff</color>
                        <scale>0.0</scale>
                    </LabelStyle>
                </Style>
                <Point>
                    <coordinates>5.69852055696286,50.85060527092336</coordinates>
                </Point>
            </Placemark>
            <Placemark id="religieuserfgoed.1298">
                <name>H.H. Petrus en Pauluskerk</name>
                <description>&lt;h4&gt;religieuserfgoed&lt;/h4&gt;

&lt;ul class="textattributes"&gt;
  &lt;li&gt;&lt;strong&gt;&lt;span class="atr-name"&gt;ogc_fid&lt;/span&gt;:&lt;/strong&gt; &lt;span class="atr-value"&gt;1298&lt;/span&gt;&lt;/li&gt;
  &lt;li&gt;&lt;strong&gt;&lt;span class="atr-name"&gt;rijksmonum&lt;/span&gt;:&lt;/strong&gt; &lt;span class="atr-value"&gt;27980&lt;/span&gt;&lt;/li&gt;
  &lt;li&gt;&lt;strong&gt;&lt;span class="atr-name"&gt;rd_x&lt;/span&gt;:&lt;/strong&gt; &lt;span class="atr-value"&gt;173828.5&lt;/span&gt;&lt;/li&gt;
  &lt;li&gt;&lt;strong&gt;&lt;span class="atr-name"&gt;rd_y&lt;/span&gt;:&lt;/strong&gt; &lt;span class="atr-value"&gt;316151.0&lt;/span&gt;&lt;/li&gt;
  &lt;li&gt;&lt;strong&gt;&lt;span class="atr-name"&gt;legenda&lt;/span&gt;:&lt;/strong&gt; &lt;span class="atr-value"&gt;Kerk&lt;/span&gt;&lt;/li&gt;
  &lt;li&gt;&lt;strong&gt;&lt;span class="atr-name"&gt;naam&lt;/span&gt;:&lt;/strong&gt; &lt;span class="atr-value"&gt;H.H. Petrus en Pauluskerk&lt;/span&gt;&lt;/li&gt;
  &lt;li&gt;&lt;strong&gt;&lt;span class="atr-name"&gt;plaats&lt;/span&gt;:&lt;/strong&gt; &lt;span class="atr-value"&gt;Maastricht&lt;/span&gt;&lt;/li&gt;
  &lt;li&gt;&lt;strong&gt;&lt;span class="atr-name"&gt;foto_thumb&lt;/span&gt;:&lt;/strong&gt; &lt;span class="atr-value"&gt;https://images.memorix.nl/rce/thumb/350x350/2c275802-d75b-7813-1eff-d4e1147ac422.jpg&lt;/span&gt;&lt;/li&gt;
  &lt;li&gt;&lt;strong&gt;&lt;span class="atr-name"&gt;foto_groot&lt;/span&gt;:&lt;/strong&gt; &lt;span class="atr-value"&gt;https://images.memorix.nl/rce/thumb/fullsize/2c275802-d75b-7813-1eff-d4e1147ac422.jpg&lt;/span&gt;&lt;/li&gt;
  &lt;li&gt;&lt;strong&gt;&lt;span class="atr-name"&gt;fotograaf&lt;/span&gt;:&lt;/strong&gt; &lt;span class="atr-value"&gt;Frans Kabel (beeldbank RCE)&lt;/span&gt;&lt;/li&gt;
  &lt;li&gt;&lt;strong&gt;&lt;span class="atr-name"&gt;architect&lt;/span&gt;:&lt;/strong&gt; &lt;span class="atr-value"&gt;Keuller, L.&lt;/span&gt;&lt;/li&gt;
  &lt;li&gt;&lt;strong&gt;&lt;span class="atr-name"&gt;hoofd_beg&lt;/span&gt;:&lt;/strong&gt; &lt;span class="atr-value"&gt;1896-&lt;/span&gt;&lt;/li&gt;
  &lt;li&gt;&lt;strong&gt;&lt;span class="atr-name"&gt;hoofd_eind&lt;/span&gt;:&lt;/strong&gt; &lt;span class="atr-value"&gt;1897&lt;/span&gt;&lt;/li&gt;
  
  &lt;li&gt;&lt;strong&gt;&lt;span class="atr-name"&gt;voorg_eind&lt;/span&gt;:&lt;/strong&gt; &lt;span class="atr-value"&gt;0&lt;/span&gt;&lt;/li&gt;
  &lt;li&gt;&lt;strong&gt;&lt;span class="atr-name"&gt;denominat&lt;/span&gt;:&lt;/strong&gt; &lt;span class="atr-value"&gt;Rooms-Katholieke Kerk in Nederland&lt;/span&gt;&lt;/li&gt;
  &lt;li&gt;&lt;strong&gt;&lt;span class="atr-name"&gt;huidigfunc&lt;/span&gt;:&lt;/strong&gt; &lt;span class="atr-value"&gt;Religieus&lt;/span&gt;&lt;/li&gt;
  &lt;li&gt;&lt;strong&gt;&lt;span class="atr-name"&gt;rmon_url&lt;/span&gt;:&lt;/strong&gt; &lt;span class="atr-value"&gt;https://monumentenregister.cultureelerfgoed.nl/monumenten/27980&lt;/span&gt;&lt;/li&gt;
  
&lt;/ul&gt;
</description>
                <LookAt>
                    <longitude>5.654461391432875</longitude>
                    <latitude>50.83490423755304</latitude>
                    <altitude>0.0</altitude>
                    <heading>0.0</heading>
                    <tilt>0.0</tilt>
                    <range>0.0</range>
                    <altitudeMode>clampToGround</altitudeMode>
                </LookAt>
                <Style>
                    <IconStyle>
                        <scale>4.125</scale>
                        <heading>0.0</heading>
                        <Icon>
                            <href>https://services.rce.geovoorziening.nl/kml/icon/Landschapsatlas_religieuserfgoed_kerken_style?0.0.0=&amp;0.1.0=&amp;0.1.1=</href>
                        </Icon>
                    </IconStyle>
                    <LabelStyle>
                        <color>00ffffff</color>
                        <scale>0.0</scale>
                    </LabelStyle>
                </Style>
                <Point>
                    <coordinates>5.65446139143287,50.83490423755304</coordinates>
                </Point>
            </Placemark>
            <Placemark id="religieuserfgoed.1299">
                <name>H. Verlosser en St. Petruskerk</name>
                <description>&lt;h4&gt;religieuserfgoed&lt;/h4&gt;

&lt;ul class="textattributes"&gt;
  &lt;li&gt;&lt;strong&gt;&lt;span class="atr-name"&gt;ogc_fid&lt;/span&gt;:&lt;/strong&gt; &lt;span class="atr-value"&gt;1299&lt;/span&gt;&lt;/li&gt;
  &lt;li&gt;&lt;strong&gt;&lt;span class="atr-name"&gt;rijksmonum&lt;/span&gt;:&lt;/strong&gt; &lt;span class="atr-value"&gt;27992&lt;/span&gt;&lt;/li&gt;
  &lt;li&gt;&lt;strong&gt;&lt;span class="atr-name"&gt;rd_x&lt;/span&gt;:&lt;/strong&gt; &lt;span class="atr-value"&gt;176588.0&lt;/span&gt;&lt;/li&gt;
  &lt;li&gt;&lt;strong&gt;&lt;span class="atr-name"&gt;rd_y&lt;/span&gt;:&lt;/strong&gt; &lt;span class="atr-value"&gt;315721.0&lt;/span&gt;&lt;/li&gt;
  &lt;li&gt;&lt;strong&gt;&lt;span class="atr-name"&gt;legenda&lt;/span&gt;:&lt;/strong&gt; &lt;span class="atr-value"&gt;Kerk&lt;/span&gt;&lt;/li&gt;
  &lt;li&gt;&lt;strong&gt;&lt;span class="atr-name"&gt;naam&lt;/span&gt;:&lt;/strong&gt; &lt;span class="atr-value"&gt;H. Verlosser en St. Petruskerk&lt;/span&gt;&lt;/li&gt;
  &lt;li&gt;&lt;strong&gt;&lt;span class="atr-name"&gt;plaats&lt;/span&gt;:&lt;/strong&gt; &lt;span class="atr-value"&gt;Maastricht&lt;/span&gt;&lt;/li&gt;
  &lt;li&gt;&lt;strong&gt;&lt;span class="atr-name"&gt;foto_thumb&lt;/span&gt;:&lt;/strong&gt; &lt;span class="atr-value"&gt;https://images.memorix.nl/rce/thumb/350x350/b3a20bd0-c530-cf4f-9ca2-61bc2be443bd.jpg&lt;/span&gt;&lt;/li&gt;
  &lt;li&gt;&lt;strong&gt;&lt;span class="atr-name"&gt;foto_groot&lt;/span&gt;:&lt;/strong&gt; &lt;span class="atr-value"&gt;https://images.memorix.nl/rce/thumb/fullsize/b3a20bd0-c530-cf4f-9ca2-61bc2be443bd.jpg&lt;/span&gt;&lt;/li&gt;
  &lt;li&gt;&lt;strong&gt;&lt;span class="atr-name"&gt;fotograaf&lt;/span&gt;:&lt;/strong&gt; &lt;span class="atr-value"&gt;Frans Kabel (beeldbank RCE)&lt;/span&gt;&lt;/li&gt;
  &lt;li&gt;&lt;strong&gt;&lt;span class="atr-name"&gt;architect&lt;/span&gt;:&lt;/strong&gt; &lt;span class="atr-value"&gt;Kayser, J.H.J.&lt;/span&gt;&lt;/li&gt;
  &lt;li&gt;&lt;strong&gt;&lt;span class="atr-name"&gt;hoofd_beg&lt;/span&gt;:&lt;/strong&gt; &lt;span class="atr-value"&gt;1874-&lt;/span&gt;&lt;/li&gt;
  &lt;li&gt;&lt;strong&gt;&lt;span class="atr-name"&gt;hoofd_eind&lt;/span&gt;:&lt;/strong&gt; &lt;span class="atr-value"&gt;1875&lt;/span&gt;&lt;/li&gt;
  
  &lt;li&gt;&lt;strong&gt;&lt;span class="atr-name"&gt;voorg_eind&lt;/span&gt;:&lt;/strong&gt; &lt;span class="atr-value"&gt;0&lt;/span&gt;&lt;/li&gt;
  &lt;li&gt;&lt;strong&gt;&lt;span class="atr-name"&gt;denominat&lt;/span&gt;:&lt;/strong&gt; &lt;span class="atr-value"&gt;Rooms-Katholieke Kerk in Nederland&lt;/span&gt;&lt;/li&gt;
  &lt;li&gt;&lt;strong&gt;&lt;span class="atr-name"&gt;huidigfunc&lt;/span&gt;:&lt;/strong&gt; &lt;span class="atr-value"&gt;Religieus&lt;/span&gt;&lt;/li&gt;
  &lt;li&gt;&lt;strong&gt;&lt;span class="atr-name"&gt;rmon_url&lt;/span&gt;:&lt;/strong&gt; &lt;span class="atr-value"&gt;https://monumentenregister.cultureelerfgoed.nl/monumenten/27992&lt;/span&gt;&lt;/li&gt;
  
&lt;/ul&gt;
</description>
                <LookAt>
                    <longitude>5.693605265343507</longitude>
                    <latitude>50.83094187033436</latitude>
                    <altitude>0.0</altitude>
                    <heading>0.0</heading>
                    <tilt>0.0</tilt>
                    <range>0.0</range>
                    <altitudeMode>clampToGround</altitudeMode>
                </LookAt>
                <Style>
                    <IconStyle>
                        <scale>4.125</scale>
                        <heading>0.0</heading>
                        <Icon>
                            <href>https://services.rce.geovoorziening.nl/kml/icon/Landschapsatlas_religieuserfgoed_kerken_style?0.0.0=&amp;0.1.0=&amp;0.1.1=</href>
                        </Icon>
                    </IconStyle>
                    <LabelStyle>
                        <color>00ffffff</color>
                        <scale>0.0</scale>
                    </LabelStyle>
                </Style>
                <Point>
                    <coordinates>5.693605265343507,50.83094187033436</coordinates>
                </Point>
            </Placemark>
            <Placemark id="religieuserfgoed.1301">
                <name>St.-Corneliuskerk</name>
                <description>&lt;h4&gt;religieuserfgoed&lt;/h4&gt;

&lt;ul class="textattributes"&gt;
  &lt;li&gt;&lt;strong&gt;&lt;span class="atr-name"&gt;ogc_fid&lt;/span&gt;:&lt;/strong&gt; &lt;span class="atr-value"&gt;1301&lt;/span&gt;&lt;/li&gt;
  &lt;li&gt;&lt;strong&gt;&lt;span class="atr-name"&gt;rijksmonum&lt;/span&gt;:&lt;/strong&gt; &lt;span class="atr-value"&gt;28051&lt;/span&gt;&lt;/li&gt;
  &lt;li&gt;&lt;strong&gt;&lt;span class="atr-name"&gt;rd_x&lt;/span&gt;:&lt;/strong&gt; &lt;span class="atr-value"&gt;176212.0&lt;/span&gt;&lt;/li&gt;
  &lt;li&gt;&lt;strong&gt;&lt;span class="atr-name"&gt;rd_y&lt;/span&gt;:&lt;/strong&gt; &lt;span class="atr-value"&gt;320869.0&lt;/span&gt;&lt;/li&gt;
  &lt;li&gt;&lt;strong&gt;&lt;span class="atr-name"&gt;legenda&lt;/span&gt;:&lt;/strong&gt; &lt;span class="atr-value"&gt;Kerk&lt;/span&gt;&lt;/li&gt;
  &lt;li&gt;&lt;strong&gt;&lt;span class="atr-name"&gt;naam&lt;/span&gt;:&lt;/strong&gt; &lt;span class="atr-value"&gt;St.-Corneliuskerk&lt;/span&gt;&lt;/li&gt;
  &lt;li&gt;&lt;strong&gt;&lt;span class="atr-name"&gt;plaats&lt;/span&gt;:&lt;/strong&gt; &lt;span class="atr-value"&gt;Borgharen&lt;/span&gt;&lt;/li&gt;
  &lt;li&gt;&lt;strong&gt;&lt;span class="atr-name"&gt;foto_thumb&lt;/span&gt;:&lt;/strong&gt; &lt;span class="atr-value"&gt;https://images.memorix.nl/rce/thumb/350x350/2222f8a8-b92f-f916-dd24-689805750bd6.jpg&lt;/span&gt;&lt;/li&gt;
  &lt;li&gt;&lt;strong&gt;&lt;span class="atr-name"&gt;foto_groot&lt;/span&gt;:&lt;/strong&gt; &lt;span class="atr-value"&gt;https://images.memorix.nl/rce/thumb/fullsize/2222f8a8-b92f-f916-dd24-689805750bd6.jpg&lt;/span&gt;&lt;/li&gt;
  &lt;li&gt;&lt;strong&gt;&lt;span class="atr-name"&gt;fotograaf&lt;/span&gt;:&lt;/strong&gt; &lt;span class="atr-value"&gt;G.J. Dukker (beeldbank RCE)&lt;/span&gt;&lt;/li&gt;
  &lt;li&gt;&lt;strong&gt;&lt;span class="atr-name"&gt;architect&lt;/span&gt;:&lt;/strong&gt; &lt;span class="atr-value"&gt;Kayser, J.&lt;/span&gt;&lt;/li&gt;
  &lt;li&gt;&lt;strong&gt;&lt;span class="atr-name"&gt;hoofd_beg&lt;/span&gt;:&lt;/strong&gt; &lt;span class="atr-value"&gt;1887-&lt;/span&gt;&lt;/li&gt;
  &lt;li&gt;&lt;strong&gt;&lt;span class="atr-name"&gt;hoofd_eind&lt;/span&gt;:&lt;/strong&gt; &lt;span class="atr-value"&gt;1888&lt;/span&gt;&lt;/li&gt;
  
  &lt;li&gt;&lt;strong&gt;&lt;span class="atr-name"&gt;voorg_eind&lt;/span&gt;:&lt;/strong&gt; &lt;span class="atr-value"&gt;0&lt;/span&gt;&lt;/li&gt;
  &lt;li&gt;&lt;strong&gt;&lt;span class="atr-name"&gt;denominat&lt;/span&gt;:&lt;/strong&gt; &lt;span class="atr-value"&gt;Rooms-Katholieke Kerk in Nederland&lt;/span&gt;&lt;/li&gt;
  &lt;li&gt;&lt;strong&gt;&lt;span class="atr-name"&gt;huidigfunc&lt;/span&gt;:&lt;/strong&gt; &lt;span class="atr-value"&gt;Religieus&lt;/span&gt;&lt;/li&gt;
  &lt;li&gt;&lt;strong&gt;&lt;span class="atr-name"&gt;rmon_url&lt;/span&gt;:&lt;/strong&gt; &lt;span class="atr-value"&gt;https://monumentenregister.cultureelerfgoed.nl/monumenten/28051&lt;/span&gt;&lt;/li&gt;
  
&lt;/ul&gt;
</description>
                <LookAt>
                    <longitude>5.68856961047365</longitude>
                    <latitude>50.87722958897908</latitude>
                    <altitude>0.0</altitude>
                    <heading>0.0</heading>
                    <tilt>0.0</tilt>
                    <range>0.0</range>
                    <altitudeMode>clampToGround</altitudeMode>
                </LookAt>
                <Style>
                    <IconStyle>
                        <scale>4.125</scale>
                        <heading>0.0</heading>
                        <Icon>
                            <href>https://services.rce.geovoorziening.nl/kml/icon/Landschapsatlas_religieuserfgoed_kerken_style?0.0.0=&amp;0.1.0=&amp;0.1.1=</href>
                        </Icon>
                    </IconStyle>
                    <LabelStyle>
                        <color>00ffffff</color>
                        <scale>0.0</scale>
                    </LabelStyle>
                </Style>
                <Point>
                    <coordinates>5.68856961047366,50.87722958897908</coordinates>
                </Point>
            </Placemark>
            <Placemark id="religieuserfgoed.1303">
                <name>St.-Antonius van Padua kerk</name>
                <description>&lt;h4&gt;religieuserfgoed&lt;/h4&gt;

&lt;ul class="textattributes"&gt;
  &lt;li&gt;&lt;strong&gt;&lt;span class="atr-name"&gt;ogc_fid&lt;/span&gt;:&lt;/strong&gt; &lt;span class="atr-value"&gt;1303&lt;/span&gt;&lt;/li&gt;
  &lt;li&gt;&lt;strong&gt;&lt;span class="atr-name"&gt;rijksmonum&lt;/span&gt;:&lt;/strong&gt; &lt;span class="atr-value"&gt;28078&lt;/span&gt;&lt;/li&gt;
  &lt;li&gt;&lt;strong&gt;&lt;span class="atr-name"&gt;rd_x&lt;/span&gt;:&lt;/strong&gt; &lt;span class="atr-value"&gt;178726.3&lt;/span&gt;&lt;/li&gt;
  &lt;li&gt;&lt;strong&gt;&lt;span class="atr-name"&gt;rd_y&lt;/span&gt;:&lt;/strong&gt; &lt;span class="atr-value"&gt;317675.2&lt;/span&gt;&lt;/li&gt;
  &lt;li&gt;&lt;strong&gt;&lt;span class="atr-name"&gt;legenda&lt;/span&gt;:&lt;/strong&gt; &lt;span class="atr-value"&gt;Kerk&lt;/span&gt;&lt;/li&gt;
  &lt;li&gt;&lt;strong&gt;&lt;span class="atr-name"&gt;naam&lt;/span&gt;:&lt;/strong&gt; &lt;span class="atr-value"&gt;St.-Antonius van Padua kerk&lt;/span&gt;&lt;/li&gt;
  &lt;li&gt;&lt;strong&gt;&lt;span class="atr-name"&gt;plaats&lt;/span&gt;:&lt;/strong&gt; &lt;span class="atr-value"&gt;Maastricht&lt;/span&gt;&lt;/li&gt;
  &lt;li&gt;&lt;strong&gt;&lt;span class="atr-name"&gt;foto_thumb&lt;/span&gt;:&lt;/strong&gt; &lt;span class="atr-value"&gt;https://images.memorix.nl/rce/thumb/350x350/e7e429c5-5f96-cfc6-8013-b55c7441b18f.jpg&lt;/span&gt;&lt;/li&gt;
  &lt;li&gt;&lt;strong&gt;&lt;span class="atr-name"&gt;foto_groot&lt;/span&gt;:&lt;/strong&gt; &lt;span class="atr-value"&gt;https://images.memorix.nl/rce/thumb/fullsize/e7e429c5-5f96-cfc6-8013-b55c7441b18f.jpg&lt;/span&gt;&lt;/li&gt;
  &lt;li&gt;&lt;strong&gt;&lt;span class="atr-name"&gt;fotograaf&lt;/span&gt;:&lt;/strong&gt; &lt;span class="atr-value"&gt;Frans Kabel (beeldbank RCE)&lt;/span&gt;&lt;/li&gt;
  &lt;li&gt;&lt;strong&gt;&lt;span class="atr-name"&gt;architect&lt;/span&gt;:&lt;/strong&gt; &lt;span class="atr-value"&gt;Swinkels, A.&lt;/span&gt;&lt;/li&gt;
  &lt;li&gt;&lt;strong&gt;&lt;span class="atr-name"&gt;hoofd_beg&lt;/span&gt;:&lt;/strong&gt; &lt;span class="atr-value"&gt;1936-&lt;/span&gt;&lt;/li&gt;
  &lt;li&gt;&lt;strong&gt;&lt;span class="atr-name"&gt;hoofd_eind&lt;/span&gt;:&lt;/strong&gt; &lt;span class="atr-value"&gt;1938&lt;/span&gt;&lt;/li&gt;
  
  &lt;li&gt;&lt;strong&gt;&lt;span class="atr-name"&gt;voorg_eind&lt;/span&gt;:&lt;/strong&gt; &lt;span class="atr-value"&gt;0&lt;/span&gt;&lt;/li&gt;
  &lt;li&gt;&lt;strong&gt;&lt;span class="atr-name"&gt;denominat&lt;/span&gt;:&lt;/strong&gt; &lt;span class="atr-value"&gt;Rooms-Katholieke Kerk in Nederland&lt;/span&gt;&lt;/li&gt;
  &lt;li&gt;&lt;strong&gt;&lt;span class="atr-name"&gt;huidigfunc&lt;/span&gt;:&lt;/strong&gt; &lt;span class="atr-value"&gt;Religieus&lt;/span&gt;&lt;/li&gt;
  &lt;li&gt;&lt;strong&gt;&lt;span class="atr-name"&gt;rmon_url&lt;/span&gt;:&lt;/strong&gt; &lt;span class="atr-value"&gt;https://monumentenregister.cultureelerfgoed.nl/monumenten/28078&lt;/span&gt;&lt;/li&gt;
  
&lt;/ul&gt;
</description>
                <LookAt>
                    <longitude>5.724082167745266</longitude>
                    <latitude>50.84842301216624</latitude>
                    <altitude>0.0</altitude>
                    <heading>0.0</heading>
                    <tilt>0.0</tilt>
                    <range>0.0</range>
                    <altitudeMode>clampToGround</altitudeMode>
                </LookAt>
                <Style>
                    <IconStyle>
                        <scale>4.125</scale>
                        <heading>0.0</heading>
                        <Icon>
                            <href>https://services.rce.geovoorziening.nl/kml/icon/Landschapsatlas_religieuserfgoed_kerken_style?0.0.0=&amp;0.1.0=&amp;0.1.1=</href>
                        </Icon>
                    </IconStyle>
                    <LabelStyle>
                        <color>00ffffff</color>
                        <scale>0.0</scale>
                    </LabelStyle>
                </Style>
                <Point>
                    <coordinates>5.724082167745256,50.848423012166236</coordinates>
                </Point>
            </Placemark>
            <Placemark id="religieuserfgoed.1304">
                <name>St.-Marinuskerk</name>
                <description>&lt;h4&gt;religieuserfgoed&lt;/h4&gt;

&lt;ul class="textattributes"&gt;
  &lt;li&gt;&lt;strong&gt;&lt;span class="atr-name"&gt;ogc_fid&lt;/span&gt;:&lt;/strong&gt; &lt;span class="atr-value"&gt;1304&lt;/span&gt;&lt;/li&gt;
  &lt;li&gt;&lt;strong&gt;&lt;span class="atr-name"&gt;rijksmonum&lt;/span&gt;:&lt;/strong&gt; &lt;span class="atr-value"&gt;28079&lt;/span&gt;&lt;/li&gt;
  &lt;li&gt;&lt;strong&gt;&lt;span class="atr-name"&gt;rd_x&lt;/span&gt;:&lt;/strong&gt; &lt;span class="atr-value"&gt;176981.0&lt;/span&gt;&lt;/li&gt;
  &lt;li&gt;&lt;strong&gt;&lt;span class="atr-name"&gt;rd_y&lt;/span&gt;:&lt;/strong&gt; &lt;span class="atr-value"&gt;323254.0&lt;/span&gt;&lt;/li&gt;
  &lt;li&gt;&lt;strong&gt;&lt;span class="atr-name"&gt;legenda&lt;/span&gt;:&lt;/strong&gt; &lt;span class="atr-value"&gt;Kerk&lt;/span&gt;&lt;/li&gt;
  &lt;li&gt;&lt;strong&gt;&lt;span class="atr-name"&gt;naam&lt;/span&gt;:&lt;/strong&gt; &lt;span class="atr-value"&gt;St.-Marinuskerk&lt;/span&gt;&lt;/li&gt;
  &lt;li&gt;&lt;strong&gt;&lt;span class="atr-name"&gt;plaats&lt;/span&gt;:&lt;/strong&gt; &lt;span class="atr-value"&gt;Itteren&lt;/span&gt;&lt;/li&gt;
  &lt;li&gt;&lt;strong&gt;&lt;span class="atr-name"&gt;foto_thumb&lt;/span&gt;:&lt;/strong&gt; &lt;span class="atr-value"&gt;https://images.memorix.nl/rce/thumb/350x350/ea10adba-b3b2-8c8e-9e22-ad9e6eccb6b6.jpg&lt;/span&gt;&lt;/li&gt;
  &lt;li&gt;&lt;strong&gt;&lt;span class="atr-name"&gt;foto_groot&lt;/span&gt;:&lt;/strong&gt; &lt;span class="atr-value"&gt;https://images.memorix.nl/rce/thumb/fullsize/ea10adba-b3b2-8c8e-9e22-ad9e6eccb6b6.jpg&lt;/span&gt;&lt;/li&gt;
  &lt;li&gt;&lt;strong&gt;&lt;span class="atr-name"&gt;fotograaf&lt;/span&gt;:&lt;/strong&gt; &lt;span class="atr-value"&gt;G.J. Dukker (beeldbank RCE)&lt;/span&gt;&lt;/li&gt;
  &lt;li&gt;&lt;strong&gt;&lt;span class="atr-name"&gt;architect&lt;/span&gt;:&lt;/strong&gt; &lt;span class="atr-value"&gt;Soiron, M.&lt;/span&gt;&lt;/li&gt;
  
  &lt;li&gt;&lt;strong&gt;&lt;span class="atr-name"&gt;hoofd_eind&lt;/span&gt;:&lt;/strong&gt; &lt;span class="atr-value"&gt;1784&lt;/span&gt;&lt;/li&gt;
  
  &lt;li&gt;&lt;strong&gt;&lt;span class="atr-name"&gt;voorg_eind&lt;/span&gt;:&lt;/strong&gt; &lt;span class="atr-value"&gt;0&lt;/span&gt;&lt;/li&gt;
  &lt;li&gt;&lt;strong&gt;&lt;span class="atr-name"&gt;denominat&lt;/span&gt;:&lt;/strong&gt; &lt;span class="atr-value"&gt;Rooms-Katholieke Kerk in Nederland&lt;/span&gt;&lt;/li&gt;
  &lt;li&gt;&lt;strong&gt;&lt;span class="atr-name"&gt;huidigfunc&lt;/span&gt;:&lt;/strong&gt; &lt;span class="atr-value"&gt;Religieus&lt;/span&gt;&lt;/li&gt;
  &lt;li&gt;&lt;strong&gt;&lt;span class="atr-name"&gt;rmon_url&lt;/span&gt;:&lt;/strong&gt; &lt;span class="atr-value"&gt;https://monumentenregister.cultureelerfgoed.nl/monumenten/28079&lt;/span&gt;&lt;/li&gt;
  
&lt;/ul&gt;
</description>
                <LookAt>
                    <longitude>5.699639805605074</longitude>
                    <latitude>50.898638579307054</latitude>
                    <altitude>0.0</altitude>
                    <heading>0.0</heading>
                    <tilt>0.0</tilt>
                    <range>0.0</range>
                    <altitudeMode>clampToGround</altitudeMode>
                </LookAt>
                <Style>
                    <IconStyle>
                        <scale>4.125</scale>
                        <heading>0.0</heading>
                        <Icon>
                            <href>https://services.rce.geovoorziening.nl/kml/icon/Landschapsatlas_religieuserfgoed_kerken_style?0.0.0=&amp;0.1.0=&amp;0.1.1=</href>
                        </Icon>
                    </IconStyle>
                    <LabelStyle>
                        <color>00ffffff</color>
                        <scale>0.0</scale>
                    </LabelStyle>
                </Style>
                <Point>
                    <coordinates>5.699639805605071,50.89863857930706</coordinates>
                </Point>
            </Placemark>
            <Placemark id="religieuserfgoed.1344">
                <name>Nederlands Hervormde Kerk</name>
                <description>&lt;h4&gt;religieuserfgoed&lt;/h4&gt;

&lt;ul class="textattributes"&gt;
  &lt;li&gt;&lt;strong&gt;&lt;span class="atr-name"&gt;ogc_fid&lt;/span&gt;:&lt;/strong&gt; &lt;span class="atr-value"&gt;1344&lt;/span&gt;&lt;/li&gt;
  &lt;li&gt;&lt;strong&gt;&lt;span class="atr-name"&gt;rijksmonum&lt;/span&gt;:&lt;/strong&gt; &lt;span class="atr-value"&gt;28445&lt;/span&gt;&lt;/li&gt;
  &lt;li&gt;&lt;strong&gt;&lt;span class="atr-name"&gt;rd_x&lt;/span&gt;:&lt;/strong&gt; &lt;span class="atr-value"&gt;180985.1&lt;/span&gt;&lt;/li&gt;
  &lt;li&gt;&lt;strong&gt;&lt;span class="atr-name"&gt;rd_y&lt;/span&gt;:&lt;/strong&gt; &lt;span class="atr-value"&gt;321640.5&lt;/span&gt;&lt;/li&gt;
  &lt;li&gt;&lt;strong&gt;&lt;span class="atr-name"&gt;legenda&lt;/span&gt;:&lt;/strong&gt; &lt;span class="atr-value"&gt;Kerk&lt;/span&gt;&lt;/li&gt;
  &lt;li&gt;&lt;strong&gt;&lt;span class="atr-name"&gt;naam&lt;/span&gt;:&lt;/strong&gt; &lt;span class="atr-value"&gt;Nederlands Hervormde Kerk&lt;/span&gt;&lt;/li&gt;
  &lt;li&gt;&lt;strong&gt;&lt;span class="atr-name"&gt;plaats&lt;/span&gt;:&lt;/strong&gt; &lt;span class="atr-value"&gt;Meerssen&lt;/span&gt;&lt;/li&gt;
  &lt;li&gt;&lt;strong&gt;&lt;span class="atr-name"&gt;foto_thumb&lt;/span&gt;:&lt;/strong&gt; &lt;span class="atr-value"&gt;https://images.memorix.nl/rce/thumb/350x350/906dd481-77b2-1230-70f0-499e4cdaa70b.jpg&lt;/span&gt;&lt;/li&gt;
  &lt;li&gt;&lt;strong&gt;&lt;span class="atr-name"&gt;foto_groot&lt;/span&gt;:&lt;/strong&gt; &lt;span class="atr-value"&gt;https://images.memorix.nl/rce/thumb/fullsize/906dd481-77b2-1230-70f0-499e4cdaa70b.jpg&lt;/span&gt;&lt;/li&gt;
  &lt;li&gt;&lt;strong&gt;&lt;span class="atr-name"&gt;fotograaf&lt;/span&gt;:&lt;/strong&gt; &lt;span class="atr-value"&gt;Joris Brinkkemper (beeldbank RCE)&lt;/span&gt;&lt;/li&gt;
  &lt;li&gt;&lt;strong&gt;&lt;span class="atr-name"&gt;architect&lt;/span&gt;:&lt;/strong&gt; &lt;span class="atr-value"&gt;onbekend&lt;/span&gt;&lt;/li&gt;
  &lt;li&gt;&lt;strong&gt;&lt;span class="atr-name"&gt;hoofd_beg&lt;/span&gt;:&lt;/strong&gt; &lt;span class="atr-value"&gt;1836-&lt;/span&gt;&lt;/li&gt;
  &lt;li&gt;&lt;strong&gt;&lt;span class="atr-name"&gt;hoofd_eind&lt;/span&gt;:&lt;/strong&gt; &lt;span class="atr-value"&gt;1837&lt;/span&gt;&lt;/li&gt;
  
  &lt;li&gt;&lt;strong&gt;&lt;span class="atr-name"&gt;voorg_eind&lt;/span&gt;:&lt;/strong&gt; &lt;span class="atr-value"&gt;0&lt;/span&gt;&lt;/li&gt;
  &lt;li&gt;&lt;strong&gt;&lt;span class="atr-name"&gt;denominat&lt;/span&gt;:&lt;/strong&gt; &lt;span class="atr-value"&gt;Nederlandse Hervormde Kerk&lt;/span&gt;&lt;/li&gt;
  &lt;li&gt;&lt;strong&gt;&lt;span class="atr-name"&gt;huidigfunc&lt;/span&gt;:&lt;/strong&gt; &lt;span class="atr-value"&gt;Religieus&lt;/span&gt;&lt;/li&gt;
  &lt;li&gt;&lt;strong&gt;&lt;span class="atr-name"&gt;rmon_url&lt;/span&gt;:&lt;/strong&gt; &lt;span class="atr-value"&gt;https://monumentenregister.cultureelerfgoed.nl/monumenten/28445&lt;/span&gt;&lt;/li&gt;
  
&lt;/ul&gt;
</description>
                <LookAt>
                    <longitude>5.756437795822478</longitude>
                    <latitude>50.88396767914778</latitude>
                    <altitude>0.0</altitude>
                    <heading>0.0</heading>
                    <tilt>0.0</tilt>
                    <range>0.0</range>
                    <altitudeMode>clampToGround</altitudeMode>
                </LookAt>
                <Style>
                    <IconStyle>
                        <scale>4.125</scale>
                        <heading>0.0</heading>
                        <Icon>
                            <href>https://services.rce.geovoorziening.nl/kml/icon/Landschapsatlas_religieuserfgoed_kerken_style?0.0.0=&amp;0.1.0=&amp;0.1.1=</href>
                        </Icon>
                    </IconStyle>
                    <LabelStyle>
                        <color>00ffffff</color>
                        <scale>0.0</scale>
                    </LabelStyle>
                </Style>
                <Point>
                    <coordinates>5.7564377958224835,50.88396767914779</coordinates>
                </Point>
            </Placemark>
            <Placemark id="religieuserfgoed.1345">
                <name>St.-Bartholomeuskerk</name>
                <description>&lt;h4&gt;religieuserfgoed&lt;/h4&gt;

&lt;ul class="textattributes"&gt;
  &lt;li&gt;&lt;strong&gt;&lt;span class="atr-name"&gt;ogc_fid&lt;/span&gt;:&lt;/strong&gt; &lt;span class="atr-value"&gt;1345&lt;/span&gt;&lt;/li&gt;
  &lt;li&gt;&lt;strong&gt;&lt;span class="atr-name"&gt;rijksmonum&lt;/span&gt;:&lt;/strong&gt; &lt;span class="atr-value"&gt;28446&lt;/span&gt;&lt;/li&gt;
  &lt;li&gt;&lt;strong&gt;&lt;span class="atr-name"&gt;rd_x&lt;/span&gt;:&lt;/strong&gt; &lt;span class="atr-value"&gt;180886.6&lt;/span&gt;&lt;/li&gt;
  &lt;li&gt;&lt;strong&gt;&lt;span class="atr-name"&gt;rd_y&lt;/span&gt;:&lt;/strong&gt; &lt;span class="atr-value"&gt;321612.4&lt;/span&gt;&lt;/li&gt;
  &lt;li&gt;&lt;strong&gt;&lt;span class="atr-name"&gt;legenda&lt;/span&gt;:&lt;/strong&gt; &lt;span class="atr-value"&gt;Kerk&lt;/span&gt;&lt;/li&gt;
  &lt;li&gt;&lt;strong&gt;&lt;span class="atr-name"&gt;naam&lt;/span&gt;:&lt;/strong&gt; &lt;span class="atr-value"&gt;St.-Bartholomeuskerk&lt;/span&gt;&lt;/li&gt;
  &lt;li&gt;&lt;strong&gt;&lt;span class="atr-name"&gt;plaats&lt;/span&gt;:&lt;/strong&gt; &lt;span class="atr-value"&gt;Meerssen&lt;/span&gt;&lt;/li&gt;
  &lt;li&gt;&lt;strong&gt;&lt;span class="atr-name"&gt;foto_thumb&lt;/span&gt;:&lt;/strong&gt; &lt;span class="atr-value"&gt;https://images.memorix.nl/rce/thumb/350x350/6e4c3a3d-c1eb-48a3-3206-34714f4dfe83.jpg&lt;/span&gt;&lt;/li&gt;
  &lt;li&gt;&lt;strong&gt;&lt;span class="atr-name"&gt;foto_groot&lt;/span&gt;:&lt;/strong&gt; &lt;span class="atr-value"&gt;https://images.memorix.nl/rce/thumb/fullsize/6e4c3a3d-c1eb-48a3-3206-34714f4dfe83.jpg&lt;/span&gt;&lt;/li&gt;
  &lt;li&gt;&lt;strong&gt;&lt;span class="atr-name"&gt;fotograaf&lt;/span&gt;:&lt;/strong&gt; &lt;span class="atr-value"&gt;Jos Stöver (beeldbank RCE)&lt;/span&gt;&lt;/li&gt;
  &lt;li&gt;&lt;strong&gt;&lt;span class="atr-name"&gt;architect&lt;/span&gt;:&lt;/strong&gt; &lt;span class="atr-value"&gt;onbekend&lt;/span&gt;&lt;/li&gt;
  &lt;li&gt;&lt;strong&gt;&lt;span class="atr-name"&gt;hoofd_beg&lt;/span&gt;:&lt;/strong&gt; &lt;span class="atr-value"&gt;1300-&lt;/span&gt;&lt;/li&gt;
  &lt;li&gt;&lt;strong&gt;&lt;span class="atr-name"&gt;hoofd_eind&lt;/span&gt;:&lt;/strong&gt; &lt;span class="atr-value"&gt;1400&lt;/span&gt;&lt;/li&gt;
  
  &lt;li&gt;&lt;strong&gt;&lt;span class="atr-name"&gt;voorg_eind&lt;/span&gt;:&lt;/strong&gt; &lt;span class="atr-value"&gt;0&lt;/span&gt;&lt;/li&gt;
  &lt;li&gt;&lt;strong&gt;&lt;span class="atr-name"&gt;denominat&lt;/span&gt;:&lt;/strong&gt; &lt;span class="atr-value"&gt;Rooms-Katholieke Kerk in Nederland&lt;/span&gt;&lt;/li&gt;
  &lt;li&gt;&lt;strong&gt;&lt;span class="atr-name"&gt;huidigfunc&lt;/span&gt;:&lt;/strong&gt; &lt;span class="atr-value"&gt;Religieus&lt;/span&gt;&lt;/li&gt;
  &lt;li&gt;&lt;strong&gt;&lt;span class="atr-name"&gt;rmon_url&lt;/span&gt;:&lt;/strong&gt; &lt;span class="atr-value"&gt;https://monumentenregister.cultureelerfgoed.nl/monumenten/28446&lt;/span&gt;&lt;/li&gt;
  
&lt;/ul&gt;
</description>
                <LookAt>
                    <longitude>5.755036166438501</longitude>
                    <latitude>50.88371955910881</latitude>
                    <altitude>0.0</altitude>
                    <heading>0.0</heading>
                    <tilt>0.0</tilt>
                    <range>0.0</range>
                    <altitudeMode>clampToGround</altitudeMode>
                </LookAt>
                <Style>
                    <IconStyle>
                        <scale>4.125</scale>
                        <heading>0.0</heading>
                        <Icon>
                            <href>https://services.rce.geovoorziening.nl/kml/icon/Landschapsatlas_religieuserfgoed_kerken_style?0.0.0=&amp;0.1.0=&amp;0.1.1=</href>
                        </Icon>
                    </IconStyle>
                    <LabelStyle>
                        <color>00ffffff</color>
                        <scale>0.0</scale>
                    </LabelStyle>
                </Style>
                <Point>
                    <coordinates>5.7550361664385035,50.88371955910881</coordinates>
                </Point>
            </Placemark>
            <Placemark id="religieuserfgoed.1347">
                <name>St.-Agneskerk</name>
                <description>&lt;h4&gt;religieuserfgoed&lt;/h4&gt;

&lt;ul class="textattributes"&gt;
  &lt;li&gt;&lt;strong&gt;&lt;span class="atr-name"&gt;ogc_fid&lt;/span&gt;:&lt;/strong&gt; &lt;span class="atr-value"&gt;1347&lt;/span&gt;&lt;/li&gt;
  &lt;li&gt;&lt;strong&gt;&lt;span class="atr-name"&gt;rijksmonum&lt;/span&gt;:&lt;/strong&gt; &lt;span class="atr-value"&gt;28468&lt;/span&gt;&lt;/li&gt;
  &lt;li&gt;&lt;strong&gt;&lt;span class="atr-name"&gt;rd_x&lt;/span&gt;:&lt;/strong&gt; &lt;span class="atr-value"&gt;179007.8&lt;/span&gt;&lt;/li&gt;
  &lt;li&gt;&lt;strong&gt;&lt;span class="atr-name"&gt;rd_y&lt;/span&gt;:&lt;/strong&gt; &lt;span class="atr-value"&gt;323125.4&lt;/span&gt;&lt;/li&gt;
  &lt;li&gt;&lt;strong&gt;&lt;span class="atr-name"&gt;legenda&lt;/span&gt;:&lt;/strong&gt; &lt;span class="atr-value"&gt;Kerk&lt;/span&gt;&lt;/li&gt;
  &lt;li&gt;&lt;strong&gt;&lt;span class="atr-name"&gt;naam&lt;/span&gt;:&lt;/strong&gt; &lt;span class="atr-value"&gt;St.-Agneskerk&lt;/span&gt;&lt;/li&gt;
  &lt;li&gt;&lt;strong&gt;&lt;span class="atr-name"&gt;plaats&lt;/span&gt;:&lt;/strong&gt; &lt;span class="atr-value"&gt;Bunde&lt;/span&gt;&lt;/li&gt;
  &lt;li&gt;&lt;strong&gt;&lt;span class="atr-name"&gt;foto_thumb&lt;/span&gt;:&lt;/strong&gt; &lt;span class="atr-value"&gt;https://images.memorix.nl/rce/thumb/350x350/e88b9077-ba57-a130-89d7-3f621fc9f958.jpg&lt;/span&gt;&lt;/li&gt;
  &lt;li&gt;&lt;strong&gt;&lt;span class="atr-name"&gt;foto_groot&lt;/span&gt;:&lt;/strong&gt; &lt;span class="atr-value"&gt;https://images.memorix.nl/rce/thumb/fullsize/e88b9077-ba57-a130-89d7-3f621fc9f958.jpg&lt;/span&gt;&lt;/li&gt;
  &lt;li&gt;&lt;strong&gt;&lt;span class="atr-name"&gt;fotograaf&lt;/span&gt;:&lt;/strong&gt; &lt;span class="atr-value"&gt;Joris Brinkkemper (beeldbank RCE)&lt;/span&gt;&lt;/li&gt;
  &lt;li&gt;&lt;strong&gt;&lt;span class="atr-name"&gt;architect&lt;/span&gt;:&lt;/strong&gt; &lt;span class="atr-value"&gt;Dumoulin, J.H.J.&lt;/span&gt;&lt;/li&gt;
  
  &lt;li&gt;&lt;strong&gt;&lt;span class="atr-name"&gt;hoofd_eind&lt;/span&gt;:&lt;/strong&gt; &lt;span class="atr-value"&gt;1842&lt;/span&gt;&lt;/li&gt;
  
  &lt;li&gt;&lt;strong&gt;&lt;span class="atr-name"&gt;voorg_eind&lt;/span&gt;:&lt;/strong&gt; &lt;span class="atr-value"&gt;1714&lt;/span&gt;&lt;/li&gt;
  &lt;li&gt;&lt;strong&gt;&lt;span class="atr-name"&gt;denominat&lt;/span&gt;:&lt;/strong&gt; &lt;span class="atr-value"&gt;Rooms-Katholieke Kerk in Nederland&lt;/span&gt;&lt;/li&gt;
  &lt;li&gt;&lt;strong&gt;&lt;span class="atr-name"&gt;huidigfunc&lt;/span&gt;:&lt;/strong&gt; &lt;span class="atr-value"&gt;Cultureel en maatschappelijk&lt;/span&gt;&lt;/li&gt;
  &lt;li&gt;&lt;strong&gt;&lt;span class="atr-name"&gt;rmon_url&lt;/span&gt;:&lt;/strong&gt; &lt;span class="atr-value"&gt;https://monumentenregister.cultureelerfgoed.nl/monumenten/28468&lt;/span&gt;&lt;/li&gt;
  
&lt;/ul&gt;
</description>
                <LookAt>
                    <longitude>5.72844000816599</longitude>
                    <latitude>50.89740122752851</latitude>
                    <altitude>0.0</altitude>
                    <heading>0.0</heading>
                    <tilt>0.0</tilt>
                    <range>0.0</range>
                    <altitudeMode>clampToGround</altitudeMode>
                </LookAt>
                <Style>
                    <IconStyle>
                        <scale>4.125</scale>
                        <heading>0.0</heading>
                        <Icon>
                            <href>https://services.rce.geovoorziening.nl/kml/icon/Landschapsatlas_religieuserfgoed_kerken_style?0.0.0=&amp;0.1.0=&amp;0.1.1=</href>
                        </Icon>
                    </IconStyle>
                    <LabelStyle>
                        <color>00ffffff</color>
                        <scale>0.0</scale>
                    </LabelStyle>
                </Style>
                <Point>
                    <coordinates>5.728440008165985,50.897401227528505</coordinates>
                </Point>
            </Placemark>
            <Placemark id="religieuserfgoed.1348">
                <name>St.-Martinuskerk</name>
                <description>&lt;h4&gt;religieuserfgoed&lt;/h4&gt;

&lt;ul class="textattributes"&gt;
  &lt;li&gt;&lt;strong&gt;&lt;span class="atr-name"&gt;ogc_fid&lt;/span&gt;:&lt;/strong&gt; &lt;span class="atr-value"&gt;1348&lt;/span&gt;&lt;/li&gt;
  &lt;li&gt;&lt;strong&gt;&lt;span class="atr-name"&gt;rijksmonum&lt;/span&gt;:&lt;/strong&gt; &lt;span class="atr-value"&gt;28476&lt;/span&gt;&lt;/li&gt;
  &lt;li&gt;&lt;strong&gt;&lt;span class="atr-name"&gt;rd_x&lt;/span&gt;:&lt;/strong&gt; &lt;span class="atr-value"&gt;179785.5&lt;/span&gt;&lt;/li&gt;
  &lt;li&gt;&lt;strong&gt;&lt;span class="atr-name"&gt;rd_y&lt;/span&gt;:&lt;/strong&gt; &lt;span class="atr-value"&gt;326505.8&lt;/span&gt;&lt;/li&gt;
  &lt;li&gt;&lt;strong&gt;&lt;span class="atr-name"&gt;legenda&lt;/span&gt;:&lt;/strong&gt; &lt;span class="atr-value"&gt;Kerk&lt;/span&gt;&lt;/li&gt;
  &lt;li&gt;&lt;strong&gt;&lt;span class="atr-name"&gt;naam&lt;/span&gt;:&lt;/strong&gt; &lt;span class="atr-value"&gt;St.-Martinuskerk&lt;/span&gt;&lt;/li&gt;
  &lt;li&gt;&lt;strong&gt;&lt;span class="atr-name"&gt;plaats&lt;/span&gt;:&lt;/strong&gt; &lt;span class="atr-value"&gt;Geulle&lt;/span&gt;&lt;/li&gt;
  &lt;li&gt;&lt;strong&gt;&lt;span class="atr-name"&gt;foto_thumb&lt;/span&gt;:&lt;/strong&gt; &lt;span class="atr-value"&gt;https://images.memorix.nl/rce/thumb/350x350/f1d1f910-bca2-9efe-cd42-90c13fecf779.jpg&lt;/span&gt;&lt;/li&gt;
  &lt;li&gt;&lt;strong&gt;&lt;span class="atr-name"&gt;foto_groot&lt;/span&gt;:&lt;/strong&gt; &lt;span class="atr-value"&gt;https://images.memorix.nl/rce/thumb/fullsize/f1d1f910-bca2-9efe-cd42-90c13fecf779.jpg&lt;/span&gt;&lt;/li&gt;
  &lt;li&gt;&lt;strong&gt;&lt;span class="atr-name"&gt;fotograaf&lt;/span&gt;:&lt;/strong&gt; &lt;span class="atr-value"&gt;Dennis Nijhuis (beeldbank RCE)&lt;/span&gt;&lt;/li&gt;
  &lt;li&gt;&lt;strong&gt;&lt;span class="atr-name"&gt;architect&lt;/span&gt;:&lt;/strong&gt; &lt;span class="atr-value"&gt;onbekend&lt;/span&gt;&lt;/li&gt;
  
  &lt;li&gt;&lt;strong&gt;&lt;span class="atr-name"&gt;hoofd_eind&lt;/span&gt;:&lt;/strong&gt; &lt;span class="atr-value"&gt;1626&lt;/span&gt;&lt;/li&gt;
  
  &lt;li&gt;&lt;strong&gt;&lt;span class="atr-name"&gt;voorg_eind&lt;/span&gt;:&lt;/strong&gt; &lt;span class="atr-value"&gt;0&lt;/span&gt;&lt;/li&gt;
  &lt;li&gt;&lt;strong&gt;&lt;span class="atr-name"&gt;denominat&lt;/span&gt;:&lt;/strong&gt; &lt;span class="atr-value"&gt;Rooms-Katholieke Kerk in Nederland&lt;/span&gt;&lt;/li&gt;
  &lt;li&gt;&lt;strong&gt;&lt;span class="atr-name"&gt;huidigfunc&lt;/span&gt;:&lt;/strong&gt; &lt;span class="atr-value"&gt;Religieus&lt;/span&gt;&lt;/li&gt;
  &lt;li&gt;&lt;strong&gt;&lt;span class="atr-name"&gt;rmon_url&lt;/span&gt;:&lt;/strong&gt; &lt;span class="atr-value"&gt;https://monumentenregister.cultureelerfgoed.nl/monumenten/28476&lt;/span&gt;&lt;/li&gt;
  
&lt;/ul&gt;
</description>
                <LookAt>
                    <longitude>5.739725440122356</longitude>
                    <latitude>50.92775331022939</latitude>
                    <altitude>0.0</altitude>
                    <heading>0.0</heading>
                    <tilt>0.0</tilt>
                    <range>0.0</range>
                    <altitudeMode>clampToGround</altitudeMode>
                </LookAt>
                <Style>
                    <IconStyle>
                        <scale>4.125</scale>
                        <heading>0.0</heading>
                        <Icon>
                            <href>https://services.rce.geovoorziening.nl/kml/icon/Landschapsatlas_religieuserfgoed_kerken_style?0.0.0=&amp;0.1.0=&amp;0.1.1=</href>
                        </Icon>
                    </IconStyle>
                    <LabelStyle>
                        <color>00ffffff</color>
                        <scale>0.0</scale>
                    </LabelStyle>
                </Style>
                <Point>
                    <coordinates>5.739725440122372,50.92775331022939</coordinates>
                </Point>
            </Placemark>
            <Placemark id="religieuserfgoed.1502">
                <name>St.-Stephanuskerk</name>
                <description>&lt;h4&gt;religieuserfgoed&lt;/h4&gt;

&lt;ul class="textattributes"&gt;
  &lt;li&gt;&lt;strong&gt;&lt;span class="atr-name"&gt;ogc_fid&lt;/span&gt;:&lt;/strong&gt; &lt;span class="atr-value"&gt;1502&lt;/span&gt;&lt;/li&gt;
  &lt;li&gt;&lt;strong&gt;&lt;span class="atr-name"&gt;rijksmonum&lt;/span&gt;:&lt;/strong&gt; &lt;span class="atr-value"&gt;30903&lt;/span&gt;&lt;/li&gt;
  &lt;li&gt;&lt;strong&gt;&lt;span class="atr-name"&gt;rd_x&lt;/span&gt;:&lt;/strong&gt; &lt;span class="atr-value"&gt;189945.4&lt;/span&gt;&lt;/li&gt;
  &lt;li&gt;&lt;strong&gt;&lt;span class="atr-name"&gt;rd_y&lt;/span&gt;:&lt;/strong&gt; &lt;span class="atr-value"&gt;323822.7&lt;/span&gt;&lt;/li&gt;
  &lt;li&gt;&lt;strong&gt;&lt;span class="atr-name"&gt;legenda&lt;/span&gt;:&lt;/strong&gt; &lt;span class="atr-value"&gt;Kerk&lt;/span&gt;&lt;/li&gt;
  &lt;li&gt;&lt;strong&gt;&lt;span class="atr-name"&gt;naam&lt;/span&gt;:&lt;/strong&gt; &lt;span class="atr-value"&gt;St.-Stephanuskerk&lt;/span&gt;&lt;/li&gt;
  &lt;li&gt;&lt;strong&gt;&lt;span class="atr-name"&gt;plaats&lt;/span&gt;:&lt;/strong&gt; &lt;span class="atr-value"&gt;Wijnandsrade&lt;/span&gt;&lt;/li&gt;
  &lt;li&gt;&lt;strong&gt;&lt;span class="atr-name"&gt;foto_thumb&lt;/span&gt;:&lt;/strong&gt; &lt;span class="atr-value"&gt;https://images.memorix.nl/rce/thumb/350x350/363cf3f7-394d-4d83-f78c-80dbf0a324a2.jpg&lt;/span&gt;&lt;/li&gt;
  &lt;li&gt;&lt;strong&gt;&lt;span class="atr-name"&gt;foto_groot&lt;/span&gt;:&lt;/strong&gt; &lt;span class="atr-value"&gt;https://images.memorix.nl/rce/thumb/fullsize/363cf3f7-394d-4d83-f78c-80dbf0a324a2.jpg&lt;/span&gt;&lt;/li&gt;
  &lt;li&gt;&lt;strong&gt;&lt;span class="atr-name"&gt;fotograaf&lt;/span&gt;:&lt;/strong&gt; &lt;span class="atr-value"&gt;Paul van Galen (beeldbank RCE)&lt;/span&gt;&lt;/li&gt;
  &lt;li&gt;&lt;strong&gt;&lt;span class="atr-name"&gt;architect&lt;/span&gt;:&lt;/strong&gt; &lt;span class="atr-value"&gt;onbekend&lt;/span&gt;&lt;/li&gt;
  
  &lt;li&gt;&lt;strong&gt;&lt;span class="atr-name"&gt;hoofd_eind&lt;/span&gt;:&lt;/strong&gt; &lt;span class="atr-value"&gt;1628&lt;/span&gt;&lt;/li&gt;
  &lt;li&gt;&lt;strong&gt;&lt;span class="atr-name"&gt;voorg_beg&lt;/span&gt;:&lt;/strong&gt; &lt;span class="atr-value"&gt;ME: ouder dan&lt;/span&gt;&lt;/li&gt;
  &lt;li&gt;&lt;strong&gt;&lt;span class="atr-name"&gt;voorg_eind&lt;/span&gt;:&lt;/strong&gt; &lt;span class="atr-value"&gt;1500&lt;/span&gt;&lt;/li&gt;
  &lt;li&gt;&lt;strong&gt;&lt;span class="atr-name"&gt;denominat&lt;/span&gt;:&lt;/strong&gt; &lt;span class="atr-value"&gt;Rooms-Katholieke Kerk in Nederland&lt;/span&gt;&lt;/li&gt;
  &lt;li&gt;&lt;strong&gt;&lt;span class="atr-name"&gt;huidigfunc&lt;/span&gt;:&lt;/strong&gt; &lt;span class="atr-value"&gt;Religieus&lt;/span&gt;&lt;/li&gt;
  &lt;li&gt;&lt;strong&gt;&lt;span class="atr-name"&gt;rmon_url&lt;/span&gt;:&lt;/strong&gt; &lt;span class="atr-value"&gt;https://monumentenregister.cultureelerfgoed.nl/monumenten/30903&lt;/span&gt;&lt;/li&gt;
  
&lt;/ul&gt;
</description>
                <LookAt>
                    <longitude>5.883966992231592</longitude>
                    <latitude>50.90310581950669</latitude>
                    <altitude>0.0</altitude>
                    <heading>0.0</heading>
                    <tilt>0.0</tilt>
                    <range>0.0</range>
                    <altitudeMode>clampToGround</altitudeMode>
                </LookAt>
                <Style>
                    <IconStyle>
                        <scale>4.125</scale>
                        <heading>0.0</heading>
                        <Icon>
                            <href>https://services.rce.geovoorziening.nl/kml/icon/Landschapsatlas_religieuserfgoed_kerken_style?0.0.0=&amp;0.1.0=&amp;0.1.1=</href>
                        </Icon>
                    </IconStyle>
                    <LabelStyle>
                        <color>00ffffff</color>
                        <scale>0.0</scale>
                    </LabelStyle>
                </Style>
                <Point>
                    <coordinates>5.883966992231604,50.90310581950669</coordinates>
                </Point>
            </Placemark>
            <Placemark id="religieuserfgoed.1503">
                <name>St.-Bavokerk</name>
                <description>&lt;h4&gt;religieuserfgoed&lt;/h4&gt;

&lt;ul class="textattributes"&gt;
  &lt;li&gt;&lt;strong&gt;&lt;span class="atr-name"&gt;ogc_fid&lt;/span&gt;:&lt;/strong&gt; &lt;span class="atr-value"&gt;1503&lt;/span&gt;&lt;/li&gt;
  &lt;li&gt;&lt;strong&gt;&lt;span class="atr-name"&gt;rijksmonum&lt;/span&gt;:&lt;/strong&gt; &lt;span class="atr-value"&gt;30917&lt;/span&gt;&lt;/li&gt;
  &lt;li&gt;&lt;strong&gt;&lt;span class="atr-name"&gt;rd_x&lt;/span&gt;:&lt;/strong&gt; &lt;span class="atr-value"&gt;189965.9&lt;/span&gt;&lt;/li&gt;
  &lt;li&gt;&lt;strong&gt;&lt;span class="atr-name"&gt;rd_y&lt;/span&gt;:&lt;/strong&gt; &lt;span class="atr-value"&gt;325584.5&lt;/span&gt;&lt;/li&gt;
  &lt;li&gt;&lt;strong&gt;&lt;span class="atr-name"&gt;legenda&lt;/span&gt;:&lt;/strong&gt; &lt;span class="atr-value"&gt;Kerk&lt;/span&gt;&lt;/li&gt;
  &lt;li&gt;&lt;strong&gt;&lt;span class="atr-name"&gt;naam&lt;/span&gt;:&lt;/strong&gt; &lt;span class="atr-value"&gt;St.-Bavokerk&lt;/span&gt;&lt;/li&gt;
  &lt;li&gt;&lt;strong&gt;&lt;span class="atr-name"&gt;plaats&lt;/span&gt;:&lt;/strong&gt; &lt;span class="atr-value"&gt;Nuth&lt;/span&gt;&lt;/li&gt;
  &lt;li&gt;&lt;strong&gt;&lt;span class="atr-name"&gt;foto_thumb&lt;/span&gt;:&lt;/strong&gt; &lt;span class="atr-value"&gt;https://images.memorix.nl/rce/thumb/350x350/d2070a71-21f2-e556-5001-d68fa11ba6fe.jpg&lt;/span&gt;&lt;/li&gt;
  &lt;li&gt;&lt;strong&gt;&lt;span class="atr-name"&gt;foto_groot&lt;/span&gt;:&lt;/strong&gt; &lt;span class="atr-value"&gt;https://images.memorix.nl/rce/thumb/fullsize/d2070a71-21f2-e556-5001-d68fa11ba6fe.jpg&lt;/span&gt;&lt;/li&gt;
  &lt;li&gt;&lt;strong&gt;&lt;span class="atr-name"&gt;fotograaf&lt;/span&gt;:&lt;/strong&gt; &lt;span class="atr-value"&gt;Joris Brinkkemper (beeldbank RCE)&lt;/span&gt;&lt;/li&gt;
  &lt;li&gt;&lt;strong&gt;&lt;span class="atr-name"&gt;architect&lt;/span&gt;:&lt;/strong&gt; &lt;span class="atr-value"&gt;Mefferdatis, L.&lt;/span&gt;&lt;/li&gt;
  
  &lt;li&gt;&lt;strong&gt;&lt;span class="atr-name"&gt;hoofd_eind&lt;/span&gt;:&lt;/strong&gt; &lt;span class="atr-value"&gt;1763&lt;/span&gt;&lt;/li&gt;
  &lt;li&gt;&lt;strong&gt;&lt;span class="atr-name"&gt;voorg_beg&lt;/span&gt;:&lt;/strong&gt; &lt;span class="atr-value"&gt;ME: ouder dan&lt;/span&gt;&lt;/li&gt;
  &lt;li&gt;&lt;strong&gt;&lt;span class="atr-name"&gt;voorg_eind&lt;/span&gt;:&lt;/strong&gt; &lt;span class="atr-value"&gt;1500&lt;/span&gt;&lt;/li&gt;
  &lt;li&gt;&lt;strong&gt;&lt;span class="atr-name"&gt;denominat&lt;/span&gt;:&lt;/strong&gt; &lt;span class="atr-value"&gt;Rooms-Katholieke Kerk in Nederland&lt;/span&gt;&lt;/li&gt;
  &lt;li&gt;&lt;strong&gt;&lt;span class="atr-name"&gt;huidigfunc&lt;/span&gt;:&lt;/strong&gt; &lt;span class="atr-value"&gt;Religieus&lt;/span&gt;&lt;/li&gt;
  &lt;li&gt;&lt;strong&gt;&lt;span class="atr-name"&gt;rmon_url&lt;/span&gt;:&lt;/strong&gt; &lt;span class="atr-value"&gt;https://monumentenregister.cultureelerfgoed.nl/monumenten/30917&lt;/span&gt;&lt;/li&gt;
  
&lt;/ul&gt;
</description>
                <LookAt>
                    <longitude>5.884428641299294</longitude>
                    <latitude>50.91894052701188</latitude>
                    <altitude>0.0</altitude>
                    <heading>0.0</heading>
                    <tilt>0.0</tilt>
                    <range>0.0</range>
                    <altitudeMode>clampToGround</altitudeMode>
                </LookAt>
                <Style>
                    <IconStyle>
                        <scale>4.125</scale>
                        <heading>0.0</heading>
                        <Icon>
                            <href>https://services.rce.geovoorziening.nl/kml/icon/Landschapsatlas_religieuserfgoed_kerken_style?0.0.0=&amp;0.1.0=&amp;0.1.1=</href>
                        </Icon>
                    </IconStyle>
                    <LabelStyle>
                        <color>00ffffff</color>
                        <scale>0.0</scale>
                    </LabelStyle>
                </Style>
                <Point>
                    <coordinates>5.884428641299279,50.91894052701188</coordinates>
                </Point>
            </Placemark>
            <Placemark id="religieuserfgoed.1740">
                <name>St.-Dionysiuskerk</name>
                <description>&lt;h4&gt;religieuserfgoed&lt;/h4&gt;

&lt;ul class="textattributes"&gt;
  &lt;li&gt;&lt;strong&gt;&lt;span class="atr-name"&gt;ogc_fid&lt;/span&gt;:&lt;/strong&gt; &lt;span class="atr-value"&gt;1740&lt;/span&gt;&lt;/li&gt;
  &lt;li&gt;&lt;strong&gt;&lt;span class="atr-name"&gt;rijksmonum&lt;/span&gt;:&lt;/strong&gt; &lt;span class="atr-value"&gt;33329&lt;/span&gt;&lt;/li&gt;
  &lt;li&gt;&lt;strong&gt;&lt;span class="atr-name"&gt;rd_x&lt;/span&gt;:&lt;/strong&gt; &lt;span class="atr-value"&gt;190249.0&lt;/span&gt;&lt;/li&gt;
  &lt;li&gt;&lt;strong&gt;&lt;span class="atr-name"&gt;rd_y&lt;/span&gt;:&lt;/strong&gt; &lt;span class="atr-value"&gt;328113.0&lt;/span&gt;&lt;/li&gt;
  &lt;li&gt;&lt;strong&gt;&lt;span class="atr-name"&gt;legenda&lt;/span&gt;:&lt;/strong&gt; &lt;span class="atr-value"&gt;Kerk&lt;/span&gt;&lt;/li&gt;
  &lt;li&gt;&lt;strong&gt;&lt;span class="atr-name"&gt;naam&lt;/span&gt;:&lt;/strong&gt; &lt;span class="atr-value"&gt;St.-Dionysiuskerk&lt;/span&gt;&lt;/li&gt;
  &lt;li&gt;&lt;strong&gt;&lt;span class="atr-name"&gt;plaats&lt;/span&gt;:&lt;/strong&gt; &lt;span class="atr-value"&gt;Schinnen&lt;/span&gt;&lt;/li&gt;
  &lt;li&gt;&lt;strong&gt;&lt;span class="atr-name"&gt;foto_thumb&lt;/span&gt;:&lt;/strong&gt; &lt;span class="atr-value"&gt;https://images.memorix.nl/rce/thumb/350x350/a6e11bce-9f7e-f37d-8c7a-3949b406fff1.jpg&lt;/span&gt;&lt;/li&gt;
  &lt;li&gt;&lt;strong&gt;&lt;span class="atr-name"&gt;foto_groot&lt;/span&gt;:&lt;/strong&gt; &lt;span class="atr-value"&gt;https://images.memorix.nl/rce/thumb/fullsize/a6e11bce-9f7e-f37d-8c7a-3949b406fff1.jpg&lt;/span&gt;&lt;/li&gt;
  &lt;li&gt;&lt;strong&gt;&lt;span class="atr-name"&gt;fotograaf&lt;/span&gt;:&lt;/strong&gt; &lt;span class="atr-value"&gt;Joris Brinkkemper (beeldbank RCE)&lt;/span&gt;&lt;/li&gt;
  &lt;li&gt;&lt;strong&gt;&lt;span class="atr-name"&gt;architect&lt;/span&gt;:&lt;/strong&gt; &lt;span class="atr-value"&gt;onbekend&lt;/span&gt;&lt;/li&gt;
  &lt;li&gt;&lt;strong&gt;&lt;span class="atr-name"&gt;hoofd_beg&lt;/span&gt;:&lt;/strong&gt; &lt;span class="atr-value"&gt;1100-&lt;/span&gt;&lt;/li&gt;
  &lt;li&gt;&lt;strong&gt;&lt;span class="atr-name"&gt;hoofd_eind&lt;/span&gt;:&lt;/strong&gt; &lt;span class="atr-value"&gt;1200&lt;/span&gt;&lt;/li&gt;
  
  &lt;li&gt;&lt;strong&gt;&lt;span class="atr-name"&gt;voorg_eind&lt;/span&gt;:&lt;/strong&gt; &lt;span class="atr-value"&gt;0&lt;/span&gt;&lt;/li&gt;
  &lt;li&gt;&lt;strong&gt;&lt;span class="atr-name"&gt;denominat&lt;/span&gt;:&lt;/strong&gt; &lt;span class="atr-value"&gt;Rooms-Katholieke Kerk in Nederland&lt;/span&gt;&lt;/li&gt;
  &lt;li&gt;&lt;strong&gt;&lt;span class="atr-name"&gt;huidigfunc&lt;/span&gt;:&lt;/strong&gt; &lt;span class="atr-value"&gt;Religieus&lt;/span&gt;&lt;/li&gt;
  &lt;li&gt;&lt;strong&gt;&lt;span class="atr-name"&gt;rmon_url&lt;/span&gt;:&lt;/strong&gt; &lt;span class="atr-value"&gt;https://monumentenregister.cultureelerfgoed.nl/monumenten/33329&lt;/span&gt;&lt;/li&gt;
  
&lt;/ul&gt;
</description>
                <LookAt>
                    <longitude>5.888700835967839</longitude>
                    <latitude>50.94165060417257</latitude>
                    <altitude>0.0</altitude>
                    <heading>0.0</heading>
                    <tilt>0.0</tilt>
                    <range>0.0</range>
                    <altitudeMode>clampToGround</altitudeMode>
                </LookAt>
                <Style>
                    <IconStyle>
                        <scale>4.125</scale>
                        <heading>0.0</heading>
                        <Icon>
                            <href>https://services.rce.geovoorziening.nl/kml/icon/Landschapsatlas_religieuserfgoed_kerken_style?0.0.0=&amp;0.1.0=&amp;0.1.1=</href>
                        </Icon>
                    </IconStyle>
                    <LabelStyle>
                        <color>00ffffff</color>
                        <scale>0.0</scale>
                    </LabelStyle>
                </Style>
                <Point>
                    <coordinates>5.888700835967843,50.94165060417257</coordinates>
                </Point>
            </Placemark>
            <Placemark id="religieuserfgoed.1741">
                <name>O.L. Vrouwe Onbevlekt Ontvangen kerk</name>
                <description>&lt;h4&gt;religieuserfgoed&lt;/h4&gt;

&lt;ul class="textattributes"&gt;
  &lt;li&gt;&lt;strong&gt;&lt;span class="atr-name"&gt;ogc_fid&lt;/span&gt;:&lt;/strong&gt; &lt;span class="atr-value"&gt;1741&lt;/span&gt;&lt;/li&gt;
  &lt;li&gt;&lt;strong&gt;&lt;span class="atr-name"&gt;rijksmonum&lt;/span&gt;:&lt;/strong&gt; &lt;span class="atr-value"&gt;33333&lt;/span&gt;&lt;/li&gt;
  &lt;li&gt;&lt;strong&gt;&lt;span class="atr-name"&gt;rd_x&lt;/span&gt;:&lt;/strong&gt; &lt;span class="atr-value"&gt;193035.2&lt;/span&gt;&lt;/li&gt;
  &lt;li&gt;&lt;strong&gt;&lt;span class="atr-name"&gt;rd_y&lt;/span&gt;:&lt;/strong&gt; &lt;span class="atr-value"&gt;327865.6&lt;/span&gt;&lt;/li&gt;
  &lt;li&gt;&lt;strong&gt;&lt;span class="atr-name"&gt;legenda&lt;/span&gt;:&lt;/strong&gt; &lt;span class="atr-value"&gt;Kerk&lt;/span&gt;&lt;/li&gt;
  &lt;li&gt;&lt;strong&gt;&lt;span class="atr-name"&gt;naam&lt;/span&gt;:&lt;/strong&gt; &lt;span class="atr-value"&gt;O.L. Vrouwe Onbevlekt Ontvangen kerk&lt;/span&gt;&lt;/li&gt;
  &lt;li&gt;&lt;strong&gt;&lt;span class="atr-name"&gt;plaats&lt;/span&gt;:&lt;/strong&gt; &lt;span class="atr-value"&gt;Amstenrade&lt;/span&gt;&lt;/li&gt;
  &lt;li&gt;&lt;strong&gt;&lt;span class="atr-name"&gt;foto_thumb&lt;/span&gt;:&lt;/strong&gt; &lt;span class="atr-value"&gt;https://upload.wikimedia.org/wikipedia/commons/1/1a/Amstenrade%2C_kerk_foto5_2011-09-27_16.28.JPG&lt;/span&gt;&lt;/li&gt;
  &lt;li&gt;&lt;strong&gt;&lt;span class="atr-name"&gt;foto_groot&lt;/span&gt;:&lt;/strong&gt; &lt;span class="atr-value"&gt;https://upload.wikimedia.org/wikipedia/commons/1/1a/Amstenrade%2C_kerk_foto5_2011-09-27_16.28.JPG&lt;/span&gt;&lt;/li&gt;
  &lt;li&gt;&lt;strong&gt;&lt;span class="atr-name"&gt;fotograaf&lt;/span&gt;:&lt;/strong&gt; &lt;span class="atr-value"&gt;Michielverbeek via Wikimedia Commons&lt;/span&gt;&lt;/li&gt;
  &lt;li&gt;&lt;strong&gt;&lt;span class="atr-name"&gt;architect&lt;/span&gt;:&lt;/strong&gt; &lt;span class="atr-value"&gt;Weber, C.E.M.H.A.F.&lt;/span&gt;&lt;/li&gt;
  &lt;li&gt;&lt;strong&gt;&lt;span class="atr-name"&gt;hoofd_beg&lt;/span&gt;:&lt;/strong&gt; &lt;span class="atr-value"&gt;1852-&lt;/span&gt;&lt;/li&gt;
  &lt;li&gt;&lt;strong&gt;&lt;span class="atr-name"&gt;hoofd_eind&lt;/span&gt;:&lt;/strong&gt; &lt;span class="atr-value"&gt;1856&lt;/span&gt;&lt;/li&gt;
  
  &lt;li&gt;&lt;strong&gt;&lt;span class="atr-name"&gt;voorg_eind&lt;/span&gt;:&lt;/strong&gt; &lt;span class="atr-value"&gt;0&lt;/span&gt;&lt;/li&gt;
  &lt;li&gt;&lt;strong&gt;&lt;span class="atr-name"&gt;denominat&lt;/span&gt;:&lt;/strong&gt; &lt;span class="atr-value"&gt;Rooms-Katholieke Kerk in Nederland&lt;/span&gt;&lt;/li&gt;
  &lt;li&gt;&lt;strong&gt;&lt;span class="atr-name"&gt;huidigfunc&lt;/span&gt;:&lt;/strong&gt; &lt;span class="atr-value"&gt;Religieus&lt;/span&gt;&lt;/li&gt;
  &lt;li&gt;&lt;strong&gt;&lt;span class="atr-name"&gt;rmon_url&lt;/span&gt;:&lt;/strong&gt; &lt;span class="atr-value"&gt;https://monumentenregister.cultureelerfgoed.nl/monumenten/33333&lt;/span&gt;&lt;/li&gt;
  
&lt;/ul&gt;
</description>
                <LookAt>
                    <longitude>5.928313561867824</longitude>
                    <latitude>50.93924833624545</latitude>
                    <altitude>0.0</altitude>
                    <heading>0.0</heading>
                    <tilt>0.0</tilt>
                    <range>0.0</range>
                    <altitudeMode>clampToGround</altitudeMode>
                </LookAt>
                <Style>
                    <IconStyle>
                        <scale>4.125</scale>
                        <heading>0.0</heading>
                        <Icon>
                            <href>https://services.rce.geovoorziening.nl/kml/icon/Landschapsatlas_religieuserfgoed_kerken_style?0.0.0=&amp;0.1.0=&amp;0.1.1=</href>
                        </Icon>
                    </IconStyle>
                    <LabelStyle>
                        <color>00ffffff</color>
                        <scale>0.0</scale>
                    </LabelStyle>
                </Style>
                <Point>
                    <coordinates>5.928313561867806,50.939248336245456</coordinates>
                </Point>
            </Placemark>
            <Placemark id="religieuserfgoed.1742">
                <name>St.-Lambertuskerk</name>
                <description>&lt;h4&gt;religieuserfgoed&lt;/h4&gt;

&lt;ul class="textattributes"&gt;
  &lt;li&gt;&lt;strong&gt;&lt;span class="atr-name"&gt;ogc_fid&lt;/span&gt;:&lt;/strong&gt; &lt;span class="atr-value"&gt;1742&lt;/span&gt;&lt;/li&gt;
  &lt;li&gt;&lt;strong&gt;&lt;span class="atr-name"&gt;rijksmonum&lt;/span&gt;:&lt;/strong&gt; &lt;span class="atr-value"&gt;33349&lt;/span&gt;&lt;/li&gt;
  &lt;li&gt;&lt;strong&gt;&lt;span class="atr-name"&gt;rd_x&lt;/span&gt;:&lt;/strong&gt; &lt;span class="atr-value"&gt;191574.5&lt;/span&gt;&lt;/li&gt;
  &lt;li&gt;&lt;strong&gt;&lt;span class="atr-name"&gt;rd_y&lt;/span&gt;:&lt;/strong&gt; &lt;span class="atr-value"&gt;329112.5&lt;/span&gt;&lt;/li&gt;
  &lt;li&gt;&lt;strong&gt;&lt;span class="atr-name"&gt;legenda&lt;/span&gt;:&lt;/strong&gt; &lt;span class="atr-value"&gt;Kerk&lt;/span&gt;&lt;/li&gt;
  &lt;li&gt;&lt;strong&gt;&lt;span class="atr-name"&gt;naam&lt;/span&gt;:&lt;/strong&gt; &lt;span class="atr-value"&gt;St.-Lambertuskerk&lt;/span&gt;&lt;/li&gt;
  &lt;li&gt;&lt;strong&gt;&lt;span class="atr-name"&gt;plaats&lt;/span&gt;:&lt;/strong&gt; &lt;span class="atr-value"&gt;Oirsbeek&lt;/span&gt;&lt;/li&gt;
  &lt;li&gt;&lt;strong&gt;&lt;span class="atr-name"&gt;foto_thumb&lt;/span&gt;:&lt;/strong&gt; &lt;span class="atr-value"&gt;https://images.memorix.nl/rce/thumb/350x350/403e6cbc-af35-cc51-88ba-d31f06458bcd.jpg&lt;/span&gt;&lt;/li&gt;
  &lt;li&gt;&lt;strong&gt;&lt;span class="atr-name"&gt;foto_groot&lt;/span&gt;:&lt;/strong&gt; &lt;span class="atr-value"&gt;https://images.memorix.nl/rce/thumb/fullsize/403e6cbc-af35-cc51-88ba-d31f06458bcd.jpg&lt;/span&gt;&lt;/li&gt;
  &lt;li&gt;&lt;strong&gt;&lt;span class="atr-name"&gt;fotograaf&lt;/span&gt;:&lt;/strong&gt; &lt;span class="atr-value"&gt;Joris Brinkkemper (beeldbank RCE)&lt;/span&gt;&lt;/li&gt;
  &lt;li&gt;&lt;strong&gt;&lt;span class="atr-name"&gt;architect&lt;/span&gt;:&lt;/strong&gt; &lt;span class="atr-value"&gt;onbekend&lt;/span&gt;&lt;/li&gt;
  
  &lt;li&gt;&lt;strong&gt;&lt;span class="atr-name"&gt;hoofd_eind&lt;/span&gt;:&lt;/strong&gt; &lt;span class="atr-value"&gt;1514&lt;/span&gt;&lt;/li&gt;
  
  &lt;li&gt;&lt;strong&gt;&lt;span class="atr-name"&gt;voorg_eind&lt;/span&gt;:&lt;/strong&gt; &lt;span class="atr-value"&gt;1830&lt;/span&gt;&lt;/li&gt;
  &lt;li&gt;&lt;strong&gt;&lt;span class="atr-name"&gt;denominat&lt;/span&gt;:&lt;/strong&gt; &lt;span class="atr-value"&gt;Rooms-Katholieke Kerk in Nederland&lt;/span&gt;&lt;/li&gt;
  &lt;li&gt;&lt;strong&gt;&lt;span class="atr-name"&gt;huidigfunc&lt;/span&gt;:&lt;/strong&gt; &lt;span class="atr-value"&gt;Religieus&lt;/span&gt;&lt;/li&gt;
  &lt;li&gt;&lt;strong&gt;&lt;span class="atr-name"&gt;rmon_url&lt;/span&gt;:&lt;/strong&gt; &lt;span class="atr-value"&gt;https://monumentenregister.cultureelerfgoed.nl/monumenten/33349&lt;/span&gt;&lt;/li&gt;
  
&lt;/ul&gt;
</description>
                <LookAt>
                    <longitude>5.907659730669437</longitude>
                    <latitude>50.95055136219994</latitude>
                    <altitude>0.0</altitude>
                    <heading>0.0</heading>
                    <tilt>0.0</tilt>
                    <range>0.0</range>
                    <altitudeMode>clampToGround</altitudeMode>
                </LookAt>
                <Style>
                    <IconStyle>
                        <scale>4.125</scale>
                        <heading>0.0</heading>
                        <Icon>
                            <href>https://services.rce.geovoorziening.nl/kml/icon/Landschapsatlas_religieuserfgoed_kerken_style?0.0.0=&amp;0.1.0=&amp;0.1.1=</href>
                        </Icon>
                    </IconStyle>
                    <LabelStyle>
                        <color>00ffffff</color>
                        <scale>0.0</scale>
                    </LabelStyle>
                </Style>
                <Point>
                    <coordinates>5.907659730669432,50.95055136219994</coordinates>
                </Point>
            </Placemark>
            <Placemark id="religieuserfgoed.1743">
                <name>St.-Dionysius en Odiliakerk</name>
                <description>&lt;h4&gt;religieuserfgoed&lt;/h4&gt;

&lt;ul class="textattributes"&gt;
  &lt;li&gt;&lt;strong&gt;&lt;span class="atr-name"&gt;ogc_fid&lt;/span&gt;:&lt;/strong&gt; &lt;span class="atr-value"&gt;1743&lt;/span&gt;&lt;/li&gt;
  &lt;li&gt;&lt;strong&gt;&lt;span class="atr-name"&gt;rijksmonum&lt;/span&gt;:&lt;/strong&gt; &lt;span class="atr-value"&gt;33369&lt;/span&gt;&lt;/li&gt;
  &lt;li&gt;&lt;strong&gt;&lt;span class="atr-name"&gt;rd_x&lt;/span&gt;:&lt;/strong&gt; &lt;span class="atr-value"&gt;187283.2&lt;/span&gt;&lt;/li&gt;
  &lt;li&gt;&lt;strong&gt;&lt;span class="atr-name"&gt;rd_y&lt;/span&gt;:&lt;/strong&gt; &lt;span class="atr-value"&gt;329388.7&lt;/span&gt;&lt;/li&gt;
  &lt;li&gt;&lt;strong&gt;&lt;span class="atr-name"&gt;legenda&lt;/span&gt;:&lt;/strong&gt; &lt;span class="atr-value"&gt;Kerk&lt;/span&gt;&lt;/li&gt;
  &lt;li&gt;&lt;strong&gt;&lt;span class="atr-name"&gt;naam&lt;/span&gt;:&lt;/strong&gt; &lt;span class="atr-value"&gt;St.-Dionysius en Odiliakerk&lt;/span&gt;&lt;/li&gt;
  &lt;li&gt;&lt;strong&gt;&lt;span class="atr-name"&gt;plaats&lt;/span&gt;:&lt;/strong&gt; &lt;span class="atr-value"&gt;Sweikhuizen&lt;/span&gt;&lt;/li&gt;
  &lt;li&gt;&lt;strong&gt;&lt;span class="atr-name"&gt;foto_thumb&lt;/span&gt;:&lt;/strong&gt; &lt;span class="atr-value"&gt;https://images.memorix.nl/rce/thumb/350x350/e3e5a95d-eb30-0a1a-87ee-7d045e696e44.jpg&lt;/span&gt;&lt;/li&gt;
  &lt;li&gt;&lt;strong&gt;&lt;span class="atr-name"&gt;foto_groot&lt;/span&gt;:&lt;/strong&gt; &lt;span class="atr-value"&gt;https://images.memorix.nl/rce/thumb/fullsize/e3e5a95d-eb30-0a1a-87ee-7d045e696e44.jpg&lt;/span&gt;&lt;/li&gt;
  &lt;li&gt;&lt;strong&gt;&lt;span class="atr-name"&gt;fotograaf&lt;/span&gt;:&lt;/strong&gt; &lt;span class="atr-value"&gt;J.H.A. Mialaret (beeldbank RCE)&lt;/span&gt;&lt;/li&gt;
  &lt;li&gt;&lt;strong&gt;&lt;span class="atr-name"&gt;architect&lt;/span&gt;:&lt;/strong&gt; &lt;span class="atr-value"&gt;Hagens &amp; Fabricius&lt;/span&gt;&lt;/li&gt;
  
  &lt;li&gt;&lt;strong&gt;&lt;span class="atr-name"&gt;hoofd_eind&lt;/span&gt;:&lt;/strong&gt; &lt;span class="atr-value"&gt;1739&lt;/span&gt;&lt;/li&gt;
  
  &lt;li&gt;&lt;strong&gt;&lt;span class="atr-name"&gt;voorg_eind&lt;/span&gt;:&lt;/strong&gt; &lt;span class="atr-value"&gt;0&lt;/span&gt;&lt;/li&gt;
  &lt;li&gt;&lt;strong&gt;&lt;span class="atr-name"&gt;denominat&lt;/span&gt;:&lt;/strong&gt; &lt;span class="atr-value"&gt;Rooms-Katholieke Kerk in Nederland&lt;/span&gt;&lt;/li&gt;
  &lt;li&gt;&lt;strong&gt;&lt;span class="atr-name"&gt;huidigfunc&lt;/span&gt;:&lt;/strong&gt; &lt;span class="atr-value"&gt;Religieus&lt;/span&gt;&lt;/li&gt;
  &lt;li&gt;&lt;strong&gt;&lt;span class="atr-name"&gt;rmon_url&lt;/span&gt;:&lt;/strong&gt; &lt;span class="atr-value"&gt;https://monumentenregister.cultureelerfgoed.nl/monumenten/33369&lt;/span&gt;&lt;/li&gt;
  
&lt;/ul&gt;
</description>
                <LookAt>
                    <longitude>5.846620580492498</longitude>
                    <latitude>50.95329242482493</latitude>
                    <altitude>0.0</altitude>
                    <heading>0.0</heading>
                    <tilt>0.0</tilt>
                    <range>0.0</range>
                    <altitudeMode>clampToGround</altitudeMode>
                </LookAt>
                <Style>
                    <IconStyle>
                        <scale>4.125</scale>
                        <heading>0.0</heading>
                        <Icon>
                            <href>https://services.rce.geovoorziening.nl/kml/icon/Landschapsatlas_religieuserfgoed_kerken_style?0.0.0=&amp;0.1.0=&amp;0.1.1=</href>
                        </Icon>
                    </IconStyle>
                    <LabelStyle>
                        <color>00ffffff</color>
                        <scale>0.0</scale>
                    </LabelStyle>
                </Style>
                <Point>
                    <coordinates>5.846620580492495,50.95329242482493</coordinates>
                </Point>
            </Placemark>
            <Placemark id="religieuserfgoed.1761">
                <name>St.-Remigiuskerk</name>
                <description>&lt;h4&gt;religieuserfgoed&lt;/h4&gt;

&lt;ul class="textattributes"&gt;
  &lt;li&gt;&lt;strong&gt;&lt;span class="atr-name"&gt;ogc_fid&lt;/span&gt;:&lt;/strong&gt; &lt;span class="atr-value"&gt;1761&lt;/span&gt;&lt;/li&gt;
  &lt;li&gt;&lt;strong&gt;&lt;span class="atr-name"&gt;rijksmonum&lt;/span&gt;:&lt;/strong&gt; &lt;span class="atr-value"&gt;33584&lt;/span&gt;&lt;/li&gt;
  &lt;li&gt;&lt;strong&gt;&lt;span class="atr-name"&gt;rd_x&lt;/span&gt;:&lt;/strong&gt; &lt;span class="atr-value"&gt;196910.3&lt;/span&gt;&lt;/li&gt;
  &lt;li&gt;&lt;strong&gt;&lt;span class="atr-name"&gt;rd_y&lt;/span&gt;:&lt;/strong&gt; &lt;span class="atr-value"&gt;316196.3&lt;/span&gt;&lt;/li&gt;
  &lt;li&gt;&lt;strong&gt;&lt;span class="atr-name"&gt;legenda&lt;/span&gt;:&lt;/strong&gt; &lt;span class="atr-value"&gt;Kerk&lt;/span&gt;&lt;/li&gt;
  &lt;li&gt;&lt;strong&gt;&lt;span class="atr-name"&gt;naam&lt;/span&gt;:&lt;/strong&gt; &lt;span class="atr-value"&gt;St.-Remigiuskerk&lt;/span&gt;&lt;/li&gt;
  &lt;li&gt;&lt;strong&gt;&lt;span class="atr-name"&gt;plaats&lt;/span&gt;:&lt;/strong&gt; &lt;span class="atr-value"&gt;Simpelveld&lt;/span&gt;&lt;/li&gt;
  &lt;li&gt;&lt;strong&gt;&lt;span class="atr-name"&gt;foto_thumb&lt;/span&gt;:&lt;/strong&gt; &lt;span class="atr-value"&gt;https://images.memorix.nl/rce/thumb/350x350/f9256418-5de8-ad91-1249-f6718e7fd528.jpg&lt;/span&gt;&lt;/li&gt;
  &lt;li&gt;&lt;strong&gt;&lt;span class="atr-name"&gt;foto_groot&lt;/span&gt;:&lt;/strong&gt; &lt;span class="atr-value"&gt;https://images.memorix.nl/rce/thumb/fullsize/f9256418-5de8-ad91-1249-f6718e7fd528.jpg&lt;/span&gt;&lt;/li&gt;
  &lt;li&gt;&lt;strong&gt;&lt;span class="atr-name"&gt;fotograaf&lt;/span&gt;:&lt;/strong&gt; &lt;span class="atr-value"&gt;Frans Kabel (beeldbank RCE)&lt;/span&gt;&lt;/li&gt;
  &lt;li&gt;&lt;strong&gt;&lt;span class="atr-name"&gt;architect&lt;/span&gt;:&lt;/strong&gt; &lt;span class="atr-value"&gt;Franssen, C.J.H.&lt;/span&gt;&lt;/li&gt;
  
  &lt;li&gt;&lt;strong&gt;&lt;span class="atr-name"&gt;hoofd_eind&lt;/span&gt;:&lt;/strong&gt; &lt;span class="atr-value"&gt;1921&lt;/span&gt;&lt;/li&gt;
  
  &lt;li&gt;&lt;strong&gt;&lt;span class="atr-name"&gt;voorg_eind&lt;/span&gt;:&lt;/strong&gt; &lt;span class="atr-value"&gt;0&lt;/span&gt;&lt;/li&gt;
  &lt;li&gt;&lt;strong&gt;&lt;span class="atr-name"&gt;denominat&lt;/span&gt;:&lt;/strong&gt; &lt;span class="atr-value"&gt;Rooms-Katholieke Kerk in Nederland&lt;/span&gt;&lt;/li&gt;
  &lt;li&gt;&lt;strong&gt;&lt;span class="atr-name"&gt;huidigfunc&lt;/span&gt;:&lt;/strong&gt; &lt;span class="atr-value"&gt;Religieus&lt;/span&gt;&lt;/li&gt;
  &lt;li&gt;&lt;strong&gt;&lt;span class="atr-name"&gt;rmon_url&lt;/span&gt;:&lt;/strong&gt; &lt;span class="atr-value"&gt;https://monumentenregister.cultureelerfgoed.nl/monumenten/33584&lt;/span&gt;&lt;/li&gt;
  
&lt;/ul&gt;
</description>
                <LookAt>
                    <longitude>5.982090839102071</longitude>
                    <latitude>50.834089309203044</latitude>
                    <altitude>0.0</altitude>
                    <heading>0.0</heading>
                    <tilt>0.0</tilt>
                    <range>0.0</range>
                    <altitudeMode>clampToGround</altitudeMode>
                </LookAt>
                <Style>
                    <IconStyle>
                        <scale>4.125</scale>
                        <heading>0.0</heading>
                        <Icon>
                            <href>https://services.rce.geovoorziening.nl/kml/icon/Landschapsatlas_religieuserfgoed_kerken_style?0.0.0=&amp;0.1.0=&amp;0.1.1=</href>
                        </Icon>
                    </IconStyle>
                    <LabelStyle>
                        <color>00ffffff</color>
                        <scale>0.0</scale>
                    </LabelStyle>
                </Style>
                <Point>
                    <coordinates>5.982090839102079,50.834089309203044</coordinates>
                </Point>
            </Placemark>
            <Placemark id="religieuserfgoed.1762">
                <name>St.-Jacobus de Meerdere kerk</name>
                <description>&lt;h4&gt;religieuserfgoed&lt;/h4&gt;

&lt;ul class="textattributes"&gt;
  &lt;li&gt;&lt;strong&gt;&lt;span class="atr-name"&gt;ogc_fid&lt;/span&gt;:&lt;/strong&gt; &lt;span class="atr-value"&gt;1762&lt;/span&gt;&lt;/li&gt;
  &lt;li&gt;&lt;strong&gt;&lt;span class="atr-name"&gt;rijksmonum&lt;/span&gt;:&lt;/strong&gt; &lt;span class="atr-value"&gt;33600&lt;/span&gt;&lt;/li&gt;
  &lt;li&gt;&lt;strong&gt;&lt;span class="atr-name"&gt;rd_x&lt;/span&gt;:&lt;/strong&gt; &lt;span class="atr-value"&gt;198667.4&lt;/span&gt;&lt;/li&gt;
  &lt;li&gt;&lt;strong&gt;&lt;span class="atr-name"&gt;rd_y&lt;/span&gt;:&lt;/strong&gt; &lt;span class="atr-value"&gt;314444.7&lt;/span&gt;&lt;/li&gt;
  &lt;li&gt;&lt;strong&gt;&lt;span class="atr-name"&gt;legenda&lt;/span&gt;:&lt;/strong&gt; &lt;span class="atr-value"&gt;Kerk&lt;/span&gt;&lt;/li&gt;
  &lt;li&gt;&lt;strong&gt;&lt;span class="atr-name"&gt;naam&lt;/span&gt;:&lt;/strong&gt; &lt;span class="atr-value"&gt;St.-Jacobus de Meerdere kerk&lt;/span&gt;&lt;/li&gt;
  &lt;li&gt;&lt;strong&gt;&lt;span class="atr-name"&gt;plaats&lt;/span&gt;:&lt;/strong&gt; &lt;span class="atr-value"&gt;Bocholtz&lt;/span&gt;&lt;/li&gt;
  &lt;li&gt;&lt;strong&gt;&lt;span class="atr-name"&gt;foto_thumb&lt;/span&gt;:&lt;/strong&gt; &lt;span class="atr-value"&gt;https://images.memorix.nl/rce/thumb/350x350/af054bb2-8c10-839e-6318-6cb6915078bf.jpg&lt;/span&gt;&lt;/li&gt;
  &lt;li&gt;&lt;strong&gt;&lt;span class="atr-name"&gt;foto_groot&lt;/span&gt;:&lt;/strong&gt; &lt;span class="atr-value"&gt;https://images.memorix.nl/rce/thumb/fullsize/af054bb2-8c10-839e-6318-6cb6915078bf.jpg&lt;/span&gt;&lt;/li&gt;
  &lt;li&gt;&lt;strong&gt;&lt;span class="atr-name"&gt;fotograaf&lt;/span&gt;:&lt;/strong&gt; &lt;span class="atr-value"&gt;Frans Kabel (beeldbank RCE)&lt;/span&gt;&lt;/li&gt;
  &lt;li&gt;&lt;strong&gt;&lt;span class="atr-name"&gt;architect&lt;/span&gt;:&lt;/strong&gt; &lt;span class="atr-value"&gt;Cuypers, P.J.H.&lt;/span&gt;&lt;/li&gt;
  &lt;li&gt;&lt;strong&gt;&lt;span class="atr-name"&gt;hoofd_beg&lt;/span&gt;:&lt;/strong&gt; &lt;span class="atr-value"&gt;1869-&lt;/span&gt;&lt;/li&gt;
  &lt;li&gt;&lt;strong&gt;&lt;span class="atr-name"&gt;hoofd_eind&lt;/span&gt;:&lt;/strong&gt; &lt;span class="atr-value"&gt;1873&lt;/span&gt;&lt;/li&gt;
  
  &lt;li&gt;&lt;strong&gt;&lt;span class="atr-name"&gt;voorg_eind&lt;/span&gt;:&lt;/strong&gt; &lt;span class="atr-value"&gt;1697&lt;/span&gt;&lt;/li&gt;
  &lt;li&gt;&lt;strong&gt;&lt;span class="atr-name"&gt;denominat&lt;/span&gt;:&lt;/strong&gt; &lt;span class="atr-value"&gt;Rooms-Katholieke Kerk in Nederland&lt;/span&gt;&lt;/li&gt;
  &lt;li&gt;&lt;strong&gt;&lt;span class="atr-name"&gt;huidigfunc&lt;/span&gt;:&lt;/strong&gt; &lt;span class="atr-value"&gt;Religieus&lt;/span&gt;&lt;/li&gt;
  &lt;li&gt;&lt;strong&gt;&lt;span class="atr-name"&gt;rmon_url&lt;/span&gt;:&lt;/strong&gt; &lt;span class="atr-value"&gt;https://monumentenregister.cultureelerfgoed.nl/monumenten/33600&lt;/span&gt;&lt;/li&gt;
  
&lt;/ul&gt;
</description>
                <LookAt>
                    <longitude>6.006820019240422</longitude>
                    <latitude>50.81821426712374</latitude>
                    <altitude>0.0</altitude>
                    <heading>0.0</heading>
                    <tilt>0.0</tilt>
                    <range>0.0</range>
                    <altitudeMode>clampToGround</altitudeMode>
                </LookAt>
                <Style>
                    <IconStyle>
                        <scale>4.125</scale>
                        <heading>0.0</heading>
                        <Icon>
                            <href>https://services.rce.geovoorziening.nl/kml/icon/Landschapsatlas_religieuserfgoed_kerken_style?0.0.0=&amp;0.1.0=&amp;0.1.1=</href>
                        </Icon>
                    </IconStyle>
                    <LabelStyle>
                        <color>00ffffff</color>
                        <scale>0.0</scale>
                    </LabelStyle>
                </Style>
                <Point>
                    <coordinates>6.006820019240415,50.81821426712373</coordinates>
                </Point>
            </Placemark>
            <Placemark id="religieuserfgoed.1772">
                <name>Nederlands Hervormde Kerk</name>
                <description>&lt;h4&gt;religieuserfgoed&lt;/h4&gt;

&lt;ul class="textattributes"&gt;
  &lt;li&gt;&lt;strong&gt;&lt;span class="atr-name"&gt;ogc_fid&lt;/span&gt;:&lt;/strong&gt; &lt;span class="atr-value"&gt;1772&lt;/span&gt;&lt;/li&gt;
  &lt;li&gt;&lt;strong&gt;&lt;span class="atr-name"&gt;rijksmonum&lt;/span&gt;:&lt;/strong&gt; &lt;span class="atr-value"&gt;33668&lt;/span&gt;&lt;/li&gt;
  &lt;li&gt;&lt;strong&gt;&lt;span class="atr-name"&gt;rd_x&lt;/span&gt;:&lt;/strong&gt; &lt;span class="atr-value"&gt;188845.1&lt;/span&gt;&lt;/li&gt;
  &lt;li&gt;&lt;strong&gt;&lt;span class="atr-name"&gt;rd_y&lt;/span&gt;:&lt;/strong&gt; &lt;span class="atr-value"&gt;334309.5&lt;/span&gt;&lt;/li&gt;
  &lt;li&gt;&lt;strong&gt;&lt;span class="atr-name"&gt;legenda&lt;/span&gt;:&lt;/strong&gt; &lt;span class="atr-value"&gt;Kerk&lt;/span&gt;&lt;/li&gt;
  &lt;li&gt;&lt;strong&gt;&lt;span class="atr-name"&gt;naam&lt;/span&gt;:&lt;/strong&gt; &lt;span class="atr-value"&gt;Nederlands Hervormde Kerk&lt;/span&gt;&lt;/li&gt;
  &lt;li&gt;&lt;strong&gt;&lt;span class="atr-name"&gt;plaats&lt;/span&gt;:&lt;/strong&gt; &lt;span class="atr-value"&gt;Sittard&lt;/span&gt;&lt;/li&gt;
  &lt;li&gt;&lt;strong&gt;&lt;span class="atr-name"&gt;foto_thumb&lt;/span&gt;:&lt;/strong&gt; &lt;span class="atr-value"&gt;https://images.memorix.nl/rce/thumb/350x350/aca5e71b-467e-4034-df50-058f0c29d5a5.jpg&lt;/span&gt;&lt;/li&gt;
  &lt;li&gt;&lt;strong&gt;&lt;span class="atr-name"&gt;foto_groot&lt;/span&gt;:&lt;/strong&gt; &lt;span class="atr-value"&gt;https://images.memorix.nl/rce/thumb/fullsize/aca5e71b-467e-4034-df50-058f0c29d5a5.jpg&lt;/span&gt;&lt;/li&gt;
  &lt;li&gt;&lt;strong&gt;&lt;span class="atr-name"&gt;fotograaf&lt;/span&gt;:&lt;/strong&gt; &lt;span class="atr-value"&gt;Joris Brinkkemper (beeldbank RCE)&lt;/span&gt;&lt;/li&gt;
  &lt;li&gt;&lt;strong&gt;&lt;span class="atr-name"&gt;architect&lt;/span&gt;:&lt;/strong&gt; &lt;span class="atr-value"&gt;onbekend&lt;/span&gt;&lt;/li&gt;
  &lt;li&gt;&lt;strong&gt;&lt;span class="atr-name"&gt;hoofd_beg&lt;/span&gt;:&lt;/strong&gt; &lt;span class="atr-value"&gt;1680-&lt;/span&gt;&lt;/li&gt;
  &lt;li&gt;&lt;strong&gt;&lt;span class="atr-name"&gt;hoofd_eind&lt;/span&gt;:&lt;/strong&gt; &lt;span class="atr-value"&gt;1681&lt;/span&gt;&lt;/li&gt;
  
  &lt;li&gt;&lt;strong&gt;&lt;span class="atr-name"&gt;voorg_eind&lt;/span&gt;:&lt;/strong&gt; &lt;span class="atr-value"&gt;1636&lt;/span&gt;&lt;/li&gt;
  &lt;li&gt;&lt;strong&gt;&lt;span class="atr-name"&gt;denominat&lt;/span&gt;:&lt;/strong&gt; &lt;span class="atr-value"&gt;Nederlandse Hervormde Kerk&lt;/span&gt;&lt;/li&gt;
  &lt;li&gt;&lt;strong&gt;&lt;span class="atr-name"&gt;huidigfunc&lt;/span&gt;:&lt;/strong&gt; &lt;span class="atr-value"&gt;Cultureel en maatschappelijk&lt;/span&gt;&lt;/li&gt;
  &lt;li&gt;&lt;strong&gt;&lt;span class="atr-name"&gt;rmon_url&lt;/span&gt;:&lt;/strong&gt; &lt;span class="atr-value"&gt;https://monumentenregister.cultureelerfgoed.nl/monumenten/33668&lt;/span&gt;&lt;/li&gt;
  
&lt;/ul&gt;
</description>
                <LookAt>
                    <longitude>5.8693089493695965</longitude>
                    <latitude>50.99743286863874</latitude>
                    <altitude>0.0</altitude>
                    <heading>0.0</heading>
                    <tilt>0.0</tilt>
                    <range>0.0</range>
                    <altitudeMode>clampToGround</altitudeMode>
                </LookAt>
                <Style>
                    <IconStyle>
                        <scale>4.125</scale>
                        <heading>0.0</heading>
                        <Icon>
                            <href>https://services.rce.geovoorziening.nl/kml/icon/Landschapsatlas_religieuserfgoed_kerken_style?0.0.0=&amp;0.1.0=&amp;0.1.1=</href>
                        </Icon>
                    </IconStyle>
                    <LabelStyle>
                        <color>00ffffff</color>
                        <scale>0.0</scale>
                    </LabelStyle>
                </Style>
                <Point>
                    <coordinates>5.869308949369595,50.99743286863873</coordinates>
                </Point>
            </Placemark>
            <Placemark id="religieuserfgoed.1773">
                <name>St.-Petrus' Stoel te Antiochië kerk</name>
                <description>&lt;h4&gt;religieuserfgoed&lt;/h4&gt;

&lt;ul class="textattributes"&gt;
  &lt;li&gt;&lt;strong&gt;&lt;span class="atr-name"&gt;ogc_fid&lt;/span&gt;:&lt;/strong&gt; &lt;span class="atr-value"&gt;1773&lt;/span&gt;&lt;/li&gt;
  &lt;li&gt;&lt;strong&gt;&lt;span class="atr-name"&gt;rijksmonum&lt;/span&gt;:&lt;/strong&gt; &lt;span class="atr-value"&gt;33678&lt;/span&gt;&lt;/li&gt;
  &lt;li&gt;&lt;strong&gt;&lt;span class="atr-name"&gt;rd_x&lt;/span&gt;:&lt;/strong&gt; &lt;span class="atr-value"&gt;188761.6&lt;/span&gt;&lt;/li&gt;
  &lt;li&gt;&lt;strong&gt;&lt;span class="atr-name"&gt;rd_y&lt;/span&gt;:&lt;/strong&gt; &lt;span class="atr-value"&gt;334449.5&lt;/span&gt;&lt;/li&gt;
  &lt;li&gt;&lt;strong&gt;&lt;span class="atr-name"&gt;legenda&lt;/span&gt;:&lt;/strong&gt; &lt;span class="atr-value"&gt;Kerk&lt;/span&gt;&lt;/li&gt;
  &lt;li&gt;&lt;strong&gt;&lt;span class="atr-name"&gt;naam&lt;/span&gt;:&lt;/strong&gt; &lt;span class="atr-value"&gt;St.-Petrus' Stoel te Antiochië kerk&lt;/span&gt;&lt;/li&gt;
  &lt;li&gt;&lt;strong&gt;&lt;span class="atr-name"&gt;plaats&lt;/span&gt;:&lt;/strong&gt; &lt;span class="atr-value"&gt;Sittard&lt;/span&gt;&lt;/li&gt;
  &lt;li&gt;&lt;strong&gt;&lt;span class="atr-name"&gt;foto_thumb&lt;/span&gt;:&lt;/strong&gt; &lt;span class="atr-value"&gt;https://images.memorix.nl/rce/thumb/350x350/b7f04fd8-cb6a-fed8-8364-7b48d7a15201.jpg&lt;/span&gt;&lt;/li&gt;
  &lt;li&gt;&lt;strong&gt;&lt;span class="atr-name"&gt;foto_groot&lt;/span&gt;:&lt;/strong&gt; &lt;span class="atr-value"&gt;https://images.memorix.nl/rce/thumb/fullsize/b7f04fd8-cb6a-fed8-8364-7b48d7a15201.jpg&lt;/span&gt;&lt;/li&gt;
  &lt;li&gt;&lt;strong&gt;&lt;span class="atr-name"&gt;fotograaf&lt;/span&gt;:&lt;/strong&gt; &lt;span class="atr-value"&gt;Joris Brinkkemper (beeldbank RCE)&lt;/span&gt;&lt;/li&gt;
  &lt;li&gt;&lt;strong&gt;&lt;span class="atr-name"&gt;architect&lt;/span&gt;:&lt;/strong&gt; &lt;span class="atr-value"&gt;onbekend&lt;/span&gt;&lt;/li&gt;
  &lt;li&gt;&lt;strong&gt;&lt;span class="atr-name"&gt;hoofd_beg&lt;/span&gt;:&lt;/strong&gt; &lt;span class="atr-value"&gt;1275-&lt;/span&gt;&lt;/li&gt;
  &lt;li&gt;&lt;strong&gt;&lt;span class="atr-name"&gt;hoofd_eind&lt;/span&gt;:&lt;/strong&gt; &lt;span class="atr-value"&gt;1300&lt;/span&gt;&lt;/li&gt;
  
  &lt;li&gt;&lt;strong&gt;&lt;span class="atr-name"&gt;voorg_eind&lt;/span&gt;:&lt;/strong&gt; &lt;span class="atr-value"&gt;0&lt;/span&gt;&lt;/li&gt;
  &lt;li&gt;&lt;strong&gt;&lt;span class="atr-name"&gt;denominat&lt;/span&gt;:&lt;/strong&gt; &lt;span class="atr-value"&gt;Rooms-Katholieke Kerk in Nederland&lt;/span&gt;&lt;/li&gt;
  &lt;li&gt;&lt;strong&gt;&lt;span class="atr-name"&gt;huidigfunc&lt;/span&gt;:&lt;/strong&gt; &lt;span class="atr-value"&gt;Religieus&lt;/span&gt;&lt;/li&gt;
  &lt;li&gt;&lt;strong&gt;&lt;span class="atr-name"&gt;rmon_url&lt;/span&gt;:&lt;/strong&gt; &lt;span class="atr-value"&gt;https://monumentenregister.cultureelerfgoed.nl/monumenten/33678&lt;/span&gt;&lt;/li&gt;
  
&lt;/ul&gt;
</description>
                <LookAt>
                    <longitude>5.868132685338381</longitude>
                    <latitude>50.99869620746253</latitude>
                    <altitude>0.0</altitude>
                    <heading>0.0</heading>
                    <tilt>0.0</tilt>
                    <range>0.0</range>
                    <altitudeMode>clampToGround</altitudeMode>
                </LookAt>
                <Style>
                    <IconStyle>
                        <scale>4.125</scale>
                        <heading>0.0</heading>
                        <Icon>
                            <href>https://services.rce.geovoorziening.nl/kml/icon/Landschapsatlas_religieuserfgoed_kerken_style?0.0.0=&amp;0.1.0=&amp;0.1.1=</href>
                        </Icon>
                    </IconStyle>
                    <LabelStyle>
                        <color>00ffffff</color>
                        <scale>0.0</scale>
                    </LabelStyle>
                </Style>
                <Point>
                    <coordinates>5.868132685338392,50.99869620746254</coordinates>
                </Point>
            </Placemark>
            <Placemark id="religieuserfgoed.1774">
                <name>St.-Michaëlskerk</name>
                <description>&lt;h4&gt;religieuserfgoed&lt;/h4&gt;

&lt;ul class="textattributes"&gt;
  &lt;li&gt;&lt;strong&gt;&lt;span class="atr-name"&gt;ogc_fid&lt;/span&gt;:&lt;/strong&gt; &lt;span class="atr-value"&gt;1774&lt;/span&gt;&lt;/li&gt;
  &lt;li&gt;&lt;strong&gt;&lt;span class="atr-name"&gt;rijksmonum&lt;/span&gt;:&lt;/strong&gt; &lt;span class="atr-value"&gt;33702&lt;/span&gt;&lt;/li&gt;
  &lt;li&gt;&lt;strong&gt;&lt;span class="atr-name"&gt;rd_x&lt;/span&gt;:&lt;/strong&gt; &lt;span class="atr-value"&gt;188947.5&lt;/span&gt;&lt;/li&gt;
  &lt;li&gt;&lt;strong&gt;&lt;span class="atr-name"&gt;rd_y&lt;/span&gt;:&lt;/strong&gt; &lt;span class="atr-value"&gt;334435.4&lt;/span&gt;&lt;/li&gt;
  &lt;li&gt;&lt;strong&gt;&lt;span class="atr-name"&gt;legenda&lt;/span&gt;:&lt;/strong&gt; &lt;span class="atr-value"&gt;Kerk&lt;/span&gt;&lt;/li&gt;
  &lt;li&gt;&lt;strong&gt;&lt;span class="atr-name"&gt;naam&lt;/span&gt;:&lt;/strong&gt; &lt;span class="atr-value"&gt;St.-Michaëlskerk&lt;/span&gt;&lt;/li&gt;
  &lt;li&gt;&lt;strong&gt;&lt;span class="atr-name"&gt;plaats&lt;/span&gt;:&lt;/strong&gt; &lt;span class="atr-value"&gt;Sittard&lt;/span&gt;&lt;/li&gt;
  &lt;li&gt;&lt;strong&gt;&lt;span class="atr-name"&gt;foto_thumb&lt;/span&gt;:&lt;/strong&gt; &lt;span class="atr-value"&gt;https://images.memorix.nl/rce/thumb/350x350/97206839-8abc-2a37-5ae9-afb77dc240c8.jpg&lt;/span&gt;&lt;/li&gt;
  &lt;li&gt;&lt;strong&gt;&lt;span class="atr-name"&gt;foto_groot&lt;/span&gt;:&lt;/strong&gt; &lt;span class="atr-value"&gt;https://images.memorix.nl/rce/thumb/fullsize/97206839-8abc-2a37-5ae9-afb77dc240c8.jpg&lt;/span&gt;&lt;/li&gt;
  &lt;li&gt;&lt;strong&gt;&lt;span class="atr-name"&gt;fotograaf&lt;/span&gt;:&lt;/strong&gt; &lt;span class="atr-value"&gt;Joris Brinkkemper (beeldbank RCE)&lt;/span&gt;&lt;/li&gt;
  &lt;li&gt;&lt;strong&gt;&lt;span class="atr-name"&gt;architect&lt;/span&gt;:&lt;/strong&gt; &lt;span class="atr-value"&gt;Mauritius, H.&lt;/span&gt;&lt;/li&gt;
  &lt;li&gt;&lt;strong&gt;&lt;span class="atr-name"&gt;hoofd_beg&lt;/span&gt;:&lt;/strong&gt; &lt;span class="atr-value"&gt;1659-&lt;/span&gt;&lt;/li&gt;
  &lt;li&gt;&lt;strong&gt;&lt;span class="atr-name"&gt;hoofd_eind&lt;/span&gt;:&lt;/strong&gt; &lt;span class="atr-value"&gt;1668&lt;/span&gt;&lt;/li&gt;
  
  &lt;li&gt;&lt;strong&gt;&lt;span class="atr-name"&gt;voorg_eind&lt;/span&gt;:&lt;/strong&gt; &lt;span class="atr-value"&gt;0&lt;/span&gt;&lt;/li&gt;
  &lt;li&gt;&lt;strong&gt;&lt;span class="atr-name"&gt;denominat&lt;/span&gt;:&lt;/strong&gt; &lt;span class="atr-value"&gt;Rooms-Katholieke Kerk in Nederland&lt;/span&gt;&lt;/li&gt;
  &lt;li&gt;&lt;strong&gt;&lt;span class="atr-name"&gt;huidigfunc&lt;/span&gt;:&lt;/strong&gt; &lt;span class="atr-value"&gt;Religieus&lt;/span&gt;&lt;/li&gt;
  &lt;li&gt;&lt;strong&gt;&lt;span class="atr-name"&gt;rmon_url&lt;/span&gt;:&lt;/strong&gt; &lt;span class="atr-value"&gt;https://monumentenregister.cultureelerfgoed.nl/monumenten/33702&lt;/span&gt;&lt;/li&gt;
  
&lt;/ul&gt;
</description>
                <LookAt>
                    <longitude>5.870779409065747</longitude>
                    <latitude>50.99855844578424</latitude>
                    <altitude>0.0</altitude>
                    <heading>0.0</heading>
                    <tilt>0.0</tilt>
                    <range>0.0</range>
                    <altitudeMode>clampToGround</altitudeMode>
                </LookAt>
                <Style>
                    <IconStyle>
                        <scale>4.125</scale>
                        <heading>0.0</heading>
                        <Icon>
                            <href>https://services.rce.geovoorziening.nl/kml/icon/Landschapsatlas_religieuserfgoed_kerken_style?0.0.0=&amp;0.1.0=&amp;0.1.1=</href>
                        </Icon>
                    </IconStyle>
                    <LabelStyle>
                        <color>00ffffff</color>
                        <scale>0.0</scale>
                    </LabelStyle>
                </Style>
                <Point>
                    <coordinates>5.870779409065749,50.998558445784234</coordinates>
                </Point>
            </Placemark>
            <Placemark id="religieuserfgoed.1775">
                <name>O.L. Vrouwe van het Heilig Hart kerk</name>
                <description>&lt;h4&gt;religieuserfgoed&lt;/h4&gt;

&lt;ul class="textattributes"&gt;
  &lt;li&gt;&lt;strong&gt;&lt;span class="atr-name"&gt;ogc_fid&lt;/span&gt;:&lt;/strong&gt; &lt;span class="atr-value"&gt;1775&lt;/span&gt;&lt;/li&gt;
  &lt;li&gt;&lt;strong&gt;&lt;span class="atr-name"&gt;rijksmonum&lt;/span&gt;:&lt;/strong&gt; &lt;span class="atr-value"&gt;33709&lt;/span&gt;&lt;/li&gt;
  &lt;li&gt;&lt;strong&gt;&lt;span class="atr-name"&gt;rd_x&lt;/span&gt;:&lt;/strong&gt; &lt;span class="atr-value"&gt;188909.4&lt;/span&gt;&lt;/li&gt;
  &lt;li&gt;&lt;strong&gt;&lt;span class="atr-name"&gt;rd_y&lt;/span&gt;:&lt;/strong&gt; &lt;span class="atr-value"&gt;334497.0&lt;/span&gt;&lt;/li&gt;
  &lt;li&gt;&lt;strong&gt;&lt;span class="atr-name"&gt;legenda&lt;/span&gt;:&lt;/strong&gt; &lt;span class="atr-value"&gt;Kerk&lt;/span&gt;&lt;/li&gt;
  &lt;li&gt;&lt;strong&gt;&lt;span class="atr-name"&gt;naam&lt;/span&gt;:&lt;/strong&gt; &lt;span class="atr-value"&gt;O.L. Vrouwe van het Heilig Hart kerk&lt;/span&gt;&lt;/li&gt;
  &lt;li&gt;&lt;strong&gt;&lt;span class="atr-name"&gt;plaats&lt;/span&gt;:&lt;/strong&gt; &lt;span class="atr-value"&gt;Sittard&lt;/span&gt;&lt;/li&gt;
  &lt;li&gt;&lt;strong&gt;&lt;span class="atr-name"&gt;foto_thumb&lt;/span&gt;:&lt;/strong&gt; &lt;span class="atr-value"&gt;https://images.memorix.nl/rce/thumb/350x350/f567866a-2b1b-4ae5-c913-a2d326475a76.jpg&lt;/span&gt;&lt;/li&gt;
  &lt;li&gt;&lt;strong&gt;&lt;span class="atr-name"&gt;foto_groot&lt;/span&gt;:&lt;/strong&gt; &lt;span class="atr-value"&gt;https://images.memorix.nl/rce/thumb/fullsize/f567866a-2b1b-4ae5-c913-a2d326475a76.jpg&lt;/span&gt;&lt;/li&gt;
  &lt;li&gt;&lt;strong&gt;&lt;span class="atr-name"&gt;fotograaf&lt;/span&gt;:&lt;/strong&gt; &lt;span class="atr-value"&gt;Arjan Bronkhorst (beeldbank RCE)&lt;/span&gt;&lt;/li&gt;
  &lt;li&gt;&lt;strong&gt;&lt;span class="atr-name"&gt;architect&lt;/span&gt;:&lt;/strong&gt; &lt;span class="atr-value"&gt;Kayser, J.H.J.&lt;/span&gt;&lt;/li&gt;
  &lt;li&gt;&lt;strong&gt;&lt;span class="atr-name"&gt;hoofd_beg&lt;/span&gt;:&lt;/strong&gt; &lt;span class="atr-value"&gt;1875-&lt;/span&gt;&lt;/li&gt;
  &lt;li&gt;&lt;strong&gt;&lt;span class="atr-name"&gt;hoofd_eind&lt;/span&gt;:&lt;/strong&gt; &lt;span class="atr-value"&gt;1879&lt;/span&gt;&lt;/li&gt;
  
  &lt;li&gt;&lt;strong&gt;&lt;span class="atr-name"&gt;voorg_eind&lt;/span&gt;:&lt;/strong&gt; &lt;span class="atr-value"&gt;0&lt;/span&gt;&lt;/li&gt;
  &lt;li&gt;&lt;strong&gt;&lt;span class="atr-name"&gt;denominat&lt;/span&gt;:&lt;/strong&gt; &lt;span class="atr-value"&gt;Rooms-Katholieke Kerk in Nederland&lt;/span&gt;&lt;/li&gt;
  &lt;li&gt;&lt;strong&gt;&lt;span class="atr-name"&gt;huidigfunc&lt;/span&gt;:&lt;/strong&gt; &lt;span class="atr-value"&gt;Religieus&lt;/span&gt;&lt;/li&gt;
  &lt;li&gt;&lt;strong&gt;&lt;span class="atr-name"&gt;rmon_url&lt;/span&gt;:&lt;/strong&gt; &lt;span class="atr-value"&gt;https://monumentenregister.cultureelerfgoed.nl/monumenten/33709&lt;/span&gt;&lt;/li&gt;
  
&lt;/ul&gt;
</description>
                <LookAt>
                    <longitude>5.870242493278738</longitude>
                    <latitude>50.99911440366658</latitude>
                    <altitude>0.0</altitude>
                    <heading>0.0</heading>
                    <tilt>0.0</tilt>
                    <range>0.0</range>
                    <altitudeMode>clampToGround</altitudeMode>
                </LookAt>
                <Style>
                    <IconStyle>
                        <scale>4.125</scale>
                        <heading>0.0</heading>
                        <Icon>
                            <href>https://services.rce.geovoorziening.nl/kml/icon/Landschapsatlas_religieuserfgoed_kerken_style?0.0.0=&amp;0.1.0=&amp;0.1.1=</href>
                        </Icon>
                    </IconStyle>
                    <LabelStyle>
                        <color>00ffffff</color>
                        <scale>0.0</scale>
                    </LabelStyle>
                </Style>
                <Point>
                    <coordinates>5.870242493278723,50.99911440366658</coordinates>
                </Point>
            </Placemark>
            <Placemark id="religieuserfgoed.1777">
                <name>St.-Salviuskerk</name>
                <description>&lt;h4&gt;religieuserfgoed&lt;/h4&gt;

&lt;ul class="textattributes"&gt;
  &lt;li&gt;&lt;strong&gt;&lt;span class="atr-name"&gt;ogc_fid&lt;/span&gt;:&lt;/strong&gt; &lt;span class="atr-value"&gt;1777&lt;/span&gt;&lt;/li&gt;
  &lt;li&gt;&lt;strong&gt;&lt;span class="atr-name"&gt;rijksmonum&lt;/span&gt;:&lt;/strong&gt; &lt;span class="atr-value"&gt;33753&lt;/span&gt;&lt;/li&gt;
  &lt;li&gt;&lt;strong&gt;&lt;span class="atr-name"&gt;rd_x&lt;/span&gt;:&lt;/strong&gt; &lt;span class="atr-value"&gt;186692.9&lt;/span&gt;&lt;/li&gt;
  &lt;li&gt;&lt;strong&gt;&lt;span class="atr-name"&gt;rd_y&lt;/span&gt;:&lt;/strong&gt; &lt;span class="atr-value"&gt;336327.8&lt;/span&gt;&lt;/li&gt;
  &lt;li&gt;&lt;strong&gt;&lt;span class="atr-name"&gt;legenda&lt;/span&gt;:&lt;/strong&gt; &lt;span class="atr-value"&gt;Kerk&lt;/span&gt;&lt;/li&gt;
  &lt;li&gt;&lt;strong&gt;&lt;span class="atr-name"&gt;naam&lt;/span&gt;:&lt;/strong&gt; &lt;span class="atr-value"&gt;St.-Salviuskerk&lt;/span&gt;&lt;/li&gt;
  &lt;li&gt;&lt;strong&gt;&lt;span class="atr-name"&gt;plaats&lt;/span&gt;:&lt;/strong&gt; &lt;span class="atr-value"&gt;Limbricht&lt;/span&gt;&lt;/li&gt;
  &lt;li&gt;&lt;strong&gt;&lt;span class="atr-name"&gt;foto_thumb&lt;/span&gt;:&lt;/strong&gt; &lt;span class="atr-value"&gt;https://images.memorix.nl/rce/thumb/350x350/389ce2a6-952c-4886-5eef-ea2c70344534.jpg&lt;/span&gt;&lt;/li&gt;
  &lt;li&gt;&lt;strong&gt;&lt;span class="atr-name"&gt;foto_groot&lt;/span&gt;:&lt;/strong&gt; &lt;span class="atr-value"&gt;https://images.memorix.nl/rce/thumb/fullsize/389ce2a6-952c-4886-5eef-ea2c70344534.jpg&lt;/span&gt;&lt;/li&gt;
  &lt;li&gt;&lt;strong&gt;&lt;span class="atr-name"&gt;fotograaf&lt;/span&gt;:&lt;/strong&gt; &lt;span class="atr-value"&gt;onbekend (beeldbank RCE)&lt;/span&gt;&lt;/li&gt;
  &lt;li&gt;&lt;strong&gt;&lt;span class="atr-name"&gt;architect&lt;/span&gt;:&lt;/strong&gt; &lt;span class="atr-value"&gt;onbekend&lt;/span&gt;&lt;/li&gt;
  &lt;li&gt;&lt;strong&gt;&lt;span class="atr-name"&gt;hoofd_beg&lt;/span&gt;:&lt;/strong&gt; &lt;span class="atr-value"&gt;1140-&lt;/span&gt;&lt;/li&gt;
  &lt;li&gt;&lt;strong&gt;&lt;span class="atr-name"&gt;hoofd_eind&lt;/span&gt;:&lt;/strong&gt; &lt;span class="atr-value"&gt;1160&lt;/span&gt;&lt;/li&gt;
  
  &lt;li&gt;&lt;strong&gt;&lt;span class="atr-name"&gt;voorg_eind&lt;/span&gt;:&lt;/strong&gt; &lt;span class="atr-value"&gt;0&lt;/span&gt;&lt;/li&gt;
  &lt;li&gt;&lt;strong&gt;&lt;span class="atr-name"&gt;denominat&lt;/span&gt;:&lt;/strong&gt; &lt;span class="atr-value"&gt;Rooms-Katholieke Kerk in Nederland&lt;/span&gt;&lt;/li&gt;
  &lt;li&gt;&lt;strong&gt;&lt;span class="atr-name"&gt;huidigfunc&lt;/span&gt;:&lt;/strong&gt; &lt;span class="atr-value"&gt;Religieus&lt;/span&gt;&lt;/li&gt;
  &lt;li&gt;&lt;strong&gt;&lt;span class="atr-name"&gt;rmon_url&lt;/span&gt;:&lt;/strong&gt; &lt;span class="atr-value"&gt;https://monumentenregister.cultureelerfgoed.nl/monumenten/33753&lt;/span&gt;&lt;/li&gt;
  
&lt;/ul&gt;
</description>
                <LookAt>
                    <longitude>5.83883030378162</longitude>
                    <latitude>51.01569801882845</latitude>
                    <altitude>0.0</altitude>
                    <heading>0.0</heading>
                    <tilt>0.0</tilt>
                    <range>0.0</range>
                    <altitudeMode>clampToGround</altitudeMode>
                </LookAt>
                <Style>
                    <IconStyle>
                        <scale>4.125</scale>
                        <heading>0.0</heading>
                        <Icon>
                            <href>https://services.rce.geovoorziening.nl/kml/icon/Landschapsatlas_religieuserfgoed_kerken_style?0.0.0=&amp;0.1.0=&amp;0.1.1=</href>
                        </Icon>
                    </IconStyle>
                    <LabelStyle>
                        <color>00ffffff</color>
                        <scale>0.0</scale>
                    </LabelStyle>
                </Style>
                <Point>
                    <coordinates>5.838830303781625,51.015698018828445</coordinates>
                </Point>
            </Placemark>
            <Placemark id="religieuserfgoed.1778">
                <name>St.-Pancratiuskerk</name>
                <description>&lt;h4&gt;religieuserfgoed&lt;/h4&gt;

&lt;ul class="textattributes"&gt;
  &lt;li&gt;&lt;strong&gt;&lt;span class="atr-name"&gt;ogc_fid&lt;/span&gt;:&lt;/strong&gt; &lt;span class="atr-value"&gt;1778&lt;/span&gt;&lt;/li&gt;
  &lt;li&gt;&lt;strong&gt;&lt;span class="atr-name"&gt;rijksmonum&lt;/span&gt;:&lt;/strong&gt; &lt;span class="atr-value"&gt;33766&lt;/span&gt;&lt;/li&gt;
  &lt;li&gt;&lt;strong&gt;&lt;span class="atr-name"&gt;rd_x&lt;/span&gt;:&lt;/strong&gt; &lt;span class="atr-value"&gt;188458.8&lt;/span&gt;&lt;/li&gt;
  &lt;li&gt;&lt;strong&gt;&lt;span class="atr-name"&gt;rd_y&lt;/span&gt;:&lt;/strong&gt; &lt;span class="atr-value"&gt;331683.5&lt;/span&gt;&lt;/li&gt;
  &lt;li&gt;&lt;strong&gt;&lt;span class="atr-name"&gt;legenda&lt;/span&gt;:&lt;/strong&gt; &lt;span class="atr-value"&gt;Kerk&lt;/span&gt;&lt;/li&gt;
  &lt;li&gt;&lt;strong&gt;&lt;span class="atr-name"&gt;naam&lt;/span&gt;:&lt;/strong&gt; &lt;span class="atr-value"&gt;St.-Pancratiuskerk&lt;/span&gt;&lt;/li&gt;
  &lt;li&gt;&lt;strong&gt;&lt;span class="atr-name"&gt;plaats&lt;/span&gt;:&lt;/strong&gt; &lt;span class="atr-value"&gt;Munstergeleen&lt;/span&gt;&lt;/li&gt;
  &lt;li&gt;&lt;strong&gt;&lt;span class="atr-name"&gt;foto_thumb&lt;/span&gt;:&lt;/strong&gt; &lt;span class="atr-value"&gt;https://images.memorix.nl/rce/thumb/350x350/28a42f9e-c9fa-56e9-0d96-6b187c8755f3.jpg&lt;/span&gt;&lt;/li&gt;
  &lt;li&gt;&lt;strong&gt;&lt;span class="atr-name"&gt;foto_groot&lt;/span&gt;:&lt;/strong&gt; &lt;span class="atr-value"&gt;https://images.memorix.nl/rce/thumb/fullsize/28a42f9e-c9fa-56e9-0d96-6b187c8755f3.jpg&lt;/span&gt;&lt;/li&gt;
  &lt;li&gt;&lt;strong&gt;&lt;span class="atr-name"&gt;fotograaf&lt;/span&gt;:&lt;/strong&gt; &lt;span class="atr-value"&gt;Joris Brinkkemper (beeldbank RCE)&lt;/span&gt;&lt;/li&gt;
  &lt;li&gt;&lt;strong&gt;&lt;span class="atr-name"&gt;architect&lt;/span&gt;:&lt;/strong&gt; &lt;span class="atr-value"&gt;onbekend&lt;/span&gt;&lt;/li&gt;
  
  &lt;li&gt;&lt;strong&gt;&lt;span class="atr-name"&gt;hoofd_eind&lt;/span&gt;:&lt;/strong&gt; &lt;span class="atr-value"&gt;1608&lt;/span&gt;&lt;/li&gt;
  
  &lt;li&gt;&lt;strong&gt;&lt;span class="atr-name"&gt;voorg_eind&lt;/span&gt;:&lt;/strong&gt; &lt;span class="atr-value"&gt;0&lt;/span&gt;&lt;/li&gt;
  &lt;li&gt;&lt;strong&gt;&lt;span class="atr-name"&gt;denominat&lt;/span&gt;:&lt;/strong&gt; &lt;span class="atr-value"&gt;Rooms-Katholieke Kerk in Nederland&lt;/span&gt;&lt;/li&gt;
  &lt;li&gt;&lt;strong&gt;&lt;span class="atr-name"&gt;huidigfunc&lt;/span&gt;:&lt;/strong&gt; &lt;span class="atr-value"&gt;Religieus&lt;/span&gt;&lt;/li&gt;
  &lt;li&gt;&lt;strong&gt;&lt;span class="atr-name"&gt;rmon_url&lt;/span&gt;:&lt;/strong&gt; &lt;span class="atr-value"&gt;https://monumentenregister.cultureelerfgoed.nl/monumenten/33766&lt;/span&gt;&lt;/li&gt;
  
&lt;/ul&gt;
</description>
                <LookAt>
                    <longitude>5.863562722243515</longitude>
                    <latitude>50.97385172842522</latitude>
                    <altitude>0.0</altitude>
                    <heading>0.0</heading>
                    <tilt>0.0</tilt>
                    <range>0.0</range>
                    <altitudeMode>clampToGround</altitudeMode>
                </LookAt>
                <Style>
                    <IconStyle>
                        <scale>4.125</scale>
                        <heading>0.0</heading>
                        <Icon>
                            <href>https://services.rce.geovoorziening.nl/kml/icon/Landschapsatlas_religieuserfgoed_kerken_style?0.0.0=&amp;0.1.0=&amp;0.1.1=</href>
                        </Icon>
                    </IconStyle>
                    <LabelStyle>
                        <color>00ffffff</color>
                        <scale>0.0</scale>
                    </LabelStyle>
                </Style>
                <Point>
                    <coordinates>5.863562722243518,50.973851728425224</coordinates>
                </Point>
            </Placemark>
            <Placemark id="religieuserfgoed.1840">
                <name>St.-Margaritakerk</name>
                <description>&lt;h4&gt;religieuserfgoed&lt;/h4&gt;

&lt;ul class="textattributes"&gt;
  &lt;li&gt;&lt;strong&gt;&lt;span class="atr-name"&gt;ogc_fid&lt;/span&gt;:&lt;/strong&gt; &lt;span class="atr-value"&gt;1840&lt;/span&gt;&lt;/li&gt;
  &lt;li&gt;&lt;strong&gt;&lt;span class="atr-name"&gt;rijksmonum&lt;/span&gt;:&lt;/strong&gt; &lt;span class="atr-value"&gt;34614&lt;/span&gt;&lt;/li&gt;
  &lt;li&gt;&lt;strong&gt;&lt;span class="atr-name"&gt;rd_x&lt;/span&gt;:&lt;/strong&gt; &lt;span class="atr-value"&gt;185577.1&lt;/span&gt;&lt;/li&gt;
  &lt;li&gt;&lt;strong&gt;&lt;span class="atr-name"&gt;rd_y&lt;/span&gt;:&lt;/strong&gt; &lt;span class="atr-value"&gt;314577.3&lt;/span&gt;&lt;/li&gt;
  &lt;li&gt;&lt;strong&gt;&lt;span class="atr-name"&gt;legenda&lt;/span&gt;:&lt;/strong&gt; &lt;span class="atr-value"&gt;Kerk&lt;/span&gt;&lt;/li&gt;
  &lt;li&gt;&lt;strong&gt;&lt;span class="atr-name"&gt;naam&lt;/span&gt;:&lt;/strong&gt; &lt;span class="atr-value"&gt;St.-Margaritakerk&lt;/span&gt;&lt;/li&gt;
  &lt;li&gt;&lt;strong&gt;&lt;span class="atr-name"&gt;plaats&lt;/span&gt;:&lt;/strong&gt; &lt;span class="atr-value"&gt;Margraten&lt;/span&gt;&lt;/li&gt;
  &lt;li&gt;&lt;strong&gt;&lt;span class="atr-name"&gt;foto_thumb&lt;/span&gt;:&lt;/strong&gt; &lt;span class="atr-value"&gt;https://images.memorix.nl/rce/thumb/350x350/f83c5734-49f6-9bc4-f47d-cc4ecb830243.jpg&lt;/span&gt;&lt;/li&gt;
  &lt;li&gt;&lt;strong&gt;&lt;span class="atr-name"&gt;foto_groot&lt;/span&gt;:&lt;/strong&gt; &lt;span class="atr-value"&gt;https://images.memorix.nl/rce/thumb/fullsize/f83c5734-49f6-9bc4-f47d-cc4ecb830243.jpg&lt;/span&gt;&lt;/li&gt;
  &lt;li&gt;&lt;strong&gt;&lt;span class="atr-name"&gt;fotograaf&lt;/span&gt;:&lt;/strong&gt; &lt;span class="atr-value"&gt;Joris Brinkkemper (beeldbank RCE)&lt;/span&gt;&lt;/li&gt;
  &lt;li&gt;&lt;strong&gt;&lt;span class="atr-name"&gt;architect&lt;/span&gt;:&lt;/strong&gt; &lt;span class="atr-value"&gt;onbekend&lt;/span&gt;&lt;/li&gt;
  &lt;li&gt;&lt;strong&gt;&lt;span class="atr-name"&gt;hoofd_beg&lt;/span&gt;:&lt;/strong&gt; &lt;span class="atr-value"&gt;1475-&lt;/span&gt;&lt;/li&gt;
  &lt;li&gt;&lt;strong&gt;&lt;span class="atr-name"&gt;hoofd_eind&lt;/span&gt;:&lt;/strong&gt; &lt;span class="atr-value"&gt;1500&lt;/span&gt;&lt;/li&gt;
  
  &lt;li&gt;&lt;strong&gt;&lt;span class="atr-name"&gt;voorg_eind&lt;/span&gt;:&lt;/strong&gt; &lt;span class="atr-value"&gt;0&lt;/span&gt;&lt;/li&gt;
  &lt;li&gt;&lt;strong&gt;&lt;span class="atr-name"&gt;denominat&lt;/span&gt;:&lt;/strong&gt; &lt;span class="atr-value"&gt;Rooms-Katholieke Kerk in Nederland&lt;/span&gt;&lt;/li&gt;
  &lt;li&gt;&lt;strong&gt;&lt;span class="atr-name"&gt;huidigfunc&lt;/span&gt;:&lt;/strong&gt; &lt;span class="atr-value"&gt;Religieus&lt;/span&gt;&lt;/li&gt;
  &lt;li&gt;&lt;strong&gt;&lt;span class="atr-name"&gt;rmon_url&lt;/span&gt;:&lt;/strong&gt; &lt;span class="atr-value"&gt;https://monumentenregister.cultureelerfgoed.nl/monumenten/34614&lt;/span&gt;&lt;/li&gt;
  
&lt;/ul&gt;
</description>
                <LookAt>
                    <longitude>5.821091683309248</longitude>
                    <latitude>50.82025291192697</latitude>
                    <altitude>0.0</altitude>
                    <heading>0.0</heading>
                    <tilt>0.0</tilt>
                    <range>0.0</range>
                    <altitudeMode>clampToGround</altitudeMode>
                </LookAt>
                <Style>
                    <IconStyle>
                        <scale>4.125</scale>
                        <heading>0.0</heading>
                        <Icon>
                            <href>https://services.rce.geovoorziening.nl/kml/icon/Landschapsatlas_religieuserfgoed_kerken_style?0.0.0=&amp;0.1.0=&amp;0.1.1=</href>
                        </Icon>
                    </IconStyle>
                    <LabelStyle>
                        <color>00ffffff</color>
                        <scale>0.0</scale>
                    </LabelStyle>
                </Style>
                <Point>
                    <coordinates>5.821091683309256,50.82025291192697</coordinates>
                </Point>
            </Placemark>
            <Placemark id="religieuserfgoed.1841">
                <name>St.-Gerlachuskerk</name>
                <description>&lt;h4&gt;religieuserfgoed&lt;/h4&gt;

&lt;ul class="textattributes"&gt;
  &lt;li&gt;&lt;strong&gt;&lt;span class="atr-name"&gt;ogc_fid&lt;/span&gt;:&lt;/strong&gt; &lt;span class="atr-value"&gt;1841&lt;/span&gt;&lt;/li&gt;
  &lt;li&gt;&lt;strong&gt;&lt;span class="atr-name"&gt;rijksmonum&lt;/span&gt;:&lt;/strong&gt; &lt;span class="atr-value"&gt;34622&lt;/span&gt;&lt;/li&gt;
  &lt;li&gt;&lt;strong&gt;&lt;span class="atr-name"&gt;rd_x&lt;/span&gt;:&lt;/strong&gt; &lt;span class="atr-value"&gt;184797.8&lt;/span&gt;&lt;/li&gt;
  &lt;li&gt;&lt;strong&gt;&lt;span class="atr-name"&gt;rd_y&lt;/span&gt;:&lt;/strong&gt; &lt;span class="atr-value"&gt;311207.5&lt;/span&gt;&lt;/li&gt;
  &lt;li&gt;&lt;strong&gt;&lt;span class="atr-name"&gt;legenda&lt;/span&gt;:&lt;/strong&gt; &lt;span class="atr-value"&gt;Kerk&lt;/span&gt;&lt;/li&gt;
  &lt;li&gt;&lt;strong&gt;&lt;span class="atr-name"&gt;naam&lt;/span&gt;:&lt;/strong&gt; &lt;span class="atr-value"&gt;St.-Gerlachuskerk&lt;/span&gt;&lt;/li&gt;
  &lt;li&gt;&lt;strong&gt;&lt;span class="atr-name"&gt;plaats&lt;/span&gt;:&lt;/strong&gt; &lt;span class="atr-value"&gt;Banholt&lt;/span&gt;&lt;/li&gt;
  &lt;li&gt;&lt;strong&gt;&lt;span class="atr-name"&gt;foto_thumb&lt;/span&gt;:&lt;/strong&gt; &lt;span class="atr-value"&gt;https://images.memorix.nl/rce/thumb/350x350/75d67a8b-227f-e32b-e23c-984dc0869c50.jpg&lt;/span&gt;&lt;/li&gt;
  &lt;li&gt;&lt;strong&gt;&lt;span class="atr-name"&gt;foto_groot&lt;/span&gt;:&lt;/strong&gt; &lt;span class="atr-value"&gt;https://images.memorix.nl/rce/thumb/fullsize/75d67a8b-227f-e32b-e23c-984dc0869c50.jpg&lt;/span&gt;&lt;/li&gt;
  &lt;li&gt;&lt;strong&gt;&lt;span class="atr-name"&gt;fotograaf&lt;/span&gt;:&lt;/strong&gt; &lt;span class="atr-value"&gt;Frans Kabel (beeldbank RCE)&lt;/span&gt;&lt;/li&gt;
  &lt;li&gt;&lt;strong&gt;&lt;span class="atr-name"&gt;architect&lt;/span&gt;:&lt;/strong&gt; &lt;span class="atr-value"&gt;Jonkergouw, G.&lt;/span&gt;&lt;/li&gt;
  &lt;li&gt;&lt;strong&gt;&lt;span class="atr-name"&gt;hoofd_beg&lt;/span&gt;:&lt;/strong&gt; &lt;span class="atr-value"&gt;1874-&lt;/span&gt;&lt;/li&gt;
  &lt;li&gt;&lt;strong&gt;&lt;span class="atr-name"&gt;hoofd_eind&lt;/span&gt;:&lt;/strong&gt; &lt;span class="atr-value"&gt;1876&lt;/span&gt;&lt;/li&gt;
  
  &lt;li&gt;&lt;strong&gt;&lt;span class="atr-name"&gt;voorg_eind&lt;/span&gt;:&lt;/strong&gt; &lt;span class="atr-value"&gt;0&lt;/span&gt;&lt;/li&gt;
  &lt;li&gt;&lt;strong&gt;&lt;span class="atr-name"&gt;denominat&lt;/span&gt;:&lt;/strong&gt; &lt;span class="atr-value"&gt;Rooms-Katholieke Kerk in Nederland&lt;/span&gt;&lt;/li&gt;
  &lt;li&gt;&lt;strong&gt;&lt;span class="atr-name"&gt;huidigfunc&lt;/span&gt;:&lt;/strong&gt; &lt;span class="atr-value"&gt;Religieus&lt;/span&gt;&lt;/li&gt;
  &lt;li&gt;&lt;strong&gt;&lt;span class="atr-name"&gt;rmon_url&lt;/span&gt;:&lt;/strong&gt; &lt;span class="atr-value"&gt;https://monumentenregister.cultureelerfgoed.nl/monumenten/34622&lt;/span&gt;&lt;/li&gt;
  
&lt;/ul&gt;
</description>
                <LookAt>
                    <longitude>5.8097575639827</longitude>
                    <latitude>50.79000424938021</latitude>
                    <altitude>0.0</altitude>
                    <heading>0.0</heading>
                    <tilt>0.0</tilt>
                    <range>0.0</range>
                    <altitudeMode>clampToGround</altitudeMode>
                </LookAt>
                <Style>
                    <IconStyle>
                        <scale>4.125</scale>
                        <heading>0.0</heading>
                        <Icon>
                            <href>https://services.rce.geovoorziening.nl/kml/icon/Landschapsatlas_religieuserfgoed_kerken_style?0.0.0=&amp;0.1.0=&amp;0.1.1=</href>
                        </Icon>
                    </IconStyle>
                    <LabelStyle>
                        <color>00ffffff</color>
                        <scale>0.0</scale>
                    </LabelStyle>
                </Style>
                <Point>
                    <coordinates>5.809757563982701,50.7900042493802</coordinates>
                </Point>
            </Placemark>
            <Placemark id="religieuserfgoed.1843">
                <name>St.-Laurentiuskerk</name>
                <description>&lt;h4&gt;religieuserfgoed&lt;/h4&gt;

&lt;ul class="textattributes"&gt;
  &lt;li&gt;&lt;strong&gt;&lt;span class="atr-name"&gt;ogc_fid&lt;/span&gt;:&lt;/strong&gt; &lt;span class="atr-value"&gt;1843&lt;/span&gt;&lt;/li&gt;
  &lt;li&gt;&lt;strong&gt;&lt;span class="atr-name"&gt;rijksmonum&lt;/span&gt;:&lt;/strong&gt; &lt;span class="atr-value"&gt;34635&lt;/span&gt;&lt;/li&gt;
  &lt;li&gt;&lt;strong&gt;&lt;span class="atr-name"&gt;rd_x&lt;/span&gt;:&lt;/strong&gt; &lt;span class="atr-value"&gt;181562.5&lt;/span&gt;&lt;/li&gt;
  &lt;li&gt;&lt;strong&gt;&lt;span class="atr-name"&gt;rd_y&lt;/span&gt;:&lt;/strong&gt; &lt;span class="atr-value"&gt;317567.8&lt;/span&gt;&lt;/li&gt;
  &lt;li&gt;&lt;strong&gt;&lt;span class="atr-name"&gt;legenda&lt;/span&gt;:&lt;/strong&gt; &lt;span class="atr-value"&gt;Kerk&lt;/span&gt;&lt;/li&gt;
  &lt;li&gt;&lt;strong&gt;&lt;span class="atr-name"&gt;naam&lt;/span&gt;:&lt;/strong&gt; &lt;span class="atr-value"&gt;St.-Laurentiuskerk&lt;/span&gt;&lt;/li&gt;
  &lt;li&gt;&lt;strong&gt;&lt;span class="atr-name"&gt;plaats&lt;/span&gt;:&lt;/strong&gt; &lt;span class="atr-value"&gt;Bemelen&lt;/span&gt;&lt;/li&gt;
  &lt;li&gt;&lt;strong&gt;&lt;span class="atr-name"&gt;foto_thumb&lt;/span&gt;:&lt;/strong&gt; &lt;span class="atr-value"&gt;https://images.memorix.nl/rce/thumb/350x350/b3ce215c-2ae4-4008-332e-240c326f46ee.jpg&lt;/span&gt;&lt;/li&gt;
  &lt;li&gt;&lt;strong&gt;&lt;span class="atr-name"&gt;foto_groot&lt;/span&gt;:&lt;/strong&gt; &lt;span class="atr-value"&gt;https://images.memorix.nl/rce/thumb/fullsize/b3ce215c-2ae4-4008-332e-240c326f46ee.jpg&lt;/span&gt;&lt;/li&gt;
  &lt;li&gt;&lt;strong&gt;&lt;span class="atr-name"&gt;fotograaf&lt;/span&gt;:&lt;/strong&gt; &lt;span class="atr-value"&gt;IJ.Th. Heins (beeldbank RCE)&lt;/span&gt;&lt;/li&gt;
  &lt;li&gt;&lt;strong&gt;&lt;span class="atr-name"&gt;architect&lt;/span&gt;:&lt;/strong&gt; &lt;span class="atr-value"&gt;Soiron, M.&lt;/span&gt;&lt;/li&gt;
  
  &lt;li&gt;&lt;strong&gt;&lt;span class="atr-name"&gt;hoofd_eind&lt;/span&gt;:&lt;/strong&gt; &lt;span class="atr-value"&gt;1845&lt;/span&gt;&lt;/li&gt;
  
  &lt;li&gt;&lt;strong&gt;&lt;span class="atr-name"&gt;voorg_eind&lt;/span&gt;:&lt;/strong&gt; &lt;span class="atr-value"&gt;0&lt;/span&gt;&lt;/li&gt;
  &lt;li&gt;&lt;strong&gt;&lt;span class="atr-name"&gt;denominat&lt;/span&gt;:&lt;/strong&gt; &lt;span class="atr-value"&gt;Rooms-Katholieke Kerk in Nederland&lt;/span&gt;&lt;/li&gt;
  &lt;li&gt;&lt;strong&gt;&lt;span class="atr-name"&gt;huidigfunc&lt;/span&gt;:&lt;/strong&gt; &lt;span class="atr-value"&gt;Religieus&lt;/span&gt;&lt;/li&gt;
  &lt;li&gt;&lt;strong&gt;&lt;span class="atr-name"&gt;rmon_url&lt;/span&gt;:&lt;/strong&gt; &lt;span class="atr-value"&gt;https://monumentenregister.cultureelerfgoed.nl/monumenten/34635&lt;/span&gt;&lt;/li&gt;
  
&lt;/ul&gt;
</description>
                <LookAt>
                    <longitude>5.764343958211725</longitude>
                    <latitude>50.84733324408313</latitude>
                    <altitude>0.0</altitude>
                    <heading>0.0</heading>
                    <tilt>0.0</tilt>
                    <range>0.0</range>
                    <altitudeMode>clampToGround</altitudeMode>
                </LookAt>
                <Style>
                    <IconStyle>
                        <scale>4.125</scale>
                        <heading>0.0</heading>
                        <Icon>
                            <href>https://services.rce.geovoorziening.nl/kml/icon/Landschapsatlas_religieuserfgoed_kerken_style?0.0.0=&amp;0.1.0=&amp;0.1.1=</href>
                        </Icon>
                    </IconStyle>
                    <LabelStyle>
                        <color>00ffffff</color>
                        <scale>0.0</scale>
                    </LabelStyle>
                </Style>
                <Point>
                    <coordinates>5.764343958211731,50.84733324408313</coordinates>
                </Point>
            </Placemark>
            <Placemark id="religieuserfgoed.1845">
                <name>St.-Bartholomeuskerk</name>
                <description>&lt;h4&gt;religieuserfgoed&lt;/h4&gt;

&lt;ul class="textattributes"&gt;
  &lt;li&gt;&lt;strong&gt;&lt;span class="atr-name"&gt;ogc_fid&lt;/span&gt;:&lt;/strong&gt; &lt;span class="atr-value"&gt;1845&lt;/span&gt;&lt;/li&gt;
  &lt;li&gt;&lt;strong&gt;&lt;span class="atr-name"&gt;rijksmonum&lt;/span&gt;:&lt;/strong&gt; &lt;span class="atr-value"&gt;34676&lt;/span&gt;&lt;/li&gt;
  &lt;li&gt;&lt;strong&gt;&lt;span class="atr-name"&gt;rd_x&lt;/span&gt;:&lt;/strong&gt; &lt;span class="atr-value"&gt;181707.0&lt;/span&gt;&lt;/li&gt;
  &lt;li&gt;&lt;strong&gt;&lt;span class="atr-name"&gt;rd_y&lt;/span&gt;:&lt;/strong&gt; &lt;span class="atr-value"&gt;313065.3&lt;/span&gt;&lt;/li&gt;
  &lt;li&gt;&lt;strong&gt;&lt;span class="atr-name"&gt;legenda&lt;/span&gt;:&lt;/strong&gt; &lt;span class="atr-value"&gt;Kerk&lt;/span&gt;&lt;/li&gt;
  &lt;li&gt;&lt;strong&gt;&lt;span class="atr-name"&gt;naam&lt;/span&gt;:&lt;/strong&gt; &lt;span class="atr-value"&gt;St.-Bartholomeuskerk&lt;/span&gt;&lt;/li&gt;
  &lt;li&gt;&lt;strong&gt;&lt;span class="atr-name"&gt;plaats&lt;/span&gt;:&lt;/strong&gt; &lt;span class="atr-value"&gt;Eckelrade&lt;/span&gt;&lt;/li&gt;
  &lt;li&gt;&lt;strong&gt;&lt;span class="atr-name"&gt;foto_thumb&lt;/span&gt;:&lt;/strong&gt; &lt;span class="atr-value"&gt;https://images.memorix.nl/rce/thumb/350x350/88a57d89-5dec-65fa-0dcf-090b0dfca347.jpg&lt;/span&gt;&lt;/li&gt;
  &lt;li&gt;&lt;strong&gt;&lt;span class="atr-name"&gt;foto_groot&lt;/span&gt;:&lt;/strong&gt; &lt;span class="atr-value"&gt;https://images.memorix.nl/rce/thumb/fullsize/88a57d89-5dec-65fa-0dcf-090b0dfca347.jpg&lt;/span&gt;&lt;/li&gt;
  &lt;li&gt;&lt;strong&gt;&lt;span class="atr-name"&gt;fotograaf&lt;/span&gt;:&lt;/strong&gt; &lt;span class="atr-value"&gt;G.Th. Delemarre&lt;/span&gt;&lt;/li&gt;
  &lt;li&gt;&lt;strong&gt;&lt;span class="atr-name"&gt;architect&lt;/span&gt;:&lt;/strong&gt; &lt;span class="atr-value"&gt;onbekend&lt;/span&gt;&lt;/li&gt;
  &lt;li&gt;&lt;strong&gt;&lt;span class="atr-name"&gt;hoofd_beg&lt;/span&gt;:&lt;/strong&gt; &lt;span class="atr-value"&gt;1300-&lt;/span&gt;&lt;/li&gt;
  &lt;li&gt;&lt;strong&gt;&lt;span class="atr-name"&gt;hoofd_eind&lt;/span&gt;:&lt;/strong&gt; &lt;span class="atr-value"&gt;1350&lt;/span&gt;&lt;/li&gt;
  
  &lt;li&gt;&lt;strong&gt;&lt;span class="atr-name"&gt;voorg_eind&lt;/span&gt;:&lt;/strong&gt; &lt;span class="atr-value"&gt;0&lt;/span&gt;&lt;/li&gt;
  &lt;li&gt;&lt;strong&gt;&lt;span class="atr-name"&gt;denominat&lt;/span&gt;:&lt;/strong&gt; &lt;span class="atr-value"&gt;Rooms-Katholieke Kerk in Nederland&lt;/span&gt;&lt;/li&gt;
  &lt;li&gt;&lt;strong&gt;&lt;span class="atr-name"&gt;huidigfunc&lt;/span&gt;:&lt;/strong&gt; &lt;span class="atr-value"&gt;Religieus&lt;/span&gt;&lt;/li&gt;
  &lt;li&gt;&lt;strong&gt;&lt;span class="atr-name"&gt;rmon_url&lt;/span&gt;:&lt;/strong&gt; &lt;span class="atr-value"&gt;https://monumentenregister.cultureelerfgoed.nl/monumenten/34676&lt;/span&gt;&lt;/li&gt;
  
&lt;/ul&gt;
</description>
                <LookAt>
                    <longitude>5.766064634337596</longitude>
                    <latitude>50.80685532366975</latitude>
                    <altitude>0.0</altitude>
                    <heading>0.0</heading>
                    <tilt>0.0</tilt>
                    <range>0.0</range>
                    <altitudeMode>clampToGround</altitudeMode>
                </LookAt>
                <Style>
                    <IconStyle>
                        <scale>4.125</scale>
                        <heading>0.0</heading>
                        <Icon>
                            <href>https://services.rce.geovoorziening.nl/kml/icon/Landschapsatlas_religieuserfgoed_kerken_style?0.0.0=&amp;0.1.0=&amp;0.1.1=</href>
                        </Icon>
                    </IconStyle>
                    <LabelStyle>
                        <color>00ffffff</color>
                        <scale>0.0</scale>
                    </LabelStyle>
                </Style>
                <Point>
                    <coordinates>5.766064634337601,50.80685532366976</coordinates>
                </Point>
            </Placemark>
            <Placemark id="religieuserfgoed.1846">
                <name>St.-Gertrudiskerk</name>
                <description>&lt;h4&gt;religieuserfgoed&lt;/h4&gt;

&lt;ul class="textattributes"&gt;
  &lt;li&gt;&lt;strong&gt;&lt;span class="atr-name"&gt;ogc_fid&lt;/span&gt;:&lt;/strong&gt; &lt;span class="atr-value"&gt;1846&lt;/span&gt;&lt;/li&gt;
  &lt;li&gt;&lt;strong&gt;&lt;span class="atr-name"&gt;rijksmonum&lt;/span&gt;:&lt;/strong&gt; &lt;span class="atr-value"&gt;34688&lt;/span&gt;&lt;/li&gt;
  &lt;li&gt;&lt;strong&gt;&lt;span class="atr-name"&gt;rd_x&lt;/span&gt;:&lt;/strong&gt; &lt;span class="atr-value"&gt;181601.3&lt;/span&gt;&lt;/li&gt;
  &lt;li&gt;&lt;strong&gt;&lt;span class="atr-name"&gt;rd_y&lt;/span&gt;:&lt;/strong&gt; &lt;span class="atr-value"&gt;311806.4&lt;/span&gt;&lt;/li&gt;
  &lt;li&gt;&lt;strong&gt;&lt;span class="atr-name"&gt;legenda&lt;/span&gt;:&lt;/strong&gt; &lt;span class="atr-value"&gt;Kerk&lt;/span&gt;&lt;/li&gt;
  &lt;li&gt;&lt;strong&gt;&lt;span class="atr-name"&gt;naam&lt;/span&gt;:&lt;/strong&gt; &lt;span class="atr-value"&gt;St.-Gertrudiskerk&lt;/span&gt;&lt;/li&gt;
  &lt;li&gt;&lt;strong&gt;&lt;span class="atr-name"&gt;plaats&lt;/span&gt;:&lt;/strong&gt; &lt;span class="atr-value"&gt;Sint Geertriud&lt;/span&gt;&lt;/li&gt;
  &lt;li&gt;&lt;strong&gt;&lt;span class="atr-name"&gt;foto_thumb&lt;/span&gt;:&lt;/strong&gt; &lt;span class="atr-value"&gt;https://images.memorix.nl/rce/thumb/350x350/63f14f6f-9ba7-64b5-514b-031e70076ef2.jpg&lt;/span&gt;&lt;/li&gt;
  &lt;li&gt;&lt;strong&gt;&lt;span class="atr-name"&gt;foto_groot&lt;/span&gt;:&lt;/strong&gt; &lt;span class="atr-value"&gt;https://images.memorix.nl/rce/thumb/fullsize/63f14f6f-9ba7-64b5-514b-031e70076ef2.jpg&lt;/span&gt;&lt;/li&gt;
  &lt;li&gt;&lt;strong&gt;&lt;span class="atr-name"&gt;fotograaf&lt;/span&gt;:&lt;/strong&gt; &lt;span class="atr-value"&gt;Otto Brinkkemper (beeldbank RCE)&lt;/span&gt;&lt;/li&gt;
  &lt;li&gt;&lt;strong&gt;&lt;span class="atr-name"&gt;architect&lt;/span&gt;:&lt;/strong&gt; &lt;span class="atr-value"&gt;onbekend&lt;/span&gt;&lt;/li&gt;
  &lt;li&gt;&lt;strong&gt;&lt;span class="atr-name"&gt;hoofd_beg&lt;/span&gt;:&lt;/strong&gt; &lt;span class="atr-value"&gt;ca.&lt;/span&gt;&lt;/li&gt;
  &lt;li&gt;&lt;strong&gt;&lt;span class="atr-name"&gt;hoofd_eind&lt;/span&gt;:&lt;/strong&gt; &lt;span class="atr-value"&gt;1400&lt;/span&gt;&lt;/li&gt;
  
  &lt;li&gt;&lt;strong&gt;&lt;span class="atr-name"&gt;voorg_eind&lt;/span&gt;:&lt;/strong&gt; &lt;span class="atr-value"&gt;0&lt;/span&gt;&lt;/li&gt;
  &lt;li&gt;&lt;strong&gt;&lt;span class="atr-name"&gt;denominat&lt;/span&gt;:&lt;/strong&gt; &lt;span class="atr-value"&gt;Rooms-Katholieke Kerk in Nederland&lt;/span&gt;&lt;/li&gt;
  &lt;li&gt;&lt;strong&gt;&lt;span class="atr-name"&gt;huidigfunc&lt;/span&gt;:&lt;/strong&gt; &lt;span class="atr-value"&gt;Religieus&lt;/span&gt;&lt;/li&gt;
  &lt;li&gt;&lt;strong&gt;&lt;span class="atr-name"&gt;rmon_url&lt;/span&gt;:&lt;/strong&gt; &lt;span class="atr-value"&gt;https://monumentenregister.cultureelerfgoed.nl/monumenten/34688&lt;/span&gt;&lt;/li&gt;
  
&lt;/ul&gt;
</description>
                <LookAt>
                    <longitude>5.764473154768638</longitude>
                    <latitude>50.79554448061233</latitude>
                    <altitude>0.0</altitude>
                    <heading>0.0</heading>
                    <tilt>0.0</tilt>
                    <range>0.0</range>
                    <altitudeMode>clampToGround</altitudeMode>
                </LookAt>
                <Style>
                    <IconStyle>
                        <scale>4.125</scale>
                        <heading>0.0</heading>
                        <Icon>
                            <href>https://services.rce.geovoorziening.nl/kml/icon/Landschapsatlas_religieuserfgoed_kerken_style?0.0.0=&amp;0.1.0=&amp;0.1.1=</href>
                        </Icon>
                    </IconStyle>
                    <LabelStyle>
                        <color>00ffffff</color>
                        <scale>0.0</scale>
                    </LabelStyle>
                </Style>
                <Point>
                    <coordinates>5.764473154768645,50.79554448061233</coordinates>
                </Point>
            </Placemark>
            <Placemark id="religieuserfgoed.1847">
                <name>St.-Martinuskerk</name>
                <description>&lt;h4&gt;religieuserfgoed&lt;/h4&gt;

&lt;ul class="textattributes"&gt;
  &lt;li&gt;&lt;strong&gt;&lt;span class="atr-name"&gt;ogc_fid&lt;/span&gt;:&lt;/strong&gt; &lt;span class="atr-value"&gt;1847&lt;/span&gt;&lt;/li&gt;
  &lt;li&gt;&lt;strong&gt;&lt;span class="atr-name"&gt;rijksmonum&lt;/span&gt;:&lt;/strong&gt; &lt;span class="atr-value"&gt;34698&lt;/span&gt;&lt;/li&gt;
  &lt;li&gt;&lt;strong&gt;&lt;span class="atr-name"&gt;rd_x&lt;/span&gt;:&lt;/strong&gt; &lt;span class="atr-value"&gt;179159.3&lt;/span&gt;&lt;/li&gt;
  &lt;li&gt;&lt;strong&gt;&lt;span class="atr-name"&gt;rd_y&lt;/span&gt;:&lt;/strong&gt; &lt;span class="atr-value"&gt;313653.3&lt;/span&gt;&lt;/li&gt;
  &lt;li&gt;&lt;strong&gt;&lt;span class="atr-name"&gt;legenda&lt;/span&gt;:&lt;/strong&gt; &lt;span class="atr-value"&gt;Kerk&lt;/span&gt;&lt;/li&gt;
  &lt;li&gt;&lt;strong&gt;&lt;span class="atr-name"&gt;naam&lt;/span&gt;:&lt;/strong&gt; &lt;span class="atr-value"&gt;St.-Martinuskerk&lt;/span&gt;&lt;/li&gt;
  &lt;li&gt;&lt;strong&gt;&lt;span class="atr-name"&gt;plaats&lt;/span&gt;:&lt;/strong&gt; &lt;span class="atr-value"&gt;Gronsveld&lt;/span&gt;&lt;/li&gt;
  &lt;li&gt;&lt;strong&gt;&lt;span class="atr-name"&gt;foto_thumb&lt;/span&gt;:&lt;/strong&gt; &lt;span class="atr-value"&gt;https://images.memorix.nl/rce/thumb/350x350/65e3f771-a62a-f041-1e16-868ead59f1f8.jpg&lt;/span&gt;&lt;/li&gt;
  &lt;li&gt;&lt;strong&gt;&lt;span class="atr-name"&gt;foto_groot&lt;/span&gt;:&lt;/strong&gt; &lt;span class="atr-value"&gt;https://images.memorix.nl/rce/thumb/fullsize/65e3f771-a62a-f041-1e16-868ead59f1f8.jpg&lt;/span&gt;&lt;/li&gt;
  &lt;li&gt;&lt;strong&gt;&lt;span class="atr-name"&gt;fotograaf&lt;/span&gt;:&lt;/strong&gt; &lt;span class="atr-value"&gt;Frans Kabel (beeldbank RCE)&lt;/span&gt;&lt;/li&gt;
  &lt;li&gt;&lt;strong&gt;&lt;span class="atr-name"&gt;architect&lt;/span&gt;:&lt;/strong&gt; &lt;span class="atr-value"&gt;onbekend&lt;/span&gt;&lt;/li&gt;
  &lt;li&gt;&lt;strong&gt;&lt;span class="atr-name"&gt;hoofd_beg&lt;/span&gt;:&lt;/strong&gt; &lt;span class="atr-value"&gt;1690-&lt;/span&gt;&lt;/li&gt;
  &lt;li&gt;&lt;strong&gt;&lt;span class="atr-name"&gt;hoofd_eind&lt;/span&gt;:&lt;/strong&gt; &lt;span class="atr-value"&gt;1699&lt;/span&gt;&lt;/li&gt;
  &lt;li&gt;&lt;strong&gt;&lt;span class="atr-name"&gt;voorg_beg&lt;/span&gt;:&lt;/strong&gt; &lt;span class="atr-value"&gt;ME: ouder dan&lt;/span&gt;&lt;/li&gt;
  &lt;li&gt;&lt;strong&gt;&lt;span class="atr-name"&gt;voorg_eind&lt;/span&gt;:&lt;/strong&gt; &lt;span class="atr-value"&gt;1500&lt;/span&gt;&lt;/li&gt;
  &lt;li&gt;&lt;strong&gt;&lt;span class="atr-name"&gt;denominat&lt;/span&gt;:&lt;/strong&gt; &lt;span class="atr-value"&gt;Rooms-Katholieke Kerk in Nederland&lt;/span&gt;&lt;/li&gt;
  &lt;li&gt;&lt;strong&gt;&lt;span class="atr-name"&gt;huidigfunc&lt;/span&gt;:&lt;/strong&gt; &lt;span class="atr-value"&gt;Religieus&lt;/span&gt;&lt;/li&gt;
  &lt;li&gt;&lt;strong&gt;&lt;span class="atr-name"&gt;rmon_url&lt;/span&gt;:&lt;/strong&gt; &lt;span class="atr-value"&gt;https://monumentenregister.cultureelerfgoed.nl/monumenten/34698&lt;/span&gt;&lt;/li&gt;
  
&lt;/ul&gt;
</description>
                <LookAt>
                    <longitude>5.729962634240337</longitude>
                    <latitude>50.812253526584605</latitude>
                    <altitude>0.0</altitude>
                    <heading>0.0</heading>
                    <tilt>0.0</tilt>
                    <range>0.0</range>
                    <altitudeMode>clampToGround</altitudeMode>
                </LookAt>
                <Style>
                    <IconStyle>
                        <scale>4.125</scale>
                        <heading>0.0</heading>
                        <Icon>
                            <href>https://services.rce.geovoorziening.nl/kml/icon/Landschapsatlas_religieuserfgoed_kerken_style?0.0.0=&amp;0.1.0=&amp;0.1.1=</href>
                        </Icon>
                    </IconStyle>
                    <LabelStyle>
                        <color>00ffffff</color>
                        <scale>0.0</scale>
                    </LabelStyle>
                </Style>
                <Point>
                    <coordinates>5.729962634240336,50.8122535265846</coordinates>
                </Point>
            </Placemark>
            <Placemark id="religieuserfgoed.1848">
                <name>St.-Lambertuskerk</name>
                <description>&lt;h4&gt;religieuserfgoed&lt;/h4&gt;

&lt;ul class="textattributes"&gt;
  &lt;li&gt;&lt;strong&gt;&lt;span class="atr-name"&gt;ogc_fid&lt;/span&gt;:&lt;/strong&gt; &lt;span class="atr-value"&gt;1848&lt;/span&gt;&lt;/li&gt;
  &lt;li&gt;&lt;strong&gt;&lt;span class="atr-name"&gt;rijksmonum&lt;/span&gt;:&lt;/strong&gt; &lt;span class="atr-value"&gt;34738&lt;/span&gt;&lt;/li&gt;
  &lt;li&gt;&lt;strong&gt;&lt;span class="atr-name"&gt;rd_x&lt;/span&gt;:&lt;/strong&gt; &lt;span class="atr-value"&gt;183528.3&lt;/span&gt;&lt;/li&gt;
  &lt;li&gt;&lt;strong&gt;&lt;span class="atr-name"&gt;rd_y&lt;/span&gt;:&lt;/strong&gt; &lt;span class="atr-value"&gt;310138.0&lt;/span&gt;&lt;/li&gt;
  &lt;li&gt;&lt;strong&gt;&lt;span class="atr-name"&gt;legenda&lt;/span&gt;:&lt;/strong&gt; &lt;span class="atr-value"&gt;Kerk&lt;/span&gt;&lt;/li&gt;
  &lt;li&gt;&lt;strong&gt;&lt;span class="atr-name"&gt;naam&lt;/span&gt;:&lt;/strong&gt; &lt;span class="atr-value"&gt;St.-Lambertuskerk&lt;/span&gt;&lt;/li&gt;
  &lt;li&gt;&lt;strong&gt;&lt;span class="atr-name"&gt;plaats&lt;/span&gt;:&lt;/strong&gt; &lt;span class="atr-value"&gt;Mheer&lt;/span&gt;&lt;/li&gt;
  &lt;li&gt;&lt;strong&gt;&lt;span class="atr-name"&gt;foto_thumb&lt;/span&gt;:&lt;/strong&gt; &lt;span class="atr-value"&gt;https://images.memorix.nl/rce/thumb/350x350/a308b78c-d824-56ca-bc1d-3224e6cd4d98.jpg&lt;/span&gt;&lt;/li&gt;
  &lt;li&gt;&lt;strong&gt;&lt;span class="atr-name"&gt;foto_groot&lt;/span&gt;:&lt;/strong&gt; &lt;span class="atr-value"&gt;https://images.memorix.nl/rce/thumb/fullsize/a308b78c-d824-56ca-bc1d-3224e6cd4d98.jpg&lt;/span&gt;&lt;/li&gt;
  &lt;li&gt;&lt;strong&gt;&lt;span class="atr-name"&gt;fotograaf&lt;/span&gt;:&lt;/strong&gt; &lt;span class="atr-value"&gt;Frans Kabel (beeldbank RCE)&lt;/span&gt;&lt;/li&gt;
  &lt;li&gt;&lt;strong&gt;&lt;span class="atr-name"&gt;architect&lt;/span&gt;:&lt;/strong&gt; &lt;span class="atr-value"&gt;Cuypers, P.J.H.&lt;/span&gt;&lt;/li&gt;
  &lt;li&gt;&lt;strong&gt;&lt;span class="atr-name"&gt;hoofd_beg&lt;/span&gt;:&lt;/strong&gt; &lt;span class="atr-value"&gt;1876-&lt;/span&gt;&lt;/li&gt;
  &lt;li&gt;&lt;strong&gt;&lt;span class="atr-name"&gt;hoofd_eind&lt;/span&gt;:&lt;/strong&gt; &lt;span class="atr-value"&gt;1877&lt;/span&gt;&lt;/li&gt;
  
  &lt;li&gt;&lt;strong&gt;&lt;span class="atr-name"&gt;voorg_eind&lt;/span&gt;:&lt;/strong&gt; &lt;span class="atr-value"&gt;1774&lt;/span&gt;&lt;/li&gt;
  &lt;li&gt;&lt;strong&gt;&lt;span class="atr-name"&gt;denominat&lt;/span&gt;:&lt;/strong&gt; &lt;span class="atr-value"&gt;Rooms-Katholieke Kerk in Nederland&lt;/span&gt;&lt;/li&gt;
  &lt;li&gt;&lt;strong&gt;&lt;span class="atr-name"&gt;huidigfunc&lt;/span&gt;:&lt;/strong&gt; &lt;span class="atr-value"&gt;Religieus&lt;/span&gt;&lt;/li&gt;
  &lt;li&gt;&lt;strong&gt;&lt;span class="atr-name"&gt;rmon_url&lt;/span&gt;:&lt;/strong&gt; &lt;span class="atr-value"&gt;https://monumentenregister.cultureelerfgoed.nl/monumenten/34738&lt;/span&gt;&lt;/li&gt;
  
&lt;/ul&gt;
</description>
                <LookAt>
                    <longitude>5.791671581532796</longitude>
                    <latitude>50.78045543537674</latitude>
                    <altitude>0.0</altitude>
                    <heading>0.0</heading>
                    <tilt>0.0</tilt>
                    <range>0.0</range>
                    <altitudeMode>clampToGround</altitudeMode>
                </LookAt>
                <Style>
                    <IconStyle>
                        <scale>4.125</scale>
                        <heading>0.0</heading>
                        <Icon>
                            <href>https://services.rce.geovoorziening.nl/kml/icon/Landschapsatlas_religieuserfgoed_kerken_style?0.0.0=&amp;0.1.0=&amp;0.1.1=</href>
                        </Icon>
                    </IconStyle>
                    <LabelStyle>
                        <color>00ffffff</color>
                        <scale>0.0</scale>
                    </LabelStyle>
                </Style>
                <Point>
                    <coordinates>5.791671581532815,50.78045543537674</coordinates>
                </Point>
            </Placemark>
            <Placemark id="religieuserfgoed.1849">
                <name>St.-Brigidakerk</name>
                <description>&lt;h4&gt;religieuserfgoed&lt;/h4&gt;

&lt;ul class="textattributes"&gt;
  &lt;li&gt;&lt;strong&gt;&lt;span class="atr-name"&gt;ogc_fid&lt;/span&gt;:&lt;/strong&gt; &lt;span class="atr-value"&gt;1849&lt;/span&gt;&lt;/li&gt;
  &lt;li&gt;&lt;strong&gt;&lt;span class="atr-name"&gt;rijksmonum&lt;/span&gt;:&lt;/strong&gt; &lt;span class="atr-value"&gt;34794&lt;/span&gt;&lt;/li&gt;
  &lt;li&gt;&lt;strong&gt;&lt;span class="atr-name"&gt;rd_x&lt;/span&gt;:&lt;/strong&gt; &lt;span class="atr-value"&gt;184763.4&lt;/span&gt;&lt;/li&gt;
  &lt;li&gt;&lt;strong&gt;&lt;span class="atr-name"&gt;rd_y&lt;/span&gt;:&lt;/strong&gt; &lt;span class="atr-value"&gt;308826.4&lt;/span&gt;&lt;/li&gt;
  &lt;li&gt;&lt;strong&gt;&lt;span class="atr-name"&gt;legenda&lt;/span&gt;:&lt;/strong&gt; &lt;span class="atr-value"&gt;Kerk&lt;/span&gt;&lt;/li&gt;
  &lt;li&gt;&lt;strong&gt;&lt;span class="atr-name"&gt;naam&lt;/span&gt;:&lt;/strong&gt; &lt;span class="atr-value"&gt;St.-Brigidakerk&lt;/span&gt;&lt;/li&gt;
  &lt;li&gt;&lt;strong&gt;&lt;span class="atr-name"&gt;plaats&lt;/span&gt;:&lt;/strong&gt; &lt;span class="atr-value"&gt;Noorbeek&lt;/span&gt;&lt;/li&gt;
  &lt;li&gt;&lt;strong&gt;&lt;span class="atr-name"&gt;foto_thumb&lt;/span&gt;:&lt;/strong&gt; &lt;span class="atr-value"&gt;https://images.memorix.nl/rce/thumb/350x350/0f70f160-e46f-382b-9f00-bc2dd8d4ce8b.jpg&lt;/span&gt;&lt;/li&gt;
  &lt;li&gt;&lt;strong&gt;&lt;span class="atr-name"&gt;foto_groot&lt;/span&gt;:&lt;/strong&gt; &lt;span class="atr-value"&gt;https://images.memorix.nl/rce/thumb/fullsize/0f70f160-e46f-382b-9f00-bc2dd8d4ce8b.jpg&lt;/span&gt;&lt;/li&gt;
  &lt;li&gt;&lt;strong&gt;&lt;span class="atr-name"&gt;fotograaf&lt;/span&gt;:&lt;/strong&gt; &lt;span class="atr-value"&gt;Otto Brinkkemper (beeldbank RCE)&lt;/span&gt;&lt;/li&gt;
  &lt;li&gt;&lt;strong&gt;&lt;span class="atr-name"&gt;architect&lt;/span&gt;:&lt;/strong&gt; &lt;span class="atr-value"&gt;onbekend&lt;/span&gt;&lt;/li&gt;
  &lt;li&gt;&lt;strong&gt;&lt;span class="atr-name"&gt;hoofd_beg&lt;/span&gt;:&lt;/strong&gt; &lt;span class="atr-value"&gt;ca.&lt;/span&gt;&lt;/li&gt;
  &lt;li&gt;&lt;strong&gt;&lt;span class="atr-name"&gt;hoofd_eind&lt;/span&gt;:&lt;/strong&gt; &lt;span class="atr-value"&gt;1400&lt;/span&gt;&lt;/li&gt;
  
  &lt;li&gt;&lt;strong&gt;&lt;span class="atr-name"&gt;voorg_eind&lt;/span&gt;:&lt;/strong&gt; &lt;span class="atr-value"&gt;0&lt;/span&gt;&lt;/li&gt;
  &lt;li&gt;&lt;strong&gt;&lt;span class="atr-name"&gt;denominat&lt;/span&gt;:&lt;/strong&gt; &lt;span class="atr-value"&gt;Rooms-Katholieke Kerk in Nederland&lt;/span&gt;&lt;/li&gt;
  &lt;li&gt;&lt;strong&gt;&lt;span class="atr-name"&gt;huidigfunc&lt;/span&gt;:&lt;/strong&gt; &lt;span class="atr-value"&gt;Religieus&lt;/span&gt;&lt;/li&gt;
  &lt;li&gt;&lt;strong&gt;&lt;span class="atr-name"&gt;rmon_url&lt;/span&gt;:&lt;/strong&gt; &lt;span class="atr-value"&gt;https://monumentenregister.cultureelerfgoed.nl/monumenten/34794&lt;/span&gt;&lt;/li&gt;
  
&lt;/ul&gt;
</description>
                <LookAt>
                    <longitude>5.809075178715588</longitude>
                    <latitude>50.76860338289047</latitude>
                    <altitude>0.0</altitude>
                    <heading>0.0</heading>
                    <tilt>0.0</tilt>
                    <range>0.0</range>
                    <altitudeMode>clampToGround</altitudeMode>
                </LookAt>
                <Style>
                    <IconStyle>
                        <scale>4.125</scale>
                        <heading>0.0</heading>
                        <Icon>
                            <href>https://services.rce.geovoorziening.nl/kml/icon/Landschapsatlas_religieuserfgoed_kerken_style?0.0.0=&amp;0.1.0=&amp;0.1.1=</href>
                        </Icon>
                    </IconStyle>
                    <LabelStyle>
                        <color>00ffffff</color>
                        <scale>0.0</scale>
                    </LabelStyle>
                </Style>
                <Point>
                    <coordinates>5.80907517871559,50.76860338289047</coordinates>
                </Point>
            </Placemark>
            <Placemark id="religieuserfgoed.1852">
                <name>St.-Martinuskerk</name>
                <description>&lt;h4&gt;religieuserfgoed&lt;/h4&gt;

&lt;ul class="textattributes"&gt;
  &lt;li&gt;&lt;strong&gt;&lt;span class="atr-name"&gt;ogc_fid&lt;/span&gt;:&lt;/strong&gt; &lt;span class="atr-value"&gt;1852&lt;/span&gt;&lt;/li&gt;
  &lt;li&gt;&lt;strong&gt;&lt;span class="atr-name"&gt;rijksmonum&lt;/span&gt;:&lt;/strong&gt; &lt;span class="atr-value"&gt;34834&lt;/span&gt;&lt;/li&gt;
  &lt;li&gt;&lt;strong&gt;&lt;span class="atr-name"&gt;rd_x&lt;/span&gt;:&lt;/strong&gt; &lt;span class="atr-value"&gt;181176.1&lt;/span&gt;&lt;/li&gt;
  &lt;li&gt;&lt;strong&gt;&lt;span class="atr-name"&gt;rd_y&lt;/span&gt;:&lt;/strong&gt; &lt;span class="atr-value"&gt;331413.9&lt;/span&gt;&lt;/li&gt;
  &lt;li&gt;&lt;strong&gt;&lt;span class="atr-name"&gt;legenda&lt;/span&gt;:&lt;/strong&gt; &lt;span class="atr-value"&gt;Kerk&lt;/span&gt;&lt;/li&gt;
  &lt;li&gt;&lt;strong&gt;&lt;span class="atr-name"&gt;naam&lt;/span&gt;:&lt;/strong&gt; &lt;span class="atr-value"&gt;St.-Martinuskerk&lt;/span&gt;&lt;/li&gt;
  &lt;li&gt;&lt;strong&gt;&lt;span class="atr-name"&gt;plaats&lt;/span&gt;:&lt;/strong&gt; &lt;span class="atr-value"&gt;Stein&lt;/span&gt;&lt;/li&gt;
  &lt;li&gt;&lt;strong&gt;&lt;span class="atr-name"&gt;foto_thumb&lt;/span&gt;:&lt;/strong&gt; &lt;span class="atr-value"&gt;https://upload.wikimedia.org/wikipedia/commons/8/88/Stein-Sint-Martinuskerk_%281%29.JPG&lt;/span&gt;&lt;/li&gt;
  &lt;li&gt;&lt;strong&gt;&lt;span class="atr-name"&gt;foto_groot&lt;/span&gt;:&lt;/strong&gt; &lt;span class="atr-value"&gt;https://upload.wikimedia.org/wikipedia/commons/8/88/Stein-Sint-Martinuskerk_%281%29.JPG&lt;/span&gt;&lt;/li&gt;
  &lt;li&gt;&lt;strong&gt;&lt;span class="atr-name"&gt;fotograaf&lt;/span&gt;:&lt;/strong&gt; &lt;span class="atr-value"&gt;Romaine via Wikimedia Commons&lt;/span&gt;&lt;/li&gt;
  &lt;li&gt;&lt;strong&gt;&lt;span class="atr-name"&gt;architect&lt;/span&gt;:&lt;/strong&gt; &lt;span class="atr-value"&gt;Kayser, J.H.J.&lt;/span&gt;&lt;/li&gt;
  
  &lt;li&gt;&lt;strong&gt;&lt;span class="atr-name"&gt;hoofd_eind&lt;/span&gt;:&lt;/strong&gt; &lt;span class="atr-value"&gt;1884&lt;/span&gt;&lt;/li&gt;
  &lt;li&gt;&lt;strong&gt;&lt;span class="atr-name"&gt;voorg_beg&lt;/span&gt;:&lt;/strong&gt; &lt;span class="atr-value"&gt;ME: ouder dan&lt;/span&gt;&lt;/li&gt;
  &lt;li&gt;&lt;strong&gt;&lt;span class="atr-name"&gt;voorg_eind&lt;/span&gt;:&lt;/strong&gt; &lt;span class="atr-value"&gt;1500&lt;/span&gt;&lt;/li&gt;
  &lt;li&gt;&lt;strong&gt;&lt;span class="atr-name"&gt;denominat&lt;/span&gt;:&lt;/strong&gt; &lt;span class="atr-value"&gt;Rooms-Katholieke Kerk in Nederland&lt;/span&gt;&lt;/li&gt;
  &lt;li&gt;&lt;strong&gt;&lt;span class="atr-name"&gt;huidigfunc&lt;/span&gt;:&lt;/strong&gt; &lt;span class="atr-value"&gt;Religieus&lt;/span&gt;&lt;/li&gt;
  &lt;li&gt;&lt;strong&gt;&lt;span class="atr-name"&gt;rmon_url&lt;/span&gt;:&lt;/strong&gt; &lt;span class="atr-value"&gt;https://monumentenregister.cultureelerfgoed.nl/monumenten/34834&lt;/span&gt;&lt;/li&gt;
  
&lt;/ul&gt;
</description>
                <LookAt>
                    <longitude>5.759859449290374</longitude>
                    <latitude>50.97180848945641</latitude>
                    <altitude>0.0</altitude>
                    <heading>0.0</heading>
                    <tilt>0.0</tilt>
                    <range>0.0</range>
                    <altitudeMode>clampToGround</altitudeMode>
                </LookAt>
                <Style>
                    <IconStyle>
                        <scale>4.125</scale>
                        <heading>0.0</heading>
                        <Icon>
                            <href>https://services.rce.geovoorziening.nl/kml/icon/Landschapsatlas_religieuserfgoed_kerken_style?0.0.0=&amp;0.1.0=&amp;0.1.1=</href>
                        </Icon>
                    </IconStyle>
                    <LabelStyle>
                        <color>00ffffff</color>
                        <scale>0.0</scale>
                    </LabelStyle>
                </Style>
                <Point>
                    <coordinates>5.759859449290369,50.97180848945641</coordinates>
                </Point>
            </Placemark>
            <Placemark id="religieuserfgoed.1853">
                <name>Nederlands Hervormde Kerk</name>
                <description>&lt;h4&gt;religieuserfgoed&lt;/h4&gt;

&lt;ul class="textattributes"&gt;
  &lt;li&gt;&lt;strong&gt;&lt;span class="atr-name"&gt;ogc_fid&lt;/span&gt;:&lt;/strong&gt; &lt;span class="atr-value"&gt;1853&lt;/span&gt;&lt;/li&gt;
  &lt;li&gt;&lt;strong&gt;&lt;span class="atr-name"&gt;rijksmonum&lt;/span&gt;:&lt;/strong&gt; &lt;span class="atr-value"&gt;34840&lt;/span&gt;&lt;/li&gt;
  &lt;li&gt;&lt;strong&gt;&lt;span class="atr-name"&gt;rd_x&lt;/span&gt;:&lt;/strong&gt; &lt;span class="atr-value"&gt;181468.3&lt;/span&gt;&lt;/li&gt;
  &lt;li&gt;&lt;strong&gt;&lt;span class="atr-name"&gt;rd_y&lt;/span&gt;:&lt;/strong&gt; &lt;span class="atr-value"&gt;333556.4&lt;/span&gt;&lt;/li&gt;
  &lt;li&gt;&lt;strong&gt;&lt;span class="atr-name"&gt;legenda&lt;/span&gt;:&lt;/strong&gt; &lt;span class="atr-value"&gt;Kerk&lt;/span&gt;&lt;/li&gt;
  &lt;li&gt;&lt;strong&gt;&lt;span class="atr-name"&gt;naam&lt;/span&gt;:&lt;/strong&gt; &lt;span class="atr-value"&gt;Nederlands Hervormde Kerk&lt;/span&gt;&lt;/li&gt;
  &lt;li&gt;&lt;strong&gt;&lt;span class="atr-name"&gt;plaats&lt;/span&gt;:&lt;/strong&gt; &lt;span class="atr-value"&gt;Urmond&lt;/span&gt;&lt;/li&gt;
  &lt;li&gt;&lt;strong&gt;&lt;span class="atr-name"&gt;foto_thumb&lt;/span&gt;:&lt;/strong&gt; &lt;span class="atr-value"&gt;https://images.memorix.nl/rce/thumb/350x350/6f1f5713-4932-864d-2dee-8099467754b5.jpg&lt;/span&gt;&lt;/li&gt;
  &lt;li&gt;&lt;strong&gt;&lt;span class="atr-name"&gt;foto_groot&lt;/span&gt;:&lt;/strong&gt; &lt;span class="atr-value"&gt;https://images.memorix.nl/rce/thumb/fullsize/6f1f5713-4932-864d-2dee-8099467754b5.jpg&lt;/span&gt;&lt;/li&gt;
  &lt;li&gt;&lt;strong&gt;&lt;span class="atr-name"&gt;fotograaf&lt;/span&gt;:&lt;/strong&gt; &lt;span class="atr-value"&gt;Joris Brinkkemper (beeldbank RCE)&lt;/span&gt;&lt;/li&gt;
  &lt;li&gt;&lt;strong&gt;&lt;span class="atr-name"&gt;architect&lt;/span&gt;:&lt;/strong&gt; &lt;span class="atr-value"&gt;onbekend&lt;/span&gt;&lt;/li&gt;
  
  &lt;li&gt;&lt;strong&gt;&lt;span class="atr-name"&gt;hoofd_eind&lt;/span&gt;:&lt;/strong&gt; &lt;span class="atr-value"&gt;1685&lt;/span&gt;&lt;/li&gt;
  
  &lt;li&gt;&lt;strong&gt;&lt;span class="atr-name"&gt;voorg_eind&lt;/span&gt;:&lt;/strong&gt; &lt;span class="atr-value"&gt;0&lt;/span&gt;&lt;/li&gt;
  &lt;li&gt;&lt;strong&gt;&lt;span class="atr-name"&gt;denominat&lt;/span&gt;:&lt;/strong&gt; &lt;span class="atr-value"&gt;Nederlandse Hervormde Kerk&lt;/span&gt;&lt;/li&gt;
  &lt;li&gt;&lt;strong&gt;&lt;span class="atr-name"&gt;huidigfunc&lt;/span&gt;:&lt;/strong&gt; &lt;span class="atr-value"&gt;Religieus&lt;/span&gt;&lt;/li&gt;
  &lt;li&gt;&lt;strong&gt;&lt;span class="atr-name"&gt;rmon_url&lt;/span&gt;:&lt;/strong&gt; &lt;span class="atr-value"&gt;https://monumentenregister.cultureelerfgoed.nl/monumenten/34840&lt;/span&gt;&lt;/li&gt;
  
&lt;/ul&gt;
</description>
                <LookAt>
                    <longitude>5.764176600585529</longitude>
                    <latitude>50.99105317693017</latitude>
                    <altitude>0.0</altitude>
                    <heading>0.0</heading>
                    <tilt>0.0</tilt>
                    <range>0.0</range>
                    <altitudeMode>clampToGround</altitudeMode>
                </LookAt>
                <Style>
                    <IconStyle>
                        <scale>4.125</scale>
                        <heading>0.0</heading>
                        <Icon>
                            <href>https://services.rce.geovoorziening.nl/kml/icon/Landschapsatlas_religieuserfgoed_kerken_style?0.0.0=&amp;0.1.0=&amp;0.1.1=</href>
                        </Icon>
                    </IconStyle>
                    <LabelStyle>
                        <color>00ffffff</color>
                        <scale>0.0</scale>
                    </LabelStyle>
                </Style>
                <Point>
                    <coordinates>5.764176600585536,50.99105317693017</coordinates>
                </Point>
            </Placemark>
            <Placemark id="religieuserfgoed.1854">
                <name>St.-Martinuskerk</name>
                <description>&lt;h4&gt;religieuserfgoed&lt;/h4&gt;

&lt;ul class="textattributes"&gt;
  &lt;li&gt;&lt;strong&gt;&lt;span class="atr-name"&gt;ogc_fid&lt;/span&gt;:&lt;/strong&gt; &lt;span class="atr-value"&gt;1854&lt;/span&gt;&lt;/li&gt;
  &lt;li&gt;&lt;strong&gt;&lt;span class="atr-name"&gt;rijksmonum&lt;/span&gt;:&lt;/strong&gt; &lt;span class="atr-value"&gt;34846&lt;/span&gt;&lt;/li&gt;
  &lt;li&gt;&lt;strong&gt;&lt;span class="atr-name"&gt;rd_x&lt;/span&gt;:&lt;/strong&gt; &lt;span class="atr-value"&gt;181504.0&lt;/span&gt;&lt;/li&gt;
  &lt;li&gt;&lt;strong&gt;&lt;span class="atr-name"&gt;rd_y&lt;/span&gt;:&lt;/strong&gt; &lt;span class="atr-value"&gt;333683.3&lt;/span&gt;&lt;/li&gt;
  &lt;li&gt;&lt;strong&gt;&lt;span class="atr-name"&gt;legenda&lt;/span&gt;:&lt;/strong&gt; &lt;span class="atr-value"&gt;Kerk&lt;/span&gt;&lt;/li&gt;
  &lt;li&gt;&lt;strong&gt;&lt;span class="atr-name"&gt;naam&lt;/span&gt;:&lt;/strong&gt; &lt;span class="atr-value"&gt;St.-Martinuskerk&lt;/span&gt;&lt;/li&gt;
  &lt;li&gt;&lt;strong&gt;&lt;span class="atr-name"&gt;plaats&lt;/span&gt;:&lt;/strong&gt; &lt;span class="atr-value"&gt;Urmond&lt;/span&gt;&lt;/li&gt;
  &lt;li&gt;&lt;strong&gt;&lt;span class="atr-name"&gt;foto_thumb&lt;/span&gt;:&lt;/strong&gt; &lt;span class="atr-value"&gt;https://images.memorix.nl/rce/thumb/350x350/966f790f-04d5-81d7-5971-0a6d355c61c7.jpg&lt;/span&gt;&lt;/li&gt;
  &lt;li&gt;&lt;strong&gt;&lt;span class="atr-name"&gt;foto_groot&lt;/span&gt;:&lt;/strong&gt; &lt;span class="atr-value"&gt;https://images.memorix.nl/rce/thumb/fullsize/966f790f-04d5-81d7-5971-0a6d355c61c7.jpg&lt;/span&gt;&lt;/li&gt;
  &lt;li&gt;&lt;strong&gt;&lt;span class="atr-name"&gt;fotograaf&lt;/span&gt;:&lt;/strong&gt; &lt;span class="atr-value"&gt;Joris Brinkkemper (beeldbank RCE)&lt;/span&gt;&lt;/li&gt;
  &lt;li&gt;&lt;strong&gt;&lt;span class="atr-name"&gt;architect&lt;/span&gt;:&lt;/strong&gt; &lt;span class="atr-value"&gt;onbekend&lt;/span&gt;&lt;/li&gt;
  &lt;li&gt;&lt;strong&gt;&lt;span class="atr-name"&gt;hoofd_beg&lt;/span&gt;:&lt;/strong&gt; &lt;span class="atr-value"&gt;1791-&lt;/span&gt;&lt;/li&gt;
  &lt;li&gt;&lt;strong&gt;&lt;span class="atr-name"&gt;hoofd_eind&lt;/span&gt;:&lt;/strong&gt; &lt;span class="atr-value"&gt;1793&lt;/span&gt;&lt;/li&gt;
  &lt;li&gt;&lt;strong&gt;&lt;span class="atr-name"&gt;voorg_beg&lt;/span&gt;:&lt;/strong&gt; &lt;span class="atr-value"&gt;ME: ouder dan&lt;/span&gt;&lt;/li&gt;
  &lt;li&gt;&lt;strong&gt;&lt;span class="atr-name"&gt;voorg_eind&lt;/span&gt;:&lt;/strong&gt; &lt;span class="atr-value"&gt;1500&lt;/span&gt;&lt;/li&gt;
  &lt;li&gt;&lt;strong&gt;&lt;span class="atr-name"&gt;denominat&lt;/span&gt;:&lt;/strong&gt; &lt;span class="atr-value"&gt;Rooms-Katholieke Kerk in Nederland&lt;/span&gt;&lt;/li&gt;
  &lt;li&gt;&lt;strong&gt;&lt;span class="atr-name"&gt;huidigfunc&lt;/span&gt;:&lt;/strong&gt; &lt;span class="atr-value"&gt;Religieus&lt;/span&gt;&lt;/li&gt;
  &lt;li&gt;&lt;strong&gt;&lt;span class="atr-name"&gt;rmon_url&lt;/span&gt;:&lt;/strong&gt; &lt;span class="atr-value"&gt;https://monumentenregister.cultureelerfgoed.nl/monumenten/34846&lt;/span&gt;&lt;/li&gt;
  
&lt;/ul&gt;
</description>
                <LookAt>
                    <longitude>5.764694384000208</longitude>
                    <latitude>50.99219217872754</latitude>
                    <altitude>0.0</altitude>
                    <heading>0.0</heading>
                    <tilt>0.0</tilt>
                    <range>0.0</range>
                    <altitudeMode>clampToGround</altitudeMode>
                </LookAt>
                <Style>
                    <IconStyle>
                        <scale>4.125</scale>
                        <heading>0.0</heading>
                        <Icon>
                            <href>https://services.rce.geovoorziening.nl/kml/icon/Landschapsatlas_religieuserfgoed_kerken_style?0.0.0=&amp;0.1.0=&amp;0.1.1=</href>
                        </Icon>
                    </IconStyle>
                    <LabelStyle>
                        <color>00ffffff</color>
                        <scale>0.0</scale>
                    </LabelStyle>
                </Style>
                <Point>
                    <coordinates>5.764694384000209,50.99219217872754</coordinates>
                </Point>
            </Placemark>
            <Placemark id="religieuserfgoed.1856">
                <name>St.-Augustinuskerk</name>
                <description>&lt;h4&gt;religieuserfgoed&lt;/h4&gt;

&lt;ul class="textattributes"&gt;
  &lt;li&gt;&lt;strong&gt;&lt;span class="atr-name"&gt;ogc_fid&lt;/span&gt;:&lt;/strong&gt; &lt;span class="atr-value"&gt;1856&lt;/span&gt;&lt;/li&gt;
  &lt;li&gt;&lt;strong&gt;&lt;span class="atr-name"&gt;rijksmonum&lt;/span&gt;:&lt;/strong&gt; &lt;span class="atr-value"&gt;34875&lt;/span&gt;&lt;/li&gt;
  &lt;li&gt;&lt;strong&gt;&lt;span class="atr-name"&gt;rd_x&lt;/span&gt;:&lt;/strong&gt; &lt;span class="atr-value"&gt;181169.6&lt;/span&gt;&lt;/li&gt;
  &lt;li&gt;&lt;strong&gt;&lt;span class="atr-name"&gt;rd_y&lt;/span&gt;:&lt;/strong&gt; &lt;span class="atr-value"&gt;328805.5&lt;/span&gt;&lt;/li&gt;
  &lt;li&gt;&lt;strong&gt;&lt;span class="atr-name"&gt;legenda&lt;/span&gt;:&lt;/strong&gt; &lt;span class="atr-value"&gt;Kerk&lt;/span&gt;&lt;/li&gt;
  &lt;li&gt;&lt;strong&gt;&lt;span class="atr-name"&gt;naam&lt;/span&gt;:&lt;/strong&gt; &lt;span class="atr-value"&gt;St.-Augustinuskerk&lt;/span&gt;&lt;/li&gt;
  &lt;li&gt;&lt;strong&gt;&lt;span class="atr-name"&gt;plaats&lt;/span&gt;:&lt;/strong&gt; &lt;span class="atr-value"&gt;Elsloo (L)&lt;/span&gt;&lt;/li&gt;
  &lt;li&gt;&lt;strong&gt;&lt;span class="atr-name"&gt;foto_thumb&lt;/span&gt;:&lt;/strong&gt; &lt;span class="atr-value"&gt;https://upload.wikimedia.org/wikipedia/commons/9/9e/Elsloo-Sint-Augustinuskerk_%283%29.JPG&lt;/span&gt;&lt;/li&gt;
  &lt;li&gt;&lt;strong&gt;&lt;span class="atr-name"&gt;foto_groot&lt;/span&gt;:&lt;/strong&gt; &lt;span class="atr-value"&gt;https://upload.wikimedia.org/wikipedia/commons/9/9e/Elsloo-Sint-Augustinuskerk_%283%29.JPG&lt;/span&gt;&lt;/li&gt;
  &lt;li&gt;&lt;strong&gt;&lt;span class="atr-name"&gt;fotograaf&lt;/span&gt;:&lt;/strong&gt; &lt;span class="atr-value"&gt;Romaine via Wikimedia Commons&lt;/span&gt;&lt;/li&gt;
  &lt;li&gt;&lt;strong&gt;&lt;span class="atr-name"&gt;architect&lt;/span&gt;:&lt;/strong&gt; &lt;span class="atr-value"&gt;Dumoulin, J.H.J.&lt;/span&gt;&lt;/li&gt;
  &lt;li&gt;&lt;strong&gt;&lt;span class="atr-name"&gt;hoofd_beg&lt;/span&gt;:&lt;/strong&gt; &lt;span class="atr-value"&gt;1848-&lt;/span&gt;&lt;/li&gt;
  &lt;li&gt;&lt;strong&gt;&lt;span class="atr-name"&gt;hoofd_eind&lt;/span&gt;:&lt;/strong&gt; &lt;span class="atr-value"&gt;1849&lt;/span&gt;&lt;/li&gt;
  
  &lt;li&gt;&lt;strong&gt;&lt;span class="atr-name"&gt;voorg_eind&lt;/span&gt;:&lt;/strong&gt; &lt;span class="atr-value"&gt;1459&lt;/span&gt;&lt;/li&gt;
  &lt;li&gt;&lt;strong&gt;&lt;span class="atr-name"&gt;denominat&lt;/span&gt;:&lt;/strong&gt; &lt;span class="atr-value"&gt;Rooms-Katholieke Kerk in Nederland&lt;/span&gt;&lt;/li&gt;
  &lt;li&gt;&lt;strong&gt;&lt;span class="atr-name"&gt;huidigfunc&lt;/span&gt;:&lt;/strong&gt; &lt;span class="atr-value"&gt;Religieus&lt;/span&gt;&lt;/li&gt;
  &lt;li&gt;&lt;strong&gt;&lt;span class="atr-name"&gt;rmon_url&lt;/span&gt;:&lt;/strong&gt; &lt;span class="atr-value"&gt;https://monumentenregister.cultureelerfgoed.nl/monumenten/34875&lt;/span&gt;&lt;/li&gt;
  
&lt;/ul&gt;
</description>
                <LookAt>
                    <longitude>5.759577787421421</longitude>
                    <latitude>50.94836282662125</latitude>
                    <altitude>0.0</altitude>
                    <heading>0.0</heading>
                    <tilt>0.0</tilt>
                    <range>0.0</range>
                    <altitudeMode>clampToGround</altitudeMode>
                </LookAt>
                <Style>
                    <IconStyle>
                        <scale>4.125</scale>
                        <heading>0.0</heading>
                        <Icon>
                            <href>https://services.rce.geovoorziening.nl/kml/icon/Landschapsatlas_religieuserfgoed_kerken_style?0.0.0=&amp;0.1.0=&amp;0.1.1=</href>
                        </Icon>
                    </IconStyle>
                    <LabelStyle>
                        <color>00ffffff</color>
                        <scale>0.0</scale>
                    </LabelStyle>
                </Style>
                <Point>
                    <coordinates>5.7595777874214225,50.94836282662125</coordinates>
                </Point>
            </Placemark>
            <Placemark id="religieuserfgoed.1866">
                <name>St.-Johannes de Doperkerk</name>
                <description>&lt;h4&gt;religieuserfgoed&lt;/h4&gt;

&lt;ul class="textattributes"&gt;
  &lt;li&gt;&lt;strong&gt;&lt;span class="atr-name"&gt;ogc_fid&lt;/span&gt;:&lt;/strong&gt; &lt;span class="atr-value"&gt;1866&lt;/span&gt;&lt;/li&gt;
  &lt;li&gt;&lt;strong&gt;&lt;span class="atr-name"&gt;rijksmonum&lt;/span&gt;:&lt;/strong&gt; &lt;span class="atr-value"&gt;34954&lt;/span&gt;&lt;/li&gt;
  &lt;li&gt;&lt;strong&gt;&lt;span class="atr-name"&gt;rd_x&lt;/span&gt;:&lt;/strong&gt; &lt;span class="atr-value"&gt;188179.8&lt;/span&gt;&lt;/li&gt;
  &lt;li&gt;&lt;strong&gt;&lt;span class="atr-name"&gt;rd_y&lt;/span&gt;:&lt;/strong&gt; &lt;span class="atr-value"&gt;338619.4&lt;/span&gt;&lt;/li&gt;
  &lt;li&gt;&lt;strong&gt;&lt;span class="atr-name"&gt;legenda&lt;/span&gt;:&lt;/strong&gt; &lt;span class="atr-value"&gt;Kerk&lt;/span&gt;&lt;/li&gt;
  &lt;li&gt;&lt;strong&gt;&lt;span class="atr-name"&gt;naam&lt;/span&gt;:&lt;/strong&gt; &lt;span class="atr-value"&gt;St.-Johannes de Doperkerk&lt;/span&gt;&lt;/li&gt;
  &lt;li&gt;&lt;strong&gt;&lt;span class="atr-name"&gt;plaats&lt;/span&gt;:&lt;/strong&gt; &lt;span class="atr-value"&gt;Nieuwstadt&lt;/span&gt;&lt;/li&gt;
  &lt;li&gt;&lt;strong&gt;&lt;span class="atr-name"&gt;foto_thumb&lt;/span&gt;:&lt;/strong&gt; &lt;span class="atr-value"&gt;https://images.memorix.nl/rce/thumb/350x350/e2a749fc-0aea-7a0e-64d5-0c91524e130a.jpg&lt;/span&gt;&lt;/li&gt;
  &lt;li&gt;&lt;strong&gt;&lt;span class="atr-name"&gt;foto_groot&lt;/span&gt;:&lt;/strong&gt; &lt;span class="atr-value"&gt;https://images.memorix.nl/rce/thumb/fullsize/e2a749fc-0aea-7a0e-64d5-0c91524e130a.jpg&lt;/span&gt;&lt;/li&gt;
  &lt;li&gt;&lt;strong&gt;&lt;span class="atr-name"&gt;fotograaf&lt;/span&gt;:&lt;/strong&gt; &lt;span class="atr-value"&gt;Lichtbeeldeninstituut (1920) (beeldbank RCE)&lt;/span&gt;&lt;/li&gt;
  &lt;li&gt;&lt;strong&gt;&lt;span class="atr-name"&gt;architect&lt;/span&gt;:&lt;/strong&gt; &lt;span class="atr-value"&gt;onbekend&lt;/span&gt;&lt;/li&gt;
  &lt;li&gt;&lt;strong&gt;&lt;span class="atr-name"&gt;hoofd_beg&lt;/span&gt;:&lt;/strong&gt; &lt;span class="atr-value"&gt;1200-&lt;/span&gt;&lt;/li&gt;
  &lt;li&gt;&lt;strong&gt;&lt;span class="atr-name"&gt;hoofd_eind&lt;/span&gt;:&lt;/strong&gt; &lt;span class="atr-value"&gt;1300&lt;/span&gt;&lt;/li&gt;
  
  &lt;li&gt;&lt;strong&gt;&lt;span class="atr-name"&gt;voorg_eind&lt;/span&gt;:&lt;/strong&gt; &lt;span class="atr-value"&gt;0&lt;/span&gt;&lt;/li&gt;
  &lt;li&gt;&lt;strong&gt;&lt;span class="atr-name"&gt;denominat&lt;/span&gt;:&lt;/strong&gt; &lt;span class="atr-value"&gt;Rooms-Katholieke Kerk in Nederland&lt;/span&gt;&lt;/li&gt;
  &lt;li&gt;&lt;strong&gt;&lt;span class="atr-name"&gt;huidigfunc&lt;/span&gt;:&lt;/strong&gt; &lt;span class="atr-value"&gt;Religieus&lt;/span&gt;&lt;/li&gt;
  &lt;li&gt;&lt;strong&gt;&lt;span class="atr-name"&gt;rmon_url&lt;/span&gt;:&lt;/strong&gt; &lt;span class="atr-value"&gt;https://monumentenregister.cultureelerfgoed.nl/monumenten/34954&lt;/span&gt;&lt;/li&gt;
  
&lt;/ul&gt;
</description>
                <LookAt>
                    <longitude>5.8602296298223</longitude>
                    <latitude>51.03621165266864</latitude>
                    <altitude>0.0</altitude>
                    <heading>0.0</heading>
                    <tilt>0.0</tilt>
                    <range>0.0</range>
                    <altitudeMode>clampToGround</altitudeMode>
                </LookAt>
                <Style>
                    <IconStyle>
                        <scale>4.125</scale>
                        <heading>0.0</heading>
                        <Icon>
                            <href>https://services.rce.geovoorziening.nl/kml/icon/Landschapsatlas_religieuserfgoed_kerken_style?0.0.0=&amp;0.1.0=&amp;0.1.1=</href>
                        </Icon>
                    </IconStyle>
                    <LabelStyle>
                        <color>00ffffff</color>
                        <scale>0.0</scale>
                    </LabelStyle>
                </Style>
                <Point>
                    <coordinates>5.860229629822298,51.03621165266864</coordinates>
                </Point>
            </Placemark>
            <Placemark id="religieuserfgoed.1980">
                <name>Waalse kerk</name>
                <description>&lt;h4&gt;religieuserfgoed&lt;/h4&gt;

&lt;ul class="textattributes"&gt;
  &lt;li&gt;&lt;strong&gt;&lt;span class="atr-name"&gt;ogc_fid&lt;/span&gt;:&lt;/strong&gt; &lt;span class="atr-value"&gt;1980&lt;/span&gt;&lt;/li&gt;
  &lt;li&gt;&lt;strong&gt;&lt;span class="atr-name"&gt;rijksmonum&lt;/span&gt;:&lt;/strong&gt; &lt;span class="atr-value"&gt;36602&lt;/span&gt;&lt;/li&gt;
  &lt;li&gt;&lt;strong&gt;&lt;span class="atr-name"&gt;rd_x&lt;/span&gt;:&lt;/strong&gt; &lt;span class="atr-value"&gt;199806.3&lt;/span&gt;&lt;/li&gt;
  &lt;li&gt;&lt;strong&gt;&lt;span class="atr-name"&gt;rd_y&lt;/span&gt;:&lt;/strong&gt; &lt;span class="atr-value"&gt;308969.5&lt;/span&gt;&lt;/li&gt;
  &lt;li&gt;&lt;strong&gt;&lt;span class="atr-name"&gt;legenda&lt;/span&gt;:&lt;/strong&gt; &lt;span class="atr-value"&gt;Kerk&lt;/span&gt;&lt;/li&gt;
  &lt;li&gt;&lt;strong&gt;&lt;span class="atr-name"&gt;naam&lt;/span&gt;:&lt;/strong&gt; &lt;span class="atr-value"&gt;Waalse kerk&lt;/span&gt;&lt;/li&gt;
  &lt;li&gt;&lt;strong&gt;&lt;span class="atr-name"&gt;plaats&lt;/span&gt;:&lt;/strong&gt; &lt;span class="atr-value"&gt;Vaals&lt;/span&gt;&lt;/li&gt;
  &lt;li&gt;&lt;strong&gt;&lt;span class="atr-name"&gt;foto_thumb&lt;/span&gt;:&lt;/strong&gt; &lt;span class="atr-value"&gt;https://images.memorix.nl/rce/thumb/350x350/44a69c9b-3b65-7943-dcc1-ef2091339ea9.jpg&lt;/span&gt;&lt;/li&gt;
  &lt;li&gt;&lt;strong&gt;&lt;span class="atr-name"&gt;foto_groot&lt;/span&gt;:&lt;/strong&gt; &lt;span class="atr-value"&gt;https://images.memorix.nl/rce/thumb/fullsize/44a69c9b-3b65-7943-dcc1-ef2091339ea9.jpg&lt;/span&gt;&lt;/li&gt;
  &lt;li&gt;&lt;strong&gt;&lt;span class="atr-name"&gt;fotograaf&lt;/span&gt;:&lt;/strong&gt; &lt;span class="atr-value"&gt;Joris Brinkkemper (beeldbank RCE)&lt;/span&gt;&lt;/li&gt;
  &lt;li&gt;&lt;strong&gt;&lt;span class="atr-name"&gt;architect&lt;/span&gt;:&lt;/strong&gt; &lt;span class="atr-value"&gt;onbekend&lt;/span&gt;&lt;/li&gt;
  
  &lt;li&gt;&lt;strong&gt;&lt;span class="atr-name"&gt;hoofd_eind&lt;/span&gt;:&lt;/strong&gt; &lt;span class="atr-value"&gt;1667&lt;/span&gt;&lt;/li&gt;
  
  &lt;li&gt;&lt;strong&gt;&lt;span class="atr-name"&gt;voorg_eind&lt;/span&gt;:&lt;/strong&gt; &lt;span class="atr-value"&gt;0&lt;/span&gt;&lt;/li&gt;
  &lt;li&gt;&lt;strong&gt;&lt;span class="atr-name"&gt;denominat&lt;/span&gt;:&lt;/strong&gt; &lt;span class="atr-value"&gt;Waalse Kerk&lt;/span&gt;&lt;/li&gt;
  &lt;li&gt;&lt;strong&gt;&lt;span class="atr-name"&gt;huidigfunc&lt;/span&gt;:&lt;/strong&gt; &lt;span class="atr-value"&gt;Wonen, wonen met bedrijvigheid&lt;/span&gt;&lt;/li&gt;
  &lt;li&gt;&lt;strong&gt;&lt;span class="atr-name"&gt;rmon_url&lt;/span&gt;:&lt;/strong&gt; &lt;span class="atr-value"&gt;https://monumentenregister.cultureelerfgoed.nl/monumenten/36602&lt;/span&gt;&lt;/li&gt;
  
&lt;/ul&gt;
</description>
                <LookAt>
                    <longitude>6.022305647314596</longitude>
                    <latitude>50.76891368207985</latitude>
                    <altitude>0.0</altitude>
                    <heading>0.0</heading>
                    <tilt>0.0</tilt>
                    <range>0.0</range>
                    <altitudeMode>clampToGround</altitudeMode>
                </LookAt>
                <Style>
                    <IconStyle>
                        <scale>4.125</scale>
                        <heading>0.0</heading>
                        <Icon>
                            <href>https://services.rce.geovoorziening.nl/kml/icon/Landschapsatlas_religieuserfgoed_kerken_style?0.0.0=&amp;0.1.0=&amp;0.1.1=</href>
                        </Icon>
                    </IconStyle>
                    <LabelStyle>
                        <color>00ffffff</color>
                        <scale>0.0</scale>
                    </LabelStyle>
                </Style>
                <Point>
                    <coordinates>6.022305647314615,50.76891368207985</coordinates>
                </Point>
            </Placemark>
            <Placemark id="religieuserfgoed.1981">
                <name>Lutherse kerk</name>
                <description>&lt;h4&gt;religieuserfgoed&lt;/h4&gt;

&lt;ul class="textattributes"&gt;
  &lt;li&gt;&lt;strong&gt;&lt;span class="atr-name"&gt;ogc_fid&lt;/span&gt;:&lt;/strong&gt; &lt;span class="atr-value"&gt;1981&lt;/span&gt;&lt;/li&gt;
  &lt;li&gt;&lt;strong&gt;&lt;span class="atr-name"&gt;rijksmonum&lt;/span&gt;:&lt;/strong&gt; &lt;span class="atr-value"&gt;36608&lt;/span&gt;&lt;/li&gt;
  &lt;li&gt;&lt;strong&gt;&lt;span class="atr-name"&gt;rd_x&lt;/span&gt;:&lt;/strong&gt; &lt;span class="atr-value"&gt;199617.8&lt;/span&gt;&lt;/li&gt;
  &lt;li&gt;&lt;strong&gt;&lt;span class="atr-name"&gt;rd_y&lt;/span&gt;:&lt;/strong&gt; &lt;span class="atr-value"&gt;309108.1&lt;/span&gt;&lt;/li&gt;
  &lt;li&gt;&lt;strong&gt;&lt;span class="atr-name"&gt;legenda&lt;/span&gt;:&lt;/strong&gt; &lt;span class="atr-value"&gt;Kerk&lt;/span&gt;&lt;/li&gt;
  &lt;li&gt;&lt;strong&gt;&lt;span class="atr-name"&gt;naam&lt;/span&gt;:&lt;/strong&gt; &lt;span class="atr-value"&gt;Lutherse kerk&lt;/span&gt;&lt;/li&gt;
  &lt;li&gt;&lt;strong&gt;&lt;span class="atr-name"&gt;plaats&lt;/span&gt;:&lt;/strong&gt; &lt;span class="atr-value"&gt;Vaals&lt;/span&gt;&lt;/li&gt;
  &lt;li&gt;&lt;strong&gt;&lt;span class="atr-name"&gt;foto_thumb&lt;/span&gt;:&lt;/strong&gt; &lt;span class="atr-value"&gt;https://images.memorix.nl/rce/thumb/350x350/11554ea7-a988-459c-5758-04c6fae4593e.jpg&lt;/span&gt;&lt;/li&gt;
  &lt;li&gt;&lt;strong&gt;&lt;span class="atr-name"&gt;foto_groot&lt;/span&gt;:&lt;/strong&gt; &lt;span class="atr-value"&gt;https://images.memorix.nl/rce/thumb/fullsize/11554ea7-a988-459c-5758-04c6fae4593e.jpg&lt;/span&gt;&lt;/li&gt;
  &lt;li&gt;&lt;strong&gt;&lt;span class="atr-name"&gt;fotograaf&lt;/span&gt;:&lt;/strong&gt; &lt;span class="atr-value"&gt;Joris Brinkkemper (beeldbank RCE)&lt;/span&gt;&lt;/li&gt;
  &lt;li&gt;&lt;strong&gt;&lt;span class="atr-name"&gt;architect&lt;/span&gt;:&lt;/strong&gt; &lt;span class="atr-value"&gt;Littig, Von&lt;/span&gt;&lt;/li&gt;
  &lt;li&gt;&lt;strong&gt;&lt;span class="atr-name"&gt;hoofd_beg&lt;/span&gt;:&lt;/strong&gt; &lt;span class="atr-value"&gt;1736-&lt;/span&gt;&lt;/li&gt;
  &lt;li&gt;&lt;strong&gt;&lt;span class="atr-name"&gt;hoofd_eind&lt;/span&gt;:&lt;/strong&gt; &lt;span class="atr-value"&gt;1737&lt;/span&gt;&lt;/li&gt;
  
  &lt;li&gt;&lt;strong&gt;&lt;span class="atr-name"&gt;voorg_eind&lt;/span&gt;:&lt;/strong&gt; &lt;span class="atr-value"&gt;0&lt;/span&gt;&lt;/li&gt;
  &lt;li&gt;&lt;strong&gt;&lt;span class="atr-name"&gt;denominat&lt;/span&gt;:&lt;/strong&gt; &lt;span class="atr-value"&gt;Evangelisch-Lutherse kerk&lt;/span&gt;&lt;/li&gt;
  &lt;li&gt;&lt;strong&gt;&lt;span class="atr-name"&gt;huidigfunc&lt;/span&gt;:&lt;/strong&gt; &lt;span class="atr-value"&gt;Onderwijs en educatie&lt;/span&gt;&lt;/li&gt;
  &lt;li&gt;&lt;strong&gt;&lt;span class="atr-name"&gt;rmon_url&lt;/span&gt;:&lt;/strong&gt; &lt;span class="atr-value"&gt;https://monumentenregister.cultureelerfgoed.nl/monumenten/36608&lt;/span&gt;&lt;/li&gt;
  
&lt;/ul&gt;
</description>
                <LookAt>
                    <longitude>6.019650875767184</longitude>
                    <latitude>50.77017412628623</latitude>
                    <altitude>0.0</altitude>
                    <heading>0.0</heading>
                    <tilt>0.0</tilt>
                    <range>0.0</range>
                    <altitudeMode>clampToGround</altitudeMode>
                </LookAt>
                <Style>
                    <IconStyle>
                        <scale>4.125</scale>
                        <heading>0.0</heading>
                        <Icon>
                            <href>https://services.rce.geovoorziening.nl/kml/icon/Landschapsatlas_religieuserfgoed_kerken_style?0.0.0=&amp;0.1.0=&amp;0.1.1=</href>
                        </Icon>
                    </IconStyle>
                    <LabelStyle>
                        <color>00ffffff</color>
                        <scale>0.0</scale>
                    </LabelStyle>
                </Style>
                <Point>
                    <coordinates>6.0196508757671845,50.77017412628622</coordinates>
                </Point>
            </Placemark>
            <Placemark id="religieuserfgoed.1982">
                <name>St.-Pauluskerk</name>
                <description>&lt;h4&gt;religieuserfgoed&lt;/h4&gt;

&lt;ul class="textattributes"&gt;
  &lt;li&gt;&lt;strong&gt;&lt;span class="atr-name"&gt;ogc_fid&lt;/span&gt;:&lt;/strong&gt; &lt;span class="atr-value"&gt;1982&lt;/span&gt;&lt;/li&gt;
  &lt;li&gt;&lt;strong&gt;&lt;span class="atr-name"&gt;rijksmonum&lt;/span&gt;:&lt;/strong&gt; &lt;span class="atr-value"&gt;36620&lt;/span&gt;&lt;/li&gt;
  &lt;li&gt;&lt;strong&gt;&lt;span class="atr-name"&gt;rd_x&lt;/span&gt;:&lt;/strong&gt; &lt;span class="atr-value"&gt;199824.4&lt;/span&gt;&lt;/li&gt;
  &lt;li&gt;&lt;strong&gt;&lt;span class="atr-name"&gt;rd_y&lt;/span&gt;:&lt;/strong&gt; &lt;span class="atr-value"&gt;309131.8&lt;/span&gt;&lt;/li&gt;
  &lt;li&gt;&lt;strong&gt;&lt;span class="atr-name"&gt;legenda&lt;/span&gt;:&lt;/strong&gt; &lt;span class="atr-value"&gt;Kerk&lt;/span&gt;&lt;/li&gt;
  &lt;li&gt;&lt;strong&gt;&lt;span class="atr-name"&gt;naam&lt;/span&gt;:&lt;/strong&gt; &lt;span class="atr-value"&gt;St.-Pauluskerk&lt;/span&gt;&lt;/li&gt;
  &lt;li&gt;&lt;strong&gt;&lt;span class="atr-name"&gt;plaats&lt;/span&gt;:&lt;/strong&gt; &lt;span class="atr-value"&gt;Vaals&lt;/span&gt;&lt;/li&gt;
  &lt;li&gt;&lt;strong&gt;&lt;span class="atr-name"&gt;foto_thumb&lt;/span&gt;:&lt;/strong&gt; &lt;span class="atr-value"&gt;https://images.memorix.nl/rce/thumb/350x350/4ed908a9-1675-f3d6-8e78-e2e24a5d13e0.jpg&lt;/span&gt;&lt;/li&gt;
  &lt;li&gt;&lt;strong&gt;&lt;span class="atr-name"&gt;foto_groot&lt;/span&gt;:&lt;/strong&gt; &lt;span class="atr-value"&gt;https://images.memorix.nl/rce/thumb/fullsize/4ed908a9-1675-f3d6-8e78-e2e24a5d13e0.jpg&lt;/span&gt;&lt;/li&gt;
  &lt;li&gt;&lt;strong&gt;&lt;span class="atr-name"&gt;fotograaf&lt;/span&gt;:&lt;/strong&gt; &lt;span class="atr-value"&gt;Frans Kabel (beeldbank RCE)&lt;/span&gt;&lt;/li&gt;
  &lt;li&gt;&lt;strong&gt;&lt;span class="atr-name"&gt;architect&lt;/span&gt;:&lt;/strong&gt; &lt;span class="atr-value"&gt;Kayser, J.&lt;/span&gt;&lt;/li&gt;
  &lt;li&gt;&lt;strong&gt;&lt;span class="atr-name"&gt;hoofd_beg&lt;/span&gt;:&lt;/strong&gt; &lt;span class="atr-value"&gt;1891-&lt;/span&gt;&lt;/li&gt;
  &lt;li&gt;&lt;strong&gt;&lt;span class="atr-name"&gt;hoofd_eind&lt;/span&gt;:&lt;/strong&gt; &lt;span class="atr-value"&gt;1893&lt;/span&gt;&lt;/li&gt;
  
  &lt;li&gt;&lt;strong&gt;&lt;span class="atr-name"&gt;voorg_eind&lt;/span&gt;:&lt;/strong&gt; &lt;span class="atr-value"&gt;0&lt;/span&gt;&lt;/li&gt;
  &lt;li&gt;&lt;strong&gt;&lt;span class="atr-name"&gt;denominat&lt;/span&gt;:&lt;/strong&gt; &lt;span class="atr-value"&gt;Rooms-Katholieke Kerk in Nederland&lt;/span&gt;&lt;/li&gt;
  &lt;li&gt;&lt;strong&gt;&lt;span class="atr-name"&gt;huidigfunc&lt;/span&gt;:&lt;/strong&gt; &lt;span class="atr-value"&gt;Religieus&lt;/span&gt;&lt;/li&gt;
  &lt;li&gt;&lt;strong&gt;&lt;span class="atr-name"&gt;rmon_url&lt;/span&gt;:&lt;/strong&gt; &lt;span class="atr-value"&gt;https://monumentenregister.cultureelerfgoed.nl/monumenten/36620&lt;/span&gt;&lt;/li&gt;
  
&lt;/ul&gt;
</description>
                <LookAt>
                    <longitude>6.022582152393724</longitude>
                    <latitude>50.77037107234581</latitude>
                    <altitude>0.0</altitude>
                    <heading>0.0</heading>
                    <tilt>0.0</tilt>
                    <range>0.0</range>
                    <altitudeMode>clampToGround</altitudeMode>
                </LookAt>
                <Style>
                    <IconStyle>
                        <scale>4.125</scale>
                        <heading>0.0</heading>
                        <Icon>
                            <href>https://services.rce.geovoorziening.nl/kml/icon/Landschapsatlas_religieuserfgoed_kerken_style?0.0.0=&amp;0.1.0=&amp;0.1.1=</href>
                        </Icon>
                    </IconStyle>
                    <LabelStyle>
                        <color>00ffffff</color>
                        <scale>0.0</scale>
                    </LabelStyle>
                </Style>
                <Point>
                    <coordinates>6.022582152393706,50.7703710723458</coordinates>
                </Point>
            </Placemark>
            <Placemark id="religieuserfgoed.1983">
                <name>Nederlands Hervormde Kerk</name>
                <description>&lt;h4&gt;religieuserfgoed&lt;/h4&gt;

&lt;ul class="textattributes"&gt;
  &lt;li&gt;&lt;strong&gt;&lt;span class="atr-name"&gt;ogc_fid&lt;/span&gt;:&lt;/strong&gt; &lt;span class="atr-value"&gt;1983&lt;/span&gt;&lt;/li&gt;
  &lt;li&gt;&lt;strong&gt;&lt;span class="atr-name"&gt;rijksmonum&lt;/span&gt;:&lt;/strong&gt; &lt;span class="atr-value"&gt;36624&lt;/span&gt;&lt;/li&gt;
  &lt;li&gt;&lt;strong&gt;&lt;span class="atr-name"&gt;rd_x&lt;/span&gt;:&lt;/strong&gt; &lt;span class="atr-value"&gt;199724.6&lt;/span&gt;&lt;/li&gt;
  &lt;li&gt;&lt;strong&gt;&lt;span class="atr-name"&gt;rd_y&lt;/span&gt;:&lt;/strong&gt; &lt;span class="atr-value"&gt;309015.5&lt;/span&gt;&lt;/li&gt;
  &lt;li&gt;&lt;strong&gt;&lt;span class="atr-name"&gt;legenda&lt;/span&gt;:&lt;/strong&gt; &lt;span class="atr-value"&gt;Kerk&lt;/span&gt;&lt;/li&gt;
  &lt;li&gt;&lt;strong&gt;&lt;span class="atr-name"&gt;naam&lt;/span&gt;:&lt;/strong&gt; &lt;span class="atr-value"&gt;Nederlands Hervormde Kerk&lt;/span&gt;&lt;/li&gt;
  &lt;li&gt;&lt;strong&gt;&lt;span class="atr-name"&gt;plaats&lt;/span&gt;:&lt;/strong&gt; &lt;span class="atr-value"&gt;Vaals&lt;/span&gt;&lt;/li&gt;
  &lt;li&gt;&lt;strong&gt;&lt;span class="atr-name"&gt;foto_thumb&lt;/span&gt;:&lt;/strong&gt; &lt;span class="atr-value"&gt;https://images.memorix.nl/rce/thumb/350x350/ebfc9995-9db9-7732-fee9-a31a4b5ecd1b.jpg&lt;/span&gt;&lt;/li&gt;
  &lt;li&gt;&lt;strong&gt;&lt;span class="atr-name"&gt;foto_groot&lt;/span&gt;:&lt;/strong&gt; &lt;span class="atr-value"&gt;https://images.memorix.nl/rce/thumb/fullsize/ebfc9995-9db9-7732-fee9-a31a4b5ecd1b.jpg&lt;/span&gt;&lt;/li&gt;
  &lt;li&gt;&lt;strong&gt;&lt;span class="atr-name"&gt;fotograaf&lt;/span&gt;:&lt;/strong&gt; &lt;span class="atr-value"&gt;Joris Brinkkemper (beeldbank RCE)&lt;/span&gt;&lt;/li&gt;
  &lt;li&gt;&lt;strong&gt;&lt;span class="atr-name"&gt;architect&lt;/span&gt;:&lt;/strong&gt; &lt;span class="atr-value"&gt;onbekend&lt;/span&gt;&lt;/li&gt;
  
  &lt;li&gt;&lt;strong&gt;&lt;span class="atr-name"&gt;hoofd_eind&lt;/span&gt;:&lt;/strong&gt; &lt;span class="atr-value"&gt;1671&lt;/span&gt;&lt;/li&gt;
  
  &lt;li&gt;&lt;strong&gt;&lt;span class="atr-name"&gt;voorg_eind&lt;/span&gt;:&lt;/strong&gt; &lt;span class="atr-value"&gt;0&lt;/span&gt;&lt;/li&gt;
  &lt;li&gt;&lt;strong&gt;&lt;span class="atr-name"&gt;denominat&lt;/span&gt;:&lt;/strong&gt; &lt;span class="atr-value"&gt;Nederlandse Hervormde Kerk&lt;/span&gt;&lt;/li&gt;
  &lt;li&gt;&lt;strong&gt;&lt;span class="atr-name"&gt;huidigfunc&lt;/span&gt;:&lt;/strong&gt; &lt;span class="atr-value"&gt;Religieus&lt;/span&gt;&lt;/li&gt;
  &lt;li&gt;&lt;strong&gt;&lt;span class="atr-name"&gt;rmon_url&lt;/span&gt;:&lt;/strong&gt; &lt;span class="atr-value"&gt;https://monumentenregister.cultureelerfgoed.nl/monumenten/36624&lt;/span&gt;&lt;/li&gt;
  
&lt;/ul&gt;
</description>
                <LookAt>
                    <longitude>6.021153302397053</longitude>
                    <latitude>50.76933350774679</latitude>
                    <altitude>0.0</altitude>
                    <heading>0.0</heading>
                    <tilt>0.0</tilt>
                    <range>0.0</range>
                    <altitudeMode>clampToGround</altitudeMode>
                </LookAt>
                <Style>
                    <IconStyle>
                        <scale>4.125</scale>
                        <heading>0.0</heading>
                        <Icon>
                            <href>https://services.rce.geovoorziening.nl/kml/icon/Landschapsatlas_religieuserfgoed_kerken_style?0.0.0=&amp;0.1.0=&amp;0.1.1=</href>
                        </Icon>
                    </IconStyle>
                    <LabelStyle>
                        <color>00ffffff</color>
                        <scale>0.0</scale>
                    </LabelStyle>
                </Style>
                <Point>
                    <coordinates>6.021153302397058,50.76933350774679</coordinates>
                </Point>
            </Placemark>
            <Placemark id="religieuserfgoed.1985">
                <name>H.H. Lambertus en Genovevakerk</name>
                <description>&lt;h4&gt;religieuserfgoed&lt;/h4&gt;

&lt;ul class="textattributes"&gt;
  &lt;li&gt;&lt;strong&gt;&lt;span class="atr-name"&gt;ogc_fid&lt;/span&gt;:&lt;/strong&gt; &lt;span class="atr-value"&gt;1985&lt;/span&gt;&lt;/li&gt;
  &lt;li&gt;&lt;strong&gt;&lt;span class="atr-name"&gt;rijksmonum&lt;/span&gt;:&lt;/strong&gt; &lt;span class="atr-value"&gt;36673&lt;/span&gt;&lt;/li&gt;
  &lt;li&gt;&lt;strong&gt;&lt;span class="atr-name"&gt;rd_x&lt;/span&gt;:&lt;/strong&gt; &lt;span class="atr-value"&gt;197324.5&lt;/span&gt;&lt;/li&gt;
  &lt;li&gt;&lt;strong&gt;&lt;span class="atr-name"&gt;rd_y&lt;/span&gt;:&lt;/strong&gt; &lt;span class="atr-value"&gt;309654.9&lt;/span&gt;&lt;/li&gt;
  &lt;li&gt;&lt;strong&gt;&lt;span class="atr-name"&gt;legenda&lt;/span&gt;:&lt;/strong&gt; &lt;span class="atr-value"&gt;Kerk&lt;/span&gt;&lt;/li&gt;
  &lt;li&gt;&lt;strong&gt;&lt;span class="atr-name"&gt;naam&lt;/span&gt;:&lt;/strong&gt; &lt;span class="atr-value"&gt;H.H. Lambertus en Genovevakerk&lt;/span&gt;&lt;/li&gt;
  &lt;li&gt;&lt;strong&gt;&lt;span class="atr-name"&gt;plaats&lt;/span&gt;:&lt;/strong&gt; &lt;span class="atr-value"&gt;Holset&lt;/span&gt;&lt;/li&gt;
  &lt;li&gt;&lt;strong&gt;&lt;span class="atr-name"&gt;foto_thumb&lt;/span&gt;:&lt;/strong&gt; &lt;span class="atr-value"&gt;https://images.memorix.nl/rce/thumb/350x350/1a049e5b-b689-ec0a-f7af-34c5eb9a9254.jpg&lt;/span&gt;&lt;/li&gt;
  &lt;li&gt;&lt;strong&gt;&lt;span class="atr-name"&gt;foto_groot&lt;/span&gt;:&lt;/strong&gt; &lt;span class="atr-value"&gt;https://images.memorix.nl/rce/thumb/fullsize/1a049e5b-b689-ec0a-f7af-34c5eb9a9254.jpg&lt;/span&gt;&lt;/li&gt;
  &lt;li&gt;&lt;strong&gt;&lt;span class="atr-name"&gt;fotograaf&lt;/span&gt;:&lt;/strong&gt; &lt;span class="atr-value"&gt;Loek Tangel (beeldbank RCE)&lt;/span&gt;&lt;/li&gt;
  &lt;li&gt;&lt;strong&gt;&lt;span class="atr-name"&gt;architect&lt;/span&gt;:&lt;/strong&gt; &lt;span class="atr-value"&gt;onbekend&lt;/span&gt;&lt;/li&gt;
  &lt;li&gt;&lt;strong&gt;&lt;span class="atr-name"&gt;hoofd_beg&lt;/span&gt;:&lt;/strong&gt; &lt;span class="atr-value"&gt;1100-&lt;/span&gt;&lt;/li&gt;
  &lt;li&gt;&lt;strong&gt;&lt;span class="atr-name"&gt;hoofd_eind&lt;/span&gt;:&lt;/strong&gt; &lt;span class="atr-value"&gt;1200&lt;/span&gt;&lt;/li&gt;
  
  &lt;li&gt;&lt;strong&gt;&lt;span class="atr-name"&gt;voorg_eind&lt;/span&gt;:&lt;/strong&gt; &lt;span class="atr-value"&gt;0&lt;/span&gt;&lt;/li&gt;
  &lt;li&gt;&lt;strong&gt;&lt;span class="atr-name"&gt;denominat&lt;/span&gt;:&lt;/strong&gt; &lt;span class="atr-value"&gt;Rooms-Katholieke Kerk in Nederland&lt;/span&gt;&lt;/li&gt;
  &lt;li&gt;&lt;strong&gt;&lt;span class="atr-name"&gt;huidigfunc&lt;/span&gt;:&lt;/strong&gt; &lt;span class="atr-value"&gt;Religieus&lt;/span&gt;&lt;/li&gt;
  &lt;li&gt;&lt;strong&gt;&lt;span class="atr-name"&gt;rmon_url&lt;/span&gt;:&lt;/strong&gt; &lt;span class="atr-value"&gt;https://monumentenregister.cultureelerfgoed.nl/monumenten/36673&lt;/span&gt;&lt;/li&gt;
  
&lt;/ul&gt;
</description>
                <LookAt>
                    <longitude>5.9872088516673045</longitude>
                    <latitude>50.77526242654729</latitude>
                    <altitude>0.0</altitude>
                    <heading>0.0</heading>
                    <tilt>0.0</tilt>
                    <range>0.0</range>
                    <altitudeMode>clampToGround</altitudeMode>
                </LookAt>
                <Style>
                    <IconStyle>
                        <scale>4.125</scale>
                        <heading>0.0</heading>
                        <Icon>
                            <href>https://services.rce.geovoorziening.nl/kml/icon/Landschapsatlas_religieuserfgoed_kerken_style?0.0.0=&amp;0.1.0=&amp;0.1.1=</href>
                        </Icon>
                    </IconStyle>
                    <LabelStyle>
                        <color>00ffffff</color>
                        <scale>0.0</scale>
                    </LabelStyle>
                </Style>
                <Point>
                    <coordinates>5.987208851667298,50.77526242654729</coordinates>
                </Point>
            </Placemark>
            <Placemark id="religieuserfgoed.1986">
                <name>St.-Catharinakapel</name>
                <description>&lt;h4&gt;religieuserfgoed&lt;/h4&gt;

&lt;ul class="textattributes"&gt;
  &lt;li&gt;&lt;strong&gt;&lt;span class="atr-name"&gt;ogc_fid&lt;/span&gt;:&lt;/strong&gt; &lt;span class="atr-value"&gt;1986&lt;/span&gt;&lt;/li&gt;
  &lt;li&gt;&lt;strong&gt;&lt;span class="atr-name"&gt;rijksmonum&lt;/span&gt;:&lt;/strong&gt; &lt;span class="atr-value"&gt;36676&lt;/span&gt;&lt;/li&gt;
  &lt;li&gt;&lt;strong&gt;&lt;span class="atr-name"&gt;rd_x&lt;/span&gt;:&lt;/strong&gt; &lt;span class="atr-value"&gt;197959.6&lt;/span&gt;&lt;/li&gt;
  &lt;li&gt;&lt;strong&gt;&lt;span class="atr-name"&gt;rd_y&lt;/span&gt;:&lt;/strong&gt; &lt;span class="atr-value"&gt;310952.4&lt;/span&gt;&lt;/li&gt;
  &lt;li&gt;&lt;strong&gt;&lt;span class="atr-name"&gt;legenda&lt;/span&gt;:&lt;/strong&gt; &lt;span class="atr-value"&gt;Kerk&lt;/span&gt;&lt;/li&gt;
  &lt;li&gt;&lt;strong&gt;&lt;span class="atr-name"&gt;naam&lt;/span&gt;:&lt;/strong&gt; &lt;span class="atr-value"&gt;St.-Catharinakapel&lt;/span&gt;&lt;/li&gt;
  &lt;li&gt;&lt;strong&gt;&lt;span class="atr-name"&gt;plaats&lt;/span&gt;:&lt;/strong&gt; &lt;span class="atr-value"&gt;Lemiers&lt;/span&gt;&lt;/li&gt;
  &lt;li&gt;&lt;strong&gt;&lt;span class="atr-name"&gt;foto_thumb&lt;/span&gt;:&lt;/strong&gt; &lt;span class="atr-value"&gt;https://images.memorix.nl/rce/thumb/350x350/dc450504-bdc0-1a1d-856b-614ad2d819b8.jpg&lt;/span&gt;&lt;/li&gt;
  &lt;li&gt;&lt;strong&gt;&lt;span class="atr-name"&gt;foto_groot&lt;/span&gt;:&lt;/strong&gt; &lt;span class="atr-value"&gt;https://images.memorix.nl/rce/thumb/fullsize/dc450504-bdc0-1a1d-856b-614ad2d819b8.jpg&lt;/span&gt;&lt;/li&gt;
  &lt;li&gt;&lt;strong&gt;&lt;span class="atr-name"&gt;fotograaf&lt;/span&gt;:&lt;/strong&gt; &lt;span class="atr-value"&gt;Joris Brinkkemper (beeldbank RCE)&lt;/span&gt;&lt;/li&gt;
  &lt;li&gt;&lt;strong&gt;&lt;span class="atr-name"&gt;architect&lt;/span&gt;:&lt;/strong&gt; &lt;span class="atr-value"&gt;onbekend&lt;/span&gt;&lt;/li&gt;
  &lt;li&gt;&lt;strong&gt;&lt;span class="atr-name"&gt;hoofd_beg&lt;/span&gt;:&lt;/strong&gt; &lt;span class="atr-value"&gt;1200-&lt;/span&gt;&lt;/li&gt;
  &lt;li&gt;&lt;strong&gt;&lt;span class="atr-name"&gt;hoofd_eind&lt;/span&gt;:&lt;/strong&gt; &lt;span class="atr-value"&gt;1300&lt;/span&gt;&lt;/li&gt;
  &lt;li&gt;&lt;strong&gt;&lt;span class="atr-name"&gt;voorg_beg&lt;/span&gt;:&lt;/strong&gt; &lt;span class="atr-value"&gt;1100-&lt;/span&gt;&lt;/li&gt;
  &lt;li&gt;&lt;strong&gt;&lt;span class="atr-name"&gt;voorg_eind&lt;/span&gt;:&lt;/strong&gt; &lt;span class="atr-value"&gt;1200&lt;/span&gt;&lt;/li&gt;
  &lt;li&gt;&lt;strong&gt;&lt;span class="atr-name"&gt;denominat&lt;/span&gt;:&lt;/strong&gt; &lt;span class="atr-value"&gt;Rooms-Katholieke Kerk in Nederland&lt;/span&gt;&lt;/li&gt;
  &lt;li&gt;&lt;strong&gt;&lt;span class="atr-name"&gt;huidigfunc&lt;/span&gt;:&lt;/strong&gt; &lt;span class="atr-value"&gt;Religieus&lt;/span&gt;&lt;/li&gt;
  &lt;li&gt;&lt;strong&gt;&lt;span class="atr-name"&gt;rmon_url&lt;/span&gt;:&lt;/strong&gt; &lt;span class="atr-value"&gt;https://monumentenregister.cultureelerfgoed.nl/monumenten/36676&lt;/span&gt;&lt;/li&gt;
  
&lt;/ul&gt;
</description>
                <LookAt>
                    <longitude>5.996364854566977</longitude>
                    <latitude>50.78687767138638</latitude>
                    <altitude>0.0</altitude>
                    <heading>0.0</heading>
                    <tilt>0.0</tilt>
                    <range>0.0</range>
                    <altitudeMode>clampToGround</altitudeMode>
                </LookAt>
                <Style>
                    <IconStyle>
                        <scale>4.125</scale>
                        <heading>0.0</heading>
                        <Icon>
                            <href>https://services.rce.geovoorziening.nl/kml/icon/Landschapsatlas_religieuserfgoed_kerken_style?0.0.0=&amp;0.1.0=&amp;0.1.1=</href>
                        </Icon>
                    </IconStyle>
                    <LabelStyle>
                        <color>00ffffff</color>
                        <scale>0.0</scale>
                    </LabelStyle>
                </Style>
                <Point>
                    <coordinates>5.996364854566972,50.78687767138637</coordinates>
                </Point>
            </Placemark>
            <Placemark id="religieuserfgoed.1987">
                <name>St.-Martinuskerk</name>
                <description>&lt;h4&gt;religieuserfgoed&lt;/h4&gt;

&lt;ul class="textattributes"&gt;
  &lt;li&gt;&lt;strong&gt;&lt;span class="atr-name"&gt;ogc_fid&lt;/span&gt;:&lt;/strong&gt; &lt;span class="atr-value"&gt;1987&lt;/span&gt;&lt;/li&gt;
  &lt;li&gt;&lt;strong&gt;&lt;span class="atr-name"&gt;rijksmonum&lt;/span&gt;:&lt;/strong&gt; &lt;span class="atr-value"&gt;36716&lt;/span&gt;&lt;/li&gt;
  &lt;li&gt;&lt;strong&gt;&lt;span class="atr-name"&gt;rd_x&lt;/span&gt;:&lt;/strong&gt; &lt;span class="atr-value"&gt;195615.8&lt;/span&gt;&lt;/li&gt;
  &lt;li&gt;&lt;strong&gt;&lt;span class="atr-name"&gt;rd_y&lt;/span&gt;:&lt;/strong&gt; &lt;span class="atr-value"&gt;311032.7&lt;/span&gt;&lt;/li&gt;
  &lt;li&gt;&lt;strong&gt;&lt;span class="atr-name"&gt;legenda&lt;/span&gt;:&lt;/strong&gt; &lt;span class="atr-value"&gt;Kerk&lt;/span&gt;&lt;/li&gt;
  &lt;li&gt;&lt;strong&gt;&lt;span class="atr-name"&gt;naam&lt;/span&gt;:&lt;/strong&gt; &lt;span class="atr-value"&gt;St.-Martinuskerk&lt;/span&gt;&lt;/li&gt;
  &lt;li&gt;&lt;strong&gt;&lt;span class="atr-name"&gt;plaats&lt;/span&gt;:&lt;/strong&gt; &lt;span class="atr-value"&gt;Vijlen&lt;/span&gt;&lt;/li&gt;
  &lt;li&gt;&lt;strong&gt;&lt;span class="atr-name"&gt;foto_thumb&lt;/span&gt;:&lt;/strong&gt; &lt;span class="atr-value"&gt;https://images.memorix.nl/rce/thumb/350x350/f9e45b92-b63d-337c-1a35-763060078a28.jpg&lt;/span&gt;&lt;/li&gt;
  &lt;li&gt;&lt;strong&gt;&lt;span class="atr-name"&gt;foto_groot&lt;/span&gt;:&lt;/strong&gt; &lt;span class="atr-value"&gt;https://images.memorix.nl/rce/thumb/fullsize/f9e45b92-b63d-337c-1a35-763060078a28.jpg&lt;/span&gt;&lt;/li&gt;
  &lt;li&gt;&lt;strong&gt;&lt;span class="atr-name"&gt;fotograaf&lt;/span&gt;:&lt;/strong&gt; &lt;span class="atr-value"&gt;Kris Roderburg (beeldbank RCE)&lt;/span&gt;&lt;/li&gt;
  &lt;li&gt;&lt;strong&gt;&lt;span class="atr-name"&gt;architect&lt;/span&gt;:&lt;/strong&gt; &lt;span class="atr-value"&gt;Weber, C.E.M.H.A.F.&lt;/span&gt;&lt;/li&gt;
  &lt;li&gt;&lt;strong&gt;&lt;span class="atr-name"&gt;hoofd_beg&lt;/span&gt;:&lt;/strong&gt; &lt;span class="atr-value"&gt;1859-&lt;/span&gt;&lt;/li&gt;
  &lt;li&gt;&lt;strong&gt;&lt;span class="atr-name"&gt;hoofd_eind&lt;/span&gt;:&lt;/strong&gt; &lt;span class="atr-value"&gt;1861&lt;/span&gt;&lt;/li&gt;
  
  &lt;li&gt;&lt;strong&gt;&lt;span class="atr-name"&gt;voorg_eind&lt;/span&gt;:&lt;/strong&gt; &lt;span class="atr-value"&gt;0&lt;/span&gt;&lt;/li&gt;
  &lt;li&gt;&lt;strong&gt;&lt;span class="atr-name"&gt;denominat&lt;/span&gt;:&lt;/strong&gt; &lt;span class="atr-value"&gt;Rooms-Katholieke Kerk in Nederland&lt;/span&gt;&lt;/li&gt;
  &lt;li&gt;&lt;strong&gt;&lt;span class="atr-name"&gt;huidigfunc&lt;/span&gt;:&lt;/strong&gt; &lt;span class="atr-value"&gt;Religieus&lt;/span&gt;&lt;/li&gt;
  &lt;li&gt;&lt;strong&gt;&lt;span class="atr-name"&gt;rmon_url&lt;/span&gt;:&lt;/strong&gt; &lt;span class="atr-value"&gt;https://monumentenregister.cultureelerfgoed.nl/monumenten/36716&lt;/span&gt;&lt;/li&gt;
  
&lt;/ul&gt;
</description>
                <LookAt>
                    <longitude>5.9631404138681745</longitude>
                    <latitude>50.78776994507218</latitude>
                    <altitude>0.0</altitude>
                    <heading>0.0</heading>
                    <tilt>0.0</tilt>
                    <range>0.0</range>
                    <altitudeMode>clampToGround</altitudeMode>
                </LookAt>
                <Style>
                    <IconStyle>
                        <scale>4.125</scale>
                        <heading>0.0</heading>
                        <Icon>
                            <href>https://services.rce.geovoorziening.nl/kml/icon/Landschapsatlas_religieuserfgoed_kerken_style?0.0.0=&amp;0.1.0=&amp;0.1.1=</href>
                        </Icon>
                    </IconStyle>
                    <LabelStyle>
                        <color>00ffffff</color>
                        <scale>0.0</scale>
                    </LabelStyle>
                </Style>
                <Point>
                    <coordinates>5.963140413868172,50.78776994507218</coordinates>
                </Point>
            </Placemark>
            <Placemark id="religieuserfgoed.2001">
                <name>H.H. Nicolaas en Barbarakerk</name>
                <description>&lt;h4&gt;religieuserfgoed&lt;/h4&gt;

&lt;ul class="textattributes"&gt;
  &lt;li&gt;&lt;strong&gt;&lt;span class="atr-name"&gt;ogc_fid&lt;/span&gt;:&lt;/strong&gt; &lt;span class="atr-value"&gt;2001&lt;/span&gt;&lt;/li&gt;
  &lt;li&gt;&lt;strong&gt;&lt;span class="atr-name"&gt;rijksmonum&lt;/span&gt;:&lt;/strong&gt; &lt;span class="atr-value"&gt;36777&lt;/span&gt;&lt;/li&gt;
  &lt;li&gt;&lt;strong&gt;&lt;span class="atr-name"&gt;rd_x&lt;/span&gt;:&lt;/strong&gt; &lt;span class="atr-value"&gt;186278.0&lt;/span&gt;&lt;/li&gt;
  &lt;li&gt;&lt;strong&gt;&lt;span class="atr-name"&gt;rd_y&lt;/span&gt;:&lt;/strong&gt; &lt;span class="atr-value"&gt;319477.6&lt;/span&gt;&lt;/li&gt;
  &lt;li&gt;&lt;strong&gt;&lt;span class="atr-name"&gt;legenda&lt;/span&gt;:&lt;/strong&gt; &lt;span class="atr-value"&gt;Kerk&lt;/span&gt;&lt;/li&gt;
  &lt;li&gt;&lt;strong&gt;&lt;span class="atr-name"&gt;naam&lt;/span&gt;:&lt;/strong&gt; &lt;span class="atr-value"&gt;H.H. Nicolaas en Barbarakerk&lt;/span&gt;&lt;/li&gt;
  &lt;li&gt;&lt;strong&gt;&lt;span class="atr-name"&gt;plaats&lt;/span&gt;:&lt;/strong&gt; &lt;span class="atr-value"&gt;Valkenburg (L)&lt;/span&gt;&lt;/li&gt;
  &lt;li&gt;&lt;strong&gt;&lt;span class="atr-name"&gt;foto_thumb&lt;/span&gt;:&lt;/strong&gt; &lt;span class="atr-value"&gt;https://images.memorix.nl/rce/thumb/350x350/5380ec6d-8021-2a05-5363-e67fc54061f6.jpg&lt;/span&gt;&lt;/li&gt;
  &lt;li&gt;&lt;strong&gt;&lt;span class="atr-name"&gt;foto_groot&lt;/span&gt;:&lt;/strong&gt; &lt;span class="atr-value"&gt;https://images.memorix.nl/rce/thumb/fullsize/5380ec6d-8021-2a05-5363-e67fc54061f6.jpg&lt;/span&gt;&lt;/li&gt;
  &lt;li&gt;&lt;strong&gt;&lt;span class="atr-name"&gt;fotograaf&lt;/span&gt;:&lt;/strong&gt; &lt;span class="atr-value"&gt;Joris Brinkkemper (beeldbank RCE)&lt;/span&gt;&lt;/li&gt;
  &lt;li&gt;&lt;strong&gt;&lt;span class="atr-name"&gt;architect&lt;/span&gt;:&lt;/strong&gt; &lt;span class="atr-value"&gt;onbekend&lt;/span&gt;&lt;/li&gt;
  &lt;li&gt;&lt;strong&gt;&lt;span class="atr-name"&gt;hoofd_beg&lt;/span&gt;:&lt;/strong&gt; &lt;span class="atr-value"&gt;1436-&lt;/span&gt;&lt;/li&gt;
  &lt;li&gt;&lt;strong&gt;&lt;span class="atr-name"&gt;hoofd_eind&lt;/span&gt;:&lt;/strong&gt; &lt;span class="atr-value"&gt;1438&lt;/span&gt;&lt;/li&gt;
  
  &lt;li&gt;&lt;strong&gt;&lt;span class="atr-name"&gt;voorg_eind&lt;/span&gt;:&lt;/strong&gt; &lt;span class="atr-value"&gt;0&lt;/span&gt;&lt;/li&gt;
  &lt;li&gt;&lt;strong&gt;&lt;span class="atr-name"&gt;denominat&lt;/span&gt;:&lt;/strong&gt; &lt;span class="atr-value"&gt;Rooms-Katholieke Kerk in Nederland&lt;/span&gt;&lt;/li&gt;
  &lt;li&gt;&lt;strong&gt;&lt;span class="atr-name"&gt;huidigfunc&lt;/span&gt;:&lt;/strong&gt; &lt;span class="atr-value"&gt;Religieus&lt;/span&gt;&lt;/li&gt;
  &lt;li&gt;&lt;strong&gt;&lt;span class="atr-name"&gt;rmon_url&lt;/span&gt;:&lt;/strong&gt; &lt;span class="atr-value"&gt;https://monumentenregister.cultureelerfgoed.nl/monumenten/36777&lt;/span&gt;&lt;/li&gt;
  
&lt;/ul&gt;
</description>
                <LookAt>
                    <longitude>5.831459393881573</longitude>
                    <latitude>50.864261740081695</latitude>
                    <altitude>0.0</altitude>
                    <heading>0.0</heading>
                    <tilt>0.0</tilt>
                    <range>0.0</range>
                    <altitudeMode>clampToGround</altitudeMode>
                </LookAt>
                <Style>
                    <IconStyle>
                        <scale>4.125</scale>
                        <heading>0.0</heading>
                        <Icon>
                            <href>https://services.rce.geovoorziening.nl/kml/icon/Landschapsatlas_religieuserfgoed_kerken_style?0.0.0=&amp;0.1.0=&amp;0.1.1=</href>
                        </Icon>
                    </IconStyle>
                    <LabelStyle>
                        <color>00ffffff</color>
                        <scale>0.0</scale>
                    </LabelStyle>
                </Style>
                <Point>
                    <coordinates>5.831459393881569,50.864261740081695</coordinates>
                </Point>
            </Placemark>
            <Placemark id="religieuserfgoed.2003">
                <name>St.-Gerlachuskerk</name>
                <description>&lt;h4&gt;religieuserfgoed&lt;/h4&gt;

&lt;ul class="textattributes"&gt;
  &lt;li&gt;&lt;strong&gt;&lt;span class="atr-name"&gt;ogc_fid&lt;/span&gt;:&lt;/strong&gt; &lt;span class="atr-value"&gt;2003&lt;/span&gt;&lt;/li&gt;
  &lt;li&gt;&lt;strong&gt;&lt;span class="atr-name"&gt;rijksmonum&lt;/span&gt;:&lt;/strong&gt; &lt;span class="atr-value"&gt;36789&lt;/span&gt;&lt;/li&gt;
  &lt;li&gt;&lt;strong&gt;&lt;span class="atr-name"&gt;rd_x&lt;/span&gt;:&lt;/strong&gt; &lt;span class="atr-value"&gt;183932.1&lt;/span&gt;&lt;/li&gt;
  &lt;li&gt;&lt;strong&gt;&lt;span class="atr-name"&gt;rd_y&lt;/span&gt;:&lt;/strong&gt; &lt;span class="atr-value"&gt;320126.7&lt;/span&gt;&lt;/li&gt;
  &lt;li&gt;&lt;strong&gt;&lt;span class="atr-name"&gt;legenda&lt;/span&gt;:&lt;/strong&gt; &lt;span class="atr-value"&gt;Kerk&lt;/span&gt;&lt;/li&gt;
  &lt;li&gt;&lt;strong&gt;&lt;span class="atr-name"&gt;naam&lt;/span&gt;:&lt;/strong&gt; &lt;span class="atr-value"&gt;St.-Gerlachuskerk&lt;/span&gt;&lt;/li&gt;
  &lt;li&gt;&lt;strong&gt;&lt;span class="atr-name"&gt;plaats&lt;/span&gt;:&lt;/strong&gt; &lt;span class="atr-value"&gt;Houthem-Sint Gerlach&lt;/span&gt;&lt;/li&gt;
  &lt;li&gt;&lt;strong&gt;&lt;span class="atr-name"&gt;foto_thumb&lt;/span&gt;:&lt;/strong&gt; &lt;span class="atr-value"&gt;https://images.memorix.nl/rce/thumb/350x350/5a8bd846-a1e6-6b51-7f42-4b58d79fd265.jpg&lt;/span&gt;&lt;/li&gt;
  &lt;li&gt;&lt;strong&gt;&lt;span class="atr-name"&gt;foto_groot&lt;/span&gt;:&lt;/strong&gt; &lt;span class="atr-value"&gt;https://images.memorix.nl/rce/thumb/fullsize/5a8bd846-a1e6-6b51-7f42-4b58d79fd265.jpg&lt;/span&gt;&lt;/li&gt;
  &lt;li&gt;&lt;strong&gt;&lt;span class="atr-name"&gt;fotograaf&lt;/span&gt;:&lt;/strong&gt; &lt;span class="atr-value"&gt;Paul van Galen (beeldbank RCE)&lt;/span&gt;&lt;/li&gt;
  &lt;li&gt;&lt;strong&gt;&lt;span class="atr-name"&gt;architect&lt;/span&gt;:&lt;/strong&gt; &lt;span class="atr-value"&gt;onbekend&lt;/span&gt;&lt;/li&gt;
  &lt;li&gt;&lt;strong&gt;&lt;span class="atr-name"&gt;hoofd_beg&lt;/span&gt;:&lt;/strong&gt; &lt;span class="atr-value"&gt;1720-&lt;/span&gt;&lt;/li&gt;
  &lt;li&gt;&lt;strong&gt;&lt;span class="atr-name"&gt;hoofd_eind&lt;/span&gt;:&lt;/strong&gt; &lt;span class="atr-value"&gt;1727&lt;/span&gt;&lt;/li&gt;
  
  &lt;li&gt;&lt;strong&gt;&lt;span class="atr-name"&gt;voorg_eind&lt;/span&gt;:&lt;/strong&gt; &lt;span class="atr-value"&gt;0&lt;/span&gt;&lt;/li&gt;
  &lt;li&gt;&lt;strong&gt;&lt;span class="atr-name"&gt;denominat&lt;/span&gt;:&lt;/strong&gt; &lt;span class="atr-value"&gt;Rooms-Katholieke Kerk in Nederland&lt;/span&gt;&lt;/li&gt;
  &lt;li&gt;&lt;strong&gt;&lt;span class="atr-name"&gt;huidigfunc&lt;/span&gt;:&lt;/strong&gt; &lt;span class="atr-value"&gt;Religieus&lt;/span&gt;&lt;/li&gt;
  &lt;li&gt;&lt;strong&gt;&lt;span class="atr-name"&gt;rmon_url&lt;/span&gt;:&lt;/strong&gt; &lt;span class="atr-value"&gt;https://monumentenregister.cultureelerfgoed.nl/monumenten/36789&lt;/span&gt;&lt;/li&gt;
  
&lt;/ul&gt;
</description>
                <LookAt>
                    <longitude>5.798191783067168</longitude>
                    <latitude>50.870219465637156</latitude>
                    <altitude>0.0</altitude>
                    <heading>0.0</heading>
                    <tilt>0.0</tilt>
                    <range>0.0</range>
                    <altitudeMode>clampToGround</altitudeMode>
                </LookAt>
                <Style>
                    <IconStyle>
                        <scale>4.125</scale>
                        <heading>0.0</heading>
                        <Icon>
                            <href>https://services.rce.geovoorziening.nl/kml/icon/Landschapsatlas_religieuserfgoed_kerken_style?0.0.0=&amp;0.1.0=&amp;0.1.1=</href>
                        </Icon>
                    </IconStyle>
                    <LabelStyle>
                        <color>00ffffff</color>
                        <scale>0.0</scale>
                    </LabelStyle>
                </Style>
                <Point>
                    <coordinates>5.79819178306717,50.870219465637156</coordinates>
                </Point>
            </Placemark>
            <Placemark id="religieuserfgoed.2006">
                <name>St.-Martinuskerk</name>
                <description>&lt;h4&gt;religieuserfgoed&lt;/h4&gt;

&lt;ul class="textattributes"&gt;
  &lt;li&gt;&lt;strong&gt;&lt;span class="atr-name"&gt;ogc_fid&lt;/span&gt;:&lt;/strong&gt; &lt;span class="atr-value"&gt;2006&lt;/span&gt;&lt;/li&gt;
  &lt;li&gt;&lt;strong&gt;&lt;span class="atr-name"&gt;rijksmonum&lt;/span&gt;:&lt;/strong&gt; &lt;span class="atr-value"&gt;36806&lt;/span&gt;&lt;/li&gt;
  &lt;li&gt;&lt;strong&gt;&lt;span class="atr-name"&gt;rd_x&lt;/span&gt;:&lt;/strong&gt; &lt;span class="atr-value"&gt;182827.3&lt;/span&gt;&lt;/li&gt;
  &lt;li&gt;&lt;strong&gt;&lt;span class="atr-name"&gt;rd_y&lt;/span&gt;:&lt;/strong&gt; &lt;span class="atr-value"&gt;320664.4&lt;/span&gt;&lt;/li&gt;
  &lt;li&gt;&lt;strong&gt;&lt;span class="atr-name"&gt;legenda&lt;/span&gt;:&lt;/strong&gt; &lt;span class="atr-value"&gt;Kerk&lt;/span&gt;&lt;/li&gt;
  &lt;li&gt;&lt;strong&gt;&lt;span class="atr-name"&gt;naam&lt;/span&gt;:&lt;/strong&gt; &lt;span class="atr-value"&gt;St.-Martinuskerk&lt;/span&gt;&lt;/li&gt;
  &lt;li&gt;&lt;strong&gt;&lt;span class="atr-name"&gt;plaats&lt;/span&gt;:&lt;/strong&gt; &lt;span class="atr-value"&gt;Houthem-Sint Gerlach&lt;/span&gt;&lt;/li&gt;
  &lt;li&gt;&lt;strong&gt;&lt;span class="atr-name"&gt;foto_thumb&lt;/span&gt;:&lt;/strong&gt; &lt;span class="atr-value"&gt;https://images.memorix.nl/rce/thumb/350x350/3ed0f3bb-227e-970c-e264-45577f66c6b7.jpg&lt;/span&gt;&lt;/li&gt;
  &lt;li&gt;&lt;strong&gt;&lt;span class="atr-name"&gt;foto_groot&lt;/span&gt;:&lt;/strong&gt; &lt;span class="atr-value"&gt;https://images.memorix.nl/rce/thumb/fullsize/3ed0f3bb-227e-970c-e264-45577f66c6b7.jpg&lt;/span&gt;&lt;/li&gt;
  &lt;li&gt;&lt;strong&gt;&lt;span class="atr-name"&gt;fotograaf&lt;/span&gt;:&lt;/strong&gt; &lt;span class="atr-value"&gt;Joris Brinkkemper (beeldbank RCE)&lt;/span&gt;&lt;/li&gt;
  &lt;li&gt;&lt;strong&gt;&lt;span class="atr-name"&gt;architect&lt;/span&gt;:&lt;/strong&gt; &lt;span class="atr-value"&gt;onbekend&lt;/span&gt;&lt;/li&gt;
  &lt;li&gt;&lt;strong&gt;&lt;span class="atr-name"&gt;hoofd_beg&lt;/span&gt;:&lt;/strong&gt; &lt;span class="atr-value"&gt;1550-&lt;/span&gt;&lt;/li&gt;
  &lt;li&gt;&lt;strong&gt;&lt;span class="atr-name"&gt;hoofd_eind&lt;/span&gt;:&lt;/strong&gt; &lt;span class="atr-value"&gt;1600&lt;/span&gt;&lt;/li&gt;
  
  &lt;li&gt;&lt;strong&gt;&lt;span class="atr-name"&gt;voorg_eind&lt;/span&gt;:&lt;/strong&gt; &lt;span class="atr-value"&gt;0&lt;/span&gt;&lt;/li&gt;
  &lt;li&gt;&lt;strong&gt;&lt;span class="atr-name"&gt;denominat&lt;/span&gt;:&lt;/strong&gt; &lt;span class="atr-value"&gt;Rooms-Katholieke Kerk in Nederland&lt;/span&gt;&lt;/li&gt;
  &lt;li&gt;&lt;strong&gt;&lt;span class="atr-name"&gt;huidigfunc&lt;/span&gt;:&lt;/strong&gt; &lt;span class="atr-value"&gt;Religieus&lt;/span&gt;&lt;/li&gt;
  &lt;li&gt;&lt;strong&gt;&lt;span class="atr-name"&gt;rmon_url&lt;/span&gt;:&lt;/strong&gt; &lt;span class="atr-value"&gt;https://monumentenregister.cultureelerfgoed.nl/monumenten/36806&lt;/span&gt;&lt;/li&gt;
  
&lt;/ul&gt;
</description>
                <LookAt>
                    <longitude>5.782539262828905</longitude>
                    <latitude>50.87510735888379</latitude>
                    <altitude>0.0</altitude>
                    <heading>0.0</heading>
                    <tilt>0.0</tilt>
                    <range>0.0</range>
                    <altitudeMode>clampToGround</altitudeMode>
                </LookAt>
                <Style>
                    <IconStyle>
                        <scale>4.125</scale>
                        <heading>0.0</heading>
                        <Icon>
                            <href>https://services.rce.geovoorziening.nl/kml/icon/Landschapsatlas_religieuserfgoed_kerken_style?0.0.0=&amp;0.1.0=&amp;0.1.1=</href>
                        </Icon>
                    </IconStyle>
                    <LabelStyle>
                        <color>00ffffff</color>
                        <scale>0.0</scale>
                    </LabelStyle>
                </Style>
                <Point>
                    <coordinates>5.78253926282892,50.87510735888379</coordinates>
                </Point>
            </Placemark>
            <Placemark id="religieuserfgoed.2007">
                <name>St.-Johannes de Doperkerk</name>
                <description>&lt;h4&gt;religieuserfgoed&lt;/h4&gt;

&lt;ul class="textattributes"&gt;
  &lt;li&gt;&lt;strong&gt;&lt;span class="atr-name"&gt;ogc_fid&lt;/span&gt;:&lt;/strong&gt; &lt;span class="atr-value"&gt;2007&lt;/span&gt;&lt;/li&gt;
  &lt;li&gt;&lt;strong&gt;&lt;span class="atr-name"&gt;rijksmonum&lt;/span&gt;:&lt;/strong&gt; &lt;span class="atr-value"&gt;36816&lt;/span&gt;&lt;/li&gt;
  &lt;li&gt;&lt;strong&gt;&lt;span class="atr-name"&gt;rd_x&lt;/span&gt;:&lt;/strong&gt; &lt;span class="atr-value"&gt;187908.3&lt;/span&gt;&lt;/li&gt;
  &lt;li&gt;&lt;strong&gt;&lt;span class="atr-name"&gt;rd_y&lt;/span&gt;:&lt;/strong&gt; &lt;span class="atr-value"&gt;318449.6&lt;/span&gt;&lt;/li&gt;
  &lt;li&gt;&lt;strong&gt;&lt;span class="atr-name"&gt;legenda&lt;/span&gt;:&lt;/strong&gt; &lt;span class="atr-value"&gt;Kerk&lt;/span&gt;&lt;/li&gt;
  &lt;li&gt;&lt;strong&gt;&lt;span class="atr-name"&gt;naam&lt;/span&gt;:&lt;/strong&gt; &lt;span class="atr-value"&gt;St.-Johannes de Doperkerk&lt;/span&gt;&lt;/li&gt;
  &lt;li&gt;&lt;strong&gt;&lt;span class="atr-name"&gt;plaats&lt;/span&gt;:&lt;/strong&gt; &lt;span class="atr-value"&gt;Oud-Valkenburg&lt;/span&gt;&lt;/li&gt;
  &lt;li&gt;&lt;strong&gt;&lt;span class="atr-name"&gt;foto_thumb&lt;/span&gt;:&lt;/strong&gt; &lt;span class="atr-value"&gt;https://images.memorix.nl/rce/thumb/350x350/ba4220d1-0e2a-b33d-734f-d04d05c2d88a.jpg&lt;/span&gt;&lt;/li&gt;
  &lt;li&gt;&lt;strong&gt;&lt;span class="atr-name"&gt;foto_groot&lt;/span&gt;:&lt;/strong&gt; &lt;span class="atr-value"&gt;https://images.memorix.nl/rce/thumb/fullsize/ba4220d1-0e2a-b33d-734f-d04d05c2d88a.jpg&lt;/span&gt;&lt;/li&gt;
  &lt;li&gt;&lt;strong&gt;&lt;span class="atr-name"&gt;fotograaf&lt;/span&gt;:&lt;/strong&gt; &lt;span class="atr-value"&gt;Leon Bok (beeldbank RCE)&lt;/span&gt;&lt;/li&gt;
  &lt;li&gt;&lt;strong&gt;&lt;span class="atr-name"&gt;architect&lt;/span&gt;:&lt;/strong&gt; &lt;span class="atr-value"&gt;onbekend&lt;/span&gt;&lt;/li&gt;
  
  &lt;li&gt;&lt;strong&gt;&lt;span class="atr-name"&gt;hoofd_eind&lt;/span&gt;:&lt;/strong&gt; &lt;span class="atr-value"&gt;1757&lt;/span&gt;&lt;/li&gt;
  &lt;li&gt;&lt;strong&gt;&lt;span class="atr-name"&gt;voorg_beg&lt;/span&gt;:&lt;/strong&gt; &lt;span class="atr-value"&gt;ME: ouder dan&lt;/span&gt;&lt;/li&gt;
  &lt;li&gt;&lt;strong&gt;&lt;span class="atr-name"&gt;voorg_eind&lt;/span&gt;:&lt;/strong&gt; &lt;span class="atr-value"&gt;1500&lt;/span&gt;&lt;/li&gt;
  &lt;li&gt;&lt;strong&gt;&lt;span class="atr-name"&gt;denominat&lt;/span&gt;:&lt;/strong&gt; &lt;span class="atr-value"&gt;Rooms-Katholieke Kerk in Nederland&lt;/span&gt;&lt;/li&gt;
  &lt;li&gt;&lt;strong&gt;&lt;span class="atr-name"&gt;huidigfunc&lt;/span&gt;:&lt;/strong&gt; &lt;span class="atr-value"&gt;Religieus&lt;/span&gt;&lt;/li&gt;
  &lt;li&gt;&lt;strong&gt;&lt;span class="atr-name"&gt;rmon_url&lt;/span&gt;:&lt;/strong&gt; &lt;span class="atr-value"&gt;https://monumentenregister.cultureelerfgoed.nl/monumenten/36816&lt;/span&gt;&lt;/li&gt;
  
&lt;/ul&gt;
</description>
                <LookAt>
                    <longitude>5.854521573781938</longitude>
                    <latitude>50.85493023370869</latitude>
                    <altitude>0.0</altitude>
                    <heading>0.0</heading>
                    <tilt>0.0</tilt>
                    <range>0.0</range>
                    <altitudeMode>clampToGround</altitudeMode>
                </LookAt>
                <Style>
                    <IconStyle>
                        <scale>4.125</scale>
                        <heading>0.0</heading>
                        <Icon>
                            <href>https://services.rce.geovoorziening.nl/kml/icon/Landschapsatlas_religieuserfgoed_kerken_style?0.0.0=&amp;0.1.0=&amp;0.1.1=</href>
                        </Icon>
                    </IconStyle>
                    <LabelStyle>
                        <color>00ffffff</color>
                        <scale>0.0</scale>
                    </LabelStyle>
                </Style>
                <Point>
                    <coordinates>5.854521573781937,50.85493023370869</coordinates>
                </Point>
            </Placemark>
            <Placemark id="religieuserfgoed.2009">
                <name>St.-Mauritiuskerk</name>
                <description>&lt;h4&gt;religieuserfgoed&lt;/h4&gt;

&lt;ul class="textattributes"&gt;
  &lt;li&gt;&lt;strong&gt;&lt;span class="atr-name"&gt;ogc_fid&lt;/span&gt;:&lt;/strong&gt; &lt;span class="atr-value"&gt;2009&lt;/span&gt;&lt;/li&gt;
  &lt;li&gt;&lt;strong&gt;&lt;span class="atr-name"&gt;rijksmonum&lt;/span&gt;:&lt;/strong&gt; &lt;span class="atr-value"&gt;36825&lt;/span&gt;&lt;/li&gt;
  &lt;li&gt;&lt;strong&gt;&lt;span class="atr-name"&gt;rd_x&lt;/span&gt;:&lt;/strong&gt; &lt;span class="atr-value"&gt;189116.6&lt;/span&gt;&lt;/li&gt;
  &lt;li&gt;&lt;strong&gt;&lt;span class="atr-name"&gt;rd_y&lt;/span&gt;:&lt;/strong&gt; &lt;span class="atr-value"&gt;318486.6&lt;/span&gt;&lt;/li&gt;
  &lt;li&gt;&lt;strong&gt;&lt;span class="atr-name"&gt;legenda&lt;/span&gt;:&lt;/strong&gt; &lt;span class="atr-value"&gt;Kerk&lt;/span&gt;&lt;/li&gt;
  &lt;li&gt;&lt;strong&gt;&lt;span class="atr-name"&gt;naam&lt;/span&gt;:&lt;/strong&gt; &lt;span class="atr-value"&gt;St.-Mauritiuskerk&lt;/span&gt;&lt;/li&gt;
  &lt;li&gt;&lt;strong&gt;&lt;span class="atr-name"&gt;plaats&lt;/span&gt;:&lt;/strong&gt; &lt;span class="atr-value"&gt;Schin op Geul&lt;/span&gt;&lt;/li&gt;
  &lt;li&gt;&lt;strong&gt;&lt;span class="atr-name"&gt;foto_thumb&lt;/span&gt;:&lt;/strong&gt; &lt;span class="atr-value"&gt;https://images.memorix.nl/rce/thumb/350x350/ce88eb5c-c9a0-c52f-323a-b2fabd230cc3.jpg&lt;/span&gt;&lt;/li&gt;
  &lt;li&gt;&lt;strong&gt;&lt;span class="atr-name"&gt;foto_groot&lt;/span&gt;:&lt;/strong&gt; &lt;span class="atr-value"&gt;https://images.memorix.nl/rce/thumb/fullsize/ce88eb5c-c9a0-c52f-323a-b2fabd230cc3.jpg&lt;/span&gt;&lt;/li&gt;
  &lt;li&gt;&lt;strong&gt;&lt;span class="atr-name"&gt;fotograaf&lt;/span&gt;:&lt;/strong&gt; &lt;span class="atr-value"&gt;Frans Kabel (beeldbank RCE)&lt;/span&gt;&lt;/li&gt;
  &lt;li&gt;&lt;strong&gt;&lt;span class="atr-name"&gt;architect&lt;/span&gt;:&lt;/strong&gt; &lt;span class="atr-value"&gt;onbekend&lt;/span&gt;&lt;/li&gt;
  
  &lt;li&gt;&lt;strong&gt;&lt;span class="atr-name"&gt;hoofd_eind&lt;/span&gt;:&lt;/strong&gt; &lt;span class="atr-value"&gt;1768&lt;/span&gt;&lt;/li&gt;
  &lt;li&gt;&lt;strong&gt;&lt;span class="atr-name"&gt;voorg_beg&lt;/span&gt;:&lt;/strong&gt; &lt;span class="atr-value"&gt;ME: ouder dan&lt;/span&gt;&lt;/li&gt;
  &lt;li&gt;&lt;strong&gt;&lt;span class="atr-name"&gt;voorg_eind&lt;/span&gt;:&lt;/strong&gt; &lt;span class="atr-value"&gt;1500&lt;/span&gt;&lt;/li&gt;
  &lt;li&gt;&lt;strong&gt;&lt;span class="atr-name"&gt;denominat&lt;/span&gt;:&lt;/strong&gt; &lt;span class="atr-value"&gt;Rooms-Katholieke Kerk in Nederland&lt;/span&gt;&lt;/li&gt;
  &lt;li&gt;&lt;strong&gt;&lt;span class="atr-name"&gt;huidigfunc&lt;/span&gt;:&lt;/strong&gt; &lt;span class="atr-value"&gt;Religieus&lt;/span&gt;&lt;/li&gt;
  &lt;li&gt;&lt;strong&gt;&lt;span class="atr-name"&gt;rmon_url&lt;/span&gt;:&lt;/strong&gt; &lt;span class="atr-value"&gt;https://monumentenregister.cultureelerfgoed.nl/monumenten/36825&lt;/span&gt;&lt;/li&gt;
  
&lt;/ul&gt;
</description>
                <LookAt>
                    <longitude>5.87168325262401</longitude>
                    <latitude>50.85519217350184</latitude>
                    <altitude>0.0</altitude>
                    <heading>0.0</heading>
                    <tilt>0.0</tilt>
                    <range>0.0</range>
                    <altitudeMode>clampToGround</altitudeMode>
                </LookAt>
                <Style>
                    <IconStyle>
                        <scale>4.125</scale>
                        <heading>0.0</heading>
                        <Icon>
                            <href>https://services.rce.geovoorziening.nl/kml/icon/Landschapsatlas_religieuserfgoed_kerken_style?0.0.0=&amp;0.1.0=&amp;0.1.1=</href>
                        </Icon>
                    </IconStyle>
                    <LabelStyle>
                        <color>00ffffff</color>
                        <scale>0.0</scale>
                    </LabelStyle>
                </Style>
                <Point>
                    <coordinates>5.871683252624012,50.85519217350184</coordinates>
                </Point>
            </Placemark>
            <Placemark id="religieuserfgoed.2012">
                <name>St.-Rosa de Limakerk</name>
                <description>&lt;h4&gt;religieuserfgoed&lt;/h4&gt;

&lt;ul class="textattributes"&gt;
  &lt;li&gt;&lt;strong&gt;&lt;span class="atr-name"&gt;ogc_fid&lt;/span&gt;:&lt;/strong&gt; &lt;span class="atr-value"&gt;2012&lt;/span&gt;&lt;/li&gt;
  &lt;li&gt;&lt;strong&gt;&lt;span class="atr-name"&gt;rijksmonum&lt;/span&gt;:&lt;/strong&gt; &lt;span class="atr-value"&gt;36839&lt;/span&gt;&lt;/li&gt;
  &lt;li&gt;&lt;strong&gt;&lt;span class="atr-name"&gt;rd_x&lt;/span&gt;:&lt;/strong&gt; &lt;span class="atr-value"&gt;185899.0&lt;/span&gt;&lt;/li&gt;
  &lt;li&gt;&lt;strong&gt;&lt;span class="atr-name"&gt;rd_y&lt;/span&gt;:&lt;/strong&gt; &lt;span class="atr-value"&gt;317144.7&lt;/span&gt;&lt;/li&gt;
  &lt;li&gt;&lt;strong&gt;&lt;span class="atr-name"&gt;legenda&lt;/span&gt;:&lt;/strong&gt; &lt;span class="atr-value"&gt;Kerk&lt;/span&gt;&lt;/li&gt;
  &lt;li&gt;&lt;strong&gt;&lt;span class="atr-name"&gt;naam&lt;/span&gt;:&lt;/strong&gt; &lt;span class="atr-value"&gt;St.-Rosa de Limakerk&lt;/span&gt;&lt;/li&gt;
  &lt;li&gt;&lt;strong&gt;&lt;span class="atr-name"&gt;plaats&lt;/span&gt;:&lt;/strong&gt; &lt;span class="atr-value"&gt;Sibbe&lt;/span&gt;&lt;/li&gt;
  &lt;li&gt;&lt;strong&gt;&lt;span class="atr-name"&gt;foto_thumb&lt;/span&gt;:&lt;/strong&gt; &lt;span class="atr-value"&gt;https://images.memorix.nl/rce/thumb/350x350/8b344de7-168b-6545-727c-a04a61cb89b9.jpg&lt;/span&gt;&lt;/li&gt;
  &lt;li&gt;&lt;strong&gt;&lt;span class="atr-name"&gt;foto_groot&lt;/span&gt;:&lt;/strong&gt; &lt;span class="atr-value"&gt;https://images.memorix.nl/rce/thumb/fullsize/8b344de7-168b-6545-727c-a04a61cb89b9.jpg&lt;/span&gt;&lt;/li&gt;
  &lt;li&gt;&lt;strong&gt;&lt;span class="atr-name"&gt;fotograaf&lt;/span&gt;:&lt;/strong&gt; &lt;span class="atr-value"&gt;Joris Brinkkemper (beeldbank RCE)&lt;/span&gt;&lt;/li&gt;
  &lt;li&gt;&lt;strong&gt;&lt;span class="atr-name"&gt;architect&lt;/span&gt;:&lt;/strong&gt; &lt;span class="atr-value"&gt;Soiron, M.&lt;/span&gt;&lt;/li&gt;
  &lt;li&gt;&lt;strong&gt;&lt;span class="atr-name"&gt;hoofd_beg&lt;/span&gt;:&lt;/strong&gt; &lt;span class="atr-value"&gt;1843-&lt;/span&gt;&lt;/li&gt;
  &lt;li&gt;&lt;strong&gt;&lt;span class="atr-name"&gt;hoofd_eind&lt;/span&gt;:&lt;/strong&gt; &lt;span class="atr-value"&gt;1844&lt;/span&gt;&lt;/li&gt;
  
  &lt;li&gt;&lt;strong&gt;&lt;span class="atr-name"&gt;voorg_eind&lt;/span&gt;:&lt;/strong&gt; &lt;span class="atr-value"&gt;0&lt;/span&gt;&lt;/li&gt;
  &lt;li&gt;&lt;strong&gt;&lt;span class="atr-name"&gt;denominat&lt;/span&gt;:&lt;/strong&gt; &lt;span class="atr-value"&gt;Rooms-Katholieke Kerk in Nederland&lt;/span&gt;&lt;/li&gt;
  &lt;li&gt;&lt;strong&gt;&lt;span class="atr-name"&gt;huidigfunc&lt;/span&gt;:&lt;/strong&gt; &lt;span class="atr-value"&gt;Religieus&lt;/span&gt;&lt;/li&gt;
  &lt;li&gt;&lt;strong&gt;&lt;span class="atr-name"&gt;rmon_url&lt;/span&gt;:&lt;/strong&gt; &lt;span class="atr-value"&gt;https://monumentenregister.cultureelerfgoed.nl/monumenten/36839&lt;/span&gt;&lt;/li&gt;
  
&lt;/ul&gt;
</description>
                <LookAt>
                    <longitude>5.82587773141141</longitude>
                    <latitude>50.84331288599715</latitude>
                    <altitude>0.0</altitude>
                    <heading>0.0</heading>
                    <tilt>0.0</tilt>
                    <range>0.0</range>
                    <altitudeMode>clampToGround</altitudeMode>
                </LookAt>
                <Style>
                    <IconStyle>
                        <scale>4.125</scale>
                        <heading>0.0</heading>
                        <Icon>
                            <href>https://services.rce.geovoorziening.nl/kml/icon/Landschapsatlas_religieuserfgoed_kerken_style?0.0.0=&amp;0.1.0=&amp;0.1.1=</href>
                        </Icon>
                    </IconStyle>
                    <LabelStyle>
                        <color>00ffffff</color>
                        <scale>0.0</scale>
                    </LabelStyle>
                </Style>
                <Point>
                    <coordinates>5.82587773141141,50.84331288599714</coordinates>
                </Point>
            </Placemark>
            <Placemark id="religieuserfgoed.2096">
                <name>St.-Laurentiuskerk</name>
                <description>&lt;h4&gt;religieuserfgoed&lt;/h4&gt;

&lt;ul class="textattributes"&gt;
  &lt;li&gt;&lt;strong&gt;&lt;span class="atr-name"&gt;ogc_fid&lt;/span&gt;:&lt;/strong&gt; &lt;span class="atr-value"&gt;2096&lt;/span&gt;&lt;/li&gt;
  &lt;li&gt;&lt;strong&gt;&lt;span class="atr-name"&gt;rijksmonum&lt;/span&gt;:&lt;/strong&gt; &lt;span class="atr-value"&gt;37884&lt;/span&gt;&lt;/li&gt;
  &lt;li&gt;&lt;strong&gt;&lt;span class="atr-name"&gt;rd_x&lt;/span&gt;:&lt;/strong&gt; &lt;span class="atr-value"&gt;192952.8&lt;/span&gt;&lt;/li&gt;
  &lt;li&gt;&lt;strong&gt;&lt;span class="atr-name"&gt;rd_y&lt;/span&gt;:&lt;/strong&gt; &lt;span class="atr-value"&gt;321672.6&lt;/span&gt;&lt;/li&gt;
  &lt;li&gt;&lt;strong&gt;&lt;span class="atr-name"&gt;legenda&lt;/span&gt;:&lt;/strong&gt; &lt;span class="atr-value"&gt;Kerk&lt;/span&gt;&lt;/li&gt;
  &lt;li&gt;&lt;strong&gt;&lt;span class="atr-name"&gt;naam&lt;/span&gt;:&lt;/strong&gt; &lt;span class="atr-value"&gt;St.-Laurentiuskerk&lt;/span&gt;&lt;/li&gt;
  &lt;li&gt;&lt;strong&gt;&lt;span class="atr-name"&gt;plaats&lt;/span&gt;:&lt;/strong&gt; &lt;span class="atr-value"&gt;Voerendaal&lt;/span&gt;&lt;/li&gt;
  &lt;li&gt;&lt;strong&gt;&lt;span class="atr-name"&gt;foto_thumb&lt;/span&gt;:&lt;/strong&gt; &lt;span class="atr-value"&gt;https://images.memorix.nl/rce/thumb/350x350/890ca133-2d33-52ae-ae3d-3a13c898f304.jpg&lt;/span&gt;&lt;/li&gt;
  &lt;li&gt;&lt;strong&gt;&lt;span class="atr-name"&gt;foto_groot&lt;/span&gt;:&lt;/strong&gt; &lt;span class="atr-value"&gt;https://images.memorix.nl/rce/thumb/fullsize/890ca133-2d33-52ae-ae3d-3a13c898f304.jpg&lt;/span&gt;&lt;/li&gt;
  &lt;li&gt;&lt;strong&gt;&lt;span class="atr-name"&gt;fotograaf&lt;/span&gt;:&lt;/strong&gt; &lt;span class="atr-value"&gt;Paul van Galen (beeldbank RCE)&lt;/span&gt;&lt;/li&gt;
  &lt;li&gt;&lt;strong&gt;&lt;span class="atr-name"&gt;architect&lt;/span&gt;:&lt;/strong&gt; &lt;span class="atr-value"&gt;Dumoulin, J.H.J.&lt;/span&gt;&lt;/li&gt;
  &lt;li&gt;&lt;strong&gt;&lt;span class="atr-name"&gt;hoofd_beg&lt;/span&gt;:&lt;/strong&gt; &lt;span class="atr-value"&gt;1842-&lt;/span&gt;&lt;/li&gt;
  &lt;li&gt;&lt;strong&gt;&lt;span class="atr-name"&gt;hoofd_eind&lt;/span&gt;:&lt;/strong&gt; &lt;span class="atr-value"&gt;1843&lt;/span&gt;&lt;/li&gt;
  
  &lt;li&gt;&lt;strong&gt;&lt;span class="atr-name"&gt;voorg_eind&lt;/span&gt;:&lt;/strong&gt; &lt;span class="atr-value"&gt;0&lt;/span&gt;&lt;/li&gt;
  &lt;li&gt;&lt;strong&gt;&lt;span class="atr-name"&gt;denominat&lt;/span&gt;:&lt;/strong&gt; &lt;span class="atr-value"&gt;Rooms-Katholieke Kerk in Nederland&lt;/span&gt;&lt;/li&gt;
  &lt;li&gt;&lt;strong&gt;&lt;span class="atr-name"&gt;huidigfunc&lt;/span&gt;:&lt;/strong&gt; &lt;span class="atr-value"&gt;Religieus&lt;/span&gt;&lt;/li&gt;
  &lt;li&gt;&lt;strong&gt;&lt;span class="atr-name"&gt;rmon_url&lt;/span&gt;:&lt;/strong&gt; &lt;span class="atr-value"&gt;https://monumentenregister.cultureelerfgoed.nl/monumenten/37884&lt;/span&gt;&lt;/li&gt;
  
&lt;/ul&gt;
</description>
                <LookAt>
                    <longitude>5.926491795759887</longitude>
                    <latitude>50.883588261781064</latitude>
                    <altitude>0.0</altitude>
                    <heading>0.0</heading>
                    <tilt>0.0</tilt>
                    <range>0.0</range>
                    <altitudeMode>clampToGround</altitudeMode>
                </LookAt>
                <Style>
                    <IconStyle>
                        <scale>4.125</scale>
                        <heading>0.0</heading>
                        <Icon>
                            <href>https://services.rce.geovoorziening.nl/kml/icon/Landschapsatlas_religieuserfgoed_kerken_style?0.0.0=&amp;0.1.0=&amp;0.1.1=</href>
                        </Icon>
                    </IconStyle>
                    <LabelStyle>
                        <color>00ffffff</color>
                        <scale>0.0</scale>
                    </LabelStyle>
                </Style>
                <Point>
                    <coordinates>5.926491795759882,50.88358826178106</coordinates>
                </Point>
            </Placemark>
            <Placemark id="religieuserfgoed.2097">
                <name>St.-Bernarduskerk</name>
                <description>&lt;h4&gt;religieuserfgoed&lt;/h4&gt;

&lt;ul class="textattributes"&gt;
  &lt;li&gt;&lt;strong&gt;&lt;span class="atr-name"&gt;ogc_fid&lt;/span&gt;:&lt;/strong&gt; &lt;span class="atr-value"&gt;2097&lt;/span&gt;&lt;/li&gt;
  &lt;li&gt;&lt;strong&gt;&lt;span class="atr-name"&gt;rijksmonum&lt;/span&gt;:&lt;/strong&gt; &lt;span class="atr-value"&gt;37900&lt;/span&gt;&lt;/li&gt;
  &lt;li&gt;&lt;strong&gt;&lt;span class="atr-name"&gt;rd_x&lt;/span&gt;:&lt;/strong&gt; &lt;span class="atr-value"&gt;194461.5&lt;/span&gt;&lt;/li&gt;
  &lt;li&gt;&lt;strong&gt;&lt;span class="atr-name"&gt;rd_y&lt;/span&gt;:&lt;/strong&gt; &lt;span class="atr-value"&gt;318268.0&lt;/span&gt;&lt;/li&gt;
  &lt;li&gt;&lt;strong&gt;&lt;span class="atr-name"&gt;legenda&lt;/span&gt;:&lt;/strong&gt; &lt;span class="atr-value"&gt;Kerk&lt;/span&gt;&lt;/li&gt;
  &lt;li&gt;&lt;strong&gt;&lt;span class="atr-name"&gt;naam&lt;/span&gt;:&lt;/strong&gt; &lt;span class="atr-value"&gt;St.-Bernarduskerk&lt;/span&gt;&lt;/li&gt;
  &lt;li&gt;&lt;strong&gt;&lt;span class="atr-name"&gt;plaats&lt;/span&gt;:&lt;/strong&gt; &lt;span class="atr-value"&gt;Ubachsberg&lt;/span&gt;&lt;/li&gt;
  &lt;li&gt;&lt;strong&gt;&lt;span class="atr-name"&gt;foto_thumb&lt;/span&gt;:&lt;/strong&gt; &lt;span class="atr-value"&gt;https://images.memorix.nl/rce/thumb/350x350/91c02069-34f0-b4f9-0127-e942b5c9cddf.jpg&lt;/span&gt;&lt;/li&gt;
  &lt;li&gt;&lt;strong&gt;&lt;span class="atr-name"&gt;foto_groot&lt;/span&gt;:&lt;/strong&gt; &lt;span class="atr-value"&gt;https://images.memorix.nl/rce/thumb/fullsize/91c02069-34f0-b4f9-0127-e942b5c9cddf.jpg&lt;/span&gt;&lt;/li&gt;
  &lt;li&gt;&lt;strong&gt;&lt;span class="atr-name"&gt;fotograaf&lt;/span&gt;:&lt;/strong&gt; &lt;span class="atr-value"&gt;Paul Minkjan (beeldbank RCE)&lt;/span&gt;&lt;/li&gt;
  &lt;li&gt;&lt;strong&gt;&lt;span class="atr-name"&gt;architect&lt;/span&gt;:&lt;/strong&gt; &lt;span class="atr-value"&gt;Dumoulin, J.H.J.&lt;/span&gt;&lt;/li&gt;
  
  &lt;li&gt;&lt;strong&gt;&lt;span class="atr-name"&gt;hoofd_eind&lt;/span&gt;:&lt;/strong&gt; &lt;span class="atr-value"&gt;1842&lt;/span&gt;&lt;/li&gt;
  
  &lt;li&gt;&lt;strong&gt;&lt;span class="atr-name"&gt;voorg_eind&lt;/span&gt;:&lt;/strong&gt; &lt;span class="atr-value"&gt;0&lt;/span&gt;&lt;/li&gt;
  &lt;li&gt;&lt;strong&gt;&lt;span class="atr-name"&gt;denominat&lt;/span&gt;:&lt;/strong&gt; &lt;span class="atr-value"&gt;Rooms-Katholieke Kerk in Nederland&lt;/span&gt;&lt;/li&gt;
  &lt;li&gt;&lt;strong&gt;&lt;span class="atr-name"&gt;huidigfunc&lt;/span&gt;:&lt;/strong&gt; &lt;span class="atr-value"&gt;Religieus&lt;/span&gt;&lt;/li&gt;
  &lt;li&gt;&lt;strong&gt;&lt;span class="atr-name"&gt;rmon_url&lt;/span&gt;:&lt;/strong&gt; &lt;span class="atr-value"&gt;https://monumentenregister.cultureelerfgoed.nl/monumenten/37900&lt;/span&gt;&lt;/li&gt;
  
&lt;/ul&gt;
</description>
                <LookAt>
                    <longitude>5.9475583422096605</longitude>
                    <latitude>50.85288430956145</latitude>
                    <altitude>0.0</altitude>
                    <heading>0.0</heading>
                    <tilt>0.0</tilt>
                    <range>0.0</range>
                    <altitudeMode>clampToGround</altitudeMode>
                </LookAt>
                <Style>
                    <IconStyle>
                        <scale>4.125</scale>
                        <heading>0.0</heading>
                        <Icon>
                            <href>https://services.rce.geovoorziening.nl/kml/icon/Landschapsatlas_religieuserfgoed_kerken_style?0.0.0=&amp;0.1.0=&amp;0.1.1=</href>
                        </Icon>
                    </IconStyle>
                    <LabelStyle>
                        <color>00ffffff</color>
                        <scale>0.0</scale>
                    </LabelStyle>
                </Style>
                <Point>
                    <coordinates>5.9475583422096765,50.85288430956144</coordinates>
                </Point>
            </Placemark>
            <Placemark id="religieuserfgoed.2098">
                <name>St.-Remigiuskerk</name>
                <description>&lt;h4&gt;religieuserfgoed&lt;/h4&gt;

&lt;ul class="textattributes"&gt;
  &lt;li&gt;&lt;strong&gt;&lt;span class="atr-name"&gt;ogc_fid&lt;/span&gt;:&lt;/strong&gt; &lt;span class="atr-value"&gt;2098&lt;/span&gt;&lt;/li&gt;
  &lt;li&gt;&lt;strong&gt;&lt;span class="atr-name"&gt;rijksmonum&lt;/span&gt;:&lt;/strong&gt; &lt;span class="atr-value"&gt;37911&lt;/span&gt;&lt;/li&gt;
  &lt;li&gt;&lt;strong&gt;&lt;span class="atr-name"&gt;rd_x&lt;/span&gt;:&lt;/strong&gt; &lt;span class="atr-value"&gt;190082.0&lt;/span&gt;&lt;/li&gt;
  &lt;li&gt;&lt;strong&gt;&lt;span class="atr-name"&gt;rd_y&lt;/span&gt;:&lt;/strong&gt; &lt;span class="atr-value"&gt;320923.6&lt;/span&gt;&lt;/li&gt;
  &lt;li&gt;&lt;strong&gt;&lt;span class="atr-name"&gt;legenda&lt;/span&gt;:&lt;/strong&gt; &lt;span class="atr-value"&gt;Kerk&lt;/span&gt;&lt;/li&gt;
  &lt;li&gt;&lt;strong&gt;&lt;span class="atr-name"&gt;naam&lt;/span&gt;:&lt;/strong&gt; &lt;span class="atr-value"&gt;St.-Remigiuskerk&lt;/span&gt;&lt;/li&gt;
  &lt;li&gt;&lt;strong&gt;&lt;span class="atr-name"&gt;plaats&lt;/span&gt;:&lt;/strong&gt; &lt;span class="atr-value"&gt;Klimmen&lt;/span&gt;&lt;/li&gt;
  &lt;li&gt;&lt;strong&gt;&lt;span class="atr-name"&gt;foto_thumb&lt;/span&gt;:&lt;/strong&gt; &lt;span class="atr-value"&gt;https://images.memorix.nl/rce/thumb/350x350/4b8aab98-8534-4790-56fd-ccde25fbb7a4.jpg&lt;/span&gt;&lt;/li&gt;
  &lt;li&gt;&lt;strong&gt;&lt;span class="atr-name"&gt;foto_groot&lt;/span&gt;:&lt;/strong&gt; &lt;span class="atr-value"&gt;https://images.memorix.nl/rce/thumb/fullsize/4b8aab98-8534-4790-56fd-ccde25fbb7a4.jpg&lt;/span&gt;&lt;/li&gt;
  &lt;li&gt;&lt;strong&gt;&lt;span class="atr-name"&gt;fotograaf&lt;/span&gt;:&lt;/strong&gt; &lt;span class="atr-value"&gt;Joris Brinkkemper (beeldbank RCE)&lt;/span&gt;&lt;/li&gt;
  &lt;li&gt;&lt;strong&gt;&lt;span class="atr-name"&gt;architect&lt;/span&gt;:&lt;/strong&gt; &lt;span class="atr-value"&gt;onbekend&lt;/span&gt;&lt;/li&gt;
  &lt;li&gt;&lt;strong&gt;&lt;span class="atr-name"&gt;hoofd_beg&lt;/span&gt;:&lt;/strong&gt; &lt;span class="atr-value"&gt;1100-&lt;/span&gt;&lt;/li&gt;
  &lt;li&gt;&lt;strong&gt;&lt;span class="atr-name"&gt;hoofd_eind&lt;/span&gt;:&lt;/strong&gt; &lt;span class="atr-value"&gt;1200&lt;/span&gt;&lt;/li&gt;
  
  &lt;li&gt;&lt;strong&gt;&lt;span class="atr-name"&gt;voorg_eind&lt;/span&gt;:&lt;/strong&gt; &lt;span class="atr-value"&gt;0&lt;/span&gt;&lt;/li&gt;
  &lt;li&gt;&lt;strong&gt;&lt;span class="atr-name"&gt;denominat&lt;/span&gt;:&lt;/strong&gt; &lt;span class="atr-value"&gt;Rooms-Katholieke Kerk in Nederland&lt;/span&gt;&lt;/li&gt;
  &lt;li&gt;&lt;strong&gt;&lt;span class="atr-name"&gt;huidigfunc&lt;/span&gt;:&lt;/strong&gt; &lt;span class="atr-value"&gt;Religieus&lt;/span&gt;&lt;/li&gt;
  &lt;li&gt;&lt;strong&gt;&lt;span class="atr-name"&gt;rmon_url&lt;/span&gt;:&lt;/strong&gt; &lt;span class="atr-value"&gt;https://monumentenregister.cultureelerfgoed.nl/monumenten/37911&lt;/span&gt;&lt;/li&gt;
  
&lt;/ul&gt;
</description>
                <LookAt>
                    <longitude>5.885627994127745</longitude>
                    <latitude>50.87703888664161</latitude>
                    <altitude>0.0</altitude>
                    <heading>0.0</heading>
                    <tilt>0.0</tilt>
                    <range>0.0</range>
                    <altitudeMode>clampToGround</altitudeMode>
                </LookAt>
                <Style>
                    <IconStyle>
                        <scale>4.125</scale>
                        <heading>0.0</heading>
                        <Icon>
                            <href>https://services.rce.geovoorziening.nl/kml/icon/Landschapsatlas_religieuserfgoed_kerken_style?0.0.0=&amp;0.1.0=&amp;0.1.1=</href>
                        </Icon>
                    </IconStyle>
                    <LabelStyle>
                        <color>00ffffff</color>
                        <scale>0.0</scale>
                    </LabelStyle>
                </Style>
                <Point>
                    <coordinates>5.885627994127727,50.87703888664161</coordinates>
                </Point>
            </Placemark>
            <Placemark id="religieuserfgoed.2242">
                <name>St.-Pauluskerk</name>
                <description>&lt;h4&gt;religieuserfgoed&lt;/h4&gt;

&lt;ul class="textattributes"&gt;
  &lt;li&gt;&lt;strong&gt;&lt;span class="atr-name"&gt;ogc_fid&lt;/span&gt;:&lt;/strong&gt; &lt;span class="atr-value"&gt;2242&lt;/span&gt;&lt;/li&gt;
  &lt;li&gt;&lt;strong&gt;&lt;span class="atr-name"&gt;rijksmonum&lt;/span&gt;:&lt;/strong&gt; &lt;span class="atr-value"&gt;39150&lt;/span&gt;&lt;/li&gt;
  &lt;li&gt;&lt;strong&gt;&lt;span class="atr-name"&gt;rd_x&lt;/span&gt;:&lt;/strong&gt; &lt;span class="atr-value"&gt;192025.2&lt;/span&gt;&lt;/li&gt;
  &lt;li&gt;&lt;strong&gt;&lt;span class="atr-name"&gt;rd_y&lt;/span&gt;:&lt;/strong&gt; &lt;span class="atr-value"&gt;309788.1&lt;/span&gt;&lt;/li&gt;
  &lt;li&gt;&lt;strong&gt;&lt;span class="atr-name"&gt;legenda&lt;/span&gt;:&lt;/strong&gt; &lt;span class="atr-value"&gt;Kerk&lt;/span&gt;&lt;/li&gt;
  &lt;li&gt;&lt;strong&gt;&lt;span class="atr-name"&gt;naam&lt;/span&gt;:&lt;/strong&gt; &lt;span class="atr-value"&gt;St.-Pauluskerk&lt;/span&gt;&lt;/li&gt;
  &lt;li&gt;&lt;strong&gt;&lt;span class="atr-name"&gt;plaats&lt;/span&gt;:&lt;/strong&gt; &lt;span class="atr-value"&gt;Epen&lt;/span&gt;&lt;/li&gt;
  &lt;li&gt;&lt;strong&gt;&lt;span class="atr-name"&gt;foto_thumb&lt;/span&gt;:&lt;/strong&gt; &lt;span class="atr-value"&gt;https://images.memorix.nl/rce/thumb/350x350/6f6104a2-00f2-c29b-0d0a-d9e8b4ba21b6.jpg&lt;/span&gt;&lt;/li&gt;
  &lt;li&gt;&lt;strong&gt;&lt;span class="atr-name"&gt;foto_groot&lt;/span&gt;:&lt;/strong&gt; &lt;span class="atr-value"&gt;https://images.memorix.nl/rce/thumb/fullsize/6f6104a2-00f2-c29b-0d0a-d9e8b4ba21b6.jpg&lt;/span&gt;&lt;/li&gt;
  &lt;li&gt;&lt;strong&gt;&lt;span class="atr-name"&gt;fotograaf&lt;/span&gt;:&lt;/strong&gt; &lt;span class="atr-value"&gt;Frans Kabel (beeldbank RCE)&lt;/span&gt;&lt;/li&gt;
  &lt;li&gt;&lt;strong&gt;&lt;span class="atr-name"&gt;architect&lt;/span&gt;:&lt;/strong&gt; &lt;span class="atr-value"&gt;Dumoulin, J.H.J.&lt;/span&gt;&lt;/li&gt;
  &lt;li&gt;&lt;strong&gt;&lt;span class="atr-name"&gt;hoofd_beg&lt;/span&gt;:&lt;/strong&gt; &lt;span class="atr-value"&gt;1841-&lt;/span&gt;&lt;/li&gt;
  &lt;li&gt;&lt;strong&gt;&lt;span class="atr-name"&gt;hoofd_eind&lt;/span&gt;:&lt;/strong&gt; &lt;span class="atr-value"&gt;1842&lt;/span&gt;&lt;/li&gt;
  
  &lt;li&gt;&lt;strong&gt;&lt;span class="atr-name"&gt;voorg_eind&lt;/span&gt;:&lt;/strong&gt; &lt;span class="atr-value"&gt;0&lt;/span&gt;&lt;/li&gt;
  &lt;li&gt;&lt;strong&gt;&lt;span class="atr-name"&gt;denominat&lt;/span&gt;:&lt;/strong&gt; &lt;span class="atr-value"&gt;Rooms-Katholieke Kerk in Nederland&lt;/span&gt;&lt;/li&gt;
  &lt;li&gt;&lt;strong&gt;&lt;span class="atr-name"&gt;huidigfunc&lt;/span&gt;:&lt;/strong&gt; &lt;span class="atr-value"&gt;Religieus&lt;/span&gt;&lt;/li&gt;
  &lt;li&gt;&lt;strong&gt;&lt;span class="atr-name"&gt;rmon_url&lt;/span&gt;:&lt;/strong&gt; &lt;span class="atr-value"&gt;https://monumentenregister.cultureelerfgoed.nl/monumenten/39150&lt;/span&gt;&lt;/li&gt;
  
&lt;/ul&gt;
</description>
                <LookAt>
                    <longitude>5.912100441010253</longitude>
                    <latitude>50.776825593474136</latitude>
                    <altitude>0.0</altitude>
                    <heading>0.0</heading>
                    <tilt>0.0</tilt>
                    <range>0.0</range>
                    <altitudeMode>clampToGround</altitudeMode>
                </LookAt>
                <Style>
                    <IconStyle>
                        <scale>4.125</scale>
                        <heading>0.0</heading>
                        <Icon>
                            <href>https://services.rce.geovoorziening.nl/kml/icon/Landschapsatlas_religieuserfgoed_kerken_style?0.0.0=&amp;0.1.0=&amp;0.1.1=</href>
                        </Icon>
                    </IconStyle>
                    <LabelStyle>
                        <color>00ffffff</color>
                        <scale>0.0</scale>
                    </LabelStyle>
                </Style>
                <Point>
                    <coordinates>5.912100441010253,50.77682559347413</coordinates>
                </Point>
            </Placemark>
            <Placemark id="religieuserfgoed.2243">
                <name>St.-Agathakerk</name>
                <description>&lt;h4&gt;religieuserfgoed&lt;/h4&gt;

&lt;ul class="textattributes"&gt;
  &lt;li&gt;&lt;strong&gt;&lt;span class="atr-name"&gt;ogc_fid&lt;/span&gt;:&lt;/strong&gt; &lt;span class="atr-value"&gt;2243&lt;/span&gt;&lt;/li&gt;
  &lt;li&gt;&lt;strong&gt;&lt;span class="atr-name"&gt;rijksmonum&lt;/span&gt;:&lt;/strong&gt; &lt;span class="atr-value"&gt;39168&lt;/span&gt;&lt;/li&gt;
  &lt;li&gt;&lt;strong&gt;&lt;span class="atr-name"&gt;rd_x&lt;/span&gt;:&lt;/strong&gt; &lt;span class="atr-value"&gt;193599.4&lt;/span&gt;&lt;/li&gt;
  &lt;li&gt;&lt;strong&gt;&lt;span class="atr-name"&gt;rd_y&lt;/span&gt;:&lt;/strong&gt; &lt;span class="atr-value"&gt;315198.0&lt;/span&gt;&lt;/li&gt;
  &lt;li&gt;&lt;strong&gt;&lt;span class="atr-name"&gt;legenda&lt;/span&gt;:&lt;/strong&gt; &lt;span class="atr-value"&gt;Kerk&lt;/span&gt;&lt;/li&gt;
  &lt;li&gt;&lt;strong&gt;&lt;span class="atr-name"&gt;naam&lt;/span&gt;:&lt;/strong&gt; &lt;span class="atr-value"&gt;St.-Agathakerk&lt;/span&gt;&lt;/li&gt;
  &lt;li&gt;&lt;strong&gt;&lt;span class="atr-name"&gt;plaats&lt;/span&gt;:&lt;/strong&gt; &lt;span class="atr-value"&gt;Eys&lt;/span&gt;&lt;/li&gt;
  &lt;li&gt;&lt;strong&gt;&lt;span class="atr-name"&gt;foto_thumb&lt;/span&gt;:&lt;/strong&gt; &lt;span class="atr-value"&gt;https://images.memorix.nl/rce/thumb/350x350/d7d92c60-cf65-a1f2-5f91-1ee8b00a038d.jpg&lt;/span&gt;&lt;/li&gt;
  &lt;li&gt;&lt;strong&gt;&lt;span class="atr-name"&gt;foto_groot&lt;/span&gt;:&lt;/strong&gt; &lt;span class="atr-value"&gt;https://images.memorix.nl/rce/thumb/fullsize/d7d92c60-cf65-a1f2-5f91-1ee8b00a038d.jpg&lt;/span&gt;&lt;/li&gt;
  &lt;li&gt;&lt;strong&gt;&lt;span class="atr-name"&gt;fotograaf&lt;/span&gt;:&lt;/strong&gt; &lt;span class="atr-value"&gt;onbekend (beeldbank RCE)&lt;/span&gt;&lt;/li&gt;
  &lt;li&gt;&lt;strong&gt;&lt;span class="atr-name"&gt;architect&lt;/span&gt;:&lt;/strong&gt; &lt;span class="atr-value"&gt;Schlaun, J.C.&lt;/span&gt;&lt;/li&gt;
  &lt;li&gt;&lt;strong&gt;&lt;span class="atr-name"&gt;hoofd_beg&lt;/span&gt;:&lt;/strong&gt; &lt;span class="atr-value"&gt;1732-&lt;/span&gt;&lt;/li&gt;
  &lt;li&gt;&lt;strong&gt;&lt;span class="atr-name"&gt;hoofd_eind&lt;/span&gt;:&lt;/strong&gt; &lt;span class="atr-value"&gt;1734&lt;/span&gt;&lt;/li&gt;
  &lt;li&gt;&lt;strong&gt;&lt;span class="atr-name"&gt;voorg_beg&lt;/span&gt;:&lt;/strong&gt; &lt;span class="atr-value"&gt;1100-&lt;/span&gt;&lt;/li&gt;
  &lt;li&gt;&lt;strong&gt;&lt;span class="atr-name"&gt;voorg_eind&lt;/span&gt;:&lt;/strong&gt; &lt;span class="atr-value"&gt;1200&lt;/span&gt;&lt;/li&gt;
  &lt;li&gt;&lt;strong&gt;&lt;span class="atr-name"&gt;denominat&lt;/span&gt;:&lt;/strong&gt; &lt;span class="atr-value"&gt;Rooms-Katholieke Kerk in Nederland&lt;/span&gt;&lt;/li&gt;
  &lt;li&gt;&lt;strong&gt;&lt;span class="atr-name"&gt;huidigfunc&lt;/span&gt;:&lt;/strong&gt; &lt;span class="atr-value"&gt;Religieus&lt;/span&gt;&lt;/li&gt;
  &lt;li&gt;&lt;strong&gt;&lt;span class="atr-name"&gt;rmon_url&lt;/span&gt;:&lt;/strong&gt; &lt;span class="atr-value"&gt;https://monumentenregister.cultureelerfgoed.nl/monumenten/39168&lt;/span&gt;&lt;/li&gt;
  
&lt;/ul&gt;
</description>
                <LookAt>
                    <longitude>5.934990632954694</longitude>
                    <latitude>50.82534849309596</latitude>
                    <altitude>0.0</altitude>
                    <heading>0.0</heading>
                    <tilt>0.0</tilt>
                    <range>0.0</range>
                    <altitudeMode>clampToGround</altitudeMode>
                </LookAt>
                <Style>
                    <IconStyle>
                        <scale>4.125</scale>
                        <heading>0.0</heading>
                        <Icon>
                            <href>https://services.rce.geovoorziening.nl/kml/icon/Landschapsatlas_religieuserfgoed_kerken_style?0.0.0=&amp;0.1.0=&amp;0.1.1=</href>
                        </Icon>
                    </IconStyle>
                    <LabelStyle>
                        <color>00ffffff</color>
                        <scale>0.0</scale>
                    </LabelStyle>
                </Style>
                <Point>
                    <coordinates>5.934990632954697,50.82534849309595</coordinates>
                </Point>
            </Placemark>
            <Placemark id="religieuserfgoed.2244">
                <name>St.-Joannes de Doperkerk</name>
                <description>&lt;h4&gt;religieuserfgoed&lt;/h4&gt;

&lt;ul class="textattributes"&gt;
  &lt;li&gt;&lt;strong&gt;&lt;span class="atr-name"&gt;ogc_fid&lt;/span&gt;:&lt;/strong&gt; &lt;span class="atr-value"&gt;2244&lt;/span&gt;&lt;/li&gt;
  &lt;li&gt;&lt;strong&gt;&lt;span class="atr-name"&gt;rijksmonum&lt;/span&gt;:&lt;/strong&gt; &lt;span class="atr-value"&gt;39226&lt;/span&gt;&lt;/li&gt;
  &lt;li&gt;&lt;strong&gt;&lt;span class="atr-name"&gt;rd_x&lt;/span&gt;:&lt;/strong&gt; &lt;span class="atr-value"&gt;192966.6&lt;/span&gt;&lt;/li&gt;
  &lt;li&gt;&lt;strong&gt;&lt;span class="atr-name"&gt;rd_y&lt;/span&gt;:&lt;/strong&gt; &lt;span class="atr-value"&gt;311994.9&lt;/span&gt;&lt;/li&gt;
  &lt;li&gt;&lt;strong&gt;&lt;span class="atr-name"&gt;legenda&lt;/span&gt;:&lt;/strong&gt; &lt;span class="atr-value"&gt;Kerk&lt;/span&gt;&lt;/li&gt;
  &lt;li&gt;&lt;strong&gt;&lt;span class="atr-name"&gt;naam&lt;/span&gt;:&lt;/strong&gt; &lt;span class="atr-value"&gt;St.-Joannes de Doperkerk&lt;/span&gt;&lt;/li&gt;
  &lt;li&gt;&lt;strong&gt;&lt;span class="atr-name"&gt;plaats&lt;/span&gt;:&lt;/strong&gt; &lt;span class="atr-value"&gt;Mechelen&lt;/span&gt;&lt;/li&gt;
  &lt;li&gt;&lt;strong&gt;&lt;span class="atr-name"&gt;foto_thumb&lt;/span&gt;:&lt;/strong&gt; &lt;span class="atr-value"&gt;https://images.memorix.nl/rce/thumb/350x350/a674d2df-885d-7f93-5fa0-e3ce5d36acc3.jpg&lt;/span&gt;&lt;/li&gt;
  &lt;li&gt;&lt;strong&gt;&lt;span class="atr-name"&gt;foto_groot&lt;/span&gt;:&lt;/strong&gt; &lt;span class="atr-value"&gt;https://images.memorix.nl/rce/thumb/fullsize/a674d2df-885d-7f93-5fa0-e3ce5d36acc3.jpg&lt;/span&gt;&lt;/li&gt;
  &lt;li&gt;&lt;strong&gt;&lt;span class="atr-name"&gt;fotograaf&lt;/span&gt;:&lt;/strong&gt; &lt;span class="atr-value"&gt;Loek Tangel (beeldbank RCE)&lt;/span&gt;&lt;/li&gt;
  &lt;li&gt;&lt;strong&gt;&lt;span class="atr-name"&gt;architect&lt;/span&gt;:&lt;/strong&gt; &lt;span class="atr-value"&gt;Soiron, M.&lt;/span&gt;&lt;/li&gt;
  &lt;li&gt;&lt;strong&gt;&lt;span class="atr-name"&gt;hoofd_beg&lt;/span&gt;:&lt;/strong&gt; &lt;span class="atr-value"&gt;1810-&lt;/span&gt;&lt;/li&gt;
  &lt;li&gt;&lt;strong&gt;&lt;span class="atr-name"&gt;hoofd_eind&lt;/span&gt;:&lt;/strong&gt; &lt;span class="atr-value"&gt;1811&lt;/span&gt;&lt;/li&gt;
  
  &lt;li&gt;&lt;strong&gt;&lt;span class="atr-name"&gt;voorg_eind&lt;/span&gt;:&lt;/strong&gt; &lt;span class="atr-value"&gt;0&lt;/span&gt;&lt;/li&gt;
  &lt;li&gt;&lt;strong&gt;&lt;span class="atr-name"&gt;denominat&lt;/span&gt;:&lt;/strong&gt; &lt;span class="atr-value"&gt;Rooms-Katholieke Kerk in Nederland&lt;/span&gt;&lt;/li&gt;
  &lt;li&gt;&lt;strong&gt;&lt;span class="atr-name"&gt;huidigfunc&lt;/span&gt;:&lt;/strong&gt; &lt;span class="atr-value"&gt;Religieus&lt;/span&gt;&lt;/li&gt;
  &lt;li&gt;&lt;strong&gt;&lt;span class="atr-name"&gt;rmon_url&lt;/span&gt;:&lt;/strong&gt; &lt;span class="atr-value"&gt;https://monumentenregister.cultureelerfgoed.nl/monumenten/39226&lt;/span&gt;&lt;/li&gt;
  
&lt;/ul&gt;
</description>
                <LookAt>
                    <longitude>5.925676104634434</longitude>
                    <latitude>50.796599836128</latitude>
                    <altitude>0.0</altitude>
                    <heading>0.0</heading>
                    <tilt>0.0</tilt>
                    <range>0.0</range>
                    <altitudeMode>clampToGround</altitudeMode>
                </LookAt>
                <Style>
                    <IconStyle>
                        <scale>4.125</scale>
                        <heading>0.0</heading>
                        <Icon>
                            <href>https://services.rce.geovoorziening.nl/kml/icon/Landschapsatlas_religieuserfgoed_kerken_style?0.0.0=&amp;0.1.0=&amp;0.1.1=</href>
                        </Icon>
                    </IconStyle>
                    <LabelStyle>
                        <color>00ffffff</color>
                        <scale>0.0</scale>
                    </LabelStyle>
                </Style>
                <Point>
                    <coordinates>5.9256761046344515,50.796599836127996</coordinates>
                </Point>
            </Placemark>
            <Placemark id="religieuserfgoed.2245">
                <name>St.-Dionysiuskerk</name>
                <description>&lt;h4&gt;religieuserfgoed&lt;/h4&gt;

&lt;ul class="textattributes"&gt;
  &lt;li&gt;&lt;strong&gt;&lt;span class="atr-name"&gt;ogc_fid&lt;/span&gt;:&lt;/strong&gt; &lt;span class="atr-value"&gt;2245&lt;/span&gt;&lt;/li&gt;
  &lt;li&gt;&lt;strong&gt;&lt;span class="atr-name"&gt;rijksmonum&lt;/span&gt;:&lt;/strong&gt; &lt;span class="atr-value"&gt;39243&lt;/span&gt;&lt;/li&gt;
  &lt;li&gt;&lt;strong&gt;&lt;span class="atr-name"&gt;rd_x&lt;/span&gt;:&lt;/strong&gt; &lt;span class="atr-value"&gt;195308.5&lt;/span&gt;&lt;/li&gt;
  &lt;li&gt;&lt;strong&gt;&lt;span class="atr-name"&gt;rd_y&lt;/span&gt;:&lt;/strong&gt; &lt;span class="atr-value"&gt;313310.0&lt;/span&gt;&lt;/li&gt;
  &lt;li&gt;&lt;strong&gt;&lt;span class="atr-name"&gt;legenda&lt;/span&gt;:&lt;/strong&gt; &lt;span class="atr-value"&gt;Kerk&lt;/span&gt;&lt;/li&gt;
  &lt;li&gt;&lt;strong&gt;&lt;span class="atr-name"&gt;naam&lt;/span&gt;:&lt;/strong&gt; &lt;span class="atr-value"&gt;St.-Dionysiuskerk&lt;/span&gt;&lt;/li&gt;
  &lt;li&gt;&lt;strong&gt;&lt;span class="atr-name"&gt;plaats&lt;/span&gt;:&lt;/strong&gt; &lt;span class="atr-value"&gt;Nijswiller&lt;/span&gt;&lt;/li&gt;
  &lt;li&gt;&lt;strong&gt;&lt;span class="atr-name"&gt;foto_thumb&lt;/span&gt;:&lt;/strong&gt; &lt;span class="atr-value"&gt;https://images.memorix.nl/rce/thumb/350x350/7ae574d7-106c-6fba-aea6-5862be414b88.jpg&lt;/span&gt;&lt;/li&gt;
  &lt;li&gt;&lt;strong&gt;&lt;span class="atr-name"&gt;foto_groot&lt;/span&gt;:&lt;/strong&gt; &lt;span class="atr-value"&gt;https://images.memorix.nl/rce/thumb/fullsize/7ae574d7-106c-6fba-aea6-5862be414b88.jpg&lt;/span&gt;&lt;/li&gt;
  &lt;li&gt;&lt;strong&gt;&lt;span class="atr-name"&gt;fotograaf&lt;/span&gt;:&lt;/strong&gt; &lt;span class="atr-value"&gt;Frans Kabel (beeldbank RCE)&lt;/span&gt;&lt;/li&gt;
  &lt;li&gt;&lt;strong&gt;&lt;span class="atr-name"&gt;architect&lt;/span&gt;:&lt;/strong&gt; &lt;span class="atr-value"&gt;Cuypers, P.J.H.&lt;/span&gt;&lt;/li&gt;
  &lt;li&gt;&lt;strong&gt;&lt;span class="atr-name"&gt;hoofd_beg&lt;/span&gt;:&lt;/strong&gt; &lt;span class="atr-value"&gt;1895-&lt;/span&gt;&lt;/li&gt;
  &lt;li&gt;&lt;strong&gt;&lt;span class="atr-name"&gt;hoofd_eind&lt;/span&gt;:&lt;/strong&gt; &lt;span class="atr-value"&gt;1896&lt;/span&gt;&lt;/li&gt;
  &lt;li&gt;&lt;strong&gt;&lt;span class="atr-name"&gt;voorg_beg&lt;/span&gt;:&lt;/strong&gt; &lt;span class="atr-value"&gt;1100-&lt;/span&gt;&lt;/li&gt;
  &lt;li&gt;&lt;strong&gt;&lt;span class="atr-name"&gt;voorg_eind&lt;/span&gt;:&lt;/strong&gt; &lt;span class="atr-value"&gt;1200&lt;/span&gt;&lt;/li&gt;
  &lt;li&gt;&lt;strong&gt;&lt;span class="atr-name"&gt;denominat&lt;/span&gt;:&lt;/strong&gt; &lt;span class="atr-value"&gt;Rooms-Katholieke Kerk in Nederland&lt;/span&gt;&lt;/li&gt;
  &lt;li&gt;&lt;strong&gt;&lt;span class="atr-name"&gt;huidigfunc&lt;/span&gt;:&lt;/strong&gt; &lt;span class="atr-value"&gt;Religieus&lt;/span&gt;&lt;/li&gt;
  &lt;li&gt;&lt;strong&gt;&lt;span class="atr-name"&gt;rmon_url&lt;/span&gt;:&lt;/strong&gt; &lt;span class="atr-value"&gt;https://monumentenregister.cultureelerfgoed.nl/monumenten/39243&lt;/span&gt;&lt;/li&gt;
  
&lt;/ul&gt;
</description>
                <LookAt>
                    <longitude>5.959035267664035</longitude>
                    <latitude>50.80826086955682</latitude>
                    <altitude>0.0</altitude>
                    <heading>0.0</heading>
                    <tilt>0.0</tilt>
                    <range>0.0</range>
                    <altitudeMode>clampToGround</altitudeMode>
                </LookAt>
                <Style>
                    <IconStyle>
                        <scale>4.125</scale>
                        <heading>0.0</heading>
                        <Icon>
                            <href>https://services.rce.geovoorziening.nl/kml/icon/Landschapsatlas_religieuserfgoed_kerken_style?0.0.0=&amp;0.1.0=&amp;0.1.1=</href>
                        </Icon>
                    </IconStyle>
                    <LabelStyle>
                        <color>00ffffff</color>
                        <scale>0.0</scale>
                    </LabelStyle>
                </Style>
                <Point>
                    <coordinates>5.959035267664017,50.80826086955681</coordinates>
                </Point>
            </Placemark>
            <Placemark id="religieuserfgoed.2246">
                <name>St.-Remigiuskerk</name>
                <description>&lt;h4&gt;religieuserfgoed&lt;/h4&gt;

&lt;ul class="textattributes"&gt;
  &lt;li&gt;&lt;strong&gt;&lt;span class="atr-name"&gt;ogc_fid&lt;/span&gt;:&lt;/strong&gt; &lt;span class="atr-value"&gt;2246&lt;/span&gt;&lt;/li&gt;
  &lt;li&gt;&lt;strong&gt;&lt;span class="atr-name"&gt;rijksmonum&lt;/span&gt;:&lt;/strong&gt; &lt;span class="atr-value"&gt;39266&lt;/span&gt;&lt;/li&gt;
  &lt;li&gt;&lt;strong&gt;&lt;span class="atr-name"&gt;rd_x&lt;/span&gt;:&lt;/strong&gt; &lt;span class="atr-value"&gt;188523.6&lt;/span&gt;&lt;/li&gt;
  &lt;li&gt;&lt;strong&gt;&lt;span class="atr-name"&gt;rd_y&lt;/span&gt;:&lt;/strong&gt; &lt;span class="atr-value"&gt;308781.6&lt;/span&gt;&lt;/li&gt;
  &lt;li&gt;&lt;strong&gt;&lt;span class="atr-name"&gt;legenda&lt;/span&gt;:&lt;/strong&gt; &lt;span class="atr-value"&gt;Kerk&lt;/span&gt;&lt;/li&gt;
  &lt;li&gt;&lt;strong&gt;&lt;span class="atr-name"&gt;naam&lt;/span&gt;:&lt;/strong&gt; &lt;span class="atr-value"&gt;St.-Remigiuskerk&lt;/span&gt;&lt;/li&gt;
  &lt;li&gt;&lt;strong&gt;&lt;span class="atr-name"&gt;plaats&lt;/span&gt;:&lt;/strong&gt; &lt;span class="atr-value"&gt;Slenaken&lt;/span&gt;&lt;/li&gt;
  &lt;li&gt;&lt;strong&gt;&lt;span class="atr-name"&gt;foto_thumb&lt;/span&gt;:&lt;/strong&gt; &lt;span class="atr-value"&gt;https://images.memorix.nl/rce/thumb/350x350/dd1083e8-76b0-ff59-9098-41e8d8a394cf.jpg&lt;/span&gt;&lt;/li&gt;
  &lt;li&gt;&lt;strong&gt;&lt;span class="atr-name"&gt;foto_groot&lt;/span&gt;:&lt;/strong&gt; &lt;span class="atr-value"&gt;https://images.memorix.nl/rce/thumb/fullsize/dd1083e8-76b0-ff59-9098-41e8d8a394cf.jpg&lt;/span&gt;&lt;/li&gt;
  &lt;li&gt;&lt;strong&gt;&lt;span class="atr-name"&gt;fotograaf&lt;/span&gt;:&lt;/strong&gt; &lt;span class="atr-value"&gt;Paul Minkjan (beeldbank RCE)&lt;/span&gt;&lt;/li&gt;
  &lt;li&gt;&lt;strong&gt;&lt;span class="atr-name"&gt;architect&lt;/span&gt;:&lt;/strong&gt; &lt;span class="atr-value"&gt;Wincqs, J.&lt;/span&gt;&lt;/li&gt;
  
  &lt;li&gt;&lt;strong&gt;&lt;span class="atr-name"&gt;hoofd_eind&lt;/span&gt;:&lt;/strong&gt; &lt;span class="atr-value"&gt;1783&lt;/span&gt;&lt;/li&gt;
  
  &lt;li&gt;&lt;strong&gt;&lt;span class="atr-name"&gt;voorg_eind&lt;/span&gt;:&lt;/strong&gt; &lt;span class="atr-value"&gt;0&lt;/span&gt;&lt;/li&gt;
  &lt;li&gt;&lt;strong&gt;&lt;span class="atr-name"&gt;denominat&lt;/span&gt;:&lt;/strong&gt; &lt;span class="atr-value"&gt;Rooms-Katholieke Kerk in Nederland&lt;/span&gt;&lt;/li&gt;
  &lt;li&gt;&lt;strong&gt;&lt;span class="atr-name"&gt;huidigfunc&lt;/span&gt;:&lt;/strong&gt; &lt;span class="atr-value"&gt;Religieus&lt;/span&gt;&lt;/li&gt;
  &lt;li&gt;&lt;strong&gt;&lt;span class="atr-name"&gt;rmon_url&lt;/span&gt;:&lt;/strong&gt; &lt;span class="atr-value"&gt;https://monumentenregister.cultureelerfgoed.nl/monumenten/39266&lt;/span&gt;&lt;/li&gt;
  
&lt;/ul&gt;
</description>
                <LookAt>
                    <longitude>5.862367776394905</longitude>
                    <latitude>50.76799364658351</latitude>
                    <altitude>0.0</altitude>
                    <heading>0.0</heading>
                    <tilt>0.0</tilt>
                    <range>0.0</range>
                    <altitudeMode>clampToGround</altitudeMode>
                </LookAt>
                <Style>
                    <IconStyle>
                        <scale>4.125</scale>
                        <heading>0.0</heading>
                        <Icon>
                            <href>https://services.rce.geovoorziening.nl/kml/icon/Landschapsatlas_religieuserfgoed_kerken_style?0.0.0=&amp;0.1.0=&amp;0.1.1=</href>
                        </Icon>
                    </IconStyle>
                    <LabelStyle>
                        <color>00ffffff</color>
                        <scale>0.0</scale>
                    </LabelStyle>
                </Style>
                <Point>
                    <coordinates>5.862367776394903,50.76799364658351</coordinates>
                </Point>
            </Placemark>
            <Placemark id="religieuserfgoed.2298">
                <name>St.-Gertrudiskerk</name>
                <description>&lt;h4&gt;religieuserfgoed&lt;/h4&gt;

&lt;ul class="textattributes"&gt;
  &lt;li&gt;&lt;strong&gt;&lt;span class="atr-name"&gt;ogc_fid&lt;/span&gt;:&lt;/strong&gt; &lt;span class="atr-value"&gt;2298&lt;/span&gt;&lt;/li&gt;
  &lt;li&gt;&lt;strong&gt;&lt;span class="atr-name"&gt;rijksmonum&lt;/span&gt;:&lt;/strong&gt; &lt;span class="atr-value"&gt;39736&lt;/span&gt;&lt;/li&gt;
  &lt;li&gt;&lt;strong&gt;&lt;span class="atr-name"&gt;rd_x&lt;/span&gt;:&lt;/strong&gt; &lt;span class="atr-value"&gt;190745.6&lt;/span&gt;&lt;/li&gt;
  &lt;li&gt;&lt;strong&gt;&lt;span class="atr-name"&gt;rd_y&lt;/span&gt;:&lt;/strong&gt; &lt;span class="atr-value"&gt;315866.9&lt;/span&gt;&lt;/li&gt;
  &lt;li&gt;&lt;strong&gt;&lt;span class="atr-name"&gt;legenda&lt;/span&gt;:&lt;/strong&gt; &lt;span class="atr-value"&gt;Kerk&lt;/span&gt;&lt;/li&gt;
  &lt;li&gt;&lt;strong&gt;&lt;span class="atr-name"&gt;naam&lt;/span&gt;:&lt;/strong&gt; &lt;span class="atr-value"&gt;St.-Gertrudiskerk&lt;/span&gt;&lt;/li&gt;
  &lt;li&gt;&lt;strong&gt;&lt;span class="atr-name"&gt;plaats&lt;/span&gt;:&lt;/strong&gt; &lt;span class="atr-value"&gt;Wijlre&lt;/span&gt;&lt;/li&gt;
  &lt;li&gt;&lt;strong&gt;&lt;span class="atr-name"&gt;foto_thumb&lt;/span&gt;:&lt;/strong&gt; &lt;span class="atr-value"&gt;https://images.memorix.nl/rce/thumb/350x350/c504ebc9-f2d3-b875-3d6a-70f7308e2439.jpg&lt;/span&gt;&lt;/li&gt;
  &lt;li&gt;&lt;strong&gt;&lt;span class="atr-name"&gt;foto_groot&lt;/span&gt;:&lt;/strong&gt; &lt;span class="atr-value"&gt;https://images.memorix.nl/rce/thumb/fullsize/c504ebc9-f2d3-b875-3d6a-70f7308e2439.jpg&lt;/span&gt;&lt;/li&gt;
  &lt;li&gt;&lt;strong&gt;&lt;span class="atr-name"&gt;fotograaf&lt;/span&gt;:&lt;/strong&gt; &lt;span class="atr-value"&gt;Frans Kabel (beeldbank RCE)&lt;/span&gt;&lt;/li&gt;
  &lt;li&gt;&lt;strong&gt;&lt;span class="atr-name"&gt;architect&lt;/span&gt;:&lt;/strong&gt; &lt;span class="atr-value"&gt;Klausner, A.&lt;/span&gt;&lt;/li&gt;
  &lt;li&gt;&lt;strong&gt;&lt;span class="atr-name"&gt;hoofd_beg&lt;/span&gt;:&lt;/strong&gt; &lt;span class="atr-value"&gt;1835-&lt;/span&gt;&lt;/li&gt;
  &lt;li&gt;&lt;strong&gt;&lt;span class="atr-name"&gt;hoofd_eind&lt;/span&gt;:&lt;/strong&gt; &lt;span class="atr-value"&gt;1839&lt;/span&gt;&lt;/li&gt;
  &lt;li&gt;&lt;strong&gt;&lt;span class="atr-name"&gt;voorg_beg&lt;/span&gt;:&lt;/strong&gt; &lt;span class="atr-value"&gt;ME: ouder dan&lt;/span&gt;&lt;/li&gt;
  &lt;li&gt;&lt;strong&gt;&lt;span class="atr-name"&gt;voorg_eind&lt;/span&gt;:&lt;/strong&gt; &lt;span class="atr-value"&gt;1500&lt;/span&gt;&lt;/li&gt;
  &lt;li&gt;&lt;strong&gt;&lt;span class="atr-name"&gt;denominat&lt;/span&gt;:&lt;/strong&gt; &lt;span class="atr-value"&gt;Rooms-Katholieke Kerk in Nederland&lt;/span&gt;&lt;/li&gt;
  &lt;li&gt;&lt;strong&gt;&lt;span class="atr-name"&gt;huidigfunc&lt;/span&gt;:&lt;/strong&gt; &lt;span class="atr-value"&gt;Religieus&lt;/span&gt;&lt;/li&gt;
  &lt;li&gt;&lt;strong&gt;&lt;span class="atr-name"&gt;rmon_url&lt;/span&gt;:&lt;/strong&gt; &lt;span class="atr-value"&gt;https://monumentenregister.cultureelerfgoed.nl/monumenten/39736&lt;/span&gt;&lt;/li&gt;
  
&lt;/ul&gt;
</description>
                <LookAt>
                    <longitude>5.894557672674907</longitude>
                    <latitude>50.83154577646535</latitude>
                    <altitude>0.0</altitude>
                    <heading>0.0</heading>
                    <tilt>0.0</tilt>
                    <range>0.0</range>
                    <altitudeMode>clampToGround</altitudeMode>
                </LookAt>
                <Style>
                    <IconStyle>
                        <scale>4.125</scale>
                        <heading>0.0</heading>
                        <Icon>
                            <href>https://services.rce.geovoorziening.nl/kml/icon/Landschapsatlas_religieuserfgoed_kerken_style?0.0.0=&amp;0.1.0=&amp;0.1.1=</href>
                        </Icon>
                    </IconStyle>
                    <LabelStyle>
                        <color>00ffffff</color>
                        <scale>0.0</scale>
                    </LabelStyle>
                </Style>
                <Point>
                    <coordinates>5.894557672674904,50.83154577646535</coordinates>
                </Point>
            </Placemark>
            <Placemark id="religieuserfgoed.2422">
                <name>St.-Cunibertuskerk</name>
                <description>&lt;h4&gt;religieuserfgoed&lt;/h4&gt;

&lt;ul class="textattributes"&gt;
  &lt;li&gt;&lt;strong&gt;&lt;span class="atr-name"&gt;ogc_fid&lt;/span&gt;:&lt;/strong&gt; &lt;span class="atr-value"&gt;2422&lt;/span&gt;&lt;/li&gt;
  &lt;li&gt;&lt;strong&gt;&lt;span class="atr-name"&gt;rijksmonum&lt;/span&gt;:&lt;/strong&gt; &lt;span class="atr-value"&gt;41953&lt;/span&gt;&lt;/li&gt;
  &lt;li&gt;&lt;strong&gt;&lt;span class="atr-name"&gt;rd_x&lt;/span&gt;:&lt;/strong&gt; &lt;span class="atr-value"&gt;193770.7&lt;/span&gt;&lt;/li&gt;
  &lt;li&gt;&lt;strong&gt;&lt;span class="atr-name"&gt;rd_y&lt;/span&gt;:&lt;/strong&gt; &lt;span class="atr-value"&gt;313535.1&lt;/span&gt;&lt;/li&gt;
  &lt;li&gt;&lt;strong&gt;&lt;span class="atr-name"&gt;legenda&lt;/span&gt;:&lt;/strong&gt; &lt;span class="atr-value"&gt;Kerk&lt;/span&gt;&lt;/li&gt;
  &lt;li&gt;&lt;strong&gt;&lt;span class="atr-name"&gt;naam&lt;/span&gt;:&lt;/strong&gt; &lt;span class="atr-value"&gt;St.-Cunibertuskerk&lt;/span&gt;&lt;/li&gt;
  &lt;li&gt;&lt;strong&gt;&lt;span class="atr-name"&gt;plaats&lt;/span&gt;:&lt;/strong&gt; &lt;span class="atr-value"&gt;Wahlwiller&lt;/span&gt;&lt;/li&gt;
  &lt;li&gt;&lt;strong&gt;&lt;span class="atr-name"&gt;foto_thumb&lt;/span&gt;:&lt;/strong&gt; &lt;span class="atr-value"&gt;https://images.memorix.nl/rce/thumb/350x350/8abd279f-90b2-dc6b-7af2-d145c05a895c.jpg&lt;/span&gt;&lt;/li&gt;
  &lt;li&gt;&lt;strong&gt;&lt;span class="atr-name"&gt;foto_groot&lt;/span&gt;:&lt;/strong&gt; &lt;span class="atr-value"&gt;https://images.memorix.nl/rce/thumb/fullsize/8abd279f-90b2-dc6b-7af2-d145c05a895c.jpg&lt;/span&gt;&lt;/li&gt;
  &lt;li&gt;&lt;strong&gt;&lt;span class="atr-name"&gt;fotograaf&lt;/span&gt;:&lt;/strong&gt; &lt;span class="atr-value"&gt;Otto Brinkkemper (beeldbank RCE)&lt;/span&gt;&lt;/li&gt;
  &lt;li&gt;&lt;strong&gt;&lt;span class="atr-name"&gt;architect&lt;/span&gt;:&lt;/strong&gt; &lt;span class="atr-value"&gt;onbekend&lt;/span&gt;&lt;/li&gt;
  &lt;li&gt;&lt;strong&gt;&lt;span class="atr-name"&gt;hoofd_beg&lt;/span&gt;:&lt;/strong&gt; &lt;span class="atr-value"&gt;1100-&lt;/span&gt;&lt;/li&gt;
  &lt;li&gt;&lt;strong&gt;&lt;span class="atr-name"&gt;hoofd_eind&lt;/span&gt;:&lt;/strong&gt; &lt;span class="atr-value"&gt;1200&lt;/span&gt;&lt;/li&gt;
  
  &lt;li&gt;&lt;strong&gt;&lt;span class="atr-name"&gt;voorg_eind&lt;/span&gt;:&lt;/strong&gt; &lt;span class="atr-value"&gt;0&lt;/span&gt;&lt;/li&gt;
  &lt;li&gt;&lt;strong&gt;&lt;span class="atr-name"&gt;denominat&lt;/span&gt;:&lt;/strong&gt; &lt;span class="atr-value"&gt;Rooms-Katholieke Kerk in Nederland&lt;/span&gt;&lt;/li&gt;
  &lt;li&gt;&lt;strong&gt;&lt;span class="atr-name"&gt;huidigfunc&lt;/span&gt;:&lt;/strong&gt; &lt;span class="atr-value"&gt;Religieus&lt;/span&gt;&lt;/li&gt;
  &lt;li&gt;&lt;strong&gt;&lt;span class="atr-name"&gt;rmon_url&lt;/span&gt;:&lt;/strong&gt; &lt;span class="atr-value"&gt;https://monumentenregister.cultureelerfgoed.nl/monumenten/41953&lt;/span&gt;&lt;/li&gt;
  
&lt;/ul&gt;
</description>
                <LookAt>
                    <longitude>5.9372442336677125</longitude>
                    <latitude>50.810390083590214</latitude>
                    <altitude>0.0</altitude>
                    <heading>0.0</heading>
                    <tilt>0.0</tilt>
                    <range>0.0</range>
                    <altitudeMode>clampToGround</altitudeMode>
                </LookAt>
                <Style>
                    <IconStyle>
                        <scale>4.125</scale>
                        <heading>0.0</heading>
                        <Icon>
                            <href>https://services.rce.geovoorziening.nl/kml/icon/Landschapsatlas_religieuserfgoed_kerken_style?0.0.0=&amp;0.1.0=&amp;0.1.1=</href>
                        </Icon>
                    </IconStyle>
                    <LabelStyle>
                        <color>00ffffff</color>
                        <scale>0.0</scale>
                    </LabelStyle>
                </Style>
                <Point>
                    <coordinates>5.937244233667707,50.8103900835902</coordinates>
                </Point>
            </Placemark>
            <Placemark id="religieuserfgoed.2425">
                <name>St.-Clemenskerk</name>
                <description>&lt;h4&gt;religieuserfgoed&lt;/h4&gt;

&lt;ul class="textattributes"&gt;
  &lt;li&gt;&lt;strong&gt;&lt;span class="atr-name"&gt;ogc_fid&lt;/span&gt;:&lt;/strong&gt; &lt;span class="atr-value"&gt;2425&lt;/span&gt;&lt;/li&gt;
  &lt;li&gt;&lt;strong&gt;&lt;span class="atr-name"&gt;rijksmonum&lt;/span&gt;:&lt;/strong&gt; &lt;span class="atr-value"&gt;42088&lt;/span&gt;&lt;/li&gt;
  &lt;li&gt;&lt;strong&gt;&lt;span class="atr-name"&gt;rd_x&lt;/span&gt;:&lt;/strong&gt; &lt;span class="atr-value"&gt;195188.4&lt;/span&gt;&lt;/li&gt;
  &lt;li&gt;&lt;strong&gt;&lt;span class="atr-name"&gt;rd_y&lt;/span&gt;:&lt;/strong&gt; &lt;span class="atr-value"&gt;329814.0&lt;/span&gt;&lt;/li&gt;
  &lt;li&gt;&lt;strong&gt;&lt;span class="atr-name"&gt;legenda&lt;/span&gt;:&lt;/strong&gt; &lt;span class="atr-value"&gt;Kerk&lt;/span&gt;&lt;/li&gt;
  &lt;li&gt;&lt;strong&gt;&lt;span class="atr-name"&gt;naam&lt;/span&gt;:&lt;/strong&gt; &lt;span class="atr-value"&gt;St.-Clemenskerk&lt;/span&gt;&lt;/li&gt;
  &lt;li&gt;&lt;strong&gt;&lt;span class="atr-name"&gt;plaats&lt;/span&gt;:&lt;/strong&gt; &lt;span class="atr-value"&gt;Brunssum&lt;/span&gt;&lt;/li&gt;
  &lt;li&gt;&lt;strong&gt;&lt;span class="atr-name"&gt;foto_thumb&lt;/span&gt;:&lt;/strong&gt; &lt;span class="atr-value"&gt;https://images.memorix.nl/rce/thumb/350x350/fe2495fc-739d-957e-f53b-d0f51730033c.jpg&lt;/span&gt;&lt;/li&gt;
  &lt;li&gt;&lt;strong&gt;&lt;span class="atr-name"&gt;foto_groot&lt;/span&gt;:&lt;/strong&gt; &lt;span class="atr-value"&gt;https://images.memorix.nl/rce/thumb/fullsize/fe2495fc-739d-957e-f53b-d0f51730033c.jpg&lt;/span&gt;&lt;/li&gt;
  &lt;li&gt;&lt;strong&gt;&lt;span class="atr-name"&gt;fotograaf&lt;/span&gt;:&lt;/strong&gt; &lt;span class="atr-value"&gt;Joris Brinkkemper (beeldbank RCE)&lt;/span&gt;&lt;/li&gt;
  &lt;li&gt;&lt;strong&gt;&lt;span class="atr-name"&gt;architect&lt;/span&gt;:&lt;/strong&gt; &lt;span class="atr-value"&gt;onbekend&lt;/span&gt;&lt;/li&gt;
  &lt;li&gt;&lt;strong&gt;&lt;span class="atr-name"&gt;hoofd_beg&lt;/span&gt;:&lt;/strong&gt; &lt;span class="atr-value"&gt;1150-&lt;/span&gt;&lt;/li&gt;
  &lt;li&gt;&lt;strong&gt;&lt;span class="atr-name"&gt;hoofd_eind&lt;/span&gt;:&lt;/strong&gt; &lt;span class="atr-value"&gt;1200&lt;/span&gt;&lt;/li&gt;
  
  &lt;li&gt;&lt;strong&gt;&lt;span class="atr-name"&gt;voorg_eind&lt;/span&gt;:&lt;/strong&gt; &lt;span class="atr-value"&gt;0&lt;/span&gt;&lt;/li&gt;
  &lt;li&gt;&lt;strong&gt;&lt;span class="atr-name"&gt;denominat&lt;/span&gt;:&lt;/strong&gt; &lt;span class="atr-value"&gt;Rooms-Katholieke Kerk in Nederland&lt;/span&gt;&lt;/li&gt;
  &lt;li&gt;&lt;strong&gt;&lt;span class="atr-name"&gt;huidigfunc&lt;/span&gt;:&lt;/strong&gt; &lt;span class="atr-value"&gt;Cultureel en maatschappelijk&lt;/span&gt;&lt;/li&gt;
  &lt;li&gt;&lt;strong&gt;&lt;span class="atr-name"&gt;rmon_url&lt;/span&gt;:&lt;/strong&gt; &lt;span class="atr-value"&gt;https://monumentenregister.cultureelerfgoed.nl/monumenten/42088&lt;/span&gt;&lt;/li&gt;
  
&lt;/ul&gt;
</description>
                <LookAt>
                    <longitude>5.9591618098086485</longitude>
                    <latitude>50.95661413984033</latitude>
                    <altitude>0.0</altitude>
                    <heading>0.0</heading>
                    <tilt>0.0</tilt>
                    <range>0.0</range>
                    <altitudeMode>clampToGround</altitudeMode>
                </LookAt>
                <Style>
                    <IconStyle>
                        <scale>4.125</scale>
                        <heading>0.0</heading>
                        <Icon>
                            <href>https://services.rce.geovoorziening.nl/kml/icon/Landschapsatlas_religieuserfgoed_kerken_style?0.0.0=&amp;0.1.0=&amp;0.1.1=</href>
                        </Icon>
                    </IconStyle>
                    <LabelStyle>
                        <color>00ffffff</color>
                        <scale>0.0</scale>
                    </LabelStyle>
                </Style>
                <Point>
                    <coordinates>5.959161809808639,50.95661413984034</coordinates>
                </Point>
            </Placemark>
            <Placemark id="religieuserfgoed.2426">
                <name>St.-Eligiuskerk</name>
                <description>&lt;h4&gt;religieuserfgoed&lt;/h4&gt;

&lt;ul class="textattributes"&gt;
  &lt;li&gt;&lt;strong&gt;&lt;span class="atr-name"&gt;ogc_fid&lt;/span&gt;:&lt;/strong&gt; &lt;span class="atr-value"&gt;2426&lt;/span&gt;&lt;/li&gt;
  &lt;li&gt;&lt;strong&gt;&lt;span class="atr-name"&gt;rijksmonum&lt;/span&gt;:&lt;/strong&gt; &lt;span class="atr-value"&gt;42089&lt;/span&gt;&lt;/li&gt;
  &lt;li&gt;&lt;strong&gt;&lt;span class="atr-name"&gt;rd_x&lt;/span&gt;:&lt;/strong&gt; &lt;span class="atr-value"&gt;196476.6&lt;/span&gt;&lt;/li&gt;
  &lt;li&gt;&lt;strong&gt;&lt;span class="atr-name"&gt;rd_y&lt;/span&gt;:&lt;/strong&gt; &lt;span class="atr-value"&gt;331204.6&lt;/span&gt;&lt;/li&gt;
  &lt;li&gt;&lt;strong&gt;&lt;span class="atr-name"&gt;legenda&lt;/span&gt;:&lt;/strong&gt; &lt;span class="atr-value"&gt;Kerk&lt;/span&gt;&lt;/li&gt;
  &lt;li&gt;&lt;strong&gt;&lt;span class="atr-name"&gt;naam&lt;/span&gt;:&lt;/strong&gt; &lt;span class="atr-value"&gt;St.-Eligiuskerk&lt;/span&gt;&lt;/li&gt;
  &lt;li&gt;&lt;strong&gt;&lt;span class="atr-name"&gt;plaats&lt;/span&gt;:&lt;/strong&gt; &lt;span class="atr-value"&gt;Schinveld&lt;/span&gt;&lt;/li&gt;
  &lt;li&gt;&lt;strong&gt;&lt;span class="atr-name"&gt;foto_thumb&lt;/span&gt;:&lt;/strong&gt; &lt;span class="atr-value"&gt;https://images.memorix.nl/rce/thumb/350x350/fb071d26-c958-18a5-68c0-2cf1c9aafc81.jpg&lt;/span&gt;&lt;/li&gt;
  &lt;li&gt;&lt;strong&gt;&lt;span class="atr-name"&gt;foto_groot&lt;/span&gt;:&lt;/strong&gt; &lt;span class="atr-value"&gt;https://images.memorix.nl/rce/thumb/fullsize/fb071d26-c958-18a5-68c0-2cf1c9aafc81.jpg&lt;/span&gt;&lt;/li&gt;
  &lt;li&gt;&lt;strong&gt;&lt;span class="atr-name"&gt;fotograaf&lt;/span&gt;:&lt;/strong&gt; &lt;span class="atr-value"&gt;G.Th. Delemarre (beeldbank RCE)&lt;/span&gt;&lt;/li&gt;
  &lt;li&gt;&lt;strong&gt;&lt;span class="atr-name"&gt;architect&lt;/span&gt;:&lt;/strong&gt; &lt;span class="atr-value"&gt;Kayser, J.H.J.&lt;/span&gt;&lt;/li&gt;
  &lt;li&gt;&lt;strong&gt;&lt;span class="atr-name"&gt;hoofd_beg&lt;/span&gt;:&lt;/strong&gt; &lt;span class="atr-value"&gt;1889-&lt;/span&gt;&lt;/li&gt;
  &lt;li&gt;&lt;strong&gt;&lt;span class="atr-name"&gt;hoofd_eind&lt;/span&gt;:&lt;/strong&gt; &lt;span class="atr-value"&gt;1890&lt;/span&gt;&lt;/li&gt;
  &lt;li&gt;&lt;strong&gt;&lt;span class="atr-name"&gt;voorg_beg&lt;/span&gt;:&lt;/strong&gt; &lt;span class="atr-value"&gt;ME: ouder dan&lt;/span&gt;&lt;/li&gt;
  &lt;li&gt;&lt;strong&gt;&lt;span class="atr-name"&gt;voorg_eind&lt;/span&gt;:&lt;/strong&gt; &lt;span class="atr-value"&gt;1500&lt;/span&gt;&lt;/li&gt;
  &lt;li&gt;&lt;strong&gt;&lt;span class="atr-name"&gt;denominat&lt;/span&gt;:&lt;/strong&gt; &lt;span class="atr-value"&gt;Rooms-Katholieke Kerk in Nederland&lt;/span&gt;&lt;/li&gt;
  &lt;li&gt;&lt;strong&gt;&lt;span class="atr-name"&gt;huidigfunc&lt;/span&gt;:&lt;/strong&gt; &lt;span class="atr-value"&gt;Religieus&lt;/span&gt;&lt;/li&gt;
  &lt;li&gt;&lt;strong&gt;&lt;span class="atr-name"&gt;rmon_url&lt;/span&gt;:&lt;/strong&gt; &lt;span class="atr-value"&gt;https://monumentenregister.cultureelerfgoed.nl/monumenten/42089&lt;/span&gt;&lt;/li&gt;
  
&lt;/ul&gt;
</description>
                <LookAt>
                    <longitude>5.977654401541088</longitude>
                    <latitude>50.96902140120117</latitude>
                    <altitude>0.0</altitude>
                    <heading>0.0</heading>
                    <tilt>0.0</tilt>
                    <range>0.0</range>
                    <altitudeMode>clampToGround</altitudeMode>
                </LookAt>
                <Style>
                    <IconStyle>
                        <scale>4.125</scale>
                        <heading>0.0</heading>
                        <Icon>
                            <href>https://services.rce.geovoorziening.nl/kml/icon/Landschapsatlas_religieuserfgoed_kerken_style?0.0.0=&amp;0.1.0=&amp;0.1.1=</href>
                        </Icon>
                    </IconStyle>
                    <LabelStyle>
                        <color>00ffffff</color>
                        <scale>0.0</scale>
                    </LabelStyle>
                </Style>
                <Point>
                    <coordinates>5.977654401541085,50.96902140120116</coordinates>
                </Point>
            </Placemark>
            <Placemark id="religieuserfgoed.2456">
                <name>St.-Gertrudiskerk</name>
                <description>&lt;h4&gt;religieuserfgoed&lt;/h4&gt;

&lt;ul class="textattributes"&gt;
  &lt;li&gt;&lt;strong&gt;&lt;span class="atr-name"&gt;ogc_fid&lt;/span&gt;:&lt;/strong&gt; &lt;span class="atr-value"&gt;2456&lt;/span&gt;&lt;/li&gt;
  &lt;li&gt;&lt;strong&gt;&lt;span class="atr-name"&gt;rijksmonum&lt;/span&gt;:&lt;/strong&gt; &lt;span class="atr-value"&gt;364064&lt;/span&gt;&lt;/li&gt;
  &lt;li&gt;&lt;strong&gt;&lt;span class="atr-name"&gt;rd_x&lt;/span&gt;:&lt;/strong&gt; &lt;span class="atr-value"&gt;193932.5&lt;/span&gt;&lt;/li&gt;
  &lt;li&gt;&lt;strong&gt;&lt;span class="atr-name"&gt;rd_y&lt;/span&gt;:&lt;/strong&gt; &lt;span class="atr-value"&gt;332599.0&lt;/span&gt;&lt;/li&gt;
  &lt;li&gt;&lt;strong&gt;&lt;span class="atr-name"&gt;legenda&lt;/span&gt;:&lt;/strong&gt; &lt;span class="atr-value"&gt;Kerk&lt;/span&gt;&lt;/li&gt;
  &lt;li&gt;&lt;strong&gt;&lt;span class="atr-name"&gt;naam&lt;/span&gt;:&lt;/strong&gt; &lt;span class="atr-value"&gt;St.-Gertrudiskerk&lt;/span&gt;&lt;/li&gt;
  &lt;li&gt;&lt;strong&gt;&lt;span class="atr-name"&gt;plaats&lt;/span&gt;:&lt;/strong&gt; &lt;span class="atr-value"&gt;Jabeek&lt;/span&gt;&lt;/li&gt;
  &lt;li&gt;&lt;strong&gt;&lt;span class="atr-name"&gt;foto_thumb&lt;/span&gt;:&lt;/strong&gt; &lt;span class="atr-value"&gt;https://upload.wikimedia.org/wikipedia/commons/0/04/Jabeek_Gertrudiskerk.jpg&lt;/span&gt;&lt;/li&gt;
  &lt;li&gt;&lt;strong&gt;&lt;span class="atr-name"&gt;foto_groot&lt;/span&gt;:&lt;/strong&gt; &lt;span class="atr-value"&gt;https://upload.wikimedia.org/wikipedia/commons/0/04/Jabeek_Gertrudiskerk.jpg&lt;/span&gt;&lt;/li&gt;
  &lt;li&gt;&lt;strong&gt;&lt;span class="atr-name"&gt;fotograaf&lt;/span&gt;:&lt;/strong&gt; &lt;span class="atr-value"&gt;Tibor via Wikimedia Commons&lt;/span&gt;&lt;/li&gt;
  &lt;li&gt;&lt;strong&gt;&lt;span class="atr-name"&gt;architect&lt;/span&gt;:&lt;/strong&gt; &lt;span class="atr-value"&gt;Cuypers, P.J.H.&lt;/span&gt;&lt;/li&gt;
  &lt;li&gt;&lt;strong&gt;&lt;span class="atr-name"&gt;hoofd_beg&lt;/span&gt;:&lt;/strong&gt; &lt;span class="atr-value"&gt;1858-&lt;/span&gt;&lt;/li&gt;
  &lt;li&gt;&lt;strong&gt;&lt;span class="atr-name"&gt;hoofd_eind&lt;/span&gt;:&lt;/strong&gt; &lt;span class="atr-value"&gt;1859&lt;/span&gt;&lt;/li&gt;
  &lt;li&gt;&lt;strong&gt;&lt;span class="atr-name"&gt;voorg_beg&lt;/span&gt;:&lt;/strong&gt; &lt;span class="atr-value"&gt;1450-&lt;/span&gt;&lt;/li&gt;
  &lt;li&gt;&lt;strong&gt;&lt;span class="atr-name"&gt;voorg_eind&lt;/span&gt;:&lt;/strong&gt; &lt;span class="atr-value"&gt;1500&lt;/span&gt;&lt;/li&gt;
  &lt;li&gt;&lt;strong&gt;&lt;span class="atr-name"&gt;denominat&lt;/span&gt;:&lt;/strong&gt; &lt;span class="atr-value"&gt;Rooms-Katholieke Kerk in Nederland&lt;/span&gt;&lt;/li&gt;
  &lt;li&gt;&lt;strong&gt;&lt;span class="atr-name"&gt;huidigfunc&lt;/span&gt;:&lt;/strong&gt; &lt;span class="atr-value"&gt;Religieus&lt;/span&gt;&lt;/li&gt;
  &lt;li&gt;&lt;strong&gt;&lt;span class="atr-name"&gt;rmon_url&lt;/span&gt;:&lt;/strong&gt; &lt;span class="atr-value"&gt;https://monumentenregister.cultureelerfgoed.nl/monumenten/364064&lt;/span&gt;&lt;/li&gt;
  
&lt;/ul&gt;
</description>
                <LookAt>
                    <longitude>5.941589111676876</longitude>
                    <latitude>50.9817338914165</latitude>
                    <altitude>0.0</altitude>
                    <heading>0.0</heading>
                    <tilt>0.0</tilt>
                    <range>0.0</range>
                    <altitudeMode>clampToGround</altitudeMode>
                </LookAt>
                <Style>
                    <IconStyle>
                        <scale>4.125</scale>
                        <heading>0.0</heading>
                        <Icon>
                            <href>https://services.rce.geovoorziening.nl/kml/icon/Landschapsatlas_religieuserfgoed_kerken_style?0.0.0=&amp;0.1.0=&amp;0.1.1=</href>
                        </Icon>
                    </IconStyle>
                    <LabelStyle>
                        <color>00ffffff</color>
                        <scale>0.0</scale>
                    </LabelStyle>
                </Style>
                <Point>
                    <coordinates>5.941589111676871,50.981733891416496</coordinates>
                </Point>
            </Placemark>
            <Placemark id="religieuserfgoed.2475">
                <name>H. Hart van Jezuskerk</name>
                <description>&lt;h4&gt;religieuserfgoed&lt;/h4&gt;

&lt;ul class="textattributes"&gt;
  &lt;li&gt;&lt;strong&gt;&lt;span class="atr-name"&gt;ogc_fid&lt;/span&gt;:&lt;/strong&gt; &lt;span class="atr-value"&gt;2475&lt;/span&gt;&lt;/li&gt;
  &lt;li&gt;&lt;strong&gt;&lt;span class="atr-name"&gt;rijksmonum&lt;/span&gt;:&lt;/strong&gt; &lt;span class="atr-value"&gt;422862&lt;/span&gt;&lt;/li&gt;
  &lt;li&gt;&lt;strong&gt;&lt;span class="atr-name"&gt;rd_x&lt;/span&gt;:&lt;/strong&gt; &lt;span class="atr-value"&gt;196785.8&lt;/span&gt;&lt;/li&gt;
  &lt;li&gt;&lt;strong&gt;&lt;span class="atr-name"&gt;rd_y&lt;/span&gt;:&lt;/strong&gt; &lt;span class="atr-value"&gt;323187.0&lt;/span&gt;&lt;/li&gt;
  &lt;li&gt;&lt;strong&gt;&lt;span class="atr-name"&gt;legenda&lt;/span&gt;:&lt;/strong&gt; &lt;span class="atr-value"&gt;Kerk&lt;/span&gt;&lt;/li&gt;
  &lt;li&gt;&lt;strong&gt;&lt;span class="atr-name"&gt;naam&lt;/span&gt;:&lt;/strong&gt; &lt;span class="atr-value"&gt;H. Hart van Jezuskerk&lt;/span&gt;&lt;/li&gt;
  &lt;li&gt;&lt;strong&gt;&lt;span class="atr-name"&gt;plaats&lt;/span&gt;:&lt;/strong&gt; &lt;span class="atr-value"&gt;Heerlen&lt;/span&gt;&lt;/li&gt;
  &lt;li&gt;&lt;strong&gt;&lt;span class="atr-name"&gt;foto_thumb&lt;/span&gt;:&lt;/strong&gt; &lt;span class="atr-value"&gt;https://images.memorix.nl/rce/thumb/350x350/dfc155eb-da15-c431-890c-d3a0d8646065.jpg&lt;/span&gt;&lt;/li&gt;
  &lt;li&gt;&lt;strong&gt;&lt;span class="atr-name"&gt;foto_groot&lt;/span&gt;:&lt;/strong&gt; &lt;span class="atr-value"&gt;https://images.memorix.nl/rce/thumb/fullsize/dfc155eb-da15-c431-890c-d3a0d8646065.jpg&lt;/span&gt;&lt;/li&gt;
  &lt;li&gt;&lt;strong&gt;&lt;span class="atr-name"&gt;fotograaf&lt;/span&gt;:&lt;/strong&gt; &lt;span class="atr-value"&gt;Frans Kabel (beeldbank RCE)&lt;/span&gt;&lt;/li&gt;
  &lt;li&gt;&lt;strong&gt;&lt;span class="atr-name"&gt;architect&lt;/span&gt;:&lt;/strong&gt; &lt;span class="atr-value"&gt;Wielders, J.J.&lt;/span&gt;&lt;/li&gt;
  &lt;li&gt;&lt;strong&gt;&lt;span class="atr-name"&gt;hoofd_beg&lt;/span&gt;:&lt;/strong&gt; &lt;span class="atr-value"&gt;1927-&lt;/span&gt;&lt;/li&gt;
  &lt;li&gt;&lt;strong&gt;&lt;span class="atr-name"&gt;hoofd_eind&lt;/span&gt;:&lt;/strong&gt; &lt;span class="atr-value"&gt;1928&lt;/span&gt;&lt;/li&gt;
  
  &lt;li&gt;&lt;strong&gt;&lt;span class="atr-name"&gt;voorg_eind&lt;/span&gt;:&lt;/strong&gt; &lt;span class="atr-value"&gt;0&lt;/span&gt;&lt;/li&gt;
  &lt;li&gt;&lt;strong&gt;&lt;span class="atr-name"&gt;denominat&lt;/span&gt;:&lt;/strong&gt; &lt;span class="atr-value"&gt;Rooms-Katholieke Kerk in Nederland&lt;/span&gt;&lt;/li&gt;
  &lt;li&gt;&lt;strong&gt;&lt;span class="atr-name"&gt;huidigfunc&lt;/span&gt;:&lt;/strong&gt; &lt;span class="atr-value"&gt;Religieus&lt;/span&gt;&lt;/li&gt;
  &lt;li&gt;&lt;strong&gt;&lt;span class="atr-name"&gt;rmon_url&lt;/span&gt;:&lt;/strong&gt; &lt;span class="atr-value"&gt;https://monumentenregister.cultureelerfgoed.nl/monumenten/422862&lt;/span&gt;&lt;/li&gt;
  
&lt;/ul&gt;
</description>
                <LookAt>
                    <longitude>5.981129100366246</longitude>
                    <latitude>50.89693350600103</latitude>
                    <altitude>0.0</altitude>
                    <heading>0.0</heading>
                    <tilt>0.0</tilt>
                    <range>0.0</range>
                    <altitudeMode>clampToGround</altitudeMode>
                </LookAt>
                <Style>
                    <IconStyle>
                        <scale>4.125</scale>
                        <heading>0.0</heading>
                        <Icon>
                            <href>https://services.rce.geovoorziening.nl/kml/icon/Landschapsatlas_religieuserfgoed_kerken_style?0.0.0=&amp;0.1.0=&amp;0.1.1=</href>
                        </Icon>
                    </IconStyle>
                    <LabelStyle>
                        <color>00ffffff</color>
                        <scale>0.0</scale>
                    </LabelStyle>
                </Style>
                <Point>
                    <coordinates>5.981129100366239,50.89693350600103</coordinates>
                </Point>
            </Placemark>
            <Placemark id="religieuserfgoed.2476">
                <name>Christus Hemelvaartkerk</name>
                <description>&lt;h4&gt;religieuserfgoed&lt;/h4&gt;

&lt;ul class="textattributes"&gt;
  &lt;li&gt;&lt;strong&gt;&lt;span class="atr-name"&gt;ogc_fid&lt;/span&gt;:&lt;/strong&gt; &lt;span class="atr-value"&gt;2476&lt;/span&gt;&lt;/li&gt;
  &lt;li&gt;&lt;strong&gt;&lt;span class="atr-name"&gt;rijksmonum&lt;/span&gt;:&lt;/strong&gt; &lt;span class="atr-value"&gt;422863&lt;/span&gt;&lt;/li&gt;
  &lt;li&gt;&lt;strong&gt;&lt;span class="atr-name"&gt;rd_x&lt;/span&gt;:&lt;/strong&gt; &lt;span class="atr-value"&gt;190001.4&lt;/span&gt;&lt;/li&gt;
  &lt;li&gt;&lt;strong&gt;&lt;span class="atr-name"&gt;rd_y&lt;/span&gt;:&lt;/strong&gt; &lt;span class="atr-value"&gt;334519.0&lt;/span&gt;&lt;/li&gt;
  &lt;li&gt;&lt;strong&gt;&lt;span class="atr-name"&gt;legenda&lt;/span&gt;:&lt;/strong&gt; &lt;span class="atr-value"&gt;Kerk&lt;/span&gt;&lt;/li&gt;
  &lt;li&gt;&lt;strong&gt;&lt;span class="atr-name"&gt;naam&lt;/span&gt;:&lt;/strong&gt; &lt;span class="atr-value"&gt;Christus Hemelvaartkerk&lt;/span&gt;&lt;/li&gt;
  &lt;li&gt;&lt;strong&gt;&lt;span class="atr-name"&gt;plaats&lt;/span&gt;:&lt;/strong&gt; &lt;span class="atr-value"&gt;Sittard&lt;/span&gt;&lt;/li&gt;
  &lt;li&gt;&lt;strong&gt;&lt;span class="atr-name"&gt;foto_thumb&lt;/span&gt;:&lt;/strong&gt; &lt;span class="atr-value"&gt;https://images.memorix.nl/rce/thumb/350x350/b84e0507-0913-d6d8-ca34-0172ec9f2217.jpg&lt;/span&gt;&lt;/li&gt;
  &lt;li&gt;&lt;strong&gt;&lt;span class="atr-name"&gt;foto_groot&lt;/span&gt;:&lt;/strong&gt; &lt;span class="atr-value"&gt;https://images.memorix.nl/rce/thumb/fullsize/b84e0507-0913-d6d8-ca34-0172ec9f2217.jpg&lt;/span&gt;&lt;/li&gt;
  &lt;li&gt;&lt;strong&gt;&lt;span class="atr-name"&gt;fotograaf&lt;/span&gt;:&lt;/strong&gt; &lt;span class="atr-value"&gt;Paul van Galen (beeldbank RCE)&lt;/span&gt;&lt;/li&gt;
  &lt;li&gt;&lt;strong&gt;&lt;span class="atr-name"&gt;architect&lt;/span&gt;:&lt;/strong&gt; &lt;span class="atr-value"&gt;Salemans, B.&lt;/span&gt;&lt;/li&gt;
  &lt;li&gt;&lt;strong&gt;&lt;span class="atr-name"&gt;hoofd_beg&lt;/span&gt;:&lt;/strong&gt; &lt;span class="atr-value"&gt;1964-&lt;/span&gt;&lt;/li&gt;
  &lt;li&gt;&lt;strong&gt;&lt;span class="atr-name"&gt;hoofd_eind&lt;/span&gt;:&lt;/strong&gt; &lt;span class="atr-value"&gt;1965&lt;/span&gt;&lt;/li&gt;
  
  &lt;li&gt;&lt;strong&gt;&lt;span class="atr-name"&gt;voorg_eind&lt;/span&gt;:&lt;/strong&gt; &lt;span class="atr-value"&gt;0&lt;/span&gt;&lt;/li&gt;
  &lt;li&gt;&lt;strong&gt;&lt;span class="atr-name"&gt;denominat&lt;/span&gt;:&lt;/strong&gt; &lt;span class="atr-value"&gt;Rooms-Katholieke Kerk in Nederland&lt;/span&gt;&lt;/li&gt;
  &lt;li&gt;&lt;strong&gt;&lt;span class="atr-name"&gt;huidigfunc&lt;/span&gt;:&lt;/strong&gt; &lt;span class="atr-value"&gt;Religieus&lt;/span&gt;&lt;/li&gt;
  &lt;li&gt;&lt;strong&gt;&lt;span class="atr-name"&gt;rmon_url&lt;/span&gt;:&lt;/strong&gt; &lt;span class="atr-value"&gt;https://monumentenregister.cultureelerfgoed.nl/monumenten/422863&lt;/span&gt;&lt;/li&gt;
  
&lt;/ul&gt;
</description>
                <LookAt>
                    <longitude>5.885799739286966</longitude>
                    <latitude>50.99924624897273</latitude>
                    <altitude>0.0</altitude>
                    <heading>0.0</heading>
                    <tilt>0.0</tilt>
                    <range>0.0</range>
                    <altitudeMode>clampToGround</altitudeMode>
                </LookAt>
                <Style>
                    <IconStyle>
                        <scale>4.125</scale>
                        <heading>0.0</heading>
                        <Icon>
                            <href>https://services.rce.geovoorziening.nl/kml/icon/Landschapsatlas_religieuserfgoed_kerken_style?0.0.0=&amp;0.1.0=&amp;0.1.1=</href>
                        </Icon>
                    </IconStyle>
                    <LabelStyle>
                        <color>00ffffff</color>
                        <scale>0.0</scale>
                    </LabelStyle>
                </Style>
                <Point>
                    <coordinates>5.885799739286963,50.99924624897273</coordinates>
                </Point>
            </Placemark>
            <Placemark id="religieuserfgoed.2477">
                <name>Toeristenkerk</name>
                <description>&lt;h4&gt;religieuserfgoed&lt;/h4&gt;

&lt;ul class="textattributes"&gt;
  &lt;li&gt;&lt;strong&gt;&lt;span class="atr-name"&gt;ogc_fid&lt;/span&gt;:&lt;/strong&gt; &lt;span class="atr-value"&gt;2477&lt;/span&gt;&lt;/li&gt;
  &lt;li&gt;&lt;strong&gt;&lt;span class="atr-name"&gt;rijksmonum&lt;/span&gt;:&lt;/strong&gt; &lt;span class="atr-value"&gt;424831&lt;/span&gt;&lt;/li&gt;
  &lt;li&gt;&lt;strong&gt;&lt;span class="atr-name"&gt;rd_x&lt;/span&gt;:&lt;/strong&gt; &lt;span class="atr-value"&gt;190431.3&lt;/span&gt;&lt;/li&gt;
  &lt;li&gt;&lt;strong&gt;&lt;span class="atr-name"&gt;rd_y&lt;/span&gt;:&lt;/strong&gt; &lt;span class="atr-value"&gt;314050.6&lt;/span&gt;&lt;/li&gt;
  &lt;li&gt;&lt;strong&gt;&lt;span class="atr-name"&gt;legenda&lt;/span&gt;:&lt;/strong&gt; &lt;span class="atr-value"&gt;Kerk&lt;/span&gt;&lt;/li&gt;
  &lt;li&gt;&lt;strong&gt;&lt;span class="atr-name"&gt;naam&lt;/span&gt;:&lt;/strong&gt; &lt;span class="atr-value"&gt;Toeristenkerk&lt;/span&gt;&lt;/li&gt;
  &lt;li&gt;&lt;strong&gt;&lt;span class="atr-name"&gt;plaats&lt;/span&gt;:&lt;/strong&gt; &lt;span class="atr-value"&gt;Gulpen&lt;/span&gt;&lt;/li&gt;
  &lt;li&gt;&lt;strong&gt;&lt;span class="atr-name"&gt;foto_thumb&lt;/span&gt;:&lt;/strong&gt; &lt;span class="atr-value"&gt;https://images.memorix.nl/rce/thumb/350x350/1de47e42-9c7e-691d-744c-04563467801b.jpg&lt;/span&gt;&lt;/li&gt;
  &lt;li&gt;&lt;strong&gt;&lt;span class="atr-name"&gt;foto_groot&lt;/span&gt;:&lt;/strong&gt; &lt;span class="atr-value"&gt;https://images.memorix.nl/rce/thumb/fullsize/1de47e42-9c7e-691d-744c-04563467801b.jpg&lt;/span&gt;&lt;/li&gt;
  &lt;li&gt;&lt;strong&gt;&lt;span class="atr-name"&gt;fotograaf&lt;/span&gt;:&lt;/strong&gt; &lt;span class="atr-value"&gt;Frans Kabel (beeldbank RCE)&lt;/span&gt;&lt;/li&gt;
  &lt;li&gt;&lt;strong&gt;&lt;span class="atr-name"&gt;architect&lt;/span&gt;:&lt;/strong&gt; &lt;span class="atr-value"&gt;Dingemans&lt;/span&gt;&lt;/li&gt;
  &lt;li&gt;&lt;strong&gt;&lt;span class="atr-name"&gt;hoofd_beg&lt;/span&gt;:&lt;/strong&gt; &lt;span class="atr-value"&gt;1965-&lt;/span&gt;&lt;/li&gt;
  &lt;li&gt;&lt;strong&gt;&lt;span class="atr-name"&gt;hoofd_eind&lt;/span&gt;:&lt;/strong&gt; &lt;span class="atr-value"&gt;1966&lt;/span&gt;&lt;/li&gt;
  
  &lt;li&gt;&lt;strong&gt;&lt;span class="atr-name"&gt;voorg_eind&lt;/span&gt;:&lt;/strong&gt; &lt;span class="atr-value"&gt;0&lt;/span&gt;&lt;/li&gt;
  &lt;li&gt;&lt;strong&gt;&lt;span class="atr-name"&gt;denominat&lt;/span&gt;:&lt;/strong&gt; &lt;span class="atr-value"&gt;Nederlandse Hervormde Kerk&lt;/span&gt;&lt;/li&gt;
  &lt;li&gt;&lt;strong&gt;&lt;span class="atr-name"&gt;huidigfunc&lt;/span&gt;:&lt;/strong&gt; &lt;span class="atr-value"&gt;Religieus&lt;/span&gt;&lt;/li&gt;
  &lt;li&gt;&lt;strong&gt;&lt;span class="atr-name"&gt;rmon_url&lt;/span&gt;:&lt;/strong&gt; &lt;span class="atr-value"&gt;https://monumentenregister.cultureelerfgoed.nl/monumenten/424831&lt;/span&gt;&lt;/li&gt;
  
&lt;/ul&gt;
</description>
                <LookAt>
                    <longitude>5.889919722121832</longitude>
                    <latitude>50.815239486663145</latitude>
                    <altitude>0.0</altitude>
                    <heading>0.0</heading>
                    <tilt>0.0</tilt>
                    <range>0.0</range>
                    <altitudeMode>clampToGround</altitudeMode>
                </LookAt>
                <Style>
                    <IconStyle>
                        <scale>4.125</scale>
                        <heading>0.0</heading>
                        <Icon>
                            <href>https://services.rce.geovoorziening.nl/kml/icon/Landschapsatlas_religieuserfgoed_kerken_style?0.0.0=&amp;0.1.0=&amp;0.1.1=</href>
                        </Icon>
                    </IconStyle>
                    <LabelStyle>
                        <color>00ffffff</color>
                        <scale>0.0</scale>
                    </LabelStyle>
                </Style>
                <Point>
                    <coordinates>5.889919722121836,50.815239486663145</coordinates>
                </Point>
            </Placemark>
            <Placemark id="religieuserfgoed.2530">
                <name>St.-Petruskerk</name>
                <description>&lt;h4&gt;religieuserfgoed&lt;/h4&gt;

&lt;ul class="textattributes"&gt;
  &lt;li&gt;&lt;strong&gt;&lt;span class="atr-name"&gt;ogc_fid&lt;/span&gt;:&lt;/strong&gt; &lt;span class="atr-value"&gt;2530&lt;/span&gt;&lt;/li&gt;
  &lt;li&gt;&lt;strong&gt;&lt;span class="atr-name"&gt;rijksmonum&lt;/span&gt;:&lt;/strong&gt; &lt;span class="atr-value"&gt;491684&lt;/span&gt;&lt;/li&gt;
  &lt;li&gt;&lt;strong&gt;&lt;span class="atr-name"&gt;rd_x&lt;/span&gt;:&lt;/strong&gt; &lt;span class="atr-value"&gt;190379.4&lt;/span&gt;&lt;/li&gt;
  &lt;li&gt;&lt;strong&gt;&lt;span class="atr-name"&gt;rd_y&lt;/span&gt;:&lt;/strong&gt; &lt;span class="atr-value"&gt;313993.3&lt;/span&gt;&lt;/li&gt;
  &lt;li&gt;&lt;strong&gt;&lt;span class="atr-name"&gt;legenda&lt;/span&gt;:&lt;/strong&gt; &lt;span class="atr-value"&gt;Kerk&lt;/span&gt;&lt;/li&gt;
  &lt;li&gt;&lt;strong&gt;&lt;span class="atr-name"&gt;naam&lt;/span&gt;:&lt;/strong&gt; &lt;span class="atr-value"&gt;St.-Petruskerk&lt;/span&gt;&lt;/li&gt;
  &lt;li&gt;&lt;strong&gt;&lt;span class="atr-name"&gt;plaats&lt;/span&gt;:&lt;/strong&gt; &lt;span class="atr-value"&gt;Gulpen&lt;/span&gt;&lt;/li&gt;
  &lt;li&gt;&lt;strong&gt;&lt;span class="atr-name"&gt;foto_thumb&lt;/span&gt;:&lt;/strong&gt; &lt;span class="atr-value"&gt;https://images.memorix.nl/rce/thumb/350x350/756fc181-734d-0181-d7e4-57968b17d625.jpg&lt;/span&gt;&lt;/li&gt;
  &lt;li&gt;&lt;strong&gt;&lt;span class="atr-name"&gt;foto_groot&lt;/span&gt;:&lt;/strong&gt; &lt;span class="atr-value"&gt;https://images.memorix.nl/rce/thumb/fullsize/756fc181-734d-0181-d7e4-57968b17d625.jpg&lt;/span&gt;&lt;/li&gt;
  &lt;li&gt;&lt;strong&gt;&lt;span class="atr-name"&gt;fotograaf&lt;/span&gt;:&lt;/strong&gt; &lt;span class="atr-value"&gt;Frans Kabel (beeldbank RCE)&lt;/span&gt;&lt;/li&gt;
  &lt;li&gt;&lt;strong&gt;&lt;span class="atr-name"&gt;architect&lt;/span&gt;:&lt;/strong&gt; &lt;span class="atr-value"&gt;Franssen, C.J.H.&lt;/span&gt;&lt;/li&gt;
  &lt;li&gt;&lt;strong&gt;&lt;span class="atr-name"&gt;hoofd_beg&lt;/span&gt;:&lt;/strong&gt; &lt;span class="atr-value"&gt;1923-&lt;/span&gt;&lt;/li&gt;
  &lt;li&gt;&lt;strong&gt;&lt;span class="atr-name"&gt;hoofd_eind&lt;/span&gt;:&lt;/strong&gt; &lt;span class="atr-value"&gt;1924&lt;/span&gt;&lt;/li&gt;
  
  &lt;li&gt;&lt;strong&gt;&lt;span class="atr-name"&gt;voorg_eind&lt;/span&gt;:&lt;/strong&gt; &lt;span class="atr-value"&gt;0&lt;/span&gt;&lt;/li&gt;
  &lt;li&gt;&lt;strong&gt;&lt;span class="atr-name"&gt;denominat&lt;/span&gt;:&lt;/strong&gt; &lt;span class="atr-value"&gt;Rooms-Katholieke Kerk in Nederland&lt;/span&gt;&lt;/li&gt;
  &lt;li&gt;&lt;strong&gt;&lt;span class="atr-name"&gt;huidigfunc&lt;/span&gt;:&lt;/strong&gt; &lt;span class="atr-value"&gt;Religieus&lt;/span&gt;&lt;/li&gt;
  &lt;li&gt;&lt;strong&gt;&lt;span class="atr-name"&gt;rmon_url&lt;/span&gt;:&lt;/strong&gt; &lt;span class="atr-value"&gt;https://monumentenregister.cultureelerfgoed.nl/monumenten/491684&lt;/span&gt;&lt;/li&gt;
  
&lt;/ul&gt;
</description>
                <LookAt>
                    <longitude>5.889177784507936</longitude>
                    <latitude>50.81472764815061</latitude>
                    <altitude>0.0</altitude>
                    <heading>0.0</heading>
                    <tilt>0.0</tilt>
                    <range>0.0</range>
                    <altitudeMode>clampToGround</altitudeMode>
                </LookAt>
                <Style>
                    <IconStyle>
                        <scale>4.125</scale>
                        <heading>0.0</heading>
                        <Icon>
                            <href>https://services.rce.geovoorziening.nl/kml/icon/Landschapsatlas_religieuserfgoed_kerken_style?0.0.0=&amp;0.1.0=&amp;0.1.1=</href>
                        </Icon>
                    </IconStyle>
                    <LabelStyle>
                        <color>00ffffff</color>
                        <scale>0.0</scale>
                    </LabelStyle>
                </Style>
                <Point>
                    <coordinates>5.889177784507938,50.8147276481506</coordinates>
                </Point>
            </Placemark>
            <Placemark id="religieuserfgoed.2531">
                <name>St.-Franciscus van Assisië kerk</name>
                <description>&lt;h4&gt;religieuserfgoed&lt;/h4&gt;

&lt;ul class="textattributes"&gt;
  &lt;li&gt;&lt;strong&gt;&lt;span class="atr-name"&gt;ogc_fid&lt;/span&gt;:&lt;/strong&gt; &lt;span class="atr-value"&gt;2531&lt;/span&gt;&lt;/li&gt;
  &lt;li&gt;&lt;strong&gt;&lt;span class="atr-name"&gt;rijksmonum&lt;/span&gt;:&lt;/strong&gt; &lt;span class="atr-value"&gt;491690&lt;/span&gt;&lt;/li&gt;
  &lt;li&gt;&lt;strong&gt;&lt;span class="atr-name"&gt;rd_x&lt;/span&gt;:&lt;/strong&gt; &lt;span class="atr-value"&gt;186839.2&lt;/span&gt;&lt;/li&gt;
  &lt;li&gt;&lt;strong&gt;&lt;span class="atr-name"&gt;rd_y&lt;/span&gt;:&lt;/strong&gt; &lt;span class="atr-value"&gt;312378.0&lt;/span&gt;&lt;/li&gt;
  &lt;li&gt;&lt;strong&gt;&lt;span class="atr-name"&gt;legenda&lt;/span&gt;:&lt;/strong&gt; &lt;span class="atr-value"&gt;Kerk&lt;/span&gt;&lt;/li&gt;
  &lt;li&gt;&lt;strong&gt;&lt;span class="atr-name"&gt;naam&lt;/span&gt;:&lt;/strong&gt; &lt;span class="atr-value"&gt;St.-Franciscus van Assisië kerk&lt;/span&gt;&lt;/li&gt;
  &lt;li&gt;&lt;strong&gt;&lt;span class="atr-name"&gt;plaats&lt;/span&gt;:&lt;/strong&gt; &lt;span class="atr-value"&gt;Reijmerstok&lt;/span&gt;&lt;/li&gt;
  &lt;li&gt;&lt;strong&gt;&lt;span class="atr-name"&gt;foto_thumb&lt;/span&gt;:&lt;/strong&gt; &lt;span class="atr-value"&gt;https://images.memorix.nl/rce/thumb/350x350/fcfb2841-5fc3-6353-e1cb-b1100bcb14ba.jpg&lt;/span&gt;&lt;/li&gt;
  &lt;li&gt;&lt;strong&gt;&lt;span class="atr-name"&gt;foto_groot&lt;/span&gt;:&lt;/strong&gt; &lt;span class="atr-value"&gt;https://images.memorix.nl/rce/thumb/fullsize/fcfb2841-5fc3-6353-e1cb-b1100bcb14ba.jpg&lt;/span&gt;&lt;/li&gt;
  &lt;li&gt;&lt;strong&gt;&lt;span class="atr-name"&gt;fotograaf&lt;/span&gt;:&lt;/strong&gt; &lt;span class="atr-value"&gt;Frans Kabel (beeldbank RCE)&lt;/span&gt;&lt;/li&gt;
  &lt;li&gt;&lt;strong&gt;&lt;span class="atr-name"&gt;architect&lt;/span&gt;:&lt;/strong&gt; &lt;span class="atr-value"&gt;Wielders, J.J.&lt;/span&gt;&lt;/li&gt;
  &lt;li&gt;&lt;strong&gt;&lt;span class="atr-name"&gt;hoofd_beg&lt;/span&gt;:&lt;/strong&gt; &lt;span class="atr-value"&gt;1922-&lt;/span&gt;&lt;/li&gt;
  &lt;li&gt;&lt;strong&gt;&lt;span class="atr-name"&gt;hoofd_eind&lt;/span&gt;:&lt;/strong&gt; &lt;span class="atr-value"&gt;1923&lt;/span&gt;&lt;/li&gt;
  
  &lt;li&gt;&lt;strong&gt;&lt;span class="atr-name"&gt;voorg_eind&lt;/span&gt;:&lt;/strong&gt; &lt;span class="atr-value"&gt;1838&lt;/span&gt;&lt;/li&gt;
  &lt;li&gt;&lt;strong&gt;&lt;span class="atr-name"&gt;denominat&lt;/span&gt;:&lt;/strong&gt; &lt;span class="atr-value"&gt;Rooms-Katholieke Kerk in Nederland&lt;/span&gt;&lt;/li&gt;
  &lt;li&gt;&lt;strong&gt;&lt;span class="atr-name"&gt;huidigfunc&lt;/span&gt;:&lt;/strong&gt; &lt;span class="atr-value"&gt;Religieus&lt;/span&gt;&lt;/li&gt;
  &lt;li&gt;&lt;strong&gt;&lt;span class="atr-name"&gt;rmon_url&lt;/span&gt;:&lt;/strong&gt; &lt;span class="atr-value"&gt;https://monumentenregister.cultureelerfgoed.nl/monumenten/491690&lt;/span&gt;&lt;/li&gt;
  
&lt;/ul&gt;
</description>
                <LookAt>
                    <longitude>5.838807977742476</longitude>
                    <latitude>50.80041578177993</latitude>
                    <altitude>0.0</altitude>
                    <heading>0.0</heading>
                    <tilt>0.0</tilt>
                    <range>0.0</range>
                    <altitudeMode>clampToGround</altitudeMode>
                </LookAt>
                <Style>
                    <IconStyle>
                        <scale>4.125</scale>
                        <heading>0.0</heading>
                        <Icon>
                            <href>https://services.rce.geovoorziening.nl/kml/icon/Landschapsatlas_religieuserfgoed_kerken_style?0.0.0=&amp;0.1.0=&amp;0.1.1=</href>
                        </Icon>
                    </IconStyle>
                    <LabelStyle>
                        <color>00ffffff</color>
                        <scale>0.0</scale>
                    </LabelStyle>
                </Style>
                <Point>
                    <coordinates>5.838807977742493,50.80041578177993</coordinates>
                </Point>
            </Placemark>
            <Placemark id="religieuserfgoed.2534">
                <name>H.H. Catharina en Luciakerk</name>
                <description>&lt;h4&gt;religieuserfgoed&lt;/h4&gt;

&lt;ul class="textattributes"&gt;
  &lt;li&gt;&lt;strong&gt;&lt;span class="atr-name"&gt;ogc_fid&lt;/span&gt;:&lt;/strong&gt; &lt;span class="atr-value"&gt;2534&lt;/span&gt;&lt;/li&gt;
  &lt;li&gt;&lt;strong&gt;&lt;span class="atr-name"&gt;rijksmonum&lt;/span&gt;:&lt;/strong&gt; &lt;span class="atr-value"&gt;491845&lt;/span&gt;&lt;/li&gt;
  &lt;li&gt;&lt;strong&gt;&lt;span class="atr-name"&gt;rd_x&lt;/span&gt;:&lt;/strong&gt; &lt;span class="atr-value"&gt;197674.8&lt;/span&gt;&lt;/li&gt;
  &lt;li&gt;&lt;strong&gt;&lt;span class="atr-name"&gt;rd_y&lt;/span&gt;:&lt;/strong&gt; &lt;span class="atr-value"&gt;310911.2&lt;/span&gt;&lt;/li&gt;
  &lt;li&gt;&lt;strong&gt;&lt;span class="atr-name"&gt;legenda&lt;/span&gt;:&lt;/strong&gt; &lt;span class="atr-value"&gt;Kerk&lt;/span&gt;&lt;/li&gt;
  &lt;li&gt;&lt;strong&gt;&lt;span class="atr-name"&gt;naam&lt;/span&gt;:&lt;/strong&gt; &lt;span class="atr-value"&gt;H.H. Catharina en Luciakerk&lt;/span&gt;&lt;/li&gt;
  &lt;li&gt;&lt;strong&gt;&lt;span class="atr-name"&gt;plaats&lt;/span&gt;:&lt;/strong&gt; &lt;span class="atr-value"&gt;Lemiers&lt;/span&gt;&lt;/li&gt;
  &lt;li&gt;&lt;strong&gt;&lt;span class="atr-name"&gt;foto_thumb&lt;/span&gt;:&lt;/strong&gt; &lt;span class="atr-value"&gt;https://images.memorix.nl/rce/thumb/350x350/7425cf9a-bd73-4121-46e7-78918d5f8ddd.jpg&lt;/span&gt;&lt;/li&gt;
  &lt;li&gt;&lt;strong&gt;&lt;span class="atr-name"&gt;foto_groot&lt;/span&gt;:&lt;/strong&gt; &lt;span class="atr-value"&gt;https://images.memorix.nl/rce/thumb/fullsize/7425cf9a-bd73-4121-46e7-78918d5f8ddd.jpg&lt;/span&gt;&lt;/li&gt;
  &lt;li&gt;&lt;strong&gt;&lt;span class="atr-name"&gt;fotograaf&lt;/span&gt;:&lt;/strong&gt; &lt;span class="atr-value"&gt;Frans Kabel (beeldbank RCE)&lt;/span&gt;&lt;/li&gt;
  &lt;li&gt;&lt;strong&gt;&lt;span class="atr-name"&gt;architect&lt;/span&gt;:&lt;/strong&gt; &lt;span class="atr-value"&gt;Jorna, J.&lt;/span&gt;&lt;/li&gt;
  &lt;li&gt;&lt;strong&gt;&lt;span class="atr-name"&gt;hoofd_beg&lt;/span&gt;:&lt;/strong&gt; &lt;span class="atr-value"&gt;1895-&lt;/span&gt;&lt;/li&gt;
  &lt;li&gt;&lt;strong&gt;&lt;span class="atr-name"&gt;hoofd_eind&lt;/span&gt;:&lt;/strong&gt; &lt;span class="atr-value"&gt;1896&lt;/span&gt;&lt;/li&gt;
  
  &lt;li&gt;&lt;strong&gt;&lt;span class="atr-name"&gt;voorg_eind&lt;/span&gt;:&lt;/strong&gt; &lt;span class="atr-value"&gt;0&lt;/span&gt;&lt;/li&gt;
  &lt;li&gt;&lt;strong&gt;&lt;span class="atr-name"&gt;denominat&lt;/span&gt;:&lt;/strong&gt; &lt;span class="atr-value"&gt;Rooms-Katholieke Kerk in Nederland&lt;/span&gt;&lt;/li&gt;
  &lt;li&gt;&lt;strong&gt;&lt;span class="atr-name"&gt;huidigfunc&lt;/span&gt;:&lt;/strong&gt; &lt;span class="atr-value"&gt;Religieus&lt;/span&gt;&lt;/li&gt;
  &lt;li&gt;&lt;strong&gt;&lt;span class="atr-name"&gt;rmon_url&lt;/span&gt;:&lt;/strong&gt; &lt;span class="atr-value"&gt;https://monumentenregister.cultureelerfgoed.nl/monumenten/491845&lt;/span&gt;&lt;/li&gt;
  
&lt;/ul&gt;
</description>
                <LookAt>
                    <longitude>5.992321782245966</longitude>
                    <latitude>50.78652858012577</latitude>
                    <altitude>0.0</altitude>
                    <heading>0.0</heading>
                    <tilt>0.0</tilt>
                    <range>0.0</range>
                    <altitudeMode>clampToGround</altitudeMode>
                </LookAt>
                <Style>
                    <IconStyle>
                        <scale>4.125</scale>
                        <heading>0.0</heading>
                        <Icon>
                            <href>https://services.rce.geovoorziening.nl/kml/icon/Landschapsatlas_religieuserfgoed_kerken_style?0.0.0=&amp;0.1.0=&amp;0.1.1=</href>
                        </Icon>
                    </IconStyle>
                    <LabelStyle>
                        <color>00ffffff</color>
                        <scale>0.0</scale>
                    </LabelStyle>
                </Style>
                <Point>
                    <coordinates>5.992321782245961,50.786528580125776</coordinates>
                </Point>
            </Placemark>
            <Placemark id="religieuserfgoed.2550">
                <name>Hervormde Kerk</name>
                <description>&lt;h4&gt;religieuserfgoed&lt;/h4&gt;

&lt;ul class="textattributes"&gt;
  &lt;li&gt;&lt;strong&gt;&lt;span class="atr-name"&gt;ogc_fid&lt;/span&gt;:&lt;/strong&gt; &lt;span class="atr-value"&gt;2550&lt;/span&gt;&lt;/li&gt;
  &lt;li&gt;&lt;strong&gt;&lt;span class="atr-name"&gt;rijksmonum&lt;/span&gt;:&lt;/strong&gt; &lt;span class="atr-value"&gt;499028&lt;/span&gt;&lt;/li&gt;
  &lt;li&gt;&lt;strong&gt;&lt;span class="atr-name"&gt;rd_x&lt;/span&gt;:&lt;/strong&gt; &lt;span class="atr-value"&gt;177348.0&lt;/span&gt;&lt;/li&gt;
  &lt;li&gt;&lt;strong&gt;&lt;span class="atr-name"&gt;rd_y&lt;/span&gt;:&lt;/strong&gt; &lt;span class="atr-value"&gt;309506.6&lt;/span&gt;&lt;/li&gt;
  &lt;li&gt;&lt;strong&gt;&lt;span class="atr-name"&gt;legenda&lt;/span&gt;:&lt;/strong&gt; &lt;span class="atr-value"&gt;Kerk&lt;/span&gt;&lt;/li&gt;
  &lt;li&gt;&lt;strong&gt;&lt;span class="atr-name"&gt;naam&lt;/span&gt;:&lt;/strong&gt; &lt;span class="atr-value"&gt;Hervormde Kerk&lt;/span&gt;&lt;/li&gt;
  &lt;li&gt;&lt;strong&gt;&lt;span class="atr-name"&gt;plaats&lt;/span&gt;:&lt;/strong&gt; &lt;span class="atr-value"&gt;Eijsden&lt;/span&gt;&lt;/li&gt;
  &lt;li&gt;&lt;strong&gt;&lt;span class="atr-name"&gt;foto_thumb&lt;/span&gt;:&lt;/strong&gt; &lt;span class="atr-value"&gt;https://images.memorix.nl/rce/thumb/350x350/7f8cd874-432c-39c7-8982-ad256792ec09.jpg&lt;/span&gt;&lt;/li&gt;
  &lt;li&gt;&lt;strong&gt;&lt;span class="atr-name"&gt;foto_groot&lt;/span&gt;:&lt;/strong&gt; &lt;span class="atr-value"&gt;https://images.memorix.nl/rce/thumb/fullsize/7f8cd874-432c-39c7-8982-ad256792ec09.jpg&lt;/span&gt;&lt;/li&gt;
  &lt;li&gt;&lt;strong&gt;&lt;span class="atr-name"&gt;fotograaf&lt;/span&gt;:&lt;/strong&gt; &lt;span class="atr-value"&gt;Frans Kabel (beeldbank RCE)&lt;/span&gt;&lt;/li&gt;
  &lt;li&gt;&lt;strong&gt;&lt;span class="atr-name"&gt;architect&lt;/span&gt;:&lt;/strong&gt; &lt;span class="atr-value"&gt;Odinot, J.M.&lt;/span&gt;&lt;/li&gt;
  &lt;li&gt;&lt;strong&gt;&lt;span class="atr-name"&gt;hoofd_beg&lt;/span&gt;:&lt;/strong&gt; &lt;span class="atr-value"&gt;1906-&lt;/span&gt;&lt;/li&gt;
  &lt;li&gt;&lt;strong&gt;&lt;span class="atr-name"&gt;hoofd_eind&lt;/span&gt;:&lt;/strong&gt; &lt;span class="atr-value"&gt;1907&lt;/span&gt;&lt;/li&gt;
  
  &lt;li&gt;&lt;strong&gt;&lt;span class="atr-name"&gt;voorg_eind&lt;/span&gt;:&lt;/strong&gt; &lt;span class="atr-value"&gt;0&lt;/span&gt;&lt;/li&gt;
  &lt;li&gt;&lt;strong&gt;&lt;span class="atr-name"&gt;denominat&lt;/span&gt;:&lt;/strong&gt; &lt;span class="atr-value"&gt;Nederlandse Hervormde Kerk&lt;/span&gt;&lt;/li&gt;
  &lt;li&gt;&lt;strong&gt;&lt;span class="atr-name"&gt;huidigfunc&lt;/span&gt;:&lt;/strong&gt; &lt;span class="atr-value"&gt;Religieus&lt;/span&gt;&lt;/li&gt;
  &lt;li&gt;&lt;strong&gt;&lt;span class="atr-name"&gt;rmon_url&lt;/span&gt;:&lt;/strong&gt; &lt;span class="atr-value"&gt;https://monumentenregister.cultureelerfgoed.nl/monumenten/499028&lt;/span&gt;&lt;/li&gt;
  
&lt;/ul&gt;
</description>
                <LookAt>
                    <longitude>5.704010271297946</longitude>
                    <latitude>50.77505370205877</latitude>
                    <altitude>0.0</altitude>
                    <heading>0.0</heading>
                    <tilt>0.0</tilt>
                    <range>0.0</range>
                    <altitudeMode>clampToGround</altitudeMode>
                </LookAt>
                <Style>
                    <IconStyle>
                        <scale>4.125</scale>
                        <heading>0.0</heading>
                        <Icon>
                            <href>https://services.rce.geovoorziening.nl/kml/icon/Landschapsatlas_religieuserfgoed_kerken_style?0.0.0=&amp;0.1.0=&amp;0.1.1=</href>
                        </Icon>
                    </IconStyle>
                    <LabelStyle>
                        <color>00ffffff</color>
                        <scale>0.0</scale>
                    </LabelStyle>
                </Style>
                <Point>
                    <coordinates>5.704010271297941,50.77505370205877</coordinates>
                </Point>
            </Placemark>
            <Placemark id="religieuserfgoed.2551">
                <name>St.-Jozefkerk</name>
                <description>&lt;h4&gt;religieuserfgoed&lt;/h4&gt;

&lt;ul class="textattributes"&gt;
  &lt;li&gt;&lt;strong&gt;&lt;span class="atr-name"&gt;ogc_fid&lt;/span&gt;:&lt;/strong&gt; &lt;span class="atr-value"&gt;2551&lt;/span&gt;&lt;/li&gt;
  &lt;li&gt;&lt;strong&gt;&lt;span class="atr-name"&gt;rijksmonum&lt;/span&gt;:&lt;/strong&gt; &lt;span class="atr-value"&gt;499034&lt;/span&gt;&lt;/li&gt;
  &lt;li&gt;&lt;strong&gt;&lt;span class="atr-name"&gt;rd_x&lt;/span&gt;:&lt;/strong&gt; &lt;span class="atr-value"&gt;178001.7&lt;/span&gt;&lt;/li&gt;
  &lt;li&gt;&lt;strong&gt;&lt;span class="atr-name"&gt;rd_y&lt;/span&gt;:&lt;/strong&gt; &lt;span class="atr-value"&gt;311656.1&lt;/span&gt;&lt;/li&gt;
  &lt;li&gt;&lt;strong&gt;&lt;span class="atr-name"&gt;legenda&lt;/span&gt;:&lt;/strong&gt; &lt;span class="atr-value"&gt;Kerk&lt;/span&gt;&lt;/li&gt;
  &lt;li&gt;&lt;strong&gt;&lt;span class="atr-name"&gt;naam&lt;/span&gt;:&lt;/strong&gt; &lt;span class="atr-value"&gt;St.-Jozefkerk&lt;/span&gt;&lt;/li&gt;
  &lt;li&gt;&lt;strong&gt;&lt;span class="atr-name"&gt;plaats&lt;/span&gt;:&lt;/strong&gt; &lt;span class="atr-value"&gt;Oost-Maarland&lt;/span&gt;&lt;/li&gt;
  &lt;li&gt;&lt;strong&gt;&lt;span class="atr-name"&gt;foto_thumb&lt;/span&gt;:&lt;/strong&gt; &lt;span class="atr-value"&gt;https://images.memorix.nl/rce/thumb/350x350/c6df30c4-f73a-7b6b-01ab-92184f3c0e3f.jpg&lt;/span&gt;&lt;/li&gt;
  &lt;li&gt;&lt;strong&gt;&lt;span class="atr-name"&gt;foto_groot&lt;/span&gt;:&lt;/strong&gt; &lt;span class="atr-value"&gt;https://images.memorix.nl/rce/thumb/fullsize/c6df30c4-f73a-7b6b-01ab-92184f3c0e3f.jpg&lt;/span&gt;&lt;/li&gt;
  &lt;li&gt;&lt;strong&gt;&lt;span class="atr-name"&gt;fotograaf&lt;/span&gt;:&lt;/strong&gt; &lt;span class="atr-value"&gt;Frans Kabel (beeldbank RCE)&lt;/span&gt;&lt;/li&gt;
  &lt;li&gt;&lt;strong&gt;&lt;span class="atr-name"&gt;architect&lt;/span&gt;:&lt;/strong&gt; &lt;span class="atr-value"&gt;Franssen, C.J.H. &amp; J.G.C.&lt;/span&gt;&lt;/li&gt;
  
  &lt;li&gt;&lt;strong&gt;&lt;span class="atr-name"&gt;hoofd_eind&lt;/span&gt;:&lt;/strong&gt; &lt;span class="atr-value"&gt;1927&lt;/span&gt;&lt;/li&gt;
  
  &lt;li&gt;&lt;strong&gt;&lt;span class="atr-name"&gt;voorg_eind&lt;/span&gt;:&lt;/strong&gt; &lt;span class="atr-value"&gt;0&lt;/span&gt;&lt;/li&gt;
  &lt;li&gt;&lt;strong&gt;&lt;span class="atr-name"&gt;denominat&lt;/span&gt;:&lt;/strong&gt; &lt;span class="atr-value"&gt;Rooms-Katholieke Kerk in Nederland&lt;/span&gt;&lt;/li&gt;
  &lt;li&gt;&lt;strong&gt;&lt;span class="atr-name"&gt;huidigfunc&lt;/span&gt;:&lt;/strong&gt; &lt;span class="atr-value"&gt;Religieus&lt;/span&gt;&lt;/li&gt;
  &lt;li&gt;&lt;strong&gt;&lt;span class="atr-name"&gt;rmon_url&lt;/span&gt;:&lt;/strong&gt; &lt;span class="atr-value"&gt;https://monumentenregister.cultureelerfgoed.nl/monumenten/499034&lt;/span&gt;&lt;/li&gt;
  
&lt;/ul&gt;
</description>
                <LookAt>
                    <longitude>5.713412967145146</longitude>
                    <latitude>50.794348975027944</latitude>
                    <altitude>0.0</altitude>
                    <heading>0.0</heading>
                    <tilt>0.0</tilt>
                    <range>0.0</range>
                    <altitudeMode>clampToGround</altitudeMode>
                </LookAt>
                <Style>
                    <IconStyle>
                        <scale>4.125</scale>
                        <heading>0.0</heading>
                        <Icon>
                            <href>https://services.rce.geovoorziening.nl/kml/icon/Landschapsatlas_religieuserfgoed_kerken_style?0.0.0=&amp;0.1.0=&amp;0.1.1=</href>
                        </Icon>
                    </IconStyle>
                    <LabelStyle>
                        <color>00ffffff</color>
                        <scale>0.0</scale>
                    </LabelStyle>
                </Style>
                <Point>
                    <coordinates>5.713412967145148,50.79434897502794</coordinates>
                </Point>
            </Placemark>
            <Placemark id="religieuserfgoed.2577">
                <name>St.-Hubertuskerk</name>
                <description>&lt;h4&gt;religieuserfgoed&lt;/h4&gt;

&lt;ul class="textattributes"&gt;
  &lt;li&gt;&lt;strong&gt;&lt;span class="atr-name"&gt;ogc_fid&lt;/span&gt;:&lt;/strong&gt; &lt;span class="atr-value"&gt;2577&lt;/span&gt;&lt;/li&gt;
  &lt;li&gt;&lt;strong&gt;&lt;span class="atr-name"&gt;rijksmonum&lt;/span&gt;:&lt;/strong&gt; &lt;span class="atr-value"&gt;506627&lt;/span&gt;&lt;/li&gt;
  &lt;li&gt;&lt;strong&gt;&lt;span class="atr-name"&gt;rd_x&lt;/span&gt;:&lt;/strong&gt; &lt;span class="atr-value"&gt;176190.0&lt;/span&gt;&lt;/li&gt;
  &lt;li&gt;&lt;strong&gt;&lt;span class="atr-name"&gt;rd_y&lt;/span&gt;:&lt;/strong&gt; &lt;span class="atr-value"&gt;319268.0&lt;/span&gt;&lt;/li&gt;
  &lt;li&gt;&lt;strong&gt;&lt;span class="atr-name"&gt;legenda&lt;/span&gt;:&lt;/strong&gt; &lt;span class="atr-value"&gt;Kerk&lt;/span&gt;&lt;/li&gt;
  &lt;li&gt;&lt;strong&gt;&lt;span class="atr-name"&gt;naam&lt;/span&gt;:&lt;/strong&gt; &lt;span class="atr-value"&gt;St.-Hubertuskerk&lt;/span&gt;&lt;/li&gt;
  &lt;li&gt;&lt;strong&gt;&lt;span class="atr-name"&gt;plaats&lt;/span&gt;:&lt;/strong&gt; &lt;span class="atr-value"&gt;Maastricht&lt;/span&gt;&lt;/li&gt;
  &lt;li&gt;&lt;strong&gt;&lt;span class="atr-name"&gt;foto_thumb&lt;/span&gt;:&lt;/strong&gt; &lt;span class="atr-value"&gt;https://images.memorix.nl/rce/thumb/350x350/9348cc51-24ee-6f64-a340-a62e87e395d3.jpg&lt;/span&gt;&lt;/li&gt;
  &lt;li&gt;&lt;strong&gt;&lt;span class="atr-name"&gt;foto_groot&lt;/span&gt;:&lt;/strong&gt; &lt;span class="atr-value"&gt;https://images.memorix.nl/rce/thumb/fullsize/9348cc51-24ee-6f64-a340-a62e87e395d3.jpg&lt;/span&gt;&lt;/li&gt;
  &lt;li&gt;&lt;strong&gt;&lt;span class="atr-name"&gt;fotograaf&lt;/span&gt;:&lt;/strong&gt; &lt;span class="atr-value"&gt;Frans Kabel (beeldbank RCE)&lt;/span&gt;&lt;/li&gt;
  &lt;li&gt;&lt;strong&gt;&lt;span class="atr-name"&gt;architect&lt;/span&gt;:&lt;/strong&gt; &lt;span class="atr-value"&gt;Kayser, J.H.J.&lt;/span&gt;&lt;/li&gt;
  &lt;li&gt;&lt;strong&gt;&lt;span class="atr-name"&gt;hoofd_beg&lt;/span&gt;:&lt;/strong&gt; &lt;span class="atr-value"&gt;1924-&lt;/span&gt;&lt;/li&gt;
  &lt;li&gt;&lt;strong&gt;&lt;span class="atr-name"&gt;hoofd_eind&lt;/span&gt;:&lt;/strong&gt; &lt;span class="atr-value"&gt;1925&lt;/span&gt;&lt;/li&gt;
  
  &lt;li&gt;&lt;strong&gt;&lt;span class="atr-name"&gt;voorg_eind&lt;/span&gt;:&lt;/strong&gt; &lt;span class="atr-value"&gt;0&lt;/span&gt;&lt;/li&gt;
  &lt;li&gt;&lt;strong&gt;&lt;span class="atr-name"&gt;denominat&lt;/span&gt;:&lt;/strong&gt; &lt;span class="atr-value"&gt;Rooms-Katholieke Kerk in Nederland&lt;/span&gt;&lt;/li&gt;
  &lt;li&gt;&lt;strong&gt;&lt;span class="atr-name"&gt;huidigfunc&lt;/span&gt;:&lt;/strong&gt; &lt;span class="atr-value"&gt;Ontspanning, horeca en toerisme&lt;/span&gt;&lt;/li&gt;
  &lt;li&gt;&lt;strong&gt;&lt;span class="atr-name"&gt;rmon_url&lt;/span&gt;:&lt;/strong&gt; &lt;span class="atr-value"&gt;https://monumentenregister.cultureelerfgoed.nl/monumenten/506627&lt;/span&gt;&lt;/li&gt;
  
&lt;/ul&gt;
</description>
                <LookAt>
                    <longitude>5.6881634673297725</longitude>
                    <latitude>50.86283953154294</latitude>
                    <altitude>0.0</altitude>
                    <heading>0.0</heading>
                    <tilt>0.0</tilt>
                    <range>0.0</range>
                    <altitudeMode>clampToGround</altitudeMode>
                </LookAt>
                <Style>
                    <IconStyle>
                        <scale>4.125</scale>
                        <heading>0.0</heading>
                        <Icon>
                            <href>https://services.rce.geovoorziening.nl/kml/icon/Landschapsatlas_religieuserfgoed_kerken_style?0.0.0=&amp;0.1.0=&amp;0.1.1=</href>
                        </Icon>
                    </IconStyle>
                    <LabelStyle>
                        <color>00ffffff</color>
                        <scale>0.0</scale>
                    </LabelStyle>
                </Style>
                <Point>
                    <coordinates>5.688163467329775,50.86283953154293</coordinates>
                </Point>
            </Placemark>
            <Placemark id="religieuserfgoed.2579">
                <name>St.-Petrus' Banden kerk</name>
                <description>&lt;h4&gt;religieuserfgoed&lt;/h4&gt;

&lt;ul class="textattributes"&gt;
  &lt;li&gt;&lt;strong&gt;&lt;span class="atr-name"&gt;ogc_fid&lt;/span&gt;:&lt;/strong&gt; &lt;span class="atr-value"&gt;2579&lt;/span&gt;&lt;/li&gt;
  &lt;li&gt;&lt;strong&gt;&lt;span class="atr-name"&gt;rijksmonum&lt;/span&gt;:&lt;/strong&gt; &lt;span class="atr-value"&gt;506637&lt;/span&gt;&lt;/li&gt;
  &lt;li&gt;&lt;strong&gt;&lt;span class="atr-name"&gt;rd_x&lt;/span&gt;:&lt;/strong&gt; &lt;span class="atr-value"&gt;178954.0&lt;/span&gt;&lt;/li&gt;
  &lt;li&gt;&lt;strong&gt;&lt;span class="atr-name"&gt;rd_y&lt;/span&gt;:&lt;/strong&gt; &lt;span class="atr-value"&gt;316788.0&lt;/span&gt;&lt;/li&gt;
  &lt;li&gt;&lt;strong&gt;&lt;span class="atr-name"&gt;legenda&lt;/span&gt;:&lt;/strong&gt; &lt;span class="atr-value"&gt;Kerk&lt;/span&gt;&lt;/li&gt;
  &lt;li&gt;&lt;strong&gt;&lt;span class="atr-name"&gt;naam&lt;/span&gt;:&lt;/strong&gt; &lt;span class="atr-value"&gt;St.-Petrus' Banden kerk&lt;/span&gt;&lt;/li&gt;
  &lt;li&gt;&lt;strong&gt;&lt;span class="atr-name"&gt;plaats&lt;/span&gt;:&lt;/strong&gt; &lt;span class="atr-value"&gt;Maastricht&lt;/span&gt;&lt;/li&gt;
  &lt;li&gt;&lt;strong&gt;&lt;span class="atr-name"&gt;foto_thumb&lt;/span&gt;:&lt;/strong&gt; &lt;span class="atr-value"&gt;https://images.memorix.nl/rce/thumb/350x350/8f8994a2-6faf-f5cb-4ed5-55c0bba9d169.jpg&lt;/span&gt;&lt;/li&gt;
  &lt;li&gt;&lt;strong&gt;&lt;span class="atr-name"&gt;foto_groot&lt;/span&gt;:&lt;/strong&gt; &lt;span class="atr-value"&gt;https://images.memorix.nl/rce/thumb/fullsize/8f8994a2-6faf-f5cb-4ed5-55c0bba9d169.jpg&lt;/span&gt;&lt;/li&gt;
  &lt;li&gt;&lt;strong&gt;&lt;span class="atr-name"&gt;fotograaf&lt;/span&gt;:&lt;/strong&gt; &lt;span class="atr-value"&gt;Frans Kabel (beeldbank RCE)&lt;/span&gt;&lt;/li&gt;
  &lt;li&gt;&lt;strong&gt;&lt;span class="atr-name"&gt;architect&lt;/span&gt;:&lt;/strong&gt; &lt;span class="atr-value"&gt;Franssen, C.J.H.&lt;/span&gt;&lt;/li&gt;
  &lt;li&gt;&lt;strong&gt;&lt;span class="atr-name"&gt;hoofd_beg&lt;/span&gt;:&lt;/strong&gt; &lt;span class="atr-value"&gt;1904-&lt;/span&gt;&lt;/li&gt;
  &lt;li&gt;&lt;strong&gt;&lt;span class="atr-name"&gt;hoofd_eind&lt;/span&gt;:&lt;/strong&gt; &lt;span class="atr-value"&gt;1905&lt;/span&gt;&lt;/li&gt;
  
  &lt;li&gt;&lt;strong&gt;&lt;span class="atr-name"&gt;voorg_eind&lt;/span&gt;:&lt;/strong&gt; &lt;span class="atr-value"&gt;0&lt;/span&gt;&lt;/li&gt;
  &lt;li&gt;&lt;strong&gt;&lt;span class="atr-name"&gt;denominat&lt;/span&gt;:&lt;/strong&gt; &lt;span class="atr-value"&gt;Rooms-Katholieke Kerk in Nederland&lt;/span&gt;&lt;/li&gt;
  &lt;li&gt;&lt;strong&gt;&lt;span class="atr-name"&gt;huidigfunc&lt;/span&gt;:&lt;/strong&gt; &lt;span class="atr-value"&gt;Religieus&lt;/span&gt;&lt;/li&gt;
  &lt;li&gt;&lt;strong&gt;&lt;span class="atr-name"&gt;rmon_url&lt;/span&gt;:&lt;/strong&gt; &lt;span class="atr-value"&gt;https://monumentenregister.cultureelerfgoed.nl/monumenten/506637&lt;/span&gt;&lt;/li&gt;
  
&lt;/ul&gt;
</description>
                <LookAt>
                    <longitude>5.727256620493122</longitude>
                    <latitude>50.840438818907096</latitude>
                    <altitude>0.0</altitude>
                    <heading>0.0</heading>
                    <tilt>0.0</tilt>
                    <range>0.0</range>
                    <altitudeMode>clampToGround</altitudeMode>
                </LookAt>
                <Style>
                    <IconStyle>
                        <scale>4.125</scale>
                        <heading>0.0</heading>
                        <Icon>
                            <href>https://services.rce.geovoorziening.nl/kml/icon/Landschapsatlas_religieuserfgoed_kerken_style?0.0.0=&amp;0.1.0=&amp;0.1.1=</href>
                        </Icon>
                    </IconStyle>
                    <LabelStyle>
                        <color>00ffffff</color>
                        <scale>0.0</scale>
                    </LabelStyle>
                </Style>
                <Point>
                    <coordinates>5.72725662049312,50.8404388189071</coordinates>
                </Point>
            </Placemark>
            <Placemark id="religieuserfgoed.2580">
                <name>H. Hart van Jezuskerk</name>
                <description>&lt;h4&gt;religieuserfgoed&lt;/h4&gt;

&lt;ul class="textattributes"&gt;
  &lt;li&gt;&lt;strong&gt;&lt;span class="atr-name"&gt;ogc_fid&lt;/span&gt;:&lt;/strong&gt; &lt;span class="atr-value"&gt;2580&lt;/span&gt;&lt;/li&gt;
  &lt;li&gt;&lt;strong&gt;&lt;span class="atr-name"&gt;rijksmonum&lt;/span&gt;:&lt;/strong&gt; &lt;span class="atr-value"&gt;506644&lt;/span&gt;&lt;/li&gt;
  &lt;li&gt;&lt;strong&gt;&lt;span class="atr-name"&gt;rd_x&lt;/span&gt;:&lt;/strong&gt; &lt;span class="atr-value"&gt;177560.3&lt;/span&gt;&lt;/li&gt;
  &lt;li&gt;&lt;strong&gt;&lt;span class="atr-name"&gt;rd_y&lt;/span&gt;:&lt;/strong&gt; &lt;span class="atr-value"&gt;317546.5&lt;/span&gt;&lt;/li&gt;
  &lt;li&gt;&lt;strong&gt;&lt;span class="atr-name"&gt;legenda&lt;/span&gt;:&lt;/strong&gt; &lt;span class="atr-value"&gt;Kerk&lt;/span&gt;&lt;/li&gt;
  &lt;li&gt;&lt;strong&gt;&lt;span class="atr-name"&gt;naam&lt;/span&gt;:&lt;/strong&gt; &lt;span class="atr-value"&gt;H. Hart van Jezuskerk&lt;/span&gt;&lt;/li&gt;
  &lt;li&gt;&lt;strong&gt;&lt;span class="atr-name"&gt;plaats&lt;/span&gt;:&lt;/strong&gt; &lt;span class="atr-value"&gt;Maastricht&lt;/span&gt;&lt;/li&gt;
  &lt;li&gt;&lt;strong&gt;&lt;span class="atr-name"&gt;foto_thumb&lt;/span&gt;:&lt;/strong&gt; &lt;span class="atr-value"&gt;https://images.memorix.nl/rce/thumb/350x350/2bf0742b-7ed6-72cc-0045-6ec21bd349be.jpg&lt;/span&gt;&lt;/li&gt;
  &lt;li&gt;&lt;strong&gt;&lt;span class="atr-name"&gt;foto_groot&lt;/span&gt;:&lt;/strong&gt; &lt;span class="atr-value"&gt;https://images.memorix.nl/rce/thumb/fullsize/2bf0742b-7ed6-72cc-0045-6ec21bd349be.jpg&lt;/span&gt;&lt;/li&gt;
  &lt;li&gt;&lt;strong&gt;&lt;span class="atr-name"&gt;fotograaf&lt;/span&gt;:&lt;/strong&gt; &lt;span class="atr-value"&gt;Frans Kabel (beeldbank RCE)&lt;/span&gt;&lt;/li&gt;
  &lt;li&gt;&lt;strong&gt;&lt;span class="atr-name"&gt;architect&lt;/span&gt;:&lt;/strong&gt; &lt;span class="atr-value"&gt;Boosten, A.J.N. &amp; J. Ritzen&lt;/span&gt;&lt;/li&gt;
  &lt;li&gt;&lt;strong&gt;&lt;span class="atr-name"&gt;hoofd_beg&lt;/span&gt;:&lt;/strong&gt; &lt;span class="atr-value"&gt;1921-&lt;/span&gt;&lt;/li&gt;
  &lt;li&gt;&lt;strong&gt;&lt;span class="atr-name"&gt;hoofd_eind&lt;/span&gt;:&lt;/strong&gt; &lt;span class="atr-value"&gt;1922&lt;/span&gt;&lt;/li&gt;
  
  &lt;li&gt;&lt;strong&gt;&lt;span class="atr-name"&gt;voorg_eind&lt;/span&gt;:&lt;/strong&gt; &lt;span class="atr-value"&gt;0&lt;/span&gt;&lt;/li&gt;
  &lt;li&gt;&lt;strong&gt;&lt;span class="atr-name"&gt;denominat&lt;/span&gt;:&lt;/strong&gt; &lt;span class="atr-value"&gt;Rooms-Katholieke Kerk in Nederland&lt;/span&gt;&lt;/li&gt;
  &lt;li&gt;&lt;strong&gt;&lt;span class="atr-name"&gt;huidigfunc&lt;/span&gt;:&lt;/strong&gt; &lt;span class="atr-value"&gt;Religieus&lt;/span&gt;&lt;/li&gt;
  &lt;li&gt;&lt;strong&gt;&lt;span class="atr-name"&gt;rmon_url&lt;/span&gt;:&lt;/strong&gt; &lt;span class="atr-value"&gt;https://monumentenregister.cultureelerfgoed.nl/monumenten/506644&lt;/span&gt;&lt;/li&gt;
  
&lt;/ul&gt;
</description>
                <LookAt>
                    <longitude>5.707518702227276</longitude>
                    <latitude>50.84731324268609</latitude>
                    <altitude>0.0</altitude>
                    <heading>0.0</heading>
                    <tilt>0.0</tilt>
                    <range>0.0</range>
                    <altitudeMode>clampToGround</altitudeMode>
                </LookAt>
                <Style>
                    <IconStyle>
                        <scale>4.125</scale>
                        <heading>0.0</heading>
                        <Icon>
                            <href>https://services.rce.geovoorziening.nl/kml/icon/Landschapsatlas_religieuserfgoed_kerken_style?0.0.0=&amp;0.1.0=&amp;0.1.1=</href>
                        </Icon>
                    </IconStyle>
                    <LabelStyle>
                        <color>00ffffff</color>
                        <scale>0.0</scale>
                    </LabelStyle>
                </Style>
                <Point>
                    <coordinates>5.707518702227271,50.84731324268609</coordinates>
                </Point>
            </Placemark>
            <Placemark id="religieuserfgoed.2581">
                <name>O.L. Vrouwe van Lourdes kerk</name>
                <description>&lt;h4&gt;religieuserfgoed&lt;/h4&gt;

&lt;ul class="textattributes"&gt;
  &lt;li&gt;&lt;strong&gt;&lt;span class="atr-name"&gt;ogc_fid&lt;/span&gt;:&lt;/strong&gt; &lt;span class="atr-value"&gt;2581&lt;/span&gt;&lt;/li&gt;
  &lt;li&gt;&lt;strong&gt;&lt;span class="atr-name"&gt;rijksmonum&lt;/span&gt;:&lt;/strong&gt; &lt;span class="atr-value"&gt;506680&lt;/span&gt;&lt;/li&gt;
  &lt;li&gt;&lt;strong&gt;&lt;span class="atr-name"&gt;rd_x&lt;/span&gt;:&lt;/strong&gt; &lt;span class="atr-value"&gt;177867.5&lt;/span&gt;&lt;/li&gt;
  &lt;li&gt;&lt;strong&gt;&lt;span class="atr-name"&gt;rd_y&lt;/span&gt;:&lt;/strong&gt; &lt;span class="atr-value"&gt;318065.5&lt;/span&gt;&lt;/li&gt;
  &lt;li&gt;&lt;strong&gt;&lt;span class="atr-name"&gt;legenda&lt;/span&gt;:&lt;/strong&gt; &lt;span class="atr-value"&gt;Kerk&lt;/span&gt;&lt;/li&gt;
  &lt;li&gt;&lt;strong&gt;&lt;span class="atr-name"&gt;naam&lt;/span&gt;:&lt;/strong&gt; &lt;span class="atr-value"&gt;O.L. Vrouwe van Lourdes kerk&lt;/span&gt;&lt;/li&gt;
  &lt;li&gt;&lt;strong&gt;&lt;span class="atr-name"&gt;plaats&lt;/span&gt;:&lt;/strong&gt; &lt;span class="atr-value"&gt;Maastricht&lt;/span&gt;&lt;/li&gt;
  &lt;li&gt;&lt;strong&gt;&lt;span class="atr-name"&gt;foto_thumb&lt;/span&gt;:&lt;/strong&gt; &lt;span class="atr-value"&gt;https://images.memorix.nl/rce/thumb/350x350/5e127c8d-f885-a7a1-7331-56cdd9d49dc9.jpg&lt;/span&gt;&lt;/li&gt;
  &lt;li&gt;&lt;strong&gt;&lt;span class="atr-name"&gt;foto_groot&lt;/span&gt;:&lt;/strong&gt; &lt;span class="atr-value"&gt;https://images.memorix.nl/rce/thumb/fullsize/5e127c8d-f885-a7a1-7331-56cdd9d49dc9.jpg&lt;/span&gt;&lt;/li&gt;
  &lt;li&gt;&lt;strong&gt;&lt;span class="atr-name"&gt;fotograaf&lt;/span&gt;:&lt;/strong&gt; &lt;span class="atr-value"&gt;Frans Kabel (beeldbank RCE)&lt;/span&gt;&lt;/li&gt;
  &lt;li&gt;&lt;strong&gt;&lt;span class="atr-name"&gt;architect&lt;/span&gt;:&lt;/strong&gt; &lt;span class="atr-value"&gt;Peutz, F.P.J.&lt;/span&gt;&lt;/li&gt;
  &lt;li&gt;&lt;strong&gt;&lt;span class="atr-name"&gt;hoofd_beg&lt;/span&gt;:&lt;/strong&gt; &lt;span class="atr-value"&gt;1936-&lt;/span&gt;&lt;/li&gt;
  &lt;li&gt;&lt;strong&gt;&lt;span class="atr-name"&gt;hoofd_eind&lt;/span&gt;:&lt;/strong&gt; &lt;span class="atr-value"&gt;1938&lt;/span&gt;&lt;/li&gt;
  
  &lt;li&gt;&lt;strong&gt;&lt;span class="atr-name"&gt;voorg_eind&lt;/span&gt;:&lt;/strong&gt; &lt;span class="atr-value"&gt;0&lt;/span&gt;&lt;/li&gt;
  &lt;li&gt;&lt;strong&gt;&lt;span class="atr-name"&gt;denominat&lt;/span&gt;:&lt;/strong&gt; &lt;span class="atr-value"&gt;Rooms-Katholieke Kerk in Nederland&lt;/span&gt;&lt;/li&gt;
  &lt;li&gt;&lt;strong&gt;&lt;span class="atr-name"&gt;huidigfunc&lt;/span&gt;:&lt;/strong&gt; &lt;span class="atr-value"&gt;Religieus&lt;/span&gt;&lt;/li&gt;
  &lt;li&gt;&lt;strong&gt;&lt;span class="atr-name"&gt;rmon_url&lt;/span&gt;:&lt;/strong&gt; &lt;span class="atr-value"&gt;https://monumentenregister.cultureelerfgoed.nl/monumenten/506680&lt;/span&gt;&lt;/li&gt;
  
&lt;/ul&gt;
</description>
                <LookAt>
                    <longitude>5.711913083403161</longitude>
                    <latitude>50.85196618400846</latitude>
                    <altitude>0.0</altitude>
                    <heading>0.0</heading>
                    <tilt>0.0</tilt>
                    <range>0.0</range>
                    <altitudeMode>clampToGround</altitudeMode>
                </LookAt>
                <Style>
                    <IconStyle>
                        <scale>4.125</scale>
                        <heading>0.0</heading>
                        <Icon>
                            <href>https://services.rce.geovoorziening.nl/kml/icon/Landschapsatlas_religieuserfgoed_kerken_style?0.0.0=&amp;0.1.0=&amp;0.1.1=</href>
                        </Icon>
                    </IconStyle>
                    <LabelStyle>
                        <color>00ffffff</color>
                        <scale>0.0</scale>
                    </LabelStyle>
                </Style>
                <Point>
                    <coordinates>5.711913083403159,50.85196618400846</coordinates>
                </Point>
            </Placemark>
            <Placemark id="religieuserfgoed.2583">
                <name>St.-Pieterskerk</name>
                <description>&lt;h4&gt;religieuserfgoed&lt;/h4&gt;

&lt;ul class="textattributes"&gt;
  &lt;li&gt;&lt;strong&gt;&lt;span class="atr-name"&gt;ogc_fid&lt;/span&gt;:&lt;/strong&gt; &lt;span class="atr-value"&gt;2583&lt;/span&gt;&lt;/li&gt;
  &lt;li&gt;&lt;strong&gt;&lt;span class="atr-name"&gt;rijksmonum&lt;/span&gt;:&lt;/strong&gt; &lt;span class="atr-value"&gt;506700&lt;/span&gt;&lt;/li&gt;
  &lt;li&gt;&lt;strong&gt;&lt;span class="atr-name"&gt;rd_x&lt;/span&gt;:&lt;/strong&gt; &lt;span class="atr-value"&gt;176511.0&lt;/span&gt;&lt;/li&gt;
  &lt;li&gt;&lt;strong&gt;&lt;span class="atr-name"&gt;rd_y&lt;/span&gt;:&lt;/strong&gt; &lt;span class="atr-value"&gt;316632.0&lt;/span&gt;&lt;/li&gt;
  &lt;li&gt;&lt;strong&gt;&lt;span class="atr-name"&gt;legenda&lt;/span&gt;:&lt;/strong&gt; &lt;span class="atr-value"&gt;Kerk&lt;/span&gt;&lt;/li&gt;
  &lt;li&gt;&lt;strong&gt;&lt;span class="atr-name"&gt;naam&lt;/span&gt;:&lt;/strong&gt; &lt;span class="atr-value"&gt;St.-Pieterskerk&lt;/span&gt;&lt;/li&gt;
  &lt;li&gt;&lt;strong&gt;&lt;span class="atr-name"&gt;plaats&lt;/span&gt;:&lt;/strong&gt; &lt;span class="atr-value"&gt;Maastricht&lt;/span&gt;&lt;/li&gt;
  &lt;li&gt;&lt;strong&gt;&lt;span class="atr-name"&gt;foto_thumb&lt;/span&gt;:&lt;/strong&gt; &lt;span class="atr-value"&gt;https://images.memorix.nl/rce/thumb/350x350/f2e3b142-1a64-bb7a-31d8-ae91221bce6d.jpg&lt;/span&gt;&lt;/li&gt;
  &lt;li&gt;&lt;strong&gt;&lt;span class="atr-name"&gt;foto_groot&lt;/span&gt;:&lt;/strong&gt; &lt;span class="atr-value"&gt;https://images.memorix.nl/rce/thumb/fullsize/f2e3b142-1a64-bb7a-31d8-ae91221bce6d.jpg&lt;/span&gt;&lt;/li&gt;
  &lt;li&gt;&lt;strong&gt;&lt;span class="atr-name"&gt;fotograaf&lt;/span&gt;:&lt;/strong&gt; &lt;span class="atr-value"&gt;Frans Kabel (beeldbank RCE)&lt;/span&gt;&lt;/li&gt;
  &lt;li&gt;&lt;strong&gt;&lt;span class="atr-name"&gt;architect&lt;/span&gt;:&lt;/strong&gt; &lt;span class="atr-value"&gt;Peutz, F.P.J. &amp; W. Sprenger&lt;/span&gt;&lt;/li&gt;
  &lt;li&gt;&lt;strong&gt;&lt;span class="atr-name"&gt;hoofd_beg&lt;/span&gt;:&lt;/strong&gt; &lt;span class="atr-value"&gt;1938-&lt;/span&gt;&lt;/li&gt;
  &lt;li&gt;&lt;strong&gt;&lt;span class="atr-name"&gt;hoofd_eind&lt;/span&gt;:&lt;/strong&gt; &lt;span class="atr-value"&gt;1939&lt;/span&gt;&lt;/li&gt;
  
  &lt;li&gt;&lt;strong&gt;&lt;span class="atr-name"&gt;voorg_eind&lt;/span&gt;:&lt;/strong&gt; &lt;span class="atr-value"&gt;0&lt;/span&gt;&lt;/li&gt;
  &lt;li&gt;&lt;strong&gt;&lt;span class="atr-name"&gt;denominat&lt;/span&gt;:&lt;/strong&gt; &lt;span class="atr-value"&gt;Rooms-Katholieke Kerk in Nederland&lt;/span&gt;&lt;/li&gt;
  &lt;li&gt;&lt;strong&gt;&lt;span class="atr-name"&gt;huidigfunc&lt;/span&gt;:&lt;/strong&gt; &lt;span class="atr-value"&gt;Religieus&lt;/span&gt;&lt;/li&gt;
  &lt;li&gt;&lt;strong&gt;&lt;span class="atr-name"&gt;rmon_url&lt;/span&gt;:&lt;/strong&gt; &lt;span class="atr-value"&gt;https://monumentenregister.cultureelerfgoed.nl/monumenten/506700&lt;/span&gt;&lt;/li&gt;
  
&lt;/ul&gt;
</description>
                <LookAt>
                    <longitude>5.692566351850417</longitude>
                    <latitude>50.83913343802307</latitude>
                    <altitude>0.0</altitude>
                    <heading>0.0</heading>
                    <tilt>0.0</tilt>
                    <range>0.0</range>
                    <altitudeMode>clampToGround</altitudeMode>
                </LookAt>
                <Style>
                    <IconStyle>
                        <scale>4.125</scale>
                        <heading>0.0</heading>
                        <Icon>
                            <href>https://services.rce.geovoorziening.nl/kml/icon/Landschapsatlas_religieuserfgoed_kerken_style?0.0.0=&amp;0.1.0=&amp;0.1.1=</href>
                        </Icon>
                    </IconStyle>
                    <LabelStyle>
                        <color>00ffffff</color>
                        <scale>0.0</scale>
                    </LabelStyle>
                </Style>
                <Point>
                    <coordinates>5.692566351850414,50.83913343802307</coordinates>
                </Point>
            </Placemark>
            <Placemark id="religieuserfgoed.2585">
                <name>St.-Lambertuskerk</name>
                <description>&lt;h4&gt;religieuserfgoed&lt;/h4&gt;

&lt;ul class="textattributes"&gt;
  &lt;li&gt;&lt;strong&gt;&lt;span class="atr-name"&gt;ogc_fid&lt;/span&gt;:&lt;/strong&gt; &lt;span class="atr-value"&gt;2585&lt;/span&gt;&lt;/li&gt;
  &lt;li&gt;&lt;strong&gt;&lt;span class="atr-name"&gt;rijksmonum&lt;/span&gt;:&lt;/strong&gt; &lt;span class="atr-value"&gt;506891&lt;/span&gt;&lt;/li&gt;
  &lt;li&gt;&lt;strong&gt;&lt;span class="atr-name"&gt;rd_x&lt;/span&gt;:&lt;/strong&gt; &lt;span class="atr-value"&gt;175404.5&lt;/span&gt;&lt;/li&gt;
  &lt;li&gt;&lt;strong&gt;&lt;span class="atr-name"&gt;rd_y&lt;/span&gt;:&lt;/strong&gt; &lt;span class="atr-value"&gt;317820.7&lt;/span&gt;&lt;/li&gt;
  &lt;li&gt;&lt;strong&gt;&lt;span class="atr-name"&gt;legenda&lt;/span&gt;:&lt;/strong&gt; &lt;span class="atr-value"&gt;Kerk&lt;/span&gt;&lt;/li&gt;
  &lt;li&gt;&lt;strong&gt;&lt;span class="atr-name"&gt;naam&lt;/span&gt;:&lt;/strong&gt; &lt;span class="atr-value"&gt;St.-Lambertuskerk&lt;/span&gt;&lt;/li&gt;
  &lt;li&gt;&lt;strong&gt;&lt;span class="atr-name"&gt;plaats&lt;/span&gt;:&lt;/strong&gt; &lt;span class="atr-value"&gt;Maastricht&lt;/span&gt;&lt;/li&gt;
  &lt;li&gt;&lt;strong&gt;&lt;span class="atr-name"&gt;foto_thumb&lt;/span&gt;:&lt;/strong&gt; &lt;span class="atr-value"&gt;https://images.memorix.nl/rce/thumb/350x350/db66ba38-6bd3-b550-03a8-b4fddd35ff6c.jpg&lt;/span&gt;&lt;/li&gt;
  &lt;li&gt;&lt;strong&gt;&lt;span class="atr-name"&gt;foto_groot&lt;/span&gt;:&lt;/strong&gt; &lt;span class="atr-value"&gt;https://images.memorix.nl/rce/thumb/fullsize/db66ba38-6bd3-b550-03a8-b4fddd35ff6c.jpg&lt;/span&gt;&lt;/li&gt;
  &lt;li&gt;&lt;strong&gt;&lt;span class="atr-name"&gt;fotograaf&lt;/span&gt;:&lt;/strong&gt; &lt;span class="atr-value"&gt;Frans Kabel (beeldbank RCE)&lt;/span&gt;&lt;/li&gt;
  &lt;li&gt;&lt;strong&gt;&lt;span class="atr-name"&gt;architect&lt;/span&gt;:&lt;/strong&gt; &lt;span class="atr-value"&gt;Groenendael, J.H.H. van&lt;/span&gt;&lt;/li&gt;
  &lt;li&gt;&lt;strong&gt;&lt;span class="atr-name"&gt;hoofd_beg&lt;/span&gt;:&lt;/strong&gt; &lt;span class="atr-value"&gt;1914-&lt;/span&gt;&lt;/li&gt;
  &lt;li&gt;&lt;strong&gt;&lt;span class="atr-name"&gt;hoofd_eind&lt;/span&gt;:&lt;/strong&gt; &lt;span class="atr-value"&gt;1916&lt;/span&gt;&lt;/li&gt;
  
  &lt;li&gt;&lt;strong&gt;&lt;span class="atr-name"&gt;voorg_eind&lt;/span&gt;:&lt;/strong&gt; &lt;span class="atr-value"&gt;0&lt;/span&gt;&lt;/li&gt;
  &lt;li&gt;&lt;strong&gt;&lt;span class="atr-name"&gt;denominat&lt;/span&gt;:&lt;/strong&gt; &lt;span class="atr-value"&gt;Rooms-Katholieke Kerk in Nederland&lt;/span&gt;&lt;/li&gt;
  &lt;li&gt;&lt;strong&gt;&lt;span class="atr-name"&gt;huidigfunc&lt;/span&gt;:&lt;/strong&gt; &lt;span class="atr-value"&gt;Cultureel en maatschappelijk&lt;/span&gt;&lt;/li&gt;
  &lt;li&gt;&lt;strong&gt;&lt;span class="atr-name"&gt;rmon_url&lt;/span&gt;:&lt;/strong&gt; &lt;span class="atr-value"&gt;https://monumentenregister.cultureelerfgoed.nl/monumenten/506891&lt;/span&gt;&lt;/li&gt;
  
&lt;/ul&gt;
</description>
                <LookAt>
                    <longitude>5.676925631829448</longitude>
                    <latitude>50.84985872220402</latitude>
                    <altitude>0.0</altitude>
                    <heading>0.0</heading>
                    <tilt>0.0</tilt>
                    <range>0.0</range>
                    <altitudeMode>clampToGround</altitudeMode>
                </LookAt>
                <Style>
                    <IconStyle>
                        <scale>4.125</scale>
                        <heading>0.0</heading>
                        <Icon>
                            <href>https://services.rce.geovoorziening.nl/kml/icon/Landschapsatlas_religieuserfgoed_kerken_style?0.0.0=&amp;0.1.0=&amp;0.1.1=</href>
                        </Icon>
                    </IconStyle>
                    <LabelStyle>
                        <color>00ffffff</color>
                        <scale>0.0</scale>
                    </LabelStyle>
                </Style>
                <Point>
                    <coordinates>5.676925631829446,50.84985872220402</coordinates>
                </Point>
            </Placemark>
            <Placemark id="religieuserfgoed.2590">
                <name>St.-Theresia van het Kind Jezuskerk</name>
                <description>&lt;h4&gt;religieuserfgoed&lt;/h4&gt;

&lt;ul class="textattributes"&gt;
  &lt;li&gt;&lt;strong&gt;&lt;span class="atr-name"&gt;ogc_fid&lt;/span&gt;:&lt;/strong&gt; &lt;span class="atr-value"&gt;2590&lt;/span&gt;&lt;/li&gt;
  &lt;li&gt;&lt;strong&gt;&lt;span class="atr-name"&gt;rijksmonum&lt;/span&gt;:&lt;/strong&gt; &lt;span class="atr-value"&gt;507156&lt;/span&gt;&lt;/li&gt;
  &lt;li&gt;&lt;strong&gt;&lt;span class="atr-name"&gt;rd_x&lt;/span&gt;:&lt;/strong&gt; &lt;span class="atr-value"&gt;190791.2&lt;/span&gt;&lt;/li&gt;
  &lt;li&gt;&lt;strong&gt;&lt;span class="atr-name"&gt;rd_y&lt;/span&gt;:&lt;/strong&gt; &lt;span class="atr-value"&gt;319489.7&lt;/span&gt;&lt;/li&gt;
  &lt;li&gt;&lt;strong&gt;&lt;span class="atr-name"&gt;legenda&lt;/span&gt;:&lt;/strong&gt; &lt;span class="atr-value"&gt;Kerk&lt;/span&gt;&lt;/li&gt;
  &lt;li&gt;&lt;strong&gt;&lt;span class="atr-name"&gt;naam&lt;/span&gt;:&lt;/strong&gt; &lt;span class="atr-value"&gt;St.-Theresia van het Kind Jezuskerk&lt;/span&gt;&lt;/li&gt;
  &lt;li&gt;&lt;strong&gt;&lt;span class="atr-name"&gt;plaats&lt;/span&gt;:&lt;/strong&gt; &lt;span class="atr-value"&gt;Ransdaal&lt;/span&gt;&lt;/li&gt;
  &lt;li&gt;&lt;strong&gt;&lt;span class="atr-name"&gt;foto_thumb&lt;/span&gt;:&lt;/strong&gt; &lt;span class="atr-value"&gt;https://images.memorix.nl/rce/thumb/350x350/aca1560d-8c47-b51d-535f-5fdbd9cebae8.jpg&lt;/span&gt;&lt;/li&gt;
  &lt;li&gt;&lt;strong&gt;&lt;span class="atr-name"&gt;foto_groot&lt;/span&gt;:&lt;/strong&gt; &lt;span class="atr-value"&gt;https://images.memorix.nl/rce/thumb/fullsize/aca1560d-8c47-b51d-535f-5fdbd9cebae8.jpg&lt;/span&gt;&lt;/li&gt;
  &lt;li&gt;&lt;strong&gt;&lt;span class="atr-name"&gt;fotograaf&lt;/span&gt;:&lt;/strong&gt; &lt;span class="atr-value"&gt;Frans Kabel (beeldbank RCE)&lt;/span&gt;&lt;/li&gt;
  &lt;li&gt;&lt;strong&gt;&lt;span class="atr-name"&gt;architect&lt;/span&gt;:&lt;/strong&gt; &lt;span class="atr-value"&gt;Peutz, F.P.J.&lt;/span&gt;&lt;/li&gt;
  &lt;li&gt;&lt;strong&gt;&lt;span class="atr-name"&gt;hoofd_beg&lt;/span&gt;:&lt;/strong&gt; &lt;span class="atr-value"&gt;1932-&lt;/span&gt;&lt;/li&gt;
  &lt;li&gt;&lt;strong&gt;&lt;span class="atr-name"&gt;hoofd_eind&lt;/span&gt;:&lt;/strong&gt; &lt;span class="atr-value"&gt;1934&lt;/span&gt;&lt;/li&gt;
  
  &lt;li&gt;&lt;strong&gt;&lt;span class="atr-name"&gt;voorg_eind&lt;/span&gt;:&lt;/strong&gt; &lt;span class="atr-value"&gt;0&lt;/span&gt;&lt;/li&gt;
  &lt;li&gt;&lt;strong&gt;&lt;span class="atr-name"&gt;denominat&lt;/span&gt;:&lt;/strong&gt; &lt;span class="atr-value"&gt;Rooms-Katholieke Kerk in Nederland&lt;/span&gt;&lt;/li&gt;
  &lt;li&gt;&lt;strong&gt;&lt;span class="atr-name"&gt;huidigfunc&lt;/span&gt;:&lt;/strong&gt; &lt;span class="atr-value"&gt;Religieus&lt;/span&gt;&lt;/li&gt;
  &lt;li&gt;&lt;strong&gt;&lt;span class="atr-name"&gt;rmon_url&lt;/span&gt;:&lt;/strong&gt; &lt;span class="atr-value"&gt;https://monumentenregister.cultureelerfgoed.nl/monumenten/507156&lt;/span&gt;&lt;/li&gt;
  
&lt;/ul&gt;
</description>
                <LookAt>
                    <longitude>5.8955620727462446</longitude>
                    <latitude>50.864106422856935</latitude>
                    <altitude>0.0</altitude>
                    <heading>0.0</heading>
                    <tilt>0.0</tilt>
                    <range>0.0</range>
                    <altitudeMode>clampToGround</altitudeMode>
                </LookAt>
                <Style>
                    <IconStyle>
                        <scale>4.125</scale>
                        <heading>0.0</heading>
                        <Icon>
                            <href>https://services.rce.geovoorziening.nl/kml/icon/Landschapsatlas_religieuserfgoed_kerken_style?0.0.0=&amp;0.1.0=&amp;0.1.1=</href>
                        </Icon>
                    </IconStyle>
                    <LabelStyle>
                        <color>00ffffff</color>
                        <scale>0.0</scale>
                    </LabelStyle>
                </Style>
                <Point>
                    <coordinates>5.895562072746247,50.86410642285694</coordinates>
                </Point>
            </Placemark>
            <Placemark id="religieuserfgoed.2591">
                <name>St.-Clemenskerk</name>
                <description>&lt;h4&gt;religieuserfgoed&lt;/h4&gt;

&lt;ul class="textattributes"&gt;
  &lt;li&gt;&lt;strong&gt;&lt;span class="atr-name"&gt;ogc_fid&lt;/span&gt;:&lt;/strong&gt; &lt;span class="atr-value"&gt;2591&lt;/span&gt;&lt;/li&gt;
  &lt;li&gt;&lt;strong&gt;&lt;span class="atr-name"&gt;rijksmonum&lt;/span&gt;:&lt;/strong&gt; &lt;span class="atr-value"&gt;507193&lt;/span&gt;&lt;/li&gt;
  &lt;li&gt;&lt;strong&gt;&lt;span class="atr-name"&gt;rd_x&lt;/span&gt;:&lt;/strong&gt; &lt;span class="atr-value"&gt;188349.3&lt;/span&gt;&lt;/li&gt;
  &lt;li&gt;&lt;strong&gt;&lt;span class="atr-name"&gt;rd_y&lt;/span&gt;:&lt;/strong&gt; &lt;span class="atr-value"&gt;322302.4&lt;/span&gt;&lt;/li&gt;
  &lt;li&gt;&lt;strong&gt;&lt;span class="atr-name"&gt;legenda&lt;/span&gt;:&lt;/strong&gt; &lt;span class="atr-value"&gt;Kerk&lt;/span&gt;&lt;/li&gt;
  &lt;li&gt;&lt;strong&gt;&lt;span class="atr-name"&gt;naam&lt;/span&gt;:&lt;/strong&gt; &lt;span class="atr-value"&gt;St.-Clemenskerk&lt;/span&gt;&lt;/li&gt;
  &lt;li&gt;&lt;strong&gt;&lt;span class="atr-name"&gt;plaats&lt;/span&gt;:&lt;/strong&gt; &lt;span class="atr-value"&gt;Hulsberg&lt;/span&gt;&lt;/li&gt;
  &lt;li&gt;&lt;strong&gt;&lt;span class="atr-name"&gt;foto_thumb&lt;/span&gt;:&lt;/strong&gt; &lt;span class="atr-value"&gt;https://images.memorix.nl/rce/thumb/350x350/7edd0cc1-dfe8-669a-98b5-080229b59557.jpg&lt;/span&gt;&lt;/li&gt;
  &lt;li&gt;&lt;strong&gt;&lt;span class="atr-name"&gt;foto_groot&lt;/span&gt;:&lt;/strong&gt; &lt;span class="atr-value"&gt;https://images.memorix.nl/rce/thumb/fullsize/7edd0cc1-dfe8-669a-98b5-080229b59557.jpg&lt;/span&gt;&lt;/li&gt;
  &lt;li&gt;&lt;strong&gt;&lt;span class="atr-name"&gt;fotograaf&lt;/span&gt;:&lt;/strong&gt; &lt;span class="atr-value"&gt;Paul van Galen (beeldbank RCE)&lt;/span&gt;&lt;/li&gt;
  &lt;li&gt;&lt;strong&gt;&lt;span class="atr-name"&gt;architect&lt;/span&gt;:&lt;/strong&gt; &lt;span class="atr-value"&gt;onbekend&lt;/span&gt;&lt;/li&gt;
  
  &lt;li&gt;&lt;strong&gt;&lt;span class="atr-name"&gt;hoofd_eind&lt;/span&gt;:&lt;/strong&gt; &lt;span class="atr-value"&gt;1820&lt;/span&gt;&lt;/li&gt;
  
  &lt;li&gt;&lt;strong&gt;&lt;span class="atr-name"&gt;voorg_eind&lt;/span&gt;:&lt;/strong&gt; &lt;span class="atr-value"&gt;0&lt;/span&gt;&lt;/li&gt;
  &lt;li&gt;&lt;strong&gt;&lt;span class="atr-name"&gt;denominat&lt;/span&gt;:&lt;/strong&gt; &lt;span class="atr-value"&gt;Rooms-Katholieke Kerk in Nederland&lt;/span&gt;&lt;/li&gt;
  &lt;li&gt;&lt;strong&gt;&lt;span class="atr-name"&gt;huidigfunc&lt;/span&gt;:&lt;/strong&gt; &lt;span class="atr-value"&gt;Religieus&lt;/span&gt;&lt;/li&gt;
  &lt;li&gt;&lt;strong&gt;&lt;span class="atr-name"&gt;rmon_url&lt;/span&gt;:&lt;/strong&gt; &lt;span class="atr-value"&gt;https://monumentenregister.cultureelerfgoed.nl/monumenten/507193&lt;/span&gt;&lt;/li&gt;
  
&lt;/ul&gt;
</description>
                <LookAt>
                    <longitude>5.861138301399038</longitude>
                    <latitude>50.88953575472119</latitude>
                    <altitude>0.0</altitude>
                    <heading>0.0</heading>
                    <tilt>0.0</tilt>
                    <range>0.0</range>
                    <altitudeMode>clampToGround</altitudeMode>
                </LookAt>
                <Style>
                    <IconStyle>
                        <scale>4.125</scale>
                        <heading>0.0</heading>
                        <Icon>
                            <href>https://services.rce.geovoorziening.nl/kml/icon/Landschapsatlas_religieuserfgoed_kerken_style?0.0.0=&amp;0.1.0=&amp;0.1.1=</href>
                        </Icon>
                    </IconStyle>
                    <LabelStyle>
                        <color>00ffffff</color>
                        <scale>0.0</scale>
                    </LabelStyle>
                </Style>
                <Point>
                    <coordinates>5.861138301399044,50.88953575472118</coordinates>
                </Point>
            </Placemark>
            <Placemark id="religieuserfgoed.2592">
                <name>St.-Remigiuskerk</name>
                <description>&lt;h4&gt;religieuserfgoed&lt;/h4&gt;

&lt;ul class="textattributes"&gt;
  &lt;li&gt;&lt;strong&gt;&lt;span class="atr-name"&gt;ogc_fid&lt;/span&gt;:&lt;/strong&gt; &lt;span class="atr-value"&gt;2592&lt;/span&gt;&lt;/li&gt;
  &lt;li&gt;&lt;strong&gt;&lt;span class="atr-name"&gt;rijksmonum&lt;/span&gt;:&lt;/strong&gt; &lt;span class="atr-value"&gt;507199&lt;/span&gt;&lt;/li&gt;
  &lt;li&gt;&lt;strong&gt;&lt;span class="atr-name"&gt;rd_x&lt;/span&gt;:&lt;/strong&gt; &lt;span class="atr-value"&gt;185910.6&lt;/span&gt;&lt;/li&gt;
  &lt;li&gt;&lt;strong&gt;&lt;span class="atr-name"&gt;rd_y&lt;/span&gt;:&lt;/strong&gt; &lt;span class="atr-value"&gt;324192.5&lt;/span&gt;&lt;/li&gt;
  &lt;li&gt;&lt;strong&gt;&lt;span class="atr-name"&gt;legenda&lt;/span&gt;:&lt;/strong&gt; &lt;span class="atr-value"&gt;Kerk&lt;/span&gt;&lt;/li&gt;
  &lt;li&gt;&lt;strong&gt;&lt;span class="atr-name"&gt;naam&lt;/span&gt;:&lt;/strong&gt; &lt;span class="atr-value"&gt;St.-Remigiuskerk&lt;/span&gt;&lt;/li&gt;
  &lt;li&gt;&lt;strong&gt;&lt;span class="atr-name"&gt;plaats&lt;/span&gt;:&lt;/strong&gt; &lt;span class="atr-value"&gt;Schimmert&lt;/span&gt;&lt;/li&gt;
  &lt;li&gt;&lt;strong&gt;&lt;span class="atr-name"&gt;foto_thumb&lt;/span&gt;:&lt;/strong&gt; &lt;span class="atr-value"&gt;https://images.memorix.nl/rce/thumb/350x350/c048c054-ba1d-3072-5827-f3e03fcbda2e.jpg&lt;/span&gt;&lt;/li&gt;
  &lt;li&gt;&lt;strong&gt;&lt;span class="atr-name"&gt;foto_groot&lt;/span&gt;:&lt;/strong&gt; &lt;span class="atr-value"&gt;https://images.memorix.nl/rce/thumb/fullsize/c048c054-ba1d-3072-5827-f3e03fcbda2e.jpg&lt;/span&gt;&lt;/li&gt;
  &lt;li&gt;&lt;strong&gt;&lt;span class="atr-name"&gt;fotograaf&lt;/span&gt;:&lt;/strong&gt; &lt;span class="atr-value"&gt;Dennis Nijhuis (beeldbank RCE)&lt;/span&gt;&lt;/li&gt;
  &lt;li&gt;&lt;strong&gt;&lt;span class="atr-name"&gt;architect&lt;/span&gt;:&lt;/strong&gt; &lt;span class="atr-value"&gt;Cuypers, J.Th.J. &amp; P.J.J.M.&lt;/span&gt;&lt;/li&gt;
  &lt;li&gt;&lt;strong&gt;&lt;span class="atr-name"&gt;hoofd_beg&lt;/span&gt;:&lt;/strong&gt; &lt;span class="atr-value"&gt;1924-&lt;/span&gt;&lt;/li&gt;
  &lt;li&gt;&lt;strong&gt;&lt;span class="atr-name"&gt;hoofd_eind&lt;/span&gt;:&lt;/strong&gt; &lt;span class="atr-value"&gt;1926&lt;/span&gt;&lt;/li&gt;
  
  &lt;li&gt;&lt;strong&gt;&lt;span class="atr-name"&gt;voorg_eind&lt;/span&gt;:&lt;/strong&gt; &lt;span class="atr-value"&gt;1832&lt;/span&gt;&lt;/li&gt;
  &lt;li&gt;&lt;strong&gt;&lt;span class="atr-name"&gt;denominat&lt;/span&gt;:&lt;/strong&gt; &lt;span class="atr-value"&gt;Rooms-Katholieke Kerk in Nederland&lt;/span&gt;&lt;/li&gt;
  &lt;li&gt;&lt;strong&gt;&lt;span class="atr-name"&gt;huidigfunc&lt;/span&gt;:&lt;/strong&gt; &lt;span class="atr-value"&gt;Religieus&lt;/span&gt;&lt;/li&gt;
  &lt;li&gt;&lt;strong&gt;&lt;span class="atr-name"&gt;rmon_url&lt;/span&gt;:&lt;/strong&gt; &lt;span class="atr-value"&gt;https://monumentenregister.cultureelerfgoed.nl/monumenten/507199&lt;/span&gt;&lt;/li&gt;
  
&lt;/ul&gt;
</description>
                <LookAt>
                    <longitude>5.826643393653683</longitude>
                    <latitude>50.90666186739682</latitude>
                    <altitude>0.0</altitude>
                    <heading>0.0</heading>
                    <tilt>0.0</tilt>
                    <range>0.0</range>
                    <altitudeMode>clampToGround</altitudeMode>
                </LookAt>
                <Style>
                    <IconStyle>
                        <scale>4.125</scale>
                        <heading>0.0</heading>
                        <Icon>
                            <href>https://services.rce.geovoorziening.nl/kml/icon/Landschapsatlas_religieuserfgoed_kerken_style?0.0.0=&amp;0.1.0=&amp;0.1.1=</href>
                        </Icon>
                    </IconStyle>
                    <LabelStyle>
                        <color>00ffffff</color>
                        <scale>0.0</scale>
                    </LabelStyle>
                </Style>
                <Point>
                    <coordinates>5.826643393653687,50.90666186739683</coordinates>
                </Point>
            </Placemark>
            <Placemark id="religieuserfgoed.2593">
                <name>St.-Servatiuskerk</name>
                <description>&lt;h4&gt;religieuserfgoed&lt;/h4&gt;

&lt;ul class="textattributes"&gt;
  &lt;li&gt;&lt;strong&gt;&lt;span class="atr-name"&gt;ogc_fid&lt;/span&gt;:&lt;/strong&gt; &lt;span class="atr-value"&gt;2593&lt;/span&gt;&lt;/li&gt;
  &lt;li&gt;&lt;strong&gt;&lt;span class="atr-name"&gt;rijksmonum&lt;/span&gt;:&lt;/strong&gt; &lt;span class="atr-value"&gt;507202&lt;/span&gt;&lt;/li&gt;
  &lt;li&gt;&lt;strong&gt;&lt;span class="atr-name"&gt;rd_x&lt;/span&gt;:&lt;/strong&gt; &lt;span class="atr-value"&gt;191221.9&lt;/span&gt;&lt;/li&gt;
  &lt;li&gt;&lt;strong&gt;&lt;span class="atr-name"&gt;rd_y&lt;/span&gt;:&lt;/strong&gt; &lt;span class="atr-value"&gt;326762.8&lt;/span&gt;&lt;/li&gt;
  &lt;li&gt;&lt;strong&gt;&lt;span class="atr-name"&gt;legenda&lt;/span&gt;:&lt;/strong&gt; &lt;span class="atr-value"&gt;Kerk&lt;/span&gt;&lt;/li&gt;
  &lt;li&gt;&lt;strong&gt;&lt;span class="atr-name"&gt;naam&lt;/span&gt;:&lt;/strong&gt; &lt;span class="atr-value"&gt;St.-Servatiuskerk&lt;/span&gt;&lt;/li&gt;
  &lt;li&gt;&lt;strong&gt;&lt;span class="atr-name"&gt;plaats&lt;/span&gt;:&lt;/strong&gt; &lt;span class="atr-value"&gt;Vaesrade&lt;/span&gt;&lt;/li&gt;
  &lt;li&gt;&lt;strong&gt;&lt;span class="atr-name"&gt;foto_thumb&lt;/span&gt;:&lt;/strong&gt; &lt;span class="atr-value"&gt;https://upload.wikimedia.org/wikipedia/commons/b/bf/Vaesrade-Kerk_%284%29.JPG&lt;/span&gt;&lt;/li&gt;
  &lt;li&gt;&lt;strong&gt;&lt;span class="atr-name"&gt;foto_groot&lt;/span&gt;:&lt;/strong&gt; &lt;span class="atr-value"&gt;https://upload.wikimedia.org/wikipedia/commons/b/bf/Vaesrade-Kerk_%284%29.JPG&lt;/span&gt;&lt;/li&gt;
  &lt;li&gt;&lt;strong&gt;&lt;span class="atr-name"&gt;fotograaf&lt;/span&gt;:&lt;/strong&gt; &lt;span class="atr-value"&gt;Romaine via Wikimedia Commons&lt;/span&gt;&lt;/li&gt;
  &lt;li&gt;&lt;strong&gt;&lt;span class="atr-name"&gt;architect&lt;/span&gt;:&lt;/strong&gt; &lt;span class="atr-value"&gt;Ramakers, Nic.&lt;/span&gt;&lt;/li&gt;
  &lt;li&gt;&lt;strong&gt;&lt;span class="atr-name"&gt;hoofd_beg&lt;/span&gt;:&lt;/strong&gt; &lt;span class="atr-value"&gt;1929-&lt;/span&gt;&lt;/li&gt;
  &lt;li&gt;&lt;strong&gt;&lt;span class="atr-name"&gt;hoofd_eind&lt;/span&gt;:&lt;/strong&gt; &lt;span class="atr-value"&gt;1930&lt;/span&gt;&lt;/li&gt;
  
  &lt;li&gt;&lt;strong&gt;&lt;span class="atr-name"&gt;voorg_eind&lt;/span&gt;:&lt;/strong&gt; &lt;span class="atr-value"&gt;0&lt;/span&gt;&lt;/li&gt;
  &lt;li&gt;&lt;strong&gt;&lt;span class="atr-name"&gt;denominat&lt;/span&gt;:&lt;/strong&gt; &lt;span class="atr-value"&gt;Rooms-Katholieke Kerk in Nederland&lt;/span&gt;&lt;/li&gt;
  &lt;li&gt;&lt;strong&gt;&lt;span class="atr-name"&gt;huidigfunc&lt;/span&gt;:&lt;/strong&gt; &lt;span class="atr-value"&gt;Religieus&lt;/span&gt;&lt;/li&gt;
  &lt;li&gt;&lt;strong&gt;&lt;span class="atr-name"&gt;rmon_url&lt;/span&gt;:&lt;/strong&gt; &lt;span class="atr-value"&gt;https://monumentenregister.cultureelerfgoed.nl/monumenten/507202&lt;/span&gt;&lt;/li&gt;
  
&lt;/ul&gt;
</description>
                <LookAt>
                    <longitude>5.902406830807266</longitude>
                    <latitude>50.92945354378548</latitude>
                    <altitude>0.0</altitude>
                    <heading>0.0</heading>
                    <tilt>0.0</tilt>
                    <range>0.0</range>
                    <altitudeMode>clampToGround</altitudeMode>
                </LookAt>
                <Style>
                    <IconStyle>
                        <scale>4.125</scale>
                        <heading>0.0</heading>
                        <Icon>
                            <href>https://services.rce.geovoorziening.nl/kml/icon/Landschapsatlas_religieuserfgoed_kerken_style?0.0.0=&amp;0.1.0=&amp;0.1.1=</href>
                        </Icon>
                    </IconStyle>
                    <LabelStyle>
                        <color>00ffffff</color>
                        <scale>0.0</scale>
                    </LabelStyle>
                </Style>
                <Point>
                    <coordinates>5.902406830807262,50.92945354378548</coordinates>
                </Point>
            </Placemark>
            <Placemark id="religieuserfgoed.2594">
                <name>H. Hart van Jezuskerk</name>
                <description>&lt;h4&gt;religieuserfgoed&lt;/h4&gt;

&lt;ul class="textattributes"&gt;
  &lt;li&gt;&lt;strong&gt;&lt;span class="atr-name"&gt;ogc_fid&lt;/span&gt;:&lt;/strong&gt; &lt;span class="atr-value"&gt;2594&lt;/span&gt;&lt;/li&gt;
  &lt;li&gt;&lt;strong&gt;&lt;span class="atr-name"&gt;rijksmonum&lt;/span&gt;:&lt;/strong&gt; &lt;span class="atr-value"&gt;507212&lt;/span&gt;&lt;/li&gt;
  &lt;li&gt;&lt;strong&gt;&lt;span class="atr-name"&gt;rd_x&lt;/span&gt;:&lt;/strong&gt; &lt;span class="atr-value"&gt;179754.2&lt;/span&gt;&lt;/li&gt;
  &lt;li&gt;&lt;strong&gt;&lt;span class="atr-name"&gt;rd_y&lt;/span&gt;:&lt;/strong&gt; &lt;span class="atr-value"&gt;321108.9&lt;/span&gt;&lt;/li&gt;
  &lt;li&gt;&lt;strong&gt;&lt;span class="atr-name"&gt;legenda&lt;/span&gt;:&lt;/strong&gt; &lt;span class="atr-value"&gt;Kerk&lt;/span&gt;&lt;/li&gt;
  &lt;li&gt;&lt;strong&gt;&lt;span class="atr-name"&gt;naam&lt;/span&gt;:&lt;/strong&gt; &lt;span class="atr-value"&gt;H. Hart van Jezuskerk&lt;/span&gt;&lt;/li&gt;
  &lt;li&gt;&lt;strong&gt;&lt;span class="atr-name"&gt;plaats&lt;/span&gt;:&lt;/strong&gt; &lt;span class="atr-value"&gt;Rothem&lt;/span&gt;&lt;/li&gt;
  &lt;li&gt;&lt;strong&gt;&lt;span class="atr-name"&gt;foto_thumb&lt;/span&gt;:&lt;/strong&gt; &lt;span class="atr-value"&gt;https://upload.wikimedia.org/wikipedia/commons/9/91/Heilig_Hart_van_Jezus_kerk.jpg&lt;/span&gt;&lt;/li&gt;
  &lt;li&gt;&lt;strong&gt;&lt;span class="atr-name"&gt;foto_groot&lt;/span&gt;:&lt;/strong&gt; &lt;span class="atr-value"&gt;https://upload.wikimedia.org/wikipedia/commons/9/91/Heilig_Hart_van_Jezus_kerk.jpg&lt;/span&gt;&lt;/li&gt;
  &lt;li&gt;&lt;strong&gt;&lt;span class="atr-name"&gt;fotograaf&lt;/span&gt;:&lt;/strong&gt; &lt;span class="atr-value"&gt;Cumulus via Wikimedia Commons&lt;/span&gt;&lt;/li&gt;
  &lt;li&gt;&lt;strong&gt;&lt;span class="atr-name"&gt;architect&lt;/span&gt;:&lt;/strong&gt; &lt;span class="atr-value"&gt;Wielders, J.J.&lt;/span&gt;&lt;/li&gt;
  &lt;li&gt;&lt;strong&gt;&lt;span class="atr-name"&gt;hoofd_beg&lt;/span&gt;:&lt;/strong&gt; &lt;span class="atr-value"&gt;1928-&lt;/span&gt;&lt;/li&gt;
  &lt;li&gt;&lt;strong&gt;&lt;span class="atr-name"&gt;hoofd_eind&lt;/span&gt;:&lt;/strong&gt; &lt;span class="atr-value"&gt;1929&lt;/span&gt;&lt;/li&gt;
  
  &lt;li&gt;&lt;strong&gt;&lt;span class="atr-name"&gt;voorg_eind&lt;/span&gt;:&lt;/strong&gt; &lt;span class="atr-value"&gt;0&lt;/span&gt;&lt;/li&gt;
  &lt;li&gt;&lt;strong&gt;&lt;span class="atr-name"&gt;denominat&lt;/span&gt;:&lt;/strong&gt; &lt;span class="atr-value"&gt;Rooms-Katholieke Kerk in Nederland&lt;/span&gt;&lt;/li&gt;
  &lt;li&gt;&lt;strong&gt;&lt;span class="atr-name"&gt;huidigfunc&lt;/span&gt;:&lt;/strong&gt; &lt;span class="atr-value"&gt;Religieus&lt;/span&gt;&lt;/li&gt;
  &lt;li&gt;&lt;strong&gt;&lt;span class="atr-name"&gt;rmon_url&lt;/span&gt;:&lt;/strong&gt; &lt;span class="atr-value"&gt;https://monumentenregister.cultureelerfgoed.nl/monumenten/507212&lt;/span&gt;&lt;/li&gt;
  
&lt;/ul&gt;
</description>
                <LookAt>
                    <longitude>5.738911158631382</longitude>
                    <latitude>50.87924384049181</latitude>
                    <altitude>0.0</altitude>
                    <heading>0.0</heading>
                    <tilt>0.0</tilt>
                    <range>0.0</range>
                    <altitudeMode>clampToGround</altitudeMode>
                </LookAt>
                <Style>
                    <IconStyle>
                        <scale>4.125</scale>
                        <heading>0.0</heading>
                        <Icon>
                            <href>https://services.rce.geovoorziening.nl/kml/icon/Landschapsatlas_religieuserfgoed_kerken_style?0.0.0=&amp;0.1.0=&amp;0.1.1=</href>
                        </Icon>
                    </IconStyle>
                    <LabelStyle>
                        <color>00ffffff</color>
                        <scale>0.0</scale>
                    </LabelStyle>
                </Style>
                <Point>
                    <coordinates>5.738911158631378,50.87924384049181</coordinates>
                </Point>
            </Placemark>
            <Placemark id="religieuserfgoed.2597">
                <name>St.-Catharinakerk</name>
                <description>&lt;h4&gt;religieuserfgoed&lt;/h4&gt;

&lt;ul class="textattributes"&gt;
  &lt;li&gt;&lt;strong&gt;&lt;span class="atr-name"&gt;ogc_fid&lt;/span&gt;:&lt;/strong&gt; &lt;span class="atr-value"&gt;2597&lt;/span&gt;&lt;/li&gt;
  &lt;li&gt;&lt;strong&gt;&lt;span class="atr-name"&gt;rijksmonum&lt;/span&gt;:&lt;/strong&gt; &lt;span class="atr-value"&gt;507230&lt;/span&gt;&lt;/li&gt;
  &lt;li&gt;&lt;strong&gt;&lt;span class="atr-name"&gt;rd_x&lt;/span&gt;:&lt;/strong&gt; &lt;span class="atr-value"&gt;182930.8&lt;/span&gt;&lt;/li&gt;
  &lt;li&gt;&lt;strong&gt;&lt;span class="atr-name"&gt;rd_y&lt;/span&gt;:&lt;/strong&gt; &lt;span class="atr-value"&gt;324122.5&lt;/span&gt;&lt;/li&gt;
  &lt;li&gt;&lt;strong&gt;&lt;span class="atr-name"&gt;legenda&lt;/span&gt;:&lt;/strong&gt; &lt;span class="atr-value"&gt;Kerk&lt;/span&gt;&lt;/li&gt;
  &lt;li&gt;&lt;strong&gt;&lt;span class="atr-name"&gt;naam&lt;/span&gt;:&lt;/strong&gt; &lt;span class="atr-value"&gt;St.-Catharinakerk&lt;/span&gt;&lt;/li&gt;
  &lt;li&gt;&lt;strong&gt;&lt;span class="atr-name"&gt;plaats&lt;/span&gt;:&lt;/strong&gt; &lt;span class="atr-value"&gt;Ulestraten&lt;/span&gt;&lt;/li&gt;
  &lt;li&gt;&lt;strong&gt;&lt;span class="atr-name"&gt;foto_thumb&lt;/span&gt;:&lt;/strong&gt; &lt;span class="atr-value"&gt;https://images.memorix.nl/rce/thumb/350x350/ed8a6f40-b28c-0f96-5b29-a25b2f75defd.jpg&lt;/span&gt;&lt;/li&gt;
  &lt;li&gt;&lt;strong&gt;&lt;span class="atr-name"&gt;foto_groot&lt;/span&gt;:&lt;/strong&gt; &lt;span class="atr-value"&gt;https://images.memorix.nl/rce/thumb/fullsize/ed8a6f40-b28c-0f96-5b29-a25b2f75defd.jpg&lt;/span&gt;&lt;/li&gt;
  &lt;li&gt;&lt;strong&gt;&lt;span class="atr-name"&gt;fotograaf&lt;/span&gt;:&lt;/strong&gt; &lt;span class="atr-value"&gt;Janneke Hille (beeldbank RCE)&lt;/span&gt;&lt;/li&gt;
  &lt;li&gt;&lt;strong&gt;&lt;span class="atr-name"&gt;architect&lt;/span&gt;:&lt;/strong&gt; &lt;span class="atr-value"&gt;Franssen, C.J.H.&lt;/span&gt;&lt;/li&gt;
  &lt;li&gt;&lt;strong&gt;&lt;span class="atr-name"&gt;hoofd_beg&lt;/span&gt;:&lt;/strong&gt; &lt;span class="atr-value"&gt;1904-&lt;/span&gt;&lt;/li&gt;
  &lt;li&gt;&lt;strong&gt;&lt;span class="atr-name"&gt;hoofd_eind&lt;/span&gt;:&lt;/strong&gt; &lt;span class="atr-value"&gt;1906&lt;/span&gt;&lt;/li&gt;
  &lt;li&gt;&lt;strong&gt;&lt;span class="atr-name"&gt;voorg_beg&lt;/span&gt;:&lt;/strong&gt; &lt;span class="atr-value"&gt;1805-&lt;/span&gt;&lt;/li&gt;
  &lt;li&gt;&lt;strong&gt;&lt;span class="atr-name"&gt;voorg_eind&lt;/span&gt;:&lt;/strong&gt; &lt;span class="atr-value"&gt;1806&lt;/span&gt;&lt;/li&gt;
  &lt;li&gt;&lt;strong&gt;&lt;span class="atr-name"&gt;denominat&lt;/span&gt;:&lt;/strong&gt; &lt;span class="atr-value"&gt;Rooms-Katholieke Kerk in Nederland&lt;/span&gt;&lt;/li&gt;
  &lt;li&gt;&lt;strong&gt;&lt;span class="atr-name"&gt;huidigfunc&lt;/span&gt;:&lt;/strong&gt; &lt;span class="atr-value"&gt;Religieus&lt;/span&gt;&lt;/li&gt;
  &lt;li&gt;&lt;strong&gt;&lt;span class="atr-name"&gt;rmon_url&lt;/span&gt;:&lt;/strong&gt; &lt;span class="atr-value"&gt;https://monumentenregister.cultureelerfgoed.nl/monumenten/507230&lt;/span&gt;&lt;/li&gt;
  
&lt;/ul&gt;
</description>
                <LookAt>
                    <longitude>5.784276317729024</longitude>
                    <latitude>50.90618582371243</latitude>
                    <altitude>0.0</altitude>
                    <heading>0.0</heading>
                    <tilt>0.0</tilt>
                    <range>0.0</range>
                    <altitudeMode>clampToGround</altitudeMode>
                </LookAt>
                <Style>
                    <IconStyle>
                        <scale>4.125</scale>
                        <heading>0.0</heading>
                        <Icon>
                            <href>https://services.rce.geovoorziening.nl/kml/icon/Landschapsatlas_religieuserfgoed_kerken_style?0.0.0=&amp;0.1.0=&amp;0.1.1=</href>
                        </Icon>
                    </IconStyle>
                    <LabelStyle>
                        <color>00ffffff</color>
                        <scale>0.0</scale>
                    </LabelStyle>
                </Style>
                <Point>
                    <coordinates>5.784276317729014,50.906185823712434</coordinates>
                </Point>
            </Placemark>
            <Placemark id="religieuserfgoed.2598">
                <name>H.H. Monulphus en Gondulphus kerk</name>
                <description>&lt;h4&gt;religieuserfgoed&lt;/h4&gt;

&lt;ul class="textattributes"&gt;
  &lt;li&gt;&lt;strong&gt;&lt;span class="atr-name"&gt;ogc_fid&lt;/span&gt;:&lt;/strong&gt; &lt;span class="atr-value"&gt;2598&lt;/span&gt;&lt;/li&gt;
  &lt;li&gt;&lt;strong&gt;&lt;span class="atr-name"&gt;rijksmonum&lt;/span&gt;:&lt;/strong&gt; &lt;span class="atr-value"&gt;507242&lt;/span&gt;&lt;/li&gt;
  &lt;li&gt;&lt;strong&gt;&lt;span class="atr-name"&gt;rd_x&lt;/span&gt;:&lt;/strong&gt; &lt;span class="atr-value"&gt;182950.4&lt;/span&gt;&lt;/li&gt;
  &lt;li&gt;&lt;strong&gt;&lt;span class="atr-name"&gt;rd_y&lt;/span&gt;:&lt;/strong&gt; &lt;span class="atr-value"&gt;319064.4&lt;/span&gt;&lt;/li&gt;
  &lt;li&gt;&lt;strong&gt;&lt;span class="atr-name"&gt;legenda&lt;/span&gt;:&lt;/strong&gt; &lt;span class="atr-value"&gt;Kerk&lt;/span&gt;&lt;/li&gt;
  &lt;li&gt;&lt;strong&gt;&lt;span class="atr-name"&gt;naam&lt;/span&gt;:&lt;/strong&gt; &lt;span class="atr-value"&gt;H.H. Monulphus en Gondulphus kerk&lt;/span&gt;&lt;/li&gt;
  &lt;li&gt;&lt;strong&gt;&lt;span class="atr-name"&gt;plaats&lt;/span&gt;:&lt;/strong&gt; &lt;span class="atr-value"&gt;Berg en Terblijt&lt;/span&gt;&lt;/li&gt;
  &lt;li&gt;&lt;strong&gt;&lt;span class="atr-name"&gt;foto_thumb&lt;/span&gt;:&lt;/strong&gt; &lt;span class="atr-value"&gt;https://images.memorix.nl/rce/thumb/350x350/aab3e425-3462-e792-5400-f46a070a9937.jpg&lt;/span&gt;&lt;/li&gt;
  &lt;li&gt;&lt;strong&gt;&lt;span class="atr-name"&gt;foto_groot&lt;/span&gt;:&lt;/strong&gt; &lt;span class="atr-value"&gt;https://images.memorix.nl/rce/thumb/fullsize/aab3e425-3462-e792-5400-f46a070a9937.jpg&lt;/span&gt;&lt;/li&gt;
  &lt;li&gt;&lt;strong&gt;&lt;span class="atr-name"&gt;fotograaf&lt;/span&gt;:&lt;/strong&gt; &lt;span class="atr-value"&gt;Frans Kabel (beeldbank RCE)&lt;/span&gt;&lt;/li&gt;
  &lt;li&gt;&lt;strong&gt;&lt;span class="atr-name"&gt;architect&lt;/span&gt;:&lt;/strong&gt; &lt;span class="atr-value"&gt;Peutz, F.P.J. &amp; W. Sprenger&lt;/span&gt;&lt;/li&gt;
  &lt;li&gt;&lt;strong&gt;&lt;span class="atr-name"&gt;hoofd_beg&lt;/span&gt;:&lt;/strong&gt; &lt;span class="atr-value"&gt;1931-&lt;/span&gt;&lt;/li&gt;
  &lt;li&gt;&lt;strong&gt;&lt;span class="atr-name"&gt;hoofd_eind&lt;/span&gt;:&lt;/strong&gt; &lt;span class="atr-value"&gt;1933&lt;/span&gt;&lt;/li&gt;
  
  &lt;li&gt;&lt;strong&gt;&lt;span class="atr-name"&gt;voorg_eind&lt;/span&gt;:&lt;/strong&gt; &lt;span class="atr-value"&gt;1770&lt;/span&gt;&lt;/li&gt;
  &lt;li&gt;&lt;strong&gt;&lt;span class="atr-name"&gt;denominat&lt;/span&gt;:&lt;/strong&gt; &lt;span class="atr-value"&gt;Rooms-Katholieke Kerk in Nederland&lt;/span&gt;&lt;/li&gt;
  &lt;li&gt;&lt;strong&gt;&lt;span class="atr-name"&gt;huidigfunc&lt;/span&gt;:&lt;/strong&gt; &lt;span class="atr-value"&gt;Religieus&lt;/span&gt;&lt;/li&gt;
  &lt;li&gt;&lt;strong&gt;&lt;span class="atr-name"&gt;rmon_url&lt;/span&gt;:&lt;/strong&gt; &lt;span class="atr-value"&gt;https://monumentenregister.cultureelerfgoed.nl/monumenten/507242&lt;/span&gt;&lt;/li&gt;
  
&lt;/ul&gt;
</description>
                <LookAt>
                    <longitude>5.784164764851127</longitude>
                    <latitude>50.86071960251065</latitude>
                    <altitude>0.0</altitude>
                    <heading>0.0</heading>
                    <tilt>0.0</tilt>
                    <range>0.0</range>
                    <altitudeMode>clampToGround</altitudeMode>
                </LookAt>
                <Style>
                    <IconStyle>
                        <scale>4.125</scale>
                        <heading>0.0</heading>
                        <Icon>
                            <href>https://services.rce.geovoorziening.nl/kml/icon/Landschapsatlas_religieuserfgoed_kerken_style?0.0.0=&amp;0.1.0=&amp;0.1.1=</href>
                        </Icon>
                    </IconStyle>
                    <LabelStyle>
                        <color>00ffffff</color>
                        <scale>0.0</scale>
                    </LabelStyle>
                </Style>
                <Point>
                    <coordinates>5.784164764851128,50.86071960251065</coordinates>
                </Point>
            </Placemark>
            <Placemark id="religieuserfgoed.2599">
                <name>St.-Josephkerk</name>
                <description>&lt;h4&gt;religieuserfgoed&lt;/h4&gt;

&lt;ul class="textattributes"&gt;
  &lt;li&gt;&lt;strong&gt;&lt;span class="atr-name"&gt;ogc_fid&lt;/span&gt;:&lt;/strong&gt; &lt;span class="atr-value"&gt;2599&lt;/span&gt;&lt;/li&gt;
  &lt;li&gt;&lt;strong&gt;&lt;span class="atr-name"&gt;rijksmonum&lt;/span&gt;:&lt;/strong&gt; &lt;span class="atr-value"&gt;507259&lt;/span&gt;&lt;/li&gt;
  &lt;li&gt;&lt;strong&gt;&lt;span class="atr-name"&gt;rd_x&lt;/span&gt;:&lt;/strong&gt; &lt;span class="atr-value"&gt;185777.5&lt;/span&gt;&lt;/li&gt;
  &lt;li&gt;&lt;strong&gt;&lt;span class="atr-name"&gt;rd_y&lt;/span&gt;:&lt;/strong&gt; &lt;span class="atr-value"&gt;320157.3&lt;/span&gt;&lt;/li&gt;
  &lt;li&gt;&lt;strong&gt;&lt;span class="atr-name"&gt;legenda&lt;/span&gt;:&lt;/strong&gt; &lt;span class="atr-value"&gt;Kerk&lt;/span&gt;&lt;/li&gt;
  &lt;li&gt;&lt;strong&gt;&lt;span class="atr-name"&gt;naam&lt;/span&gt;:&lt;/strong&gt; &lt;span class="atr-value"&gt;St.-Josephkerk&lt;/span&gt;&lt;/li&gt;
  &lt;li&gt;&lt;strong&gt;&lt;span class="atr-name"&gt;plaats&lt;/span&gt;:&lt;/strong&gt; &lt;span class="atr-value"&gt;Valkenburg (L)&lt;/span&gt;&lt;/li&gt;
  &lt;li&gt;&lt;strong&gt;&lt;span class="atr-name"&gt;foto_thumb&lt;/span&gt;:&lt;/strong&gt; &lt;span class="atr-value"&gt;https://images.memorix.nl/rce/thumb/350x350/f2f9eed3-77ab-d3ad-3408-c58dc65b73bf.jpg&lt;/span&gt;&lt;/li&gt;
  &lt;li&gt;&lt;strong&gt;&lt;span class="atr-name"&gt;foto_groot&lt;/span&gt;:&lt;/strong&gt; &lt;span class="atr-value"&gt;https://images.memorix.nl/rce/thumb/fullsize/f2f9eed3-77ab-d3ad-3408-c58dc65b73bf.jpg&lt;/span&gt;&lt;/li&gt;
  &lt;li&gt;&lt;strong&gt;&lt;span class="atr-name"&gt;fotograaf&lt;/span&gt;:&lt;/strong&gt; &lt;span class="atr-value"&gt;Frans Kabel (beeldbank RCE)&lt;/span&gt;&lt;/li&gt;
  &lt;li&gt;&lt;strong&gt;&lt;span class="atr-name"&gt;architect&lt;/span&gt;:&lt;/strong&gt; &lt;span class="atr-value"&gt;Boosten, A.J.N.&lt;/span&gt;&lt;/li&gt;
  
  &lt;li&gt;&lt;strong&gt;&lt;span class="atr-name"&gt;hoofd_eind&lt;/span&gt;:&lt;/strong&gt; &lt;span class="atr-value"&gt;1930&lt;/span&gt;&lt;/li&gt;
  
  &lt;li&gt;&lt;strong&gt;&lt;span class="atr-name"&gt;voorg_eind&lt;/span&gt;:&lt;/strong&gt; &lt;span class="atr-value"&gt;0&lt;/span&gt;&lt;/li&gt;
  &lt;li&gt;&lt;strong&gt;&lt;span class="atr-name"&gt;denominat&lt;/span&gt;:&lt;/strong&gt; &lt;span class="atr-value"&gt;Rooms-Katholieke Kerk in Nederland&lt;/span&gt;&lt;/li&gt;
  &lt;li&gt;&lt;strong&gt;&lt;span class="atr-name"&gt;huidigfunc&lt;/span&gt;:&lt;/strong&gt; &lt;span class="atr-value"&gt;Religieus&lt;/span&gt;&lt;/li&gt;
  &lt;li&gt;&lt;strong&gt;&lt;span class="atr-name"&gt;rmon_url&lt;/span&gt;:&lt;/strong&gt; &lt;span class="atr-value"&gt;https://monumentenregister.cultureelerfgoed.nl/monumenten/507259&lt;/span&gt;&lt;/li&gt;
  
&lt;/ul&gt;
</description>
                <LookAt>
                    <longitude>5.824408373385211</longitude>
                    <latitude>50.87039836501859</latitude>
                    <altitude>0.0</altitude>
                    <heading>0.0</heading>
                    <tilt>0.0</tilt>
                    <range>0.0</range>
                    <altitudeMode>clampToGround</altitudeMode>
                </LookAt>
                <Style>
                    <IconStyle>
                        <scale>4.125</scale>
                        <heading>0.0</heading>
                        <Icon>
                            <href>https://services.rce.geovoorziening.nl/kml/icon/Landschapsatlas_religieuserfgoed_kerken_style?0.0.0=&amp;0.1.0=&amp;0.1.1=</href>
                        </Icon>
                    </IconStyle>
                    <LabelStyle>
                        <color>00ffffff</color>
                        <scale>0.0</scale>
                    </LabelStyle>
                </Style>
                <Point>
                    <coordinates>5.824408373385214,50.87039836501859</coordinates>
                </Point>
            </Placemark>
            <Placemark id="religieuserfgoed.2600">
                <name>Irenekerk</name>
                <description>&lt;h4&gt;religieuserfgoed&lt;/h4&gt;

&lt;ul class="textattributes"&gt;
  &lt;li&gt;&lt;strong&gt;&lt;span class="atr-name"&gt;ogc_fid&lt;/span&gt;:&lt;/strong&gt; &lt;span class="atr-value"&gt;2600&lt;/span&gt;&lt;/li&gt;
  &lt;li&gt;&lt;strong&gt;&lt;span class="atr-name"&gt;rijksmonum&lt;/span&gt;:&lt;/strong&gt; &lt;span class="atr-value"&gt;507267&lt;/span&gt;&lt;/li&gt;
  &lt;li&gt;&lt;strong&gt;&lt;span class="atr-name"&gt;rd_x&lt;/span&gt;:&lt;/strong&gt; &lt;span class="atr-value"&gt;186021.1&lt;/span&gt;&lt;/li&gt;
  &lt;li&gt;&lt;strong&gt;&lt;span class="atr-name"&gt;rd_y&lt;/span&gt;:&lt;/strong&gt; &lt;span class="atr-value"&gt;319435.2&lt;/span&gt;&lt;/li&gt;
  &lt;li&gt;&lt;strong&gt;&lt;span class="atr-name"&gt;legenda&lt;/span&gt;:&lt;/strong&gt; &lt;span class="atr-value"&gt;Kerk&lt;/span&gt;&lt;/li&gt;
  &lt;li&gt;&lt;strong&gt;&lt;span class="atr-name"&gt;naam&lt;/span&gt;:&lt;/strong&gt; &lt;span class="atr-value"&gt;Irenekerk&lt;/span&gt;&lt;/li&gt;
  &lt;li&gt;&lt;strong&gt;&lt;span class="atr-name"&gt;plaats&lt;/span&gt;:&lt;/strong&gt; &lt;span class="atr-value"&gt;Valkenburg (L)&lt;/span&gt;&lt;/li&gt;
  &lt;li&gt;&lt;strong&gt;&lt;span class="atr-name"&gt;foto_thumb&lt;/span&gt;:&lt;/strong&gt; &lt;span class="atr-value"&gt;https://images.memorix.nl/rce/thumb/350x350/4f51225b-74d0-38f5-23c1-79f18833b0c2.jpg&lt;/span&gt;&lt;/li&gt;
  &lt;li&gt;&lt;strong&gt;&lt;span class="atr-name"&gt;foto_groot&lt;/span&gt;:&lt;/strong&gt; &lt;span class="atr-value"&gt;https://images.memorix.nl/rce/thumb/fullsize/4f51225b-74d0-38f5-23c1-79f18833b0c2.jpg&lt;/span&gt;&lt;/li&gt;
  &lt;li&gt;&lt;strong&gt;&lt;span class="atr-name"&gt;fotograaf&lt;/span&gt;:&lt;/strong&gt; &lt;span class="atr-value"&gt;IJ.Th. Heins (beeldbank RCE)&lt;/span&gt;&lt;/li&gt;
  &lt;li&gt;&lt;strong&gt;&lt;span class="atr-name"&gt;architect&lt;/span&gt;:&lt;/strong&gt; &lt;span class="atr-value"&gt;Cuypers, P.J.H.&lt;/span&gt;&lt;/li&gt;
  
  &lt;li&gt;&lt;strong&gt;&lt;span class="atr-name"&gt;hoofd_eind&lt;/span&gt;:&lt;/strong&gt; &lt;span class="atr-value"&gt;1891&lt;/span&gt;&lt;/li&gt;
  
  &lt;li&gt;&lt;strong&gt;&lt;span class="atr-name"&gt;voorg_eind&lt;/span&gt;:&lt;/strong&gt; &lt;span class="atr-value"&gt;0&lt;/span&gt;&lt;/li&gt;
  &lt;li&gt;&lt;strong&gt;&lt;span class="atr-name"&gt;denominat&lt;/span&gt;:&lt;/strong&gt; &lt;span class="atr-value"&gt;Nederlandse Hervormde Kerk&lt;/span&gt;&lt;/li&gt;
  &lt;li&gt;&lt;strong&gt;&lt;span class="atr-name"&gt;huidigfunc&lt;/span&gt;:&lt;/strong&gt; &lt;span class="atr-value"&gt;Ontspanning, horeca en toerisme&lt;/span&gt;&lt;/li&gt;
  &lt;li&gt;&lt;strong&gt;&lt;span class="atr-name"&gt;rmon_url&lt;/span&gt;:&lt;/strong&gt; &lt;span class="atr-value"&gt;https://monumentenregister.cultureelerfgoed.nl/monumenten/507267&lt;/span&gt;&lt;/li&gt;
  
&lt;/ul&gt;
</description>
                <LookAt>
                    <longitude>5.82780696312129</longitude>
                    <latitude>50.86389458824578</latitude>
                    <altitude>0.0</altitude>
                    <heading>0.0</heading>
                    <tilt>0.0</tilt>
                    <range>0.0</range>
                    <altitudeMode>clampToGround</altitudeMode>
                </LookAt>
                <Style>
                    <IconStyle>
                        <scale>4.125</scale>
                        <heading>0.0</heading>
                        <Icon>
                            <href>https://services.rce.geovoorziening.nl/kml/icon/Landschapsatlas_religieuserfgoed_kerken_style?0.0.0=&amp;0.1.0=&amp;0.1.1=</href>
                        </Icon>
                    </IconStyle>
                    <LabelStyle>
                        <color>00ffffff</color>
                        <scale>0.0</scale>
                    </LabelStyle>
                </Style>
                <Point>
                    <coordinates>5.827806963121284,50.86389458824578</coordinates>
                </Point>
            </Placemark>
            <Placemark id="religieuserfgoed.2742">
                <name>St.-Antonius van Padua kerk</name>
                <description>&lt;h4&gt;religieuserfgoed&lt;/h4&gt;

&lt;ul class="textattributes"&gt;
  &lt;li&gt;&lt;strong&gt;&lt;span class="atr-name"&gt;ogc_fid&lt;/span&gt;:&lt;/strong&gt; &lt;span class="atr-value"&gt;2742&lt;/span&gt;&lt;/li&gt;
  &lt;li&gt;&lt;strong&gt;&lt;span class="atr-name"&gt;rijksmonum&lt;/span&gt;:&lt;/strong&gt; &lt;span class="atr-value"&gt;512730&lt;/span&gt;&lt;/li&gt;
  &lt;li&gt;&lt;strong&gt;&lt;span class="atr-name"&gt;rd_x&lt;/span&gt;:&lt;/strong&gt; &lt;span class="atr-value"&gt;194920.1&lt;/span&gt;&lt;/li&gt;
  &lt;li&gt;&lt;strong&gt;&lt;span class="atr-name"&gt;rd_y&lt;/span&gt;:&lt;/strong&gt; &lt;span class="atr-value"&gt;324073.8&lt;/span&gt;&lt;/li&gt;
  &lt;li&gt;&lt;strong&gt;&lt;span class="atr-name"&gt;legenda&lt;/span&gt;:&lt;/strong&gt; &lt;span class="atr-value"&gt;Kerk&lt;/span&gt;&lt;/li&gt;
  &lt;li&gt;&lt;strong&gt;&lt;span class="atr-name"&gt;naam&lt;/span&gt;:&lt;/strong&gt; &lt;span class="atr-value"&gt;St.-Antonius van Padua kerk&lt;/span&gt;&lt;/li&gt;
  &lt;li&gt;&lt;strong&gt;&lt;span class="atr-name"&gt;plaats&lt;/span&gt;:&lt;/strong&gt; &lt;span class="atr-value"&gt;Heerlen&lt;/span&gt;&lt;/li&gt;
  &lt;li&gt;&lt;strong&gt;&lt;span class="atr-name"&gt;foto_thumb&lt;/span&gt;:&lt;/strong&gt; &lt;span class="atr-value"&gt;https://images.memorix.nl/rce/thumb/350x350/b84d92e9-5244-39d3-124e-976a8f1d8f07.jpg&lt;/span&gt;&lt;/li&gt;
  &lt;li&gt;&lt;strong&gt;&lt;span class="atr-name"&gt;foto_groot&lt;/span&gt;:&lt;/strong&gt; &lt;span class="atr-value"&gt;https://images.memorix.nl/rce/thumb/fullsize/b84d92e9-5244-39d3-124e-976a8f1d8f07.jpg&lt;/span&gt;&lt;/li&gt;
  &lt;li&gt;&lt;strong&gt;&lt;span class="atr-name"&gt;fotograaf&lt;/span&gt;:&lt;/strong&gt; &lt;span class="atr-value"&gt;Janneke Hille (beeldbank RCE)&lt;/span&gt;&lt;/li&gt;
  &lt;li&gt;&lt;strong&gt;&lt;span class="atr-name"&gt;architect&lt;/span&gt;:&lt;/strong&gt; &lt;span class="atr-value"&gt;Peutz, F.P.J.&lt;/span&gt;&lt;/li&gt;
  &lt;li&gt;&lt;strong&gt;&lt;span class="atr-name"&gt;hoofd_beg&lt;/span&gt;:&lt;/strong&gt; &lt;span class="atr-value"&gt;1929-&lt;/span&gt;&lt;/li&gt;
  &lt;li&gt;&lt;strong&gt;&lt;span class="atr-name"&gt;hoofd_eind&lt;/span&gt;:&lt;/strong&gt; &lt;span class="atr-value"&gt;1930&lt;/span&gt;&lt;/li&gt;
  
  &lt;li&gt;&lt;strong&gt;&lt;span class="atr-name"&gt;voorg_eind&lt;/span&gt;:&lt;/strong&gt; &lt;span class="atr-value"&gt;0&lt;/span&gt;&lt;/li&gt;
  &lt;li&gt;&lt;strong&gt;&lt;span class="atr-name"&gt;denominat&lt;/span&gt;:&lt;/strong&gt; &lt;span class="atr-value"&gt;Rooms-Katholieke Kerk in Nederland&lt;/span&gt;&lt;/li&gt;
  &lt;li&gt;&lt;strong&gt;&lt;span class="atr-name"&gt;huidigfunc&lt;/span&gt;:&lt;/strong&gt; &lt;span class="atr-value"&gt;Buiten gebruik&lt;/span&gt;&lt;/li&gt;
  &lt;li&gt;&lt;strong&gt;&lt;span class="atr-name"&gt;rmon_url&lt;/span&gt;:&lt;/strong&gt; &lt;span class="atr-value"&gt;https://monumentenregister.cultureelerfgoed.nl/monumenten/512730&lt;/span&gt;&lt;/li&gt;
  
&lt;/ul&gt;
</description>
                <LookAt>
                    <longitude>5.954709674350127</longitude>
                    <latitude>50.90503754917811</latitude>
                    <altitude>0.0</altitude>
                    <heading>0.0</heading>
                    <tilt>0.0</tilt>
                    <range>0.0</range>
                    <altitudeMode>clampToGround</altitudeMode>
                </LookAt>
                <Style>
                    <IconStyle>
                        <scale>4.125</scale>
                        <heading>0.0</heading>
                        <Icon>
                            <href>https://services.rce.geovoorziening.nl/kml/icon/Landschapsatlas_religieuserfgoed_kerken_style?0.0.0=&amp;0.1.0=&amp;0.1.1=</href>
                        </Icon>
                    </IconStyle>
                    <LabelStyle>
                        <color>00ffffff</color>
                        <scale>0.0</scale>
                    </LabelStyle>
                </Style>
                <Point>
                    <coordinates>5.954709674350125,50.90503754917812</coordinates>
                </Point>
            </Placemark>
            <Placemark id="religieuserfgoed.2744">
                <name>St.-Gerardus Majellakerk</name>
                <description>&lt;h4&gt;religieuserfgoed&lt;/h4&gt;

&lt;ul class="textattributes"&gt;
  &lt;li&gt;&lt;strong&gt;&lt;span class="atr-name"&gt;ogc_fid&lt;/span&gt;:&lt;/strong&gt; &lt;span class="atr-value"&gt;2744&lt;/span&gt;&lt;/li&gt;
  &lt;li&gt;&lt;strong&gt;&lt;span class="atr-name"&gt;rijksmonum&lt;/span&gt;:&lt;/strong&gt; &lt;span class="atr-value"&gt;512778&lt;/span&gt;&lt;/li&gt;
  &lt;li&gt;&lt;strong&gt;&lt;span class="atr-name"&gt;rd_x&lt;/span&gt;:&lt;/strong&gt; &lt;span class="atr-value"&gt;196247.2&lt;/span&gt;&lt;/li&gt;
  &lt;li&gt;&lt;strong&gt;&lt;span class="atr-name"&gt;rd_y&lt;/span&gt;:&lt;/strong&gt; &lt;span class="atr-value"&gt;324985.8&lt;/span&gt;&lt;/li&gt;
  &lt;li&gt;&lt;strong&gt;&lt;span class="atr-name"&gt;legenda&lt;/span&gt;:&lt;/strong&gt; &lt;span class="atr-value"&gt;Kerk&lt;/span&gt;&lt;/li&gt;
  &lt;li&gt;&lt;strong&gt;&lt;span class="atr-name"&gt;naam&lt;/span&gt;:&lt;/strong&gt; &lt;span class="atr-value"&gt;St.-Gerardus Majellakerk&lt;/span&gt;&lt;/li&gt;
  &lt;li&gt;&lt;strong&gt;&lt;span class="atr-name"&gt;plaats&lt;/span&gt;:&lt;/strong&gt; &lt;span class="atr-value"&gt;Heerlen&lt;/span&gt;&lt;/li&gt;
  &lt;li&gt;&lt;strong&gt;&lt;span class="atr-name"&gt;foto_thumb&lt;/span&gt;:&lt;/strong&gt; &lt;span class="atr-value"&gt;https://images.memorix.nl/rce/thumb/350x350/39224e88-5970-796c-54b3-8a399f7e553f.jpg&lt;/span&gt;&lt;/li&gt;
  &lt;li&gt;&lt;strong&gt;&lt;span class="atr-name"&gt;foto_groot&lt;/span&gt;:&lt;/strong&gt; &lt;span class="atr-value"&gt;https://images.memorix.nl/rce/thumb/fullsize/39224e88-5970-796c-54b3-8a399f7e553f.jpg&lt;/span&gt;&lt;/li&gt;
  &lt;li&gt;&lt;strong&gt;&lt;span class="atr-name"&gt;fotograaf&lt;/span&gt;:&lt;/strong&gt; &lt;span class="atr-value"&gt;Lichtbeeldeninstituut, Vandermeulen (beeldbank RCE)&lt;/span&gt;&lt;/li&gt;
  &lt;li&gt;&lt;strong&gt;&lt;span class="atr-name"&gt;architect&lt;/span&gt;:&lt;/strong&gt; &lt;span class="atr-value"&gt;Boosten, A.J.N.&lt;/span&gt;&lt;/li&gt;
  &lt;li&gt;&lt;strong&gt;&lt;span class="atr-name"&gt;hoofd_beg&lt;/span&gt;:&lt;/strong&gt; &lt;span class="atr-value"&gt;1936-&lt;/span&gt;&lt;/li&gt;
  &lt;li&gt;&lt;strong&gt;&lt;span class="atr-name"&gt;hoofd_eind&lt;/span&gt;:&lt;/strong&gt; &lt;span class="atr-value"&gt;1938&lt;/span&gt;&lt;/li&gt;
  
  &lt;li&gt;&lt;strong&gt;&lt;span class="atr-name"&gt;voorg_eind&lt;/span&gt;:&lt;/strong&gt; &lt;span class="atr-value"&gt;0&lt;/span&gt;&lt;/li&gt;
  &lt;li&gt;&lt;strong&gt;&lt;span class="atr-name"&gt;denominat&lt;/span&gt;:&lt;/strong&gt; &lt;span class="atr-value"&gt;Rooms-Katholieke Kerk in Nederland&lt;/span&gt;&lt;/li&gt;
  &lt;li&gt;&lt;strong&gt;&lt;span class="atr-name"&gt;huidigfunc&lt;/span&gt;:&lt;/strong&gt; &lt;span class="atr-value"&gt;Religieus&lt;/span&gt;&lt;/li&gt;
  &lt;li&gt;&lt;strong&gt;&lt;span class="atr-name"&gt;rmon_url&lt;/span&gt;:&lt;/strong&gt; &lt;span class="atr-value"&gt;https://monumentenregister.cultureelerfgoed.nl/monumenten/512778&lt;/span&gt;&lt;/li&gt;
  
&lt;/ul&gt;
</description>
                <LookAt>
                    <longitude>5.973678962183527</longitude>
                    <latitude>50.913140895917614</latitude>
                    <altitude>0.0</altitude>
                    <heading>0.0</heading>
                    <tilt>0.0</tilt>
                    <range>0.0</range>
                    <altitudeMode>clampToGround</altitudeMode>
                </LookAt>
                <Style>
                    <IconStyle>
                        <scale>4.125</scale>
                        <heading>0.0</heading>
                        <Icon>
                            <href>https://services.rce.geovoorziening.nl/kml/icon/Landschapsatlas_religieuserfgoed_kerken_style?0.0.0=&amp;0.1.0=&amp;0.1.1=</href>
                        </Icon>
                    </IconStyle>
                    <LabelStyle>
                        <color>00ffffff</color>
                        <scale>0.0</scale>
                    </LabelStyle>
                </Style>
                <Point>
                    <coordinates>5.973678962183524,50.91314089591761</coordinates>
                </Point>
            </Placemark>
            <Placemark id="religieuserfgoed.2745">
                <name>St.-Corneliuskerk</name>
                <description>&lt;h4&gt;religieuserfgoed&lt;/h4&gt;

&lt;ul class="textattributes"&gt;
  &lt;li&gt;&lt;strong&gt;&lt;span class="atr-name"&gt;ogc_fid&lt;/span&gt;:&lt;/strong&gt; &lt;span class="atr-value"&gt;2745&lt;/span&gt;&lt;/li&gt;
  &lt;li&gt;&lt;strong&gt;&lt;span class="atr-name"&gt;rijksmonum&lt;/span&gt;:&lt;/strong&gt; &lt;span class="atr-value"&gt;512783&lt;/span&gt;&lt;/li&gt;
  &lt;li&gt;&lt;strong&gt;&lt;span class="atr-name"&gt;rd_x&lt;/span&gt;:&lt;/strong&gt; &lt;span class="atr-value"&gt;195098.4&lt;/span&gt;&lt;/li&gt;
  &lt;li&gt;&lt;strong&gt;&lt;span class="atr-name"&gt;rd_y&lt;/span&gt;:&lt;/strong&gt; &lt;span class="atr-value"&gt;325348.3&lt;/span&gt;&lt;/li&gt;
  &lt;li&gt;&lt;strong&gt;&lt;span class="atr-name"&gt;legenda&lt;/span&gt;:&lt;/strong&gt; &lt;span class="atr-value"&gt;Kerk&lt;/span&gt;&lt;/li&gt;
  &lt;li&gt;&lt;strong&gt;&lt;span class="atr-name"&gt;naam&lt;/span&gt;:&lt;/strong&gt; &lt;span class="atr-value"&gt;St.-Corneliuskerk&lt;/span&gt;&lt;/li&gt;
  &lt;li&gt;&lt;strong&gt;&lt;span class="atr-name"&gt;plaats&lt;/span&gt;:&lt;/strong&gt; &lt;span class="atr-value"&gt;Heerlerheide&lt;/span&gt;&lt;/li&gt;
  &lt;li&gt;&lt;strong&gt;&lt;span class="atr-name"&gt;foto_thumb&lt;/span&gt;:&lt;/strong&gt; &lt;span class="atr-value"&gt;https://upload.wikimedia.org/wikipedia/commons/f/f0/Heerlen-Sint-Corneliuskerk_%286%29.JPG&lt;/span&gt;&lt;/li&gt;
  &lt;li&gt;&lt;strong&gt;&lt;span class="atr-name"&gt;foto_groot&lt;/span&gt;:&lt;/strong&gt; &lt;span class="atr-value"&gt;https://upload.wikimedia.org/wikipedia/commons/f/f0/Heerlen-Sint-Corneliuskerk_%286%29.JPG&lt;/span&gt;&lt;/li&gt;
  &lt;li&gt;&lt;strong&gt;&lt;span class="atr-name"&gt;fotograaf&lt;/span&gt;:&lt;/strong&gt; &lt;span class="atr-value"&gt;Romaine via Wikimedia Commons&lt;/span&gt;&lt;/li&gt;
  &lt;li&gt;&lt;strong&gt;&lt;span class="atr-name"&gt;architect&lt;/span&gt;:&lt;/strong&gt; &lt;span class="atr-value"&gt;Cuypers, J.Th.J. &amp; J. Stuyt&lt;/span&gt;&lt;/li&gt;
  &lt;li&gt;&lt;strong&gt;&lt;span class="atr-name"&gt;hoofd_beg&lt;/span&gt;:&lt;/strong&gt; &lt;span class="atr-value"&gt;1909-&lt;/span&gt;&lt;/li&gt;
  &lt;li&gt;&lt;strong&gt;&lt;span class="atr-name"&gt;hoofd_eind&lt;/span&gt;:&lt;/strong&gt; &lt;span class="atr-value"&gt;1910&lt;/span&gt;&lt;/li&gt;
  
  &lt;li&gt;&lt;strong&gt;&lt;span class="atr-name"&gt;voorg_eind&lt;/span&gt;:&lt;/strong&gt; &lt;span class="atr-value"&gt;1838&lt;/span&gt;&lt;/li&gt;
  &lt;li&gt;&lt;strong&gt;&lt;span class="atr-name"&gt;denominat&lt;/span&gt;:&lt;/strong&gt; &lt;span class="atr-value"&gt;Rooms-Katholieke Kerk in Nederland&lt;/span&gt;&lt;/li&gt;
  &lt;li&gt;&lt;strong&gt;&lt;span class="atr-name"&gt;huidigfunc&lt;/span&gt;:&lt;/strong&gt; &lt;span class="atr-value"&gt;Religieus&lt;/span&gt;&lt;/li&gt;
  &lt;li&gt;&lt;strong&gt;&lt;span class="atr-name"&gt;rmon_url&lt;/span&gt;:&lt;/strong&gt; &lt;span class="atr-value"&gt;https://monumentenregister.cultureelerfgoed.nl/monumenten/512783&lt;/span&gt;&lt;/li&gt;
  
&lt;/ul&gt;
</description>
                <LookAt>
                    <longitude>5.957385519960297</longitude>
                    <latitude>50.91648083628142</latitude>
                    <altitude>0.0</altitude>
                    <heading>0.0</heading>
                    <tilt>0.0</tilt>
                    <range>0.0</range>
                    <altitudeMode>clampToGround</altitudeMode>
                </LookAt>
                <Style>
                    <IconStyle>
                        <scale>4.125</scale>
                        <heading>0.0</heading>
                        <Icon>
                            <href>https://services.rce.geovoorziening.nl/kml/icon/Landschapsatlas_religieuserfgoed_kerken_style?0.0.0=&amp;0.1.0=&amp;0.1.1=</href>
                        </Icon>
                    </IconStyle>
                    <LabelStyle>
                        <color>00ffffff</color>
                        <scale>0.0</scale>
                    </LabelStyle>
                </Style>
                <Point>
                    <coordinates>5.9573855199602805,50.91648083628142</coordinates>
                </Point>
            </Placemark>
            <Placemark id="religieuserfgoed.2746">
                <name>St.-Franciscus van Assisië kerk</name>
                <description>&lt;h4&gt;religieuserfgoed&lt;/h4&gt;

&lt;ul class="textattributes"&gt;
  &lt;li&gt;&lt;strong&gt;&lt;span class="atr-name"&gt;ogc_fid&lt;/span&gt;:&lt;/strong&gt; &lt;span class="atr-value"&gt;2746&lt;/span&gt;&lt;/li&gt;
  &lt;li&gt;&lt;strong&gt;&lt;span class="atr-name"&gt;rijksmonum&lt;/span&gt;:&lt;/strong&gt; &lt;span class="atr-value"&gt;512786&lt;/span&gt;&lt;/li&gt;
  &lt;li&gt;&lt;strong&gt;&lt;span class="atr-name"&gt;rd_x&lt;/span&gt;:&lt;/strong&gt; &lt;span class="atr-value"&gt;196118.9&lt;/span&gt;&lt;/li&gt;
  &lt;li&gt;&lt;strong&gt;&lt;span class="atr-name"&gt;rd_y&lt;/span&gt;:&lt;/strong&gt; &lt;span class="atr-value"&gt;322203.1&lt;/span&gt;&lt;/li&gt;
  &lt;li&gt;&lt;strong&gt;&lt;span class="atr-name"&gt;legenda&lt;/span&gt;:&lt;/strong&gt; &lt;span class="atr-value"&gt;Kerk&lt;/span&gt;&lt;/li&gt;
  &lt;li&gt;&lt;strong&gt;&lt;span class="atr-name"&gt;naam&lt;/span&gt;:&lt;/strong&gt; &lt;span class="atr-value"&gt;St.-Franciscus van Assisië kerk&lt;/span&gt;&lt;/li&gt;
  &lt;li&gt;&lt;strong&gt;&lt;span class="atr-name"&gt;plaats&lt;/span&gt;:&lt;/strong&gt; &lt;span class="atr-value"&gt;Heerlen&lt;/span&gt;&lt;/li&gt;
  &lt;li&gt;&lt;strong&gt;&lt;span class="atr-name"&gt;foto_thumb&lt;/span&gt;:&lt;/strong&gt; &lt;span class="atr-value"&gt;https://images.memorix.nl/rce/thumb/350x350/3f49df95-8c41-7435-ab0d-1138955f4d4e.jpg&lt;/span&gt;&lt;/li&gt;
  &lt;li&gt;&lt;strong&gt;&lt;span class="atr-name"&gt;foto_groot&lt;/span&gt;:&lt;/strong&gt; &lt;span class="atr-value"&gt;https://images.memorix.nl/rce/thumb/fullsize/3f49df95-8c41-7435-ab0d-1138955f4d4e.jpg&lt;/span&gt;&lt;/li&gt;
  &lt;li&gt;&lt;strong&gt;&lt;span class="atr-name"&gt;fotograaf&lt;/span&gt;:&lt;/strong&gt; &lt;span class="atr-value"&gt;Frans Kabel (beeldbank RCE)&lt;/span&gt;&lt;/li&gt;
  &lt;li&gt;&lt;strong&gt;&lt;span class="atr-name"&gt;architect&lt;/span&gt;:&lt;/strong&gt; &lt;span class="atr-value"&gt;Buskens, P.G.&lt;/span&gt;&lt;/li&gt;
  &lt;li&gt;&lt;strong&gt;&lt;span class="atr-name"&gt;hoofd_beg&lt;/span&gt;:&lt;/strong&gt; &lt;span class="atr-value"&gt;1922-&lt;/span&gt;&lt;/li&gt;
  &lt;li&gt;&lt;strong&gt;&lt;span class="atr-name"&gt;hoofd_eind&lt;/span&gt;:&lt;/strong&gt; &lt;span class="atr-value"&gt;1923&lt;/span&gt;&lt;/li&gt;
  
  &lt;li&gt;&lt;strong&gt;&lt;span class="atr-name"&gt;voorg_eind&lt;/span&gt;:&lt;/strong&gt; &lt;span class="atr-value"&gt;0&lt;/span&gt;&lt;/li&gt;
  &lt;li&gt;&lt;strong&gt;&lt;span class="atr-name"&gt;denominat&lt;/span&gt;:&lt;/strong&gt; &lt;span class="atr-value"&gt;Rooms-Katholieke Kerk in Nederland&lt;/span&gt;&lt;/li&gt;
  &lt;li&gt;&lt;strong&gt;&lt;span class="atr-name"&gt;huidigfunc&lt;/span&gt;:&lt;/strong&gt; &lt;span class="atr-value"&gt;Religieus&lt;/span&gt;&lt;/li&gt;
  &lt;li&gt;&lt;strong&gt;&lt;span class="atr-name"&gt;rmon_url&lt;/span&gt;:&lt;/strong&gt; &lt;span class="atr-value"&gt;https://monumentenregister.cultureelerfgoed.nl/monumenten/512786&lt;/span&gt;&lt;/li&gt;
  
&lt;/ul&gt;
</description>
                <LookAt>
                    <longitude>5.971538772924035</longitude>
                    <latitude>50.88813809229556</latitude>
                    <altitude>0.0</altitude>
                    <heading>0.0</heading>
                    <tilt>0.0</tilt>
                    <range>0.0</range>
                    <altitudeMode>clampToGround</altitudeMode>
                </LookAt>
                <Style>
                    <IconStyle>
                        <scale>4.125</scale>
                        <heading>0.0</heading>
                        <Icon>
                            <href>https://services.rce.geovoorziening.nl/kml/icon/Landschapsatlas_religieuserfgoed_kerken_style?0.0.0=&amp;0.1.0=&amp;0.1.1=</href>
                        </Icon>
                    </IconStyle>
                    <LabelStyle>
                        <color>00ffffff</color>
                        <scale>0.0</scale>
                    </LabelStyle>
                </Style>
                <Point>
                    <coordinates>5.971538772924037,50.88813809229556</coordinates>
                </Point>
            </Placemark>
            <Placemark id="religieuserfgoed.2747">
                <name>Ned. Hervormde Kerk + Kosterswoning</name>
                <description>&lt;h4&gt;religieuserfgoed&lt;/h4&gt;

&lt;ul class="textattributes"&gt;
  &lt;li&gt;&lt;strong&gt;&lt;span class="atr-name"&gt;ogc_fid&lt;/span&gt;:&lt;/strong&gt; &lt;span class="atr-value"&gt;2747&lt;/span&gt;&lt;/li&gt;
  &lt;li&gt;&lt;strong&gt;&lt;span class="atr-name"&gt;rijksmonum&lt;/span&gt;:&lt;/strong&gt; &lt;span class="atr-value"&gt;512810&lt;/span&gt;&lt;/li&gt;
  &lt;li&gt;&lt;strong&gt;&lt;span class="atr-name"&gt;rd_x&lt;/span&gt;:&lt;/strong&gt; &lt;span class="atr-value"&gt;196635.1&lt;/span&gt;&lt;/li&gt;
  &lt;li&gt;&lt;strong&gt;&lt;span class="atr-name"&gt;rd_y&lt;/span&gt;:&lt;/strong&gt; &lt;span class="atr-value"&gt;321824.5&lt;/span&gt;&lt;/li&gt;
  &lt;li&gt;&lt;strong&gt;&lt;span class="atr-name"&gt;legenda&lt;/span&gt;:&lt;/strong&gt; &lt;span class="atr-value"&gt;Kerk&lt;/span&gt;&lt;/li&gt;
  &lt;li&gt;&lt;strong&gt;&lt;span class="atr-name"&gt;naam&lt;/span&gt;:&lt;/strong&gt; &lt;span class="atr-value"&gt;Ned. Hervormde Kerk + Kosterswoning&lt;/span&gt;&lt;/li&gt;
  &lt;li&gt;&lt;strong&gt;&lt;span class="atr-name"&gt;plaats&lt;/span&gt;:&lt;/strong&gt; &lt;span class="atr-value"&gt;Heerlen&lt;/span&gt;&lt;/li&gt;
  &lt;li&gt;&lt;strong&gt;&lt;span class="atr-name"&gt;foto_thumb&lt;/span&gt;:&lt;/strong&gt; &lt;span class="atr-value"&gt;https://images.memorix.nl/rce/thumb/350x350/ce3e284f-3cd2-c011-ee0f-5447308bc907.jpg&lt;/span&gt;&lt;/li&gt;
  &lt;li&gt;&lt;strong&gt;&lt;span class="atr-name"&gt;foto_groot&lt;/span&gt;:&lt;/strong&gt; &lt;span class="atr-value"&gt;https://images.memorix.nl/rce/thumb/fullsize/ce3e284f-3cd2-c011-ee0f-5447308bc907.jpg&lt;/span&gt;&lt;/li&gt;
  &lt;li&gt;&lt;strong&gt;&lt;span class="atr-name"&gt;fotograaf&lt;/span&gt;:&lt;/strong&gt; &lt;span class="atr-value"&gt;J.P. de Koning (beeldbank RCE)&lt;/span&gt;&lt;/li&gt;
  &lt;li&gt;&lt;strong&gt;&lt;span class="atr-name"&gt;architect&lt;/span&gt;:&lt;/strong&gt; &lt;span class="atr-value"&gt;Stuivinga, J. &amp; Th.&lt;/span&gt;&lt;/li&gt;
  &lt;li&gt;&lt;strong&gt;&lt;span class="atr-name"&gt;hoofd_beg&lt;/span&gt;:&lt;/strong&gt; &lt;span class="atr-value"&gt;1931-&lt;/span&gt;&lt;/li&gt;
  &lt;li&gt;&lt;strong&gt;&lt;span class="atr-name"&gt;hoofd_eind&lt;/span&gt;:&lt;/strong&gt; &lt;span class="atr-value"&gt;1932&lt;/span&gt;&lt;/li&gt;
  
  &lt;li&gt;&lt;strong&gt;&lt;span class="atr-name"&gt;voorg_eind&lt;/span&gt;:&lt;/strong&gt; &lt;span class="atr-value"&gt;0&lt;/span&gt;&lt;/li&gt;
  &lt;li&gt;&lt;strong&gt;&lt;span class="atr-name"&gt;denominat&lt;/span&gt;:&lt;/strong&gt; &lt;span class="atr-value"&gt;Nederlandse Hervormde Kerk&lt;/span&gt;&lt;/li&gt;
  &lt;li&gt;&lt;strong&gt;&lt;span class="atr-name"&gt;huidigfunc&lt;/span&gt;:&lt;/strong&gt; &lt;span class="atr-value"&gt;Religieus&lt;/span&gt;&lt;/li&gt;
  &lt;li&gt;&lt;strong&gt;&lt;span class="atr-name"&gt;rmon_url&lt;/span&gt;:&lt;/strong&gt; &lt;span class="atr-value"&gt;https://monumentenregister.cultureelerfgoed.nl/monumenten/512810&lt;/span&gt;&lt;/li&gt;
  
&lt;/ul&gt;
</description>
                <LookAt>
                    <longitude>5.978830605762482</longitude>
                    <latitude>50.88469779601827</latitude>
                    <altitude>0.0</altitude>
                    <heading>0.0</heading>
                    <tilt>0.0</tilt>
                    <range>0.0</range>
                    <altitudeMode>clampToGround</altitudeMode>
                </LookAt>
                <Style>
                    <IconStyle>
                        <scale>4.125</scale>
                        <heading>0.0</heading>
                        <Icon>
                            <href>https://services.rce.geovoorziening.nl/kml/icon/Landschapsatlas_religieuserfgoed_kerken_style?0.0.0=&amp;0.1.0=&amp;0.1.1=</href>
                        </Icon>
                    </IconStyle>
                    <LabelStyle>
                        <color>00ffffff</color>
                        <scale>0.0</scale>
                    </LabelStyle>
                </Style>
                <Point>
                    <coordinates>5.978830605762478,50.884697796018266</coordinates>
                </Point>
            </Placemark>
            <Placemark id="religieuserfgoed.2764">
                <name>St.-Hubertuskerk</name>
                <description>&lt;h4&gt;religieuserfgoed&lt;/h4&gt;

&lt;ul class="textattributes"&gt;
  &lt;li&gt;&lt;strong&gt;&lt;span class="atr-name"&gt;ogc_fid&lt;/span&gt;:&lt;/strong&gt; &lt;span class="atr-value"&gt;2764&lt;/span&gt;&lt;/li&gt;
  &lt;li&gt;&lt;strong&gt;&lt;span class="atr-name"&gt;rijksmonum&lt;/span&gt;:&lt;/strong&gt; &lt;span class="atr-value"&gt;513189&lt;/span&gt;&lt;/li&gt;
  &lt;li&gt;&lt;strong&gt;&lt;span class="atr-name"&gt;rd_x&lt;/span&gt;:&lt;/strong&gt; &lt;span class="atr-value"&gt;185379.6&lt;/span&gt;&lt;/li&gt;
  &lt;li&gt;&lt;strong&gt;&lt;span class="atr-name"&gt;rd_y&lt;/span&gt;:&lt;/strong&gt; &lt;span class="atr-value"&gt;326660.0&lt;/span&gt;&lt;/li&gt;
  &lt;li&gt;&lt;strong&gt;&lt;span class="atr-name"&gt;legenda&lt;/span&gt;:&lt;/strong&gt; &lt;span class="atr-value"&gt;Kerk&lt;/span&gt;&lt;/li&gt;
  &lt;li&gt;&lt;strong&gt;&lt;span class="atr-name"&gt;naam&lt;/span&gt;:&lt;/strong&gt; &lt;span class="atr-value"&gt;St.-Hubertuskerk&lt;/span&gt;&lt;/li&gt;
  &lt;li&gt;&lt;strong&gt;&lt;span class="atr-name"&gt;plaats&lt;/span&gt;:&lt;/strong&gt; &lt;span class="atr-value"&gt;Groot Genhout&lt;/span&gt;&lt;/li&gt;
  &lt;li&gt;&lt;strong&gt;&lt;span class="atr-name"&gt;foto_thumb&lt;/span&gt;:&lt;/strong&gt; &lt;span class="atr-value"&gt;https://images.memorix.nl/rce/thumb/350x350/971a9f68-da1c-7376-5b7d-7a1b9a16bb76.jpg&lt;/span&gt;&lt;/li&gt;
  &lt;li&gt;&lt;strong&gt;&lt;span class="atr-name"&gt;foto_groot&lt;/span&gt;:&lt;/strong&gt; &lt;span class="atr-value"&gt;https://images.memorix.nl/rce/thumb/fullsize/971a9f68-da1c-7376-5b7d-7a1b9a16bb76.jpg&lt;/span&gt;&lt;/li&gt;
  &lt;li&gt;&lt;strong&gt;&lt;span class="atr-name"&gt;fotograaf&lt;/span&gt;:&lt;/strong&gt; &lt;span class="atr-value"&gt;Arjan Bronkhorst (beeldbank RCE)&lt;/span&gt;&lt;/li&gt;
  &lt;li&gt;&lt;strong&gt;&lt;span class="atr-name"&gt;architect&lt;/span&gt;:&lt;/strong&gt; &lt;span class="atr-value"&gt;Boosten, A.J.N.&lt;/span&gt;&lt;/li&gt;
  &lt;li&gt;&lt;strong&gt;&lt;span class="atr-name"&gt;hoofd_beg&lt;/span&gt;:&lt;/strong&gt; &lt;span class="atr-value"&gt;1936-&lt;/span&gt;&lt;/li&gt;
  &lt;li&gt;&lt;strong&gt;&lt;span class="atr-name"&gt;hoofd_eind&lt;/span&gt;:&lt;/strong&gt; &lt;span class="atr-value"&gt;1937&lt;/span&gt;&lt;/li&gt;
  
  &lt;li&gt;&lt;strong&gt;&lt;span class="atr-name"&gt;voorg_eind&lt;/span&gt;:&lt;/strong&gt; &lt;span class="atr-value"&gt;0&lt;/span&gt;&lt;/li&gt;
  &lt;li&gt;&lt;strong&gt;&lt;span class="atr-name"&gt;denominat&lt;/span&gt;:&lt;/strong&gt; &lt;span class="atr-value"&gt;Rooms-Katholieke Kerk in Nederland&lt;/span&gt;&lt;/li&gt;
  &lt;li&gt;&lt;strong&gt;&lt;span class="atr-name"&gt;huidigfunc&lt;/span&gt;:&lt;/strong&gt; &lt;span class="atr-value"&gt;Religieus&lt;/span&gt;&lt;/li&gt;
  &lt;li&gt;&lt;strong&gt;&lt;span class="atr-name"&gt;rmon_url&lt;/span&gt;:&lt;/strong&gt; &lt;span class="atr-value"&gt;https://monumentenregister.cultureelerfgoed.nl/monumenten/513189&lt;/span&gt;&lt;/li&gt;
  
&lt;/ul&gt;
</description>
                <LookAt>
                    <longitude>5.819301811163598</longitude>
                    <latitude>50.9288696147688</latitude>
                    <altitude>0.0</altitude>
                    <heading>0.0</heading>
                    <tilt>0.0</tilt>
                    <range>0.0</range>
                    <altitudeMode>clampToGround</altitudeMode>
                </LookAt>
                <Style>
                    <IconStyle>
                        <scale>4.125</scale>
                        <heading>0.0</heading>
                        <Icon>
                            <href>https://services.rce.geovoorziening.nl/kml/icon/Landschapsatlas_religieuserfgoed_kerken_style?0.0.0=&amp;0.1.0=&amp;0.1.1=</href>
                        </Icon>
                    </IconStyle>
                    <LabelStyle>
                        <color>00ffffff</color>
                        <scale>0.0</scale>
                    </LabelStyle>
                </Style>
                <Point>
                    <coordinates>5.819301811163602,50.9288696147688</coordinates>
                </Point>
            </Placemark>
            <Placemark id="religieuserfgoed.2765">
                <name>St.-Laurentiuskerk</name>
                <description>&lt;h4&gt;religieuserfgoed&lt;/h4&gt;

&lt;ul class="textattributes"&gt;
  &lt;li&gt;&lt;strong&gt;&lt;span class="atr-name"&gt;ogc_fid&lt;/span&gt;:&lt;/strong&gt; &lt;span class="atr-value"&gt;2765&lt;/span&gt;&lt;/li&gt;
  &lt;li&gt;&lt;strong&gt;&lt;span class="atr-name"&gt;rijksmonum&lt;/span&gt;:&lt;/strong&gt; &lt;span class="atr-value"&gt;513191&lt;/span&gt;&lt;/li&gt;
  &lt;li&gt;&lt;strong&gt;&lt;span class="atr-name"&gt;rd_x&lt;/span&gt;:&lt;/strong&gt; &lt;span class="atr-value"&gt;186912.3&lt;/span&gt;&lt;/li&gt;
  &lt;li&gt;&lt;strong&gt;&lt;span class="atr-name"&gt;rd_y&lt;/span&gt;:&lt;/strong&gt; &lt;span class="atr-value"&gt;327697.9&lt;/span&gt;&lt;/li&gt;
  &lt;li&gt;&lt;strong&gt;&lt;span class="atr-name"&gt;legenda&lt;/span&gt;:&lt;/strong&gt; &lt;span class="atr-value"&gt;Kerk&lt;/span&gt;&lt;/li&gt;
  &lt;li&gt;&lt;strong&gt;&lt;span class="atr-name"&gt;naam&lt;/span&gt;:&lt;/strong&gt; &lt;span class="atr-value"&gt;St.-Laurentiuskerk&lt;/span&gt;&lt;/li&gt;
  &lt;li&gt;&lt;strong&gt;&lt;span class="atr-name"&gt;plaats&lt;/span&gt;:&lt;/strong&gt; &lt;span class="atr-value"&gt;Spaubeek&lt;/span&gt;&lt;/li&gt;
  &lt;li&gt;&lt;strong&gt;&lt;span class="atr-name"&gt;foto_thumb&lt;/span&gt;:&lt;/strong&gt; &lt;span class="atr-value"&gt;https://upload.wikimedia.org/wikipedia/commons/0/01/Spaubeek-Kerk_%281%29.JPG&lt;/span&gt;&lt;/li&gt;
  &lt;li&gt;&lt;strong&gt;&lt;span class="atr-name"&gt;foto_groot&lt;/span&gt;:&lt;/strong&gt; &lt;span class="atr-value"&gt;https://upload.wikimedia.org/wikipedia/commons/0/01/Spaubeek-Kerk_%281%29.JPG&lt;/span&gt;&lt;/li&gt;
  &lt;li&gt;&lt;strong&gt;&lt;span class="atr-name"&gt;fotograaf&lt;/span&gt;:&lt;/strong&gt; &lt;span class="atr-value"&gt;Romaine via Wikimedia Commons&lt;/span&gt;&lt;/li&gt;
  &lt;li&gt;&lt;strong&gt;&lt;span class="atr-name"&gt;architect&lt;/span&gt;:&lt;/strong&gt; &lt;span class="atr-value"&gt;Schoenmakers, J.E. &amp; J.C.&lt;/span&gt;&lt;/li&gt;
  &lt;li&gt;&lt;strong&gt;&lt;span class="atr-name"&gt;hoofd_beg&lt;/span&gt;:&lt;/strong&gt; &lt;span class="atr-value"&gt;1925-&lt;/span&gt;&lt;/li&gt;
  &lt;li&gt;&lt;strong&gt;&lt;span class="atr-name"&gt;hoofd_eind&lt;/span&gt;:&lt;/strong&gt; &lt;span class="atr-value"&gt;1926&lt;/span&gt;&lt;/li&gt;
  
  &lt;li&gt;&lt;strong&gt;&lt;span class="atr-name"&gt;voorg_eind&lt;/span&gt;:&lt;/strong&gt; &lt;span class="atr-value"&gt;1837&lt;/span&gt;&lt;/li&gt;
  &lt;li&gt;&lt;strong&gt;&lt;span class="atr-name"&gt;denominat&lt;/span&gt;:&lt;/strong&gt; &lt;span class="atr-value"&gt;Rooms-Katholieke Kerk in Nederland&lt;/span&gt;&lt;/li&gt;
  &lt;li&gt;&lt;strong&gt;&lt;span class="atr-name"&gt;huidigfunc&lt;/span&gt;:&lt;/strong&gt; &lt;span class="atr-value"&gt;Religieus&lt;/span&gt;&lt;/li&gt;
  &lt;li&gt;&lt;strong&gt;&lt;span class="atr-name"&gt;rmon_url&lt;/span&gt;:&lt;/strong&gt; &lt;span class="atr-value"&gt;https://monumentenregister.cultureelerfgoed.nl/monumenten/513191&lt;/span&gt;&lt;/li&gt;
  
&lt;/ul&gt;
</description>
                <LookAt>
                    <longitude>5.841193094748519</longitude>
                    <latitude>50.9381153912994</latitude>
                    <altitude>0.0</altitude>
                    <heading>0.0</heading>
                    <tilt>0.0</tilt>
                    <range>0.0</range>
                    <altitudeMode>clampToGround</altitudeMode>
                </LookAt>
                <Style>
                    <IconStyle>
                        <scale>4.125</scale>
                        <heading>0.0</heading>
                        <Icon>
                            <href>https://services.rce.geovoorziening.nl/kml/icon/Landschapsatlas_religieuserfgoed_kerken_style?0.0.0=&amp;0.1.0=&amp;0.1.1=</href>
                        </Icon>
                    </IconStyle>
                    <LabelStyle>
                        <color>00ffffff</color>
                        <scale>0.0</scale>
                    </LabelStyle>
                </Style>
                <Point>
                    <coordinates>5.841193094748516,50.93811539129939</coordinates>
                </Point>
            </Placemark>
            <Placemark id="religieuserfgoed.2778">
                <name>O.L. Vrouwe Onbevlekt Ontvangen kerk</name>
                <description>&lt;h4&gt;religieuserfgoed&lt;/h4&gt;

&lt;ul class="textattributes"&gt;
  &lt;li&gt;&lt;strong&gt;&lt;span class="atr-name"&gt;ogc_fid&lt;/span&gt;:&lt;/strong&gt; &lt;span class="atr-value"&gt;2778&lt;/span&gt;&lt;/li&gt;
  &lt;li&gt;&lt;strong&gt;&lt;span class="atr-name"&gt;rijksmonum&lt;/span&gt;:&lt;/strong&gt; &lt;span class="atr-value"&gt;513738&lt;/span&gt;&lt;/li&gt;
  &lt;li&gt;&lt;strong&gt;&lt;span class="atr-name"&gt;rd_x&lt;/span&gt;:&lt;/strong&gt; &lt;span class="atr-value"&gt;200019.4&lt;/span&gt;&lt;/li&gt;
  &lt;li&gt;&lt;strong&gt;&lt;span class="atr-name"&gt;rd_y&lt;/span&gt;:&lt;/strong&gt; &lt;span class="atr-value"&gt;319990.6&lt;/span&gt;&lt;/li&gt;
  &lt;li&gt;&lt;strong&gt;&lt;span class="atr-name"&gt;legenda&lt;/span&gt;:&lt;/strong&gt; &lt;span class="atr-value"&gt;Kerk&lt;/span&gt;&lt;/li&gt;
  &lt;li&gt;&lt;strong&gt;&lt;span class="atr-name"&gt;naam&lt;/span&gt;:&lt;/strong&gt; &lt;span class="atr-value"&gt;O.L. Vrouwe Onbevlekt Ontvangen kerk&lt;/span&gt;&lt;/li&gt;
  &lt;li&gt;&lt;strong&gt;&lt;span class="atr-name"&gt;plaats&lt;/span&gt;:&lt;/strong&gt; &lt;span class="atr-value"&gt;Terwinselen&lt;/span&gt;&lt;/li&gt;
  &lt;li&gt;&lt;strong&gt;&lt;span class="atr-name"&gt;foto_thumb&lt;/span&gt;:&lt;/strong&gt; &lt;span class="atr-value"&gt;https://images.memorix.nl/rce/thumb/350x350/748c195e-98d1-4f19-fd93-fb34cd657309.jpg&lt;/span&gt;&lt;/li&gt;
  &lt;li&gt;&lt;strong&gt;&lt;span class="atr-name"&gt;foto_groot&lt;/span&gt;:&lt;/strong&gt; &lt;span class="atr-value"&gt;https://images.memorix.nl/rce/thumb/fullsize/748c195e-98d1-4f19-fd93-fb34cd657309.jpg&lt;/span&gt;&lt;/li&gt;
  &lt;li&gt;&lt;strong&gt;&lt;span class="atr-name"&gt;fotograaf&lt;/span&gt;:&lt;/strong&gt; &lt;span class="atr-value"&gt;Frans Kabel (beeldbank RCE)&lt;/span&gt;&lt;/li&gt;
  &lt;li&gt;&lt;strong&gt;&lt;span class="atr-name"&gt;architect&lt;/span&gt;:&lt;/strong&gt; &lt;span class="atr-value"&gt;Groenendael, J.H.H. van&lt;/span&gt;&lt;/li&gt;
  &lt;li&gt;&lt;strong&gt;&lt;span class="atr-name"&gt;hoofd_beg&lt;/span&gt;:&lt;/strong&gt; &lt;span class="atr-value"&gt;1921-&lt;/span&gt;&lt;/li&gt;
  &lt;li&gt;&lt;strong&gt;&lt;span class="atr-name"&gt;hoofd_eind&lt;/span&gt;:&lt;/strong&gt; &lt;span class="atr-value"&gt;1923&lt;/span&gt;&lt;/li&gt;
  
  &lt;li&gt;&lt;strong&gt;&lt;span class="atr-name"&gt;voorg_eind&lt;/span&gt;:&lt;/strong&gt; &lt;span class="atr-value"&gt;0&lt;/span&gt;&lt;/li&gt;
  &lt;li&gt;&lt;strong&gt;&lt;span class="atr-name"&gt;denominat&lt;/span&gt;:&lt;/strong&gt; &lt;span class="atr-value"&gt;Rooms-Katholieke Kerk in Nederland&lt;/span&gt;&lt;/li&gt;
  &lt;li&gt;&lt;strong&gt;&lt;span class="atr-name"&gt;huidigfunc&lt;/span&gt;:&lt;/strong&gt; &lt;span class="atr-value"&gt;Religieus&lt;/span&gt;&lt;/li&gt;
  &lt;li&gt;&lt;strong&gt;&lt;span class="atr-name"&gt;rmon_url&lt;/span&gt;:&lt;/strong&gt; &lt;span class="atr-value"&gt;https://monumentenregister.cultureelerfgoed.nl/monumenten/513738&lt;/span&gt;&lt;/li&gt;
  
&lt;/ul&gt;
</description>
                <LookAt>
                    <longitude>6.026690774290358</longitude>
                    <latitude>50.86795812708137</latitude>
                    <altitude>0.0</altitude>
                    <heading>0.0</heading>
                    <tilt>0.0</tilt>
                    <range>0.0</range>
                    <altitudeMode>clampToGround</altitudeMode>
                </LookAt>
                <Style>
                    <IconStyle>
                        <scale>4.125</scale>
                        <heading>0.0</heading>
                        <Icon>
                            <href>https://services.rce.geovoorziening.nl/kml/icon/Landschapsatlas_religieuserfgoed_kerken_style?0.0.0=&amp;0.1.0=&amp;0.1.1=</href>
                        </Icon>
                    </IconStyle>
                    <LabelStyle>
                        <color>00ffffff</color>
                        <scale>0.0</scale>
                    </LabelStyle>
                </Style>
                <Point>
                    <coordinates>6.02669077429036,50.86795812708138</coordinates>
                </Point>
            </Placemark>
            <Placemark id="religieuserfgoed.2779">
                <name>St.-Antonius van Padua kerk</name>
                <description>&lt;h4&gt;religieuserfgoed&lt;/h4&gt;

&lt;ul class="textattributes"&gt;
  &lt;li&gt;&lt;strong&gt;&lt;span class="atr-name"&gt;ogc_fid&lt;/span&gt;:&lt;/strong&gt; &lt;span class="atr-value"&gt;2779&lt;/span&gt;&lt;/li&gt;
  &lt;li&gt;&lt;strong&gt;&lt;span class="atr-name"&gt;rijksmonum&lt;/span&gt;:&lt;/strong&gt; &lt;span class="atr-value"&gt;513742&lt;/span&gt;&lt;/li&gt;
  &lt;li&gt;&lt;strong&gt;&lt;span class="atr-name"&gt;rd_x&lt;/span&gt;:&lt;/strong&gt; &lt;span class="atr-value"&gt;202913.6&lt;/span&gt;&lt;/li&gt;
  &lt;li&gt;&lt;strong&gt;&lt;span class="atr-name"&gt;rd_y&lt;/span&gt;:&lt;/strong&gt; &lt;span class="atr-value"&gt;318287.3&lt;/span&gt;&lt;/li&gt;
  &lt;li&gt;&lt;strong&gt;&lt;span class="atr-name"&gt;legenda&lt;/span&gt;:&lt;/strong&gt; &lt;span class="atr-value"&gt;Kerk&lt;/span&gt;&lt;/li&gt;
  &lt;li&gt;&lt;strong&gt;&lt;span class="atr-name"&gt;naam&lt;/span&gt;:&lt;/strong&gt; &lt;span class="atr-value"&gt;St.-Antonius van Padua kerk&lt;/span&gt;&lt;/li&gt;
  &lt;li&gt;&lt;strong&gt;&lt;span class="atr-name"&gt;plaats&lt;/span&gt;:&lt;/strong&gt; &lt;span class="atr-value"&gt;Bleijerheide&lt;/span&gt;&lt;/li&gt;
  &lt;li&gt;&lt;strong&gt;&lt;span class="atr-name"&gt;foto_thumb&lt;/span&gt;:&lt;/strong&gt; &lt;span class="atr-value"&gt;https://images.memorix.nl/rce/thumb/350x350/cdcc67ba-90f4-5379-b686-e7069666969a.jpg&lt;/span&gt;&lt;/li&gt;
  &lt;li&gt;&lt;strong&gt;&lt;span class="atr-name"&gt;foto_groot&lt;/span&gt;:&lt;/strong&gt; &lt;span class="atr-value"&gt;https://images.memorix.nl/rce/thumb/fullsize/cdcc67ba-90f4-5379-b686-e7069666969a.jpg&lt;/span&gt;&lt;/li&gt;
  &lt;li&gt;&lt;strong&gt;&lt;span class="atr-name"&gt;fotograaf&lt;/span&gt;:&lt;/strong&gt; &lt;span class="atr-value"&gt;Lichtbeeldeninstituut, Vandermeulen (beeldbank RCE)&lt;/span&gt;&lt;/li&gt;
  &lt;li&gt;&lt;strong&gt;&lt;span class="atr-name"&gt;architect&lt;/span&gt;:&lt;/strong&gt; &lt;span class="atr-value"&gt;Boosten, A.J.N.&lt;/span&gt;&lt;/li&gt;
  &lt;li&gt;&lt;strong&gt;&lt;span class="atr-name"&gt;hoofd_beg&lt;/span&gt;:&lt;/strong&gt; &lt;span class="atr-value"&gt;1931-&lt;/span&gt;&lt;/li&gt;
  &lt;li&gt;&lt;strong&gt;&lt;span class="atr-name"&gt;hoofd_eind&lt;/span&gt;:&lt;/strong&gt; &lt;span class="atr-value"&gt;1932&lt;/span&gt;&lt;/li&gt;
  
  &lt;li&gt;&lt;strong&gt;&lt;span class="atr-name"&gt;voorg_eind&lt;/span&gt;:&lt;/strong&gt; &lt;span class="atr-value"&gt;0&lt;/span&gt;&lt;/li&gt;
  &lt;li&gt;&lt;strong&gt;&lt;span class="atr-name"&gt;denominat&lt;/span&gt;:&lt;/strong&gt; &lt;span class="atr-value"&gt;Rooms-Katholieke Kerk in Nederland&lt;/span&gt;&lt;/li&gt;
  &lt;li&gt;&lt;strong&gt;&lt;span class="atr-name"&gt;huidigfunc&lt;/span&gt;:&lt;/strong&gt; &lt;span class="atr-value"&gt;Religieus&lt;/span&gt;&lt;/li&gt;
  &lt;li&gt;&lt;strong&gt;&lt;span class="atr-name"&gt;rmon_url&lt;/span&gt;:&lt;/strong&gt; &lt;span class="atr-value"&gt;https://monumentenregister.cultureelerfgoed.nl/monumenten/513742&lt;/span&gt;&lt;/li&gt;
  
&lt;/ul&gt;
</description>
                <LookAt>
                    <longitude>6.067574720354401</longitude>
                    <latitude>50.8524137658646</latitude>
                    <altitude>0.0</altitude>
                    <heading>0.0</heading>
                    <tilt>0.0</tilt>
                    <range>0.0</range>
                    <altitudeMode>clampToGround</altitudeMode>
                </LookAt>
                <Style>
                    <IconStyle>
                        <scale>4.125</scale>
                        <heading>0.0</heading>
                        <Icon>
                            <href>https://services.rce.geovoorziening.nl/kml/icon/Landschapsatlas_religieuserfgoed_kerken_style?0.0.0=&amp;0.1.0=&amp;0.1.1=</href>
                        </Icon>
                    </IconStyle>
                    <LabelStyle>
                        <color>00ffffff</color>
                        <scale>0.0</scale>
                    </LabelStyle>
                </Style>
                <Point>
                    <coordinates>6.067574720354403,50.8524137658646</coordinates>
                </Point>
            </Placemark>
            <Placemark id="religieuserfgoed.2780">
                <name>St.-Johannes de Doperkerk</name>
                <description>&lt;h4&gt;religieuserfgoed&lt;/h4&gt;

&lt;ul class="textattributes"&gt;
  &lt;li&gt;&lt;strong&gt;&lt;span class="atr-name"&gt;ogc_fid&lt;/span&gt;:&lt;/strong&gt; &lt;span class="atr-value"&gt;2780&lt;/span&gt;&lt;/li&gt;
  &lt;li&gt;&lt;strong&gt;&lt;span class="atr-name"&gt;rijksmonum&lt;/span&gt;:&lt;/strong&gt; &lt;span class="atr-value"&gt;513744&lt;/span&gt;&lt;/li&gt;
  &lt;li&gt;&lt;strong&gt;&lt;span class="atr-name"&gt;rd_x&lt;/span&gt;:&lt;/strong&gt; &lt;span class="atr-value"&gt;202495.3&lt;/span&gt;&lt;/li&gt;
  &lt;li&gt;&lt;strong&gt;&lt;span class="atr-name"&gt;rd_y&lt;/span&gt;:&lt;/strong&gt; &lt;span class="atr-value"&gt;322964.6&lt;/span&gt;&lt;/li&gt;
  &lt;li&gt;&lt;strong&gt;&lt;span class="atr-name"&gt;legenda&lt;/span&gt;:&lt;/strong&gt; &lt;span class="atr-value"&gt;Kerk&lt;/span&gt;&lt;/li&gt;
  &lt;li&gt;&lt;strong&gt;&lt;span class="atr-name"&gt;naam&lt;/span&gt;:&lt;/strong&gt; &lt;span class="atr-value"&gt;St.-Johannes de Doperkerk&lt;/span&gt;&lt;/li&gt;
  &lt;li&gt;&lt;strong&gt;&lt;span class="atr-name"&gt;plaats&lt;/span&gt;:&lt;/strong&gt; &lt;span class="atr-value"&gt;Eygelshoven&lt;/span&gt;&lt;/li&gt;
  &lt;li&gt;&lt;strong&gt;&lt;span class="atr-name"&gt;foto_thumb&lt;/span&gt;:&lt;/strong&gt; &lt;span class="atr-value"&gt;https://images.memorix.nl/rce/thumb/350x350/49ad7058-09ff-e618-f229-473c9b8e92c5.jpg&lt;/span&gt;&lt;/li&gt;
  &lt;li&gt;&lt;strong&gt;&lt;span class="atr-name"&gt;foto_groot&lt;/span&gt;:&lt;/strong&gt; &lt;span class="atr-value"&gt;https://images.memorix.nl/rce/thumb/fullsize/49ad7058-09ff-e618-f229-473c9b8e92c5.jpg&lt;/span&gt;&lt;/li&gt;
  &lt;li&gt;&lt;strong&gt;&lt;span class="atr-name"&gt;fotograaf&lt;/span&gt;:&lt;/strong&gt; &lt;span class="atr-value"&gt;Frans Kabel (beeldbank RCE)&lt;/span&gt;&lt;/li&gt;
  &lt;li&gt;&lt;strong&gt;&lt;span class="atr-name"&gt;architect&lt;/span&gt;:&lt;/strong&gt; &lt;span class="atr-value"&gt;Boosten, A.J.N. &amp; J. Ritzen&lt;/span&gt;&lt;/li&gt;
  &lt;li&gt;&lt;strong&gt;&lt;span class="atr-name"&gt;hoofd_beg&lt;/span&gt;:&lt;/strong&gt; &lt;span class="atr-value"&gt;1921-&lt;/span&gt;&lt;/li&gt;
  &lt;li&gt;&lt;strong&gt;&lt;span class="atr-name"&gt;hoofd_eind&lt;/span&gt;:&lt;/strong&gt; &lt;span class="atr-value"&gt;1922&lt;/span&gt;&lt;/li&gt;
  
  &lt;li&gt;&lt;strong&gt;&lt;span class="atr-name"&gt;voorg_eind&lt;/span&gt;:&lt;/strong&gt; &lt;span class="atr-value"&gt;0&lt;/span&gt;&lt;/li&gt;
  &lt;li&gt;&lt;strong&gt;&lt;span class="atr-name"&gt;denominat&lt;/span&gt;:&lt;/strong&gt; &lt;span class="atr-value"&gt;Rooms-Katholieke Kerk in Nederland&lt;/span&gt;&lt;/li&gt;
  &lt;li&gt;&lt;strong&gt;&lt;span class="atr-name"&gt;huidigfunc&lt;/span&gt;:&lt;/strong&gt; &lt;span class="atr-value"&gt;Religieus&lt;/span&gt;&lt;/li&gt;
  &lt;li&gt;&lt;strong&gt;&lt;span class="atr-name"&gt;rmon_url&lt;/span&gt;:&lt;/strong&gt; &lt;span class="atr-value"&gt;https://monumentenregister.cultureelerfgoed.nl/monumenten/513744&lt;/span&gt;&lt;/li&gt;
  
&lt;/ul&gt;
</description>
                <LookAt>
                    <longitude>6.062247933858288</longitude>
                    <latitude>50.894489425152116</latitude>
                    <altitude>0.0</altitude>
                    <heading>0.0</heading>
                    <tilt>0.0</tilt>
                    <range>0.0</range>
                    <altitudeMode>clampToGround</altitudeMode>
                </LookAt>
                <Style>
                    <IconStyle>
                        <scale>4.125</scale>
                        <heading>0.0</heading>
                        <Icon>
                            <href>https://services.rce.geovoorziening.nl/kml/icon/Landschapsatlas_religieuserfgoed_kerken_style?0.0.0=&amp;0.1.0=&amp;0.1.1=</href>
                        </Icon>
                    </IconStyle>
                    <LabelStyle>
                        <color>00ffffff</color>
                        <scale>0.0</scale>
                    </LabelStyle>
                </Style>
                <Point>
                    <coordinates>6.062247933858292,50.894489425152116</coordinates>
                </Point>
            </Placemark>
            <Placemark id="religieuserfgoed.2781">
                <name>St.-Jozefkerk</name>
                <description>&lt;h4&gt;religieuserfgoed&lt;/h4&gt;

&lt;ul class="textattributes"&gt;
  &lt;li&gt;&lt;strong&gt;&lt;span class="atr-name"&gt;ogc_fid&lt;/span&gt;:&lt;/strong&gt; &lt;span class="atr-value"&gt;2781&lt;/span&gt;&lt;/li&gt;
  &lt;li&gt;&lt;strong&gt;&lt;span class="atr-name"&gt;rijksmonum&lt;/span&gt;:&lt;/strong&gt; &lt;span class="atr-value"&gt;513746&lt;/span&gt;&lt;/li&gt;
  &lt;li&gt;&lt;strong&gt;&lt;span class="atr-name"&gt;rd_x&lt;/span&gt;:&lt;/strong&gt; &lt;span class="atr-value"&gt;200973.5&lt;/span&gt;&lt;/li&gt;
  &lt;li&gt;&lt;strong&gt;&lt;span class="atr-name"&gt;rd_y&lt;/span&gt;:&lt;/strong&gt; &lt;span class="atr-value"&gt;319648.3&lt;/span&gt;&lt;/li&gt;
  &lt;li&gt;&lt;strong&gt;&lt;span class="atr-name"&gt;legenda&lt;/span&gt;:&lt;/strong&gt; &lt;span class="atr-value"&gt;Kerk&lt;/span&gt;&lt;/li&gt;
  &lt;li&gt;&lt;strong&gt;&lt;span class="atr-name"&gt;naam&lt;/span&gt;:&lt;/strong&gt; &lt;span class="atr-value"&gt;St.-Jozefkerk&lt;/span&gt;&lt;/li&gt;
  &lt;li&gt;&lt;strong&gt;&lt;span class="atr-name"&gt;plaats&lt;/span&gt;:&lt;/strong&gt; &lt;span class="atr-value"&gt;Spekholzerheide&lt;/span&gt;&lt;/li&gt;
  &lt;li&gt;&lt;strong&gt;&lt;span class="atr-name"&gt;foto_thumb&lt;/span&gt;:&lt;/strong&gt; &lt;span class="atr-value"&gt;https://images.memorix.nl/rce/thumb/350x350/9ab60c7b-24c2-4faf-c22a-bfeff694f252.jpg&lt;/span&gt;&lt;/li&gt;
  &lt;li&gt;&lt;strong&gt;&lt;span class="atr-name"&gt;foto_groot&lt;/span&gt;:&lt;/strong&gt; &lt;span class="atr-value"&gt;https://images.memorix.nl/rce/thumb/fullsize/9ab60c7b-24c2-4faf-c22a-bfeff694f252.jpg&lt;/span&gt;&lt;/li&gt;
  &lt;li&gt;&lt;strong&gt;&lt;span class="atr-name"&gt;fotograaf&lt;/span&gt;:&lt;/strong&gt; &lt;span class="atr-value"&gt;Frans Kabel (beeldbank RCE)&lt;/span&gt;&lt;/li&gt;
  &lt;li&gt;&lt;strong&gt;&lt;span class="atr-name"&gt;architect&lt;/span&gt;:&lt;/strong&gt; &lt;span class="atr-value"&gt;Groenendael, J.H.H. van&lt;/span&gt;&lt;/li&gt;
  &lt;li&gt;&lt;strong&gt;&lt;span class="atr-name"&gt;hoofd_beg&lt;/span&gt;:&lt;/strong&gt; &lt;span class="atr-value"&gt;1927-&lt;/span&gt;&lt;/li&gt;
  &lt;li&gt;&lt;strong&gt;&lt;span class="atr-name"&gt;hoofd_eind&lt;/span&gt;:&lt;/strong&gt; &lt;span class="atr-value"&gt;1928&lt;/span&gt;&lt;/li&gt;
  
  &lt;li&gt;&lt;strong&gt;&lt;span class="atr-name"&gt;voorg_eind&lt;/span&gt;:&lt;/strong&gt; &lt;span class="atr-value"&gt;0&lt;/span&gt;&lt;/li&gt;
  &lt;li&gt;&lt;strong&gt;&lt;span class="atr-name"&gt;denominat&lt;/span&gt;:&lt;/strong&gt; &lt;span class="atr-value"&gt;Rooms-Katholieke Kerk in Nederland&lt;/span&gt;&lt;/li&gt;
  &lt;li&gt;&lt;strong&gt;&lt;span class="atr-name"&gt;huidigfunc&lt;/span&gt;:&lt;/strong&gt; &lt;span class="atr-value"&gt;Religieus&lt;/span&gt;&lt;/li&gt;
  &lt;li&gt;&lt;strong&gt;&lt;span class="atr-name"&gt;rmon_url&lt;/span&gt;:&lt;/strong&gt; &lt;span class="atr-value"&gt;https://monumentenregister.cultureelerfgoed.nl/monumenten/513746&lt;/span&gt;&lt;/li&gt;
  
&lt;/ul&gt;
</description>
                <LookAt>
                    <longitude>6.040199366311327</longitude>
                    <latitude>50.864805689187016</latitude>
                    <altitude>0.0</altitude>
                    <heading>0.0</heading>
                    <tilt>0.0</tilt>
                    <range>0.0</range>
                    <altitudeMode>clampToGround</altitudeMode>
                </LookAt>
                <Style>
                    <IconStyle>
                        <scale>4.125</scale>
                        <heading>0.0</heading>
                        <Icon>
                            <href>https://services.rce.geovoorziening.nl/kml/icon/Landschapsatlas_religieuserfgoed_kerken_style?0.0.0=&amp;0.1.0=&amp;0.1.1=</href>
                        </Icon>
                    </IconStyle>
                    <LabelStyle>
                        <color>00ffffff</color>
                        <scale>0.0</scale>
                    </LabelStyle>
                </Style>
                <Point>
                    <coordinates>6.0401993663113345,50.86480568918702</coordinates>
                </Point>
            </Placemark>
            <Placemark id="religieuserfgoed.2782">
                <name>H. Hart van Jezuskerk</name>
                <description>&lt;h4&gt;religieuserfgoed&lt;/h4&gt;

&lt;ul class="textattributes"&gt;
  &lt;li&gt;&lt;strong&gt;&lt;span class="atr-name"&gt;ogc_fid&lt;/span&gt;:&lt;/strong&gt; &lt;span class="atr-value"&gt;2782&lt;/span&gt;&lt;/li&gt;
  &lt;li&gt;&lt;strong&gt;&lt;span class="atr-name"&gt;rijksmonum&lt;/span&gt;:&lt;/strong&gt; &lt;span class="atr-value"&gt;513750&lt;/span&gt;&lt;/li&gt;
  &lt;li&gt;&lt;strong&gt;&lt;span class="atr-name"&gt;rd_x&lt;/span&gt;:&lt;/strong&gt; &lt;span class="atr-value"&gt;203585.8&lt;/span&gt;&lt;/li&gt;
  &lt;li&gt;&lt;strong&gt;&lt;span class="atr-name"&gt;rd_y&lt;/span&gt;:&lt;/strong&gt; &lt;span class="atr-value"&gt;321531.1&lt;/span&gt;&lt;/li&gt;
  &lt;li&gt;&lt;strong&gt;&lt;span class="atr-name"&gt;legenda&lt;/span&gt;:&lt;/strong&gt; &lt;span class="atr-value"&gt;Kerk&lt;/span&gt;&lt;/li&gt;
  &lt;li&gt;&lt;strong&gt;&lt;span class="atr-name"&gt;naam&lt;/span&gt;:&lt;/strong&gt; &lt;span class="atr-value"&gt;H. Hart van Jezuskerk&lt;/span&gt;&lt;/li&gt;
  &lt;li&gt;&lt;strong&gt;&lt;span class="atr-name"&gt;plaats&lt;/span&gt;:&lt;/strong&gt; &lt;span class="atr-value"&gt;Kerkrade&lt;/span&gt;&lt;/li&gt;
  &lt;li&gt;&lt;strong&gt;&lt;span class="atr-name"&gt;foto_thumb&lt;/span&gt;:&lt;/strong&gt; &lt;span class="atr-value"&gt;https://images.memorix.nl/rce/thumb/350x350/6b58ce16-7918-73b7-a67d-8b38be9583cd.jpg&lt;/span&gt;&lt;/li&gt;
  &lt;li&gt;&lt;strong&gt;&lt;span class="atr-name"&gt;foto_groot&lt;/span&gt;:&lt;/strong&gt; &lt;span class="atr-value"&gt;https://images.memorix.nl/rce/thumb/fullsize/6b58ce16-7918-73b7-a67d-8b38be9583cd.jpg&lt;/span&gt;&lt;/li&gt;
  &lt;li&gt;&lt;strong&gt;&lt;span class="atr-name"&gt;fotograaf&lt;/span&gt;:&lt;/strong&gt; &lt;span class="atr-value"&gt;Frans Kabel (beeldbank RCE)&lt;/span&gt;&lt;/li&gt;
  &lt;li&gt;&lt;strong&gt;&lt;span class="atr-name"&gt;architect&lt;/span&gt;:&lt;/strong&gt; &lt;span class="atr-value"&gt;Franssen, C.J.H. &amp; J.G.C.&lt;/span&gt;&lt;/li&gt;
  &lt;li&gt;&lt;strong&gt;&lt;span class="atr-name"&gt;hoofd_beg&lt;/span&gt;:&lt;/strong&gt; &lt;span class="atr-value"&gt;1931-&lt;/span&gt;&lt;/li&gt;
  &lt;li&gt;&lt;strong&gt;&lt;span class="atr-name"&gt;hoofd_eind&lt;/span&gt;:&lt;/strong&gt; &lt;span class="atr-value"&gt;1932&lt;/span&gt;&lt;/li&gt;
  
  &lt;li&gt;&lt;strong&gt;&lt;span class="atr-name"&gt;voorg_eind&lt;/span&gt;:&lt;/strong&gt; &lt;span class="atr-value"&gt;0&lt;/span&gt;&lt;/li&gt;
  &lt;li&gt;&lt;strong&gt;&lt;span class="atr-name"&gt;denominat&lt;/span&gt;:&lt;/strong&gt; &lt;span class="atr-value"&gt;Rooms-Katholieke Kerk in Nederland&lt;/span&gt;&lt;/li&gt;
  &lt;li&gt;&lt;strong&gt;&lt;span class="atr-name"&gt;huidigfunc&lt;/span&gt;:&lt;/strong&gt; &lt;span class="atr-value"&gt;Religieus&lt;/span&gt;&lt;/li&gt;
  &lt;li&gt;&lt;strong&gt;&lt;span class="atr-name"&gt;rmon_url&lt;/span&gt;:&lt;/strong&gt; &lt;span class="atr-value"&gt;https://monumentenregister.cultureelerfgoed.nl/monumenten/513750&lt;/span&gt;&lt;/li&gt;
  
&lt;/ul&gt;
</description>
                <LookAt>
                    <longitude>6.077553882806612</longitude>
                    <latitude>50.881513285705566</latitude>
                    <altitude>0.0</altitude>
                    <heading>0.0</heading>
                    <tilt>0.0</tilt>
                    <range>0.0</range>
                    <altitudeMode>clampToGround</altitudeMode>
                </LookAt>
                <Style>
                    <IconStyle>
                        <scale>4.125</scale>
                        <heading>0.0</heading>
                        <Icon>
                            <href>https://services.rce.geovoorziening.nl/kml/icon/Landschapsatlas_religieuserfgoed_kerken_style?0.0.0=&amp;0.1.0=&amp;0.1.1=</href>
                        </Icon>
                    </IconStyle>
                    <LabelStyle>
                        <color>00ffffff</color>
                        <scale>0.0</scale>
                    </LabelStyle>
                </Style>
                <Point>
                    <coordinates>6.077553882806612,50.88151328570557</coordinates>
                </Point>
            </Placemark>
            <Placemark id="religieuserfgoed.2783">
                <name>Hervormde Kerk Chevremont</name>
                <description>&lt;h4&gt;religieuserfgoed&lt;/h4&gt;

&lt;ul class="textattributes"&gt;
  &lt;li&gt;&lt;strong&gt;&lt;span class="atr-name"&gt;ogc_fid&lt;/span&gt;:&lt;/strong&gt; &lt;span class="atr-value"&gt;2783&lt;/span&gt;&lt;/li&gt;
  &lt;li&gt;&lt;strong&gt;&lt;span class="atr-name"&gt;rijksmonum&lt;/span&gt;:&lt;/strong&gt; &lt;span class="atr-value"&gt;513758&lt;/span&gt;&lt;/li&gt;
  &lt;li&gt;&lt;strong&gt;&lt;span class="atr-name"&gt;rd_x&lt;/span&gt;:&lt;/strong&gt; &lt;span class="atr-value"&gt;202843.4&lt;/span&gt;&lt;/li&gt;
  &lt;li&gt;&lt;strong&gt;&lt;span class="atr-name"&gt;rd_y&lt;/span&gt;:&lt;/strong&gt; &lt;span class="atr-value"&gt;320665.4&lt;/span&gt;&lt;/li&gt;
  &lt;li&gt;&lt;strong&gt;&lt;span class="atr-name"&gt;legenda&lt;/span&gt;:&lt;/strong&gt; &lt;span class="atr-value"&gt;Kerk&lt;/span&gt;&lt;/li&gt;
  &lt;li&gt;&lt;strong&gt;&lt;span class="atr-name"&gt;naam&lt;/span&gt;:&lt;/strong&gt; &lt;span class="atr-value"&gt;Hervormde Kerk Chevremont&lt;/span&gt;&lt;/li&gt;
  &lt;li&gt;&lt;strong&gt;&lt;span class="atr-name"&gt;plaats&lt;/span&gt;:&lt;/strong&gt; &lt;span class="atr-value"&gt;Kerkrade&lt;/span&gt;&lt;/li&gt;
  &lt;li&gt;&lt;strong&gt;&lt;span class="atr-name"&gt;foto_thumb&lt;/span&gt;:&lt;/strong&gt; &lt;span class="atr-value"&gt;https://images.memorix.nl/rce/thumb/350x350/f56268e0-fa56-c46e-4510-7e679e2ade2d.jpg&lt;/span&gt;&lt;/li&gt;
  &lt;li&gt;&lt;strong&gt;&lt;span class="atr-name"&gt;foto_groot&lt;/span&gt;:&lt;/strong&gt; &lt;span class="atr-value"&gt;https://images.memorix.nl/rce/thumb/fullsize/f56268e0-fa56-c46e-4510-7e679e2ade2d.jpg&lt;/span&gt;&lt;/li&gt;
  &lt;li&gt;&lt;strong&gt;&lt;span class="atr-name"&gt;fotograaf&lt;/span&gt;:&lt;/strong&gt; &lt;span class="atr-value"&gt;J.P. de Koning (beeldbank RCE)&lt;/span&gt;&lt;/li&gt;
  &lt;li&gt;&lt;strong&gt;&lt;span class="atr-name"&gt;architect&lt;/span&gt;:&lt;/strong&gt; &lt;span class="atr-value"&gt;Tiemens, H.J.&lt;/span&gt;&lt;/li&gt;
  
  &lt;li&gt;&lt;strong&gt;&lt;span class="atr-name"&gt;hoofd_eind&lt;/span&gt;:&lt;/strong&gt; &lt;span class="atr-value"&gt;1923&lt;/span&gt;&lt;/li&gt;
  
  &lt;li&gt;&lt;strong&gt;&lt;span class="atr-name"&gt;voorg_eind&lt;/span&gt;:&lt;/strong&gt; &lt;span class="atr-value"&gt;0&lt;/span&gt;&lt;/li&gt;
  &lt;li&gt;&lt;strong&gt;&lt;span class="atr-name"&gt;denominat&lt;/span&gt;:&lt;/strong&gt; &lt;span class="atr-value"&gt;Nederlandse Hervormde Kerk&lt;/span&gt;&lt;/li&gt;
  &lt;li&gt;&lt;strong&gt;&lt;span class="atr-name"&gt;huidigfunc&lt;/span&gt;:&lt;/strong&gt; &lt;span class="atr-value"&gt;Cultureel en maatschappelijk&lt;/span&gt;&lt;/li&gt;
  &lt;li&gt;&lt;strong&gt;&lt;span class="atr-name"&gt;rmon_url&lt;/span&gt;:&lt;/strong&gt; &lt;span class="atr-value"&gt;https://monumentenregister.cultureelerfgoed.nl/monumenten/513758&lt;/span&gt;&lt;/li&gt;
  
&lt;/ul&gt;
</description>
                <LookAt>
                    <longitude>6.066891583369738</longitude>
                    <latitude>50.87379462162383</latitude>
                    <altitude>0.0</altitude>
                    <heading>0.0</heading>
                    <tilt>0.0</tilt>
                    <range>0.0</range>
                    <altitudeMode>clampToGround</altitudeMode>
                </LookAt>
                <Style>
                    <IconStyle>
                        <scale>4.125</scale>
                        <heading>0.0</heading>
                        <Icon>
                            <href>https://services.rce.geovoorziening.nl/kml/icon/Landschapsatlas_religieuserfgoed_kerken_style?0.0.0=&amp;0.1.0=&amp;0.1.1=</href>
                        </Icon>
                    </IconStyle>
                    <LabelStyle>
                        <color>00ffffff</color>
                        <scale>0.0</scale>
                    </LabelStyle>
                </Style>
                <Point>
                    <coordinates>6.066891583369748,50.87379462162383</coordinates>
                </Point>
            </Placemark>
            <Placemark id="religieuserfgoed.2924">
                <name>St.-Augustinuskerk</name>
                <description>&lt;h4&gt;religieuserfgoed&lt;/h4&gt;

&lt;ul class="textattributes"&gt;
  &lt;li&gt;&lt;strong&gt;&lt;span class="atr-name"&gt;ogc_fid&lt;/span&gt;:&lt;/strong&gt; &lt;span class="atr-value"&gt;2924&lt;/span&gt;&lt;/li&gt;
  &lt;li&gt;&lt;strong&gt;&lt;span class="atr-name"&gt;rijksmonum&lt;/span&gt;:&lt;/strong&gt; &lt;span class="atr-value"&gt;517849&lt;/span&gt;&lt;/li&gt;
  &lt;li&gt;&lt;strong&gt;&lt;span class="atr-name"&gt;rd_x&lt;/span&gt;:&lt;/strong&gt; &lt;span class="atr-value"&gt;185714.7&lt;/span&gt;&lt;/li&gt;
  &lt;li&gt;&lt;strong&gt;&lt;span class="atr-name"&gt;rd_y&lt;/span&gt;:&lt;/strong&gt; &lt;span class="atr-value"&gt;330930.8&lt;/span&gt;&lt;/li&gt;
  &lt;li&gt;&lt;strong&gt;&lt;span class="atr-name"&gt;legenda&lt;/span&gt;:&lt;/strong&gt; &lt;span class="atr-value"&gt;Kerk&lt;/span&gt;&lt;/li&gt;
  &lt;li&gt;&lt;strong&gt;&lt;span class="atr-name"&gt;naam&lt;/span&gt;:&lt;/strong&gt; &lt;span class="atr-value"&gt;St.-Augustinuskerk&lt;/span&gt;&lt;/li&gt;
  &lt;li&gt;&lt;strong&gt;&lt;span class="atr-name"&gt;plaats&lt;/span&gt;:&lt;/strong&gt; &lt;span class="atr-value"&gt;Geleen&lt;/span&gt;&lt;/li&gt;
  &lt;li&gt;&lt;strong&gt;&lt;span class="atr-name"&gt;foto_thumb&lt;/span&gt;:&lt;/strong&gt; &lt;span class="atr-value"&gt;https://upload.wikimedia.org/wikipedia/commons/a/a2/Exterieur_WESTGEVEL_-_Geleen_-_20288371_-_RCE.jpg&lt;/span&gt;&lt;/li&gt;
  &lt;li&gt;&lt;strong&gt;&lt;span class="atr-name"&gt;foto_groot&lt;/span&gt;:&lt;/strong&gt; &lt;span class="atr-value"&gt;https://upload.wikimedia.org/wikipedia/commons/a/a2/Exterieur_WESTGEVEL_-_Geleen_-_20288371_-_RCE.jpg&lt;/span&gt;&lt;/li&gt;
  &lt;li&gt;&lt;strong&gt;&lt;span class="atr-name"&gt;fotograaf&lt;/span&gt;:&lt;/strong&gt; &lt;span class="atr-value"&gt;Loek Tangel via Wikimedia Commons&lt;/span&gt;&lt;/li&gt;
  &lt;li&gt;&lt;strong&gt;&lt;span class="atr-name"&gt;architect&lt;/span&gt;:&lt;/strong&gt; &lt;span class="atr-value"&gt;Cuypers, J.Th.J. &amp; P.J.J.M.&lt;/span&gt;&lt;/li&gt;
  &lt;li&gt;&lt;strong&gt;&lt;span class="atr-name"&gt;hoofd_beg&lt;/span&gt;:&lt;/strong&gt; &lt;span class="atr-value"&gt;1933-&lt;/span&gt;&lt;/li&gt;
  &lt;li&gt;&lt;strong&gt;&lt;span class="atr-name"&gt;hoofd_eind&lt;/span&gt;:&lt;/strong&gt; &lt;span class="atr-value"&gt;1934&lt;/span&gt;&lt;/li&gt;
  
  &lt;li&gt;&lt;strong&gt;&lt;span class="atr-name"&gt;voorg_eind&lt;/span&gt;:&lt;/strong&gt; &lt;span class="atr-value"&gt;1863&lt;/span&gt;&lt;/li&gt;
  &lt;li&gt;&lt;strong&gt;&lt;span class="atr-name"&gt;denominat&lt;/span&gt;:&lt;/strong&gt; &lt;span class="atr-value"&gt;Rooms-Katholieke Kerk in Nederland&lt;/span&gt;&lt;/li&gt;
  &lt;li&gt;&lt;strong&gt;&lt;span class="atr-name"&gt;huidigfunc&lt;/span&gt;:&lt;/strong&gt; &lt;span class="atr-value"&gt;Religieus&lt;/span&gt;&lt;/li&gt;
  &lt;li&gt;&lt;strong&gt;&lt;span class="atr-name"&gt;rmon_url&lt;/span&gt;:&lt;/strong&gt; &lt;span class="atr-value"&gt;https://monumentenregister.cultureelerfgoed.nl/monumenten/517849&lt;/span&gt;&lt;/li&gt;
  
&lt;/ul&gt;
</description>
                <LookAt>
                    <longitude>5.824431155903909</longitude>
                    <latitude>50.9672401392949</latitude>
                    <altitude>0.0</altitude>
                    <heading>0.0</heading>
                    <tilt>0.0</tilt>
                    <range>0.0</range>
                    <altitudeMode>clampToGround</altitudeMode>
                </LookAt>
                <Style>
                    <IconStyle>
                        <scale>4.125</scale>
                        <heading>0.0</heading>
                        <Icon>
                            <href>https://services.rce.geovoorziening.nl/kml/icon/Landschapsatlas_religieuserfgoed_kerken_style?0.0.0=&amp;0.1.0=&amp;0.1.1=</href>
                        </Icon>
                    </IconStyle>
                    <LabelStyle>
                        <color>00ffffff</color>
                        <scale>0.0</scale>
                    </LabelStyle>
                </Style>
                <Point>
                    <coordinates>5.824431155903892,50.96724013929491</coordinates>
                </Point>
            </Placemark>
            <Placemark id="religieuserfgoed.2957">
                <name>St.-Vincentius a Paulokerk</name>
                <description>&lt;h4&gt;religieuserfgoed&lt;/h4&gt;

&lt;ul class="textattributes"&gt;
  &lt;li&gt;&lt;strong&gt;&lt;span class="atr-name"&gt;ogc_fid&lt;/span&gt;:&lt;/strong&gt; &lt;span class="atr-value"&gt;2957&lt;/span&gt;&lt;/li&gt;
  &lt;li&gt;&lt;strong&gt;&lt;span class="atr-name"&gt;rijksmonum&lt;/span&gt;:&lt;/strong&gt; &lt;span class="atr-value"&gt;518603&lt;/span&gt;&lt;/li&gt;
  &lt;li&gt;&lt;strong&gt;&lt;span class="atr-name"&gt;rd_x&lt;/span&gt;:&lt;/strong&gt; &lt;span class="atr-value"&gt;196434.5&lt;/span&gt;&lt;/li&gt;
  &lt;li&gt;&lt;strong&gt;&lt;span class="atr-name"&gt;rd_y&lt;/span&gt;:&lt;/strong&gt; &lt;span class="atr-value"&gt;328049.5&lt;/span&gt;&lt;/li&gt;
  &lt;li&gt;&lt;strong&gt;&lt;span class="atr-name"&gt;legenda&lt;/span&gt;:&lt;/strong&gt; &lt;span class="atr-value"&gt;Kerk&lt;/span&gt;&lt;/li&gt;
  &lt;li&gt;&lt;strong&gt;&lt;span class="atr-name"&gt;naam&lt;/span&gt;:&lt;/strong&gt; &lt;span class="atr-value"&gt;St.-Vincentius a Paulokerk&lt;/span&gt;&lt;/li&gt;
  &lt;li&gt;&lt;strong&gt;&lt;span class="atr-name"&gt;plaats&lt;/span&gt;:&lt;/strong&gt; &lt;span class="atr-value"&gt;Brunssum&lt;/span&gt;&lt;/li&gt;
  &lt;li&gt;&lt;strong&gt;&lt;span class="atr-name"&gt;foto_thumb&lt;/span&gt;:&lt;/strong&gt; &lt;span class="atr-value"&gt;https://images.memorix.nl/rce/thumb/350x350/1a0cbedb-d960-f13b-6b9f-e11aad951033.jpg&lt;/span&gt;&lt;/li&gt;
  &lt;li&gt;&lt;strong&gt;&lt;span class="atr-name"&gt;foto_groot&lt;/span&gt;:&lt;/strong&gt; &lt;span class="atr-value"&gt;https://images.memorix.nl/rce/thumb/fullsize/1a0cbedb-d960-f13b-6b9f-e11aad951033.jpg&lt;/span&gt;&lt;/li&gt;
  &lt;li&gt;&lt;strong&gt;&lt;span class="atr-name"&gt;fotograaf&lt;/span&gt;:&lt;/strong&gt; &lt;span class="atr-value"&gt;Sjaan van der Jagt (beeldbank RCE)&lt;/span&gt;&lt;/li&gt;
  &lt;li&gt;&lt;strong&gt;&lt;span class="atr-name"&gt;architect&lt;/span&gt;:&lt;/strong&gt; &lt;span class="atr-value"&gt;Peutz, F.P.J.&lt;/span&gt;&lt;/li&gt;
  &lt;li&gt;&lt;strong&gt;&lt;span class="atr-name"&gt;hoofd_beg&lt;/span&gt;:&lt;/strong&gt; &lt;span class="atr-value"&gt;1924-&lt;/span&gt;&lt;/li&gt;
  &lt;li&gt;&lt;strong&gt;&lt;span class="atr-name"&gt;hoofd_eind&lt;/span&gt;:&lt;/strong&gt; &lt;span class="atr-value"&gt;1925&lt;/span&gt;&lt;/li&gt;
  
  &lt;li&gt;&lt;strong&gt;&lt;span class="atr-name"&gt;voorg_eind&lt;/span&gt;:&lt;/strong&gt; &lt;span class="atr-value"&gt;0&lt;/span&gt;&lt;/li&gt;
  &lt;li&gt;&lt;strong&gt;&lt;span class="atr-name"&gt;denominat&lt;/span&gt;:&lt;/strong&gt; &lt;span class="atr-value"&gt;Rooms-Katholieke Kerk in Nederland&lt;/span&gt;&lt;/li&gt;
  &lt;li&gt;&lt;strong&gt;&lt;span class="atr-name"&gt;huidigfunc&lt;/span&gt;:&lt;/strong&gt; &lt;span class="atr-value"&gt;Religieus&lt;/span&gt;&lt;/li&gt;
  &lt;li&gt;&lt;strong&gt;&lt;span class="atr-name"&gt;rmon_url&lt;/span&gt;:&lt;/strong&gt; &lt;span class="atr-value"&gt;https://monumentenregister.cultureelerfgoed.nl/monumenten/518603&lt;/span&gt;&lt;/li&gt;
  
&lt;/ul&gt;
</description>
                <LookAt>
                    <longitude>5.976693052822924</longitude>
                    <latitude>50.94066513723911</latitude>
                    <altitude>0.0</altitude>
                    <heading>0.0</heading>
                    <tilt>0.0</tilt>
                    <range>0.0</range>
                    <altitudeMode>clampToGround</altitudeMode>
                </LookAt>
                <Style>
                    <IconStyle>
                        <scale>4.125</scale>
                        <heading>0.0</heading>
                        <Icon>
                            <href>https://services.rce.geovoorziening.nl/kml/icon/Landschapsatlas_religieuserfgoed_kerken_style?0.0.0=&amp;0.1.0=&amp;0.1.1=</href>
                        </Icon>
                    </IconStyle>
                    <LabelStyle>
                        <color>00ffffff</color>
                        <scale>0.0</scale>
                    </LabelStyle>
                </Style>
                <Point>
                    <coordinates>5.976693052822918,50.94066513723911</coordinates>
                </Point>
            </Placemark>
            <Placemark id="religieuserfgoed.3061">
                <name>H. Hart van Jezuskerk</name>
                <description>&lt;h4&gt;religieuserfgoed&lt;/h4&gt;

&lt;ul class="textattributes"&gt;
  &lt;li&gt;&lt;strong&gt;&lt;span class="atr-name"&gt;ogc_fid&lt;/span&gt;:&lt;/strong&gt; &lt;span class="atr-value"&gt;3061&lt;/span&gt;&lt;/li&gt;
  &lt;li&gt;&lt;strong&gt;&lt;span class="atr-name"&gt;rijksmonum&lt;/span&gt;:&lt;/strong&gt; &lt;span class="atr-value"&gt;521571&lt;/span&gt;&lt;/li&gt;
  &lt;li&gt;&lt;strong&gt;&lt;span class="atr-name"&gt;rd_x&lt;/span&gt;:&lt;/strong&gt; &lt;span class="atr-value"&gt;188620.9&lt;/span&gt;&lt;/li&gt;
  &lt;li&gt;&lt;strong&gt;&lt;span class="atr-name"&gt;rd_y&lt;/span&gt;:&lt;/strong&gt; &lt;span class="atr-value"&gt;335471.7&lt;/span&gt;&lt;/li&gt;
  &lt;li&gt;&lt;strong&gt;&lt;span class="atr-name"&gt;legenda&lt;/span&gt;:&lt;/strong&gt; &lt;span class="atr-value"&gt;Kerk&lt;/span&gt;&lt;/li&gt;
  &lt;li&gt;&lt;strong&gt;&lt;span class="atr-name"&gt;naam&lt;/span&gt;:&lt;/strong&gt; &lt;span class="atr-value"&gt;H. Hart van Jezuskerk&lt;/span&gt;&lt;/li&gt;
  &lt;li&gt;&lt;strong&gt;&lt;span class="atr-name"&gt;plaats&lt;/span&gt;:&lt;/strong&gt; &lt;span class="atr-value"&gt;Sittard&lt;/span&gt;&lt;/li&gt;
  &lt;li&gt;&lt;strong&gt;&lt;span class="atr-name"&gt;foto_thumb&lt;/span&gt;:&lt;/strong&gt; &lt;span class="atr-value"&gt;https://images.memorix.nl/rce/thumb/350x350/0c541e55-66c2-ca03-d984-a0f6a2af3563.jpg&lt;/span&gt;&lt;/li&gt;
  &lt;li&gt;&lt;strong&gt;&lt;span class="atr-name"&gt;foto_groot&lt;/span&gt;:&lt;/strong&gt; &lt;span class="atr-value"&gt;https://images.memorix.nl/rce/thumb/fullsize/0c541e55-66c2-ca03-d984-a0f6a2af3563.jpg&lt;/span&gt;&lt;/li&gt;
  &lt;li&gt;&lt;strong&gt;&lt;span class="atr-name"&gt;fotograaf&lt;/span&gt;:&lt;/strong&gt; &lt;span class="atr-value"&gt;J.P. de Koning (beeldbank RCE)&lt;/span&gt;&lt;/li&gt;
  &lt;li&gt;&lt;strong&gt;&lt;span class="atr-name"&gt;architect&lt;/span&gt;:&lt;/strong&gt; &lt;span class="atr-value"&gt;Wielders, J.J.&lt;/span&gt;&lt;/li&gt;
  &lt;li&gt;&lt;strong&gt;&lt;span class="atr-name"&gt;hoofd_beg&lt;/span&gt;:&lt;/strong&gt; &lt;span class="atr-value"&gt;1929-&lt;/span&gt;&lt;/li&gt;
  &lt;li&gt;&lt;strong&gt;&lt;span class="atr-name"&gt;hoofd_eind&lt;/span&gt;:&lt;/strong&gt; &lt;span class="atr-value"&gt;1931&lt;/span&gt;&lt;/li&gt;
  
  &lt;li&gt;&lt;strong&gt;&lt;span class="atr-name"&gt;voorg_eind&lt;/span&gt;:&lt;/strong&gt; &lt;span class="atr-value"&gt;0&lt;/span&gt;&lt;/li&gt;
  &lt;li&gt;&lt;strong&gt;&lt;span class="atr-name"&gt;denominat&lt;/span&gt;:&lt;/strong&gt; &lt;span class="atr-value"&gt;Rooms-Katholieke Kerk in Nederland&lt;/span&gt;&lt;/li&gt;
  &lt;li&gt;&lt;strong&gt;&lt;span class="atr-name"&gt;huidigfunc&lt;/span&gt;:&lt;/strong&gt; &lt;span class="atr-value"&gt;Religieus&lt;/span&gt;&lt;/li&gt;
  &lt;li&gt;&lt;strong&gt;&lt;span class="atr-name"&gt;rmon_url&lt;/span&gt;:&lt;/strong&gt; &lt;span class="atr-value"&gt;https://monumentenregister.cultureelerfgoed.nl/monumenten/521571&lt;/span&gt;&lt;/li&gt;
  
&lt;/ul&gt;
</description>
                <LookAt>
                    <longitude>5.866223899537715</longitude>
                    <latitude>51.0078925950794</latitude>
                    <altitude>0.0</altitude>
                    <heading>0.0</heading>
                    <tilt>0.0</tilt>
                    <range>0.0</range>
                    <altitudeMode>clampToGround</altitudeMode>
                </LookAt>
                <Style>
                    <IconStyle>
                        <scale>4.125</scale>
                        <heading>0.0</heading>
                        <Icon>
                            <href>https://services.rce.geovoorziening.nl/kml/icon/Landschapsatlas_religieuserfgoed_kerken_style?0.0.0=&amp;0.1.0=&amp;0.1.1=</href>
                        </Icon>
                    </IconStyle>
                    <LabelStyle>
                        <color>00ffffff</color>
                        <scale>0.0</scale>
                    </LabelStyle>
                </Style>
                <Point>
                    <coordinates>5.8662238995377125,51.007892595079404</coordinates>
                </Point>
            </Placemark>
            <Placemark id="religieuserfgoed.3062">
                <name>St.-Salviuskerk</name>
                <description>&lt;h4&gt;religieuserfgoed&lt;/h4&gt;

&lt;ul class="textattributes"&gt;
  &lt;li&gt;&lt;strong&gt;&lt;span class="atr-name"&gt;ogc_fid&lt;/span&gt;:&lt;/strong&gt; &lt;span class="atr-value"&gt;3062&lt;/span&gt;&lt;/li&gt;
  &lt;li&gt;&lt;strong&gt;&lt;span class="atr-name"&gt;rijksmonum&lt;/span&gt;:&lt;/strong&gt; &lt;span class="atr-value"&gt;521575&lt;/span&gt;&lt;/li&gt;
  &lt;li&gt;&lt;strong&gt;&lt;span class="atr-name"&gt;rd_x&lt;/span&gt;:&lt;/strong&gt; &lt;span class="atr-value"&gt;186713.1&lt;/span&gt;&lt;/li&gt;
  &lt;li&gt;&lt;strong&gt;&lt;span class="atr-name"&gt;rd_y&lt;/span&gt;:&lt;/strong&gt; &lt;span class="atr-value"&gt;335974.8&lt;/span&gt;&lt;/li&gt;
  &lt;li&gt;&lt;strong&gt;&lt;span class="atr-name"&gt;legenda&lt;/span&gt;:&lt;/strong&gt; &lt;span class="atr-value"&gt;Kerk&lt;/span&gt;&lt;/li&gt;
  &lt;li&gt;&lt;strong&gt;&lt;span class="atr-name"&gt;naam&lt;/span&gt;:&lt;/strong&gt; &lt;span class="atr-value"&gt;St.-Salviuskerk&lt;/span&gt;&lt;/li&gt;
  &lt;li&gt;&lt;strong&gt;&lt;span class="atr-name"&gt;plaats&lt;/span&gt;:&lt;/strong&gt; &lt;span class="atr-value"&gt;Limbricht&lt;/span&gt;&lt;/li&gt;
  &lt;li&gt;&lt;strong&gt;&lt;span class="atr-name"&gt;foto_thumb&lt;/span&gt;:&lt;/strong&gt; &lt;span class="atr-value"&gt;https://upload.wikimedia.org/wikipedia/commons/c/c6/Limbricht_NieuweKerk.jpg&lt;/span&gt;&lt;/li&gt;
  &lt;li&gt;&lt;strong&gt;&lt;span class="atr-name"&gt;foto_groot&lt;/span&gt;:&lt;/strong&gt; &lt;span class="atr-value"&gt;https://upload.wikimedia.org/wikipedia/commons/c/c6/Limbricht_NieuweKerk.jpg&lt;/span&gt;&lt;/li&gt;
  &lt;li&gt;&lt;strong&gt;&lt;span class="atr-name"&gt;fotograaf&lt;/span&gt;:&lt;/strong&gt; &lt;span class="atr-value"&gt;Tibor via Wikimedia Commons&lt;/span&gt;&lt;/li&gt;
  &lt;li&gt;&lt;strong&gt;&lt;span class="atr-name"&gt;architect&lt;/span&gt;:&lt;/strong&gt; &lt;span class="atr-value"&gt;Cuypers, J.Th.J. &amp; P.J.J.M.&lt;/span&gt;&lt;/li&gt;
  &lt;li&gt;&lt;strong&gt;&lt;span class="atr-name"&gt;hoofd_beg&lt;/span&gt;:&lt;/strong&gt; &lt;span class="atr-value"&gt;1922-&lt;/span&gt;&lt;/li&gt;
  &lt;li&gt;&lt;strong&gt;&lt;span class="atr-name"&gt;hoofd_eind&lt;/span&gt;:&lt;/strong&gt; &lt;span class="atr-value"&gt;1923&lt;/span&gt;&lt;/li&gt;
  
  &lt;li&gt;&lt;strong&gt;&lt;span class="atr-name"&gt;voorg_eind&lt;/span&gt;:&lt;/strong&gt; &lt;span class="atr-value"&gt;0&lt;/span&gt;&lt;/li&gt;
  &lt;li&gt;&lt;strong&gt;&lt;span class="atr-name"&gt;denominat&lt;/span&gt;:&lt;/strong&gt; &lt;span class="atr-value"&gt;Rooms-Katholieke Kerk in Nederland&lt;/span&gt;&lt;/li&gt;
  &lt;li&gt;&lt;strong&gt;&lt;span class="atr-name"&gt;huidigfunc&lt;/span&gt;:&lt;/strong&gt; &lt;span class="atr-value"&gt;Religieus&lt;/span&gt;&lt;/li&gt;
  &lt;li&gt;&lt;strong&gt;&lt;span class="atr-name"&gt;rmon_url&lt;/span&gt;:&lt;/strong&gt; &lt;span class="atr-value"&gt;https://monumentenregister.cultureelerfgoed.nl/monumenten/521575&lt;/span&gt;&lt;/li&gt;
  
&lt;/ul&gt;
</description>
                <LookAt>
                    <longitude>5.839087051578318</longitude>
                    <latitude>51.01252393234153</latitude>
                    <altitude>0.0</altitude>
                    <heading>0.0</heading>
                    <tilt>0.0</tilt>
                    <range>0.0</range>
                    <altitudeMode>clampToGround</altitudeMode>
                </LookAt>
                <Style>
                    <IconStyle>
                        <scale>4.125</scale>
                        <heading>0.0</heading>
                        <Icon>
                            <href>https://services.rce.geovoorziening.nl/kml/icon/Landschapsatlas_religieuserfgoed_kerken_style?0.0.0=&amp;0.1.0=&amp;0.1.1=</href>
                        </Icon>
                    </IconStyle>
                    <LabelStyle>
                        <color>00ffffff</color>
                        <scale>0.0</scale>
                    </LabelStyle>
                </Style>
                <Point>
                    <coordinates>5.839087051578321,51.01252393234153</coordinates>
                </Point>
            </Placemark>
            <Placemark id="religieuserfgoed.3065">
                <name>O.L. Vrouwe Geboorte kerk</name>
                <description>&lt;h4&gt;religieuserfgoed&lt;/h4&gt;

&lt;ul class="textattributes"&gt;
  &lt;li&gt;&lt;strong&gt;&lt;span class="atr-name"&gt;ogc_fid&lt;/span&gt;:&lt;/strong&gt; &lt;span class="atr-value"&gt;3065&lt;/span&gt;&lt;/li&gt;
  &lt;li&gt;&lt;strong&gt;&lt;span class="atr-name"&gt;rijksmonum&lt;/span&gt;:&lt;/strong&gt; &lt;span class="atr-value"&gt;521629&lt;/span&gt;&lt;/li&gt;
  &lt;li&gt;&lt;strong&gt;&lt;span class="atr-name"&gt;rd_x&lt;/span&gt;:&lt;/strong&gt; &lt;span class="atr-value"&gt;190440.9&lt;/span&gt;&lt;/li&gt;
  &lt;li&gt;&lt;strong&gt;&lt;span class="atr-name"&gt;rd_y&lt;/span&gt;:&lt;/strong&gt; &lt;span class="atr-value"&gt;334946.5&lt;/span&gt;&lt;/li&gt;
  &lt;li&gt;&lt;strong&gt;&lt;span class="atr-name"&gt;legenda&lt;/span&gt;:&lt;/strong&gt; &lt;span class="atr-value"&gt;Kerk&lt;/span&gt;&lt;/li&gt;
  &lt;li&gt;&lt;strong&gt;&lt;span class="atr-name"&gt;naam&lt;/span&gt;:&lt;/strong&gt; &lt;span class="atr-value"&gt;O.L. Vrouwe Geboorte kerk&lt;/span&gt;&lt;/li&gt;
  &lt;li&gt;&lt;strong&gt;&lt;span class="atr-name"&gt;plaats&lt;/span&gt;:&lt;/strong&gt; &lt;span class="atr-value"&gt;Broeksittard&lt;/span&gt;&lt;/li&gt;
  &lt;li&gt;&lt;strong&gt;&lt;span class="atr-name"&gt;foto_thumb&lt;/span&gt;:&lt;/strong&gt; &lt;span class="atr-value"&gt;https://upload.wikimedia.org/wikipedia/commons/d/dd/Broeksittard%2C_Kerkstraat_-_straatbeeld.JPG&lt;/span&gt;&lt;/li&gt;
  &lt;li&gt;&lt;strong&gt;&lt;span class="atr-name"&gt;foto_groot&lt;/span&gt;:&lt;/strong&gt; &lt;span class="atr-value"&gt;https://upload.wikimedia.org/wikipedia/commons/d/dd/Broeksittard%2C_Kerkstraat_-_straatbeeld.JPG&lt;/span&gt;&lt;/li&gt;
  &lt;li&gt;&lt;strong&gt;&lt;span class="atr-name"&gt;fotograaf&lt;/span&gt;:&lt;/strong&gt; &lt;span class="atr-value"&gt;Tibor via Wikimedia Commons&lt;/span&gt;&lt;/li&gt;
  &lt;li&gt;&lt;strong&gt;&lt;span class="atr-name"&gt;architect&lt;/span&gt;:&lt;/strong&gt; &lt;span class="atr-value"&gt;Wielders, J.J.&lt;/span&gt;&lt;/li&gt;
  &lt;li&gt;&lt;strong&gt;&lt;span class="atr-name"&gt;hoofd_beg&lt;/span&gt;:&lt;/strong&gt; &lt;span class="atr-value"&gt;1933-&lt;/span&gt;&lt;/li&gt;
  &lt;li&gt;&lt;strong&gt;&lt;span class="atr-name"&gt;hoofd_eind&lt;/span&gt;:&lt;/strong&gt; &lt;span class="atr-value"&gt;1934&lt;/span&gt;&lt;/li&gt;
  
  &lt;li&gt;&lt;strong&gt;&lt;span class="atr-name"&gt;voorg_eind&lt;/span&gt;:&lt;/strong&gt; &lt;span class="atr-value"&gt;1697&lt;/span&gt;&lt;/li&gt;
  &lt;li&gt;&lt;strong&gt;&lt;span class="atr-name"&gt;denominat&lt;/span&gt;:&lt;/strong&gt; &lt;span class="atr-value"&gt;Rooms-Katholieke Kerk in Nederland&lt;/span&gt;&lt;/li&gt;
  &lt;li&gt;&lt;strong&gt;&lt;span class="atr-name"&gt;huidigfunc&lt;/span&gt;:&lt;/strong&gt; &lt;span class="atr-value"&gt;Religieus&lt;/span&gt;&lt;/li&gt;
  &lt;li&gt;&lt;strong&gt;&lt;span class="atr-name"&gt;rmon_url&lt;/span&gt;:&lt;/strong&gt; &lt;span class="atr-value"&gt;https://monumentenregister.cultureelerfgoed.nl/monumenten/521629&lt;/span&gt;&lt;/li&gt;
  
&lt;/ul&gt;
</description>
                <LookAt>
                    <longitude>5.892102314695009</longitude>
                    <latitude>51.00306172422573</latitude>
                    <altitude>0.0</altitude>
                    <heading>0.0</heading>
                    <tilt>0.0</tilt>
                    <range>0.0</range>
                    <altitudeMode>clampToGround</altitudeMode>
                </LookAt>
                <Style>
                    <IconStyle>
                        <scale>4.125</scale>
                        <heading>0.0</heading>
                        <Icon>
                            <href>https://services.rce.geovoorziening.nl/kml/icon/Landschapsatlas_religieuserfgoed_kerken_style?0.0.0=&amp;0.1.0=&amp;0.1.1=</href>
                        </Icon>
                    </IconStyle>
                    <LabelStyle>
                        <color>00ffffff</color>
                        <scale>0.0</scale>
                    </LabelStyle>
                </Style>
                <Point>
                    <coordinates>5.892102314695011,51.00306172422574</coordinates>
                </Point>
            </Placemark>
            <Placemark id="religieuserfgoed.3066">
                <name>O.L. Vrouwe ten Hemelopneming kerk</name>
                <description>&lt;h4&gt;religieuserfgoed&lt;/h4&gt;

&lt;ul class="textattributes"&gt;
  &lt;li&gt;&lt;strong&gt;&lt;span class="atr-name"&gt;ogc_fid&lt;/span&gt;:&lt;/strong&gt; &lt;span class="atr-value"&gt;3066&lt;/span&gt;&lt;/li&gt;
  &lt;li&gt;&lt;strong&gt;&lt;span class="atr-name"&gt;rijksmonum&lt;/span&gt;:&lt;/strong&gt; &lt;span class="atr-value"&gt;521630&lt;/span&gt;&lt;/li&gt;
  &lt;li&gt;&lt;strong&gt;&lt;span class="atr-name"&gt;rd_x&lt;/span&gt;:&lt;/strong&gt; &lt;span class="atr-value"&gt;185873.2&lt;/span&gt;&lt;/li&gt;
  &lt;li&gt;&lt;strong&gt;&lt;span class="atr-name"&gt;rd_y&lt;/span&gt;:&lt;/strong&gt; &lt;span class="atr-value"&gt;334767.9&lt;/span&gt;&lt;/li&gt;
  &lt;li&gt;&lt;strong&gt;&lt;span class="atr-name"&gt;legenda&lt;/span&gt;:&lt;/strong&gt; &lt;span class="atr-value"&gt;Kerk&lt;/span&gt;&lt;/li&gt;
  &lt;li&gt;&lt;strong&gt;&lt;span class="atr-name"&gt;naam&lt;/span&gt;:&lt;/strong&gt; &lt;span class="atr-value"&gt;O.L. Vrouwe ten Hemelopneming kerk&lt;/span&gt;&lt;/li&gt;
  &lt;li&gt;&lt;strong&gt;&lt;span class="atr-name"&gt;plaats&lt;/span&gt;:&lt;/strong&gt; &lt;span class="atr-value"&gt;Einighausen&lt;/span&gt;&lt;/li&gt;
  &lt;li&gt;&lt;strong&gt;&lt;span class="atr-name"&gt;foto_thumb&lt;/span&gt;:&lt;/strong&gt; &lt;span class="atr-value"&gt;https://images.memorix.nl/rce/thumb/350x350/dbf265f6-238a-7990-1827-d9b2a12087d8.jpg&lt;/span&gt;&lt;/li&gt;
  &lt;li&gt;&lt;strong&gt;&lt;span class="atr-name"&gt;foto_groot&lt;/span&gt;:&lt;/strong&gt; &lt;span class="atr-value"&gt;https://images.memorix.nl/rce/thumb/fullsize/dbf265f6-238a-7990-1827-d9b2a12087d8.jpg&lt;/span&gt;&lt;/li&gt;
  &lt;li&gt;&lt;strong&gt;&lt;span class="atr-name"&gt;fotograaf&lt;/span&gt;:&lt;/strong&gt; &lt;span class="atr-value"&gt;J.P. de Koning (beeldbank RCE)&lt;/span&gt;&lt;/li&gt;
  &lt;li&gt;&lt;strong&gt;&lt;span class="atr-name"&gt;architect&lt;/span&gt;:&lt;/strong&gt; &lt;span class="atr-value"&gt;Franssen, C.J.H.&lt;/span&gt;&lt;/li&gt;
  &lt;li&gt;&lt;strong&gt;&lt;span class="atr-name"&gt;hoofd_beg&lt;/span&gt;:&lt;/strong&gt; &lt;span class="atr-value"&gt;1905-&lt;/span&gt;&lt;/li&gt;
  &lt;li&gt;&lt;strong&gt;&lt;span class="atr-name"&gt;hoofd_eind&lt;/span&gt;:&lt;/strong&gt; &lt;span class="atr-value"&gt;1906&lt;/span&gt;&lt;/li&gt;
  
  &lt;li&gt;&lt;strong&gt;&lt;span class="atr-name"&gt;voorg_eind&lt;/span&gt;:&lt;/strong&gt; &lt;span class="atr-value"&gt;1840&lt;/span&gt;&lt;/li&gt;
  &lt;li&gt;&lt;strong&gt;&lt;span class="atr-name"&gt;denominat&lt;/span&gt;:&lt;/strong&gt; &lt;span class="atr-value"&gt;Rooms-Katholieke Kerk in Nederland&lt;/span&gt;&lt;/li&gt;
  &lt;li&gt;&lt;strong&gt;&lt;span class="atr-name"&gt;huidigfunc&lt;/span&gt;:&lt;/strong&gt; &lt;span class="atr-value"&gt;Religieus&lt;/span&gt;&lt;/li&gt;
  &lt;li&gt;&lt;strong&gt;&lt;span class="atr-name"&gt;rmon_url&lt;/span&gt;:&lt;/strong&gt; &lt;span class="atr-value"&gt;https://monumentenregister.cultureelerfgoed.nl/monumenten/521630&lt;/span&gt;&lt;/li&gt;
  
&lt;/ul&gt;
</description>
                <LookAt>
                    <longitude>5.82701598057244</longitude>
                    <latitude>51.00172167147855</latitude>
                    <altitude>0.0</altitude>
                    <heading>0.0</heading>
                    <tilt>0.0</tilt>
                    <range>0.0</range>
                    <altitudeMode>clampToGround</altitudeMode>
                </LookAt>
                <Style>
                    <IconStyle>
                        <scale>4.125</scale>
                        <heading>0.0</heading>
                        <Icon>
                            <href>https://services.rce.geovoorziening.nl/kml/icon/Landschapsatlas_religieuserfgoed_kerken_style?0.0.0=&amp;0.1.0=&amp;0.1.1=</href>
                        </Icon>
                    </IconStyle>
                    <LabelStyle>
                        <color>00ffffff</color>
                        <scale>0.0</scale>
                    </LabelStyle>
                </Style>
                <Point>
                    <coordinates>5.827015980572441,51.001721671478556</coordinates>
                </Point>
            </Placemark>
            <Placemark id="religieuserfgoed.3067">
                <name>O.L. Vrouwe Hulp der Christenenkerk</name>
                <description>&lt;h4&gt;religieuserfgoed&lt;/h4&gt;

&lt;ul class="textattributes"&gt;
  &lt;li&gt;&lt;strong&gt;&lt;span class="atr-name"&gt;ogc_fid&lt;/span&gt;:&lt;/strong&gt; &lt;span class="atr-value"&gt;3067&lt;/span&gt;&lt;/li&gt;
  &lt;li&gt;&lt;strong&gt;&lt;span class="atr-name"&gt;rijksmonum&lt;/span&gt;:&lt;/strong&gt; &lt;span class="atr-value"&gt;521659&lt;/span&gt;&lt;/li&gt;
  &lt;li&gt;&lt;strong&gt;&lt;span class="atr-name"&gt;rd_x&lt;/span&gt;:&lt;/strong&gt; &lt;span class="atr-value"&gt;201061.0&lt;/span&gt;&lt;/li&gt;
  &lt;li&gt;&lt;strong&gt;&lt;span class="atr-name"&gt;rd_y&lt;/span&gt;:&lt;/strong&gt; &lt;span class="atr-value"&gt;324142.2&lt;/span&gt;&lt;/li&gt;
  &lt;li&gt;&lt;strong&gt;&lt;span class="atr-name"&gt;legenda&lt;/span&gt;:&lt;/strong&gt; &lt;span class="atr-value"&gt;Kerk&lt;/span&gt;&lt;/li&gt;
  &lt;li&gt;&lt;strong&gt;&lt;span class="atr-name"&gt;naam&lt;/span&gt;:&lt;/strong&gt; &lt;span class="atr-value"&gt;O.L. Vrouwe Hulp der Christenenkerk&lt;/span&gt;&lt;/li&gt;
  &lt;li&gt;&lt;strong&gt;&lt;span class="atr-name"&gt;plaats&lt;/span&gt;:&lt;/strong&gt; &lt;span class="atr-value"&gt;Nieuwenhagen&lt;/span&gt;&lt;/li&gt;
  &lt;li&gt;&lt;strong&gt;&lt;span class="atr-name"&gt;foto_thumb&lt;/span&gt;:&lt;/strong&gt; &lt;span class="atr-value"&gt;https://images.memorix.nl/rce/thumb/350x350/581c925a-eccb-afb3-f30c-28706a3befad.jpg&lt;/span&gt;&lt;/li&gt;
  &lt;li&gt;&lt;strong&gt;&lt;span class="atr-name"&gt;foto_groot&lt;/span&gt;:&lt;/strong&gt; &lt;span class="atr-value"&gt;https://images.memorix.nl/rce/thumb/fullsize/581c925a-eccb-afb3-f30c-28706a3befad.jpg&lt;/span&gt;&lt;/li&gt;
  &lt;li&gt;&lt;strong&gt;&lt;span class="atr-name"&gt;fotograaf&lt;/span&gt;:&lt;/strong&gt; &lt;span class="atr-value"&gt;Frans Kabel (beeldbank RCE)&lt;/span&gt;&lt;/li&gt;
  &lt;li&gt;&lt;strong&gt;&lt;span class="atr-name"&gt;architect&lt;/span&gt;:&lt;/strong&gt; &lt;span class="atr-value"&gt;Groenendael, J.H.H. van&lt;/span&gt;&lt;/li&gt;
  &lt;li&gt;&lt;strong&gt;&lt;span class="atr-name"&gt;hoofd_beg&lt;/span&gt;:&lt;/strong&gt; &lt;span class="atr-value"&gt;1916-&lt;/span&gt;&lt;/li&gt;
  &lt;li&gt;&lt;strong&gt;&lt;span class="atr-name"&gt;hoofd_eind&lt;/span&gt;:&lt;/strong&gt; &lt;span class="atr-value"&gt;1917&lt;/span&gt;&lt;/li&gt;
  
  &lt;li&gt;&lt;strong&gt;&lt;span class="atr-name"&gt;voorg_eind&lt;/span&gt;:&lt;/strong&gt; &lt;span class="atr-value"&gt;0&lt;/span&gt;&lt;/li&gt;
  &lt;li&gt;&lt;strong&gt;&lt;span class="atr-name"&gt;denominat&lt;/span&gt;:&lt;/strong&gt; &lt;span class="atr-value"&gt;Rooms-Katholieke Kerk in Nederland&lt;/span&gt;&lt;/li&gt;
  &lt;li&gt;&lt;strong&gt;&lt;span class="atr-name"&gt;huidigfunc&lt;/span&gt;:&lt;/strong&gt; &lt;span class="atr-value"&gt;Religieus&lt;/span&gt;&lt;/li&gt;
  &lt;li&gt;&lt;strong&gt;&lt;span class="atr-name"&gt;rmon_url&lt;/span&gt;:&lt;/strong&gt; &lt;span class="atr-value"&gt;https://monumentenregister.cultureelerfgoed.nl/monumenten/521659&lt;/span&gt;&lt;/li&gt;
  
&lt;/ul&gt;
</description>
                <LookAt>
                    <longitude>6.04201336376336</longitude>
                    <latitude>50.90519121490492</latitude>
                    <altitude>0.0</altitude>
                    <heading>0.0</heading>
                    <tilt>0.0</tilt>
                    <range>0.0</range>
                    <altitudeMode>clampToGround</altitudeMode>
                </LookAt>
                <Style>
                    <IconStyle>
                        <scale>4.125</scale>
                        <heading>0.0</heading>
                        <Icon>
                            <href>https://services.rce.geovoorziening.nl/kml/icon/Landschapsatlas_religieuserfgoed_kerken_style?0.0.0=&amp;0.1.0=&amp;0.1.1=</href>
                        </Icon>
                    </IconStyle>
                    <LabelStyle>
                        <color>00ffffff</color>
                        <scale>0.0</scale>
                    </LabelStyle>
                </Style>
                <Point>
                    <coordinates>6.042013363763341,50.905191214904924</coordinates>
                </Point>
            </Placemark>
            <Placemark id="religieuserfgoed.3068">
                <name>St.-Theresia en Joannes Boscokerk</name>
                <description>&lt;h4&gt;religieuserfgoed&lt;/h4&gt;

&lt;ul class="textattributes"&gt;
  &lt;li&gt;&lt;strong&gt;&lt;span class="atr-name"&gt;ogc_fid&lt;/span&gt;:&lt;/strong&gt; &lt;span class="atr-value"&gt;3068&lt;/span&gt;&lt;/li&gt;
  &lt;li&gt;&lt;strong&gt;&lt;span class="atr-name"&gt;rijksmonum&lt;/span&gt;:&lt;/strong&gt; &lt;span class="atr-value"&gt;521666&lt;/span&gt;&lt;/li&gt;
  &lt;li&gt;&lt;strong&gt;&lt;span class="atr-name"&gt;rd_x&lt;/span&gt;:&lt;/strong&gt; &lt;span class="atr-value"&gt;201356.7&lt;/span&gt;&lt;/li&gt;
  &lt;li&gt;&lt;strong&gt;&lt;span class="atr-name"&gt;rd_y&lt;/span&gt;:&lt;/strong&gt; &lt;span class="atr-value"&gt;324951.8&lt;/span&gt;&lt;/li&gt;
  &lt;li&gt;&lt;strong&gt;&lt;span class="atr-name"&gt;legenda&lt;/span&gt;:&lt;/strong&gt; &lt;span class="atr-value"&gt;Kerk&lt;/span&gt;&lt;/li&gt;
  &lt;li&gt;&lt;strong&gt;&lt;span class="atr-name"&gt;naam&lt;/span&gt;:&lt;/strong&gt; &lt;span class="atr-value"&gt;St.-Theresia en Joannes Boscokerk&lt;/span&gt;&lt;/li&gt;
  &lt;li&gt;&lt;strong&gt;&lt;span class="atr-name"&gt;plaats&lt;/span&gt;:&lt;/strong&gt; &lt;span class="atr-value"&gt;Ubach over Worms&lt;/span&gt;&lt;/li&gt;
  &lt;li&gt;&lt;strong&gt;&lt;span class="atr-name"&gt;foto_thumb&lt;/span&gt;:&lt;/strong&gt; &lt;span class="atr-value"&gt;https://images.memorix.nl/rce/thumb/350x350/6727bf08-31d5-e937-cfed-4aa0bad50d46.jpg&lt;/span&gt;&lt;/li&gt;
  &lt;li&gt;&lt;strong&gt;&lt;span class="atr-name"&gt;foto_groot&lt;/span&gt;:&lt;/strong&gt; &lt;span class="atr-value"&gt;https://images.memorix.nl/rce/thumb/fullsize/6727bf08-31d5-e937-cfed-4aa0bad50d46.jpg&lt;/span&gt;&lt;/li&gt;
  &lt;li&gt;&lt;strong&gt;&lt;span class="atr-name"&gt;fotograaf&lt;/span&gt;:&lt;/strong&gt; &lt;span class="atr-value"&gt;Frans Kabel (beeldbank RCE)&lt;/span&gt;&lt;/li&gt;
  &lt;li&gt;&lt;strong&gt;&lt;span class="atr-name"&gt;architect&lt;/span&gt;:&lt;/strong&gt; &lt;span class="atr-value"&gt;Beersma, J.&lt;/span&gt;&lt;/li&gt;
  
  &lt;li&gt;&lt;strong&gt;&lt;span class="atr-name"&gt;hoofd_eind&lt;/span&gt;:&lt;/strong&gt; &lt;span class="atr-value"&gt;1933&lt;/span&gt;&lt;/li&gt;
  
  &lt;li&gt;&lt;strong&gt;&lt;span class="atr-name"&gt;voorg_eind&lt;/span&gt;:&lt;/strong&gt; &lt;span class="atr-value"&gt;0&lt;/span&gt;&lt;/li&gt;
  &lt;li&gt;&lt;strong&gt;&lt;span class="atr-name"&gt;denominat&lt;/span&gt;:&lt;/strong&gt; &lt;span class="atr-value"&gt;Rooms-Katholieke Kerk in Nederland&lt;/span&gt;&lt;/li&gt;
  &lt;li&gt;&lt;strong&gt;&lt;span class="atr-name"&gt;huidigfunc&lt;/span&gt;:&lt;/strong&gt; &lt;span class="atr-value"&gt;Religieus&lt;/span&gt;&lt;/li&gt;
  &lt;li&gt;&lt;strong&gt;&lt;span class="atr-name"&gt;rmon_url&lt;/span&gt;:&lt;/strong&gt; &lt;span class="atr-value"&gt;https://monumentenregister.cultureelerfgoed.nl/monumenten/521666&lt;/span&gt;&lt;/li&gt;
  
&lt;/ul&gt;
</description>
                <LookAt>
                    <longitude>6.046320539181863</longitude>
                    <latitude>50.91244427904242</latitude>
                    <altitude>0.0</altitude>
                    <heading>0.0</heading>
                    <tilt>0.0</tilt>
                    <range>0.0</range>
                    <altitudeMode>clampToGround</altitudeMode>
                </LookAt>
                <Style>
                    <IconStyle>
                        <scale>4.125</scale>
                        <heading>0.0</heading>
                        <Icon>
                            <href>https://services.rce.geovoorziening.nl/kml/icon/Landschapsatlas_religieuserfgoed_kerken_style?0.0.0=&amp;0.1.0=&amp;0.1.1=</href>
                        </Icon>
                    </IconStyle>
                    <LabelStyle>
                        <color>00ffffff</color>
                        <scale>0.0</scale>
                    </LabelStyle>
                </Style>
                <Point>
                    <coordinates>6.046320539181882,50.912444279042425</coordinates>
                </Point>
            </Placemark>
            <Placemark id="religieuserfgoed.3069">
                <name>H. Hart van Jezuskerk</name>
                <description>&lt;h4&gt;religieuserfgoed&lt;/h4&gt;

&lt;ul class="textattributes"&gt;
  &lt;li&gt;&lt;strong&gt;&lt;span class="atr-name"&gt;ogc_fid&lt;/span&gt;:&lt;/strong&gt; &lt;span class="atr-value"&gt;3069&lt;/span&gt;&lt;/li&gt;
  &lt;li&gt;&lt;strong&gt;&lt;span class="atr-name"&gt;rijksmonum&lt;/span&gt;:&lt;/strong&gt; &lt;span class="atr-value"&gt;521672&lt;/span&gt;&lt;/li&gt;
  &lt;li&gt;&lt;strong&gt;&lt;span class="atr-name"&gt;rd_x&lt;/span&gt;:&lt;/strong&gt; &lt;span class="atr-value"&gt;200123.1&lt;/span&gt;&lt;/li&gt;
  &lt;li&gt;&lt;strong&gt;&lt;span class="atr-name"&gt;rd_y&lt;/span&gt;:&lt;/strong&gt; &lt;span class="atr-value"&gt;324493.7&lt;/span&gt;&lt;/li&gt;
  &lt;li&gt;&lt;strong&gt;&lt;span class="atr-name"&gt;legenda&lt;/span&gt;:&lt;/strong&gt; &lt;span class="atr-value"&gt;Kerk&lt;/span&gt;&lt;/li&gt;
  &lt;li&gt;&lt;strong&gt;&lt;span class="atr-name"&gt;naam&lt;/span&gt;:&lt;/strong&gt; &lt;span class="atr-value"&gt;H. Hart van Jezuskerk&lt;/span&gt;&lt;/li&gt;
  &lt;li&gt;&lt;strong&gt;&lt;span class="atr-name"&gt;plaats&lt;/span&gt;:&lt;/strong&gt; &lt;span class="atr-value"&gt;Nieuwenhagen&lt;/span&gt;&lt;/li&gt;
  &lt;li&gt;&lt;strong&gt;&lt;span class="atr-name"&gt;foto_thumb&lt;/span&gt;:&lt;/strong&gt; &lt;span class="atr-value"&gt;https://images.memorix.nl/rce/thumb/350x350/017d208e-4412-8bdb-4211-c71e784ca94c.jpg&lt;/span&gt;&lt;/li&gt;
  &lt;li&gt;&lt;strong&gt;&lt;span class="atr-name"&gt;foto_groot&lt;/span&gt;:&lt;/strong&gt; &lt;span class="atr-value"&gt;https://images.memorix.nl/rce/thumb/fullsize/017d208e-4412-8bdb-4211-c71e784ca94c.jpg&lt;/span&gt;&lt;/li&gt;
  &lt;li&gt;&lt;strong&gt;&lt;span class="atr-name"&gt;fotograaf&lt;/span&gt;:&lt;/strong&gt; &lt;span class="atr-value"&gt;Frans Kabel (beeldbank RCE)&lt;/span&gt;&lt;/li&gt;
  &lt;li&gt;&lt;strong&gt;&lt;span class="atr-name"&gt;architect&lt;/span&gt;:&lt;/strong&gt; &lt;span class="atr-value"&gt;Wielders, J.J.&lt;/span&gt;&lt;/li&gt;
  &lt;li&gt;&lt;strong&gt;&lt;span class="atr-name"&gt;hoofd_beg&lt;/span&gt;:&lt;/strong&gt; &lt;span class="atr-value"&gt;1919-&lt;/span&gt;&lt;/li&gt;
  &lt;li&gt;&lt;strong&gt;&lt;span class="atr-name"&gt;hoofd_eind&lt;/span&gt;:&lt;/strong&gt; &lt;span class="atr-value"&gt;1920&lt;/span&gt;&lt;/li&gt;
  
  &lt;li&gt;&lt;strong&gt;&lt;span class="atr-name"&gt;voorg_eind&lt;/span&gt;:&lt;/strong&gt; &lt;span class="atr-value"&gt;0&lt;/span&gt;&lt;/li&gt;
  &lt;li&gt;&lt;strong&gt;&lt;span class="atr-name"&gt;denominat&lt;/span&gt;:&lt;/strong&gt; &lt;span class="atr-value"&gt;Rooms-Katholieke Kerk in Nederland&lt;/span&gt;&lt;/li&gt;
  &lt;li&gt;&lt;strong&gt;&lt;span class="atr-name"&gt;huidigfunc&lt;/span&gt;:&lt;/strong&gt; &lt;span class="atr-value"&gt;Religieus&lt;/span&gt;&lt;/li&gt;
  &lt;li&gt;&lt;strong&gt;&lt;span class="atr-name"&gt;rmon_url&lt;/span&gt;:&lt;/strong&gt; &lt;span class="atr-value"&gt;https://monumentenregister.cultureelerfgoed.nl/monumenten/521672&lt;/span&gt;&lt;/li&gt;
  
&lt;/ul&gt;
</description>
                <LookAt>
                    <longitude>6.028724569973221</longitude>
                    <latitude>50.9084253032439</latitude>
                    <altitude>0.0</altitude>
                    <heading>0.0</heading>
                    <tilt>0.0</tilt>
                    <range>0.0</range>
                    <altitudeMode>clampToGround</altitudeMode>
                </LookAt>
                <Style>
                    <IconStyle>
                        <scale>4.125</scale>
                        <heading>0.0</heading>
                        <Icon>
                            <href>https://services.rce.geovoorziening.nl/kml/icon/Landschapsatlas_religieuserfgoed_kerken_style?0.0.0=&amp;0.1.0=&amp;0.1.1=</href>
                        </Icon>
                    </IconStyle>
                    <LabelStyle>
                        <color>00ffffff</color>
                        <scale>0.0</scale>
                    </LabelStyle>
                </Style>
                <Point>
                    <coordinates>6.028724569973224,50.9084253032439</coordinates>
                </Point>
            </Placemark>
            <Placemark id="religieuserfgoed.3081">
                <name>Hervormde Kerk</name>
                <description>&lt;h4&gt;religieuserfgoed&lt;/h4&gt;

&lt;ul class="textattributes"&gt;
  &lt;li&gt;&lt;strong&gt;&lt;span class="atr-name"&gt;ogc_fid&lt;/span&gt;:&lt;/strong&gt; &lt;span class="atr-value"&gt;3081&lt;/span&gt;&lt;/li&gt;
  &lt;li&gt;&lt;strong&gt;&lt;span class="atr-name"&gt;rijksmonum&lt;/span&gt;:&lt;/strong&gt; &lt;span class="atr-value"&gt;521966&lt;/span&gt;&lt;/li&gt;
  &lt;li&gt;&lt;strong&gt;&lt;span class="atr-name"&gt;rd_x&lt;/span&gt;:&lt;/strong&gt; &lt;span class="atr-value"&gt;181799.7&lt;/span&gt;&lt;/li&gt;
  &lt;li&gt;&lt;strong&gt;&lt;span class="atr-name"&gt;rd_y&lt;/span&gt;:&lt;/strong&gt; &lt;span class="atr-value"&gt;338914.0&lt;/span&gt;&lt;/li&gt;
  &lt;li&gt;&lt;strong&gt;&lt;span class="atr-name"&gt;legenda&lt;/span&gt;:&lt;/strong&gt; &lt;span class="atr-value"&gt;Kerk&lt;/span&gt;&lt;/li&gt;
  &lt;li&gt;&lt;strong&gt;&lt;span class="atr-name"&gt;naam&lt;/span&gt;:&lt;/strong&gt; &lt;span class="atr-value"&gt;Hervormde Kerk&lt;/span&gt;&lt;/li&gt;
  &lt;li&gt;&lt;strong&gt;&lt;span class="atr-name"&gt;plaats&lt;/span&gt;:&lt;/strong&gt; &lt;span class="atr-value"&gt;Grevenbicht-Papenhoven&lt;/span&gt;&lt;/li&gt;
  &lt;li&gt;&lt;strong&gt;&lt;span class="atr-name"&gt;foto_thumb&lt;/span&gt;:&lt;/strong&gt; &lt;span class="atr-value"&gt;https://upload.wikimedia.org/wikipedia/commons/4/47/VoorkantKerkBeeg.jpg&lt;/span&gt;&lt;/li&gt;
  &lt;li&gt;&lt;strong&gt;&lt;span class="atr-name"&gt;foto_groot&lt;/span&gt;:&lt;/strong&gt; &lt;span class="atr-value"&gt;https://upload.wikimedia.org/wikipedia/commons/4/47/VoorkantKerkBeeg.jpg&lt;/span&gt;&lt;/li&gt;
  &lt;li&gt;&lt;strong&gt;&lt;span class="atr-name"&gt;fotograaf&lt;/span&gt;:&lt;/strong&gt; &lt;span class="atr-value"&gt;Guffens via Wikimedia Commons&lt;/span&gt;&lt;/li&gt;
  &lt;li&gt;&lt;strong&gt;&lt;span class="atr-name"&gt;architect&lt;/span&gt;:&lt;/strong&gt; &lt;span class="atr-value"&gt;Damen &amp; De Wit&lt;/span&gt;&lt;/li&gt;
  
  &lt;li&gt;&lt;strong&gt;&lt;span class="atr-name"&gt;hoofd_eind&lt;/span&gt;:&lt;/strong&gt; &lt;span class="atr-value"&gt;1851&lt;/span&gt;&lt;/li&gt;
  
  &lt;li&gt;&lt;strong&gt;&lt;span class="atr-name"&gt;voorg_eind&lt;/span&gt;:&lt;/strong&gt; &lt;span class="atr-value"&gt;0&lt;/span&gt;&lt;/li&gt;
  &lt;li&gt;&lt;strong&gt;&lt;span class="atr-name"&gt;denominat&lt;/span&gt;:&lt;/strong&gt; &lt;span class="atr-value"&gt;Nederlandse Hervormde Kerk&lt;/span&gt;&lt;/li&gt;
  &lt;li&gt;&lt;strong&gt;&lt;span class="atr-name"&gt;huidigfunc&lt;/span&gt;:&lt;/strong&gt; &lt;span class="atr-value"&gt;Religieus&lt;/span&gt;&lt;/li&gt;
  &lt;li&gt;&lt;strong&gt;&lt;span class="atr-name"&gt;rmon_url&lt;/span&gt;:&lt;/strong&gt; &lt;span class="atr-value"&gt;https://monumentenregister.cultureelerfgoed.nl/monumenten/521966&lt;/span&gt;&lt;/li&gt;
  
&lt;/ul&gt;
</description>
                <LookAt>
                    <longitude>5.769295405494148</longitude>
                    <latitude>51.03919521200337</latitude>
                    <altitude>0.0</altitude>
                    <heading>0.0</heading>
                    <tilt>0.0</tilt>
                    <range>0.0</range>
                    <altitudeMode>clampToGround</altitudeMode>
                </LookAt>
                <Style>
                    <IconStyle>
                        <scale>4.125</scale>
                        <heading>0.0</heading>
                        <Icon>
                            <href>https://services.rce.geovoorziening.nl/kml/icon/Landschapsatlas_religieuserfgoed_kerken_style?0.0.0=&amp;0.1.0=&amp;0.1.1=</href>
                        </Icon>
                    </IconStyle>
                    <LabelStyle>
                        <color>00ffffff</color>
                        <scale>0.0</scale>
                    </LabelStyle>
                </Style>
                <Point>
                    <coordinates>5.769295405494145,51.03919521200337</coordinates>
                </Point>
            </Placemark>
            <Placemark id="religieuserfgoed.3082">
                <name>St.-Martinuskerk</name>
                <description>&lt;h4&gt;religieuserfgoed&lt;/h4&gt;

&lt;ul class="textattributes"&gt;
  &lt;li&gt;&lt;strong&gt;&lt;span class="atr-name"&gt;ogc_fid&lt;/span&gt;:&lt;/strong&gt; &lt;span class="atr-value"&gt;3082&lt;/span&gt;&lt;/li&gt;
  &lt;li&gt;&lt;strong&gt;&lt;span class="atr-name"&gt;rijksmonum&lt;/span&gt;:&lt;/strong&gt; &lt;span class="atr-value"&gt;521968&lt;/span&gt;&lt;/li&gt;
  &lt;li&gt;&lt;strong&gt;&lt;span class="atr-name"&gt;rd_x&lt;/span&gt;:&lt;/strong&gt; &lt;span class="atr-value"&gt;184532.2&lt;/span&gt;&lt;/li&gt;
  &lt;li&gt;&lt;strong&gt;&lt;span class="atr-name"&gt;rd_y&lt;/span&gt;:&lt;/strong&gt; &lt;span class="atr-value"&gt;337948.8&lt;/span&gt;&lt;/li&gt;
  &lt;li&gt;&lt;strong&gt;&lt;span class="atr-name"&gt;legenda&lt;/span&gt;:&lt;/strong&gt; &lt;span class="atr-value"&gt;Kerk&lt;/span&gt;&lt;/li&gt;
  &lt;li&gt;&lt;strong&gt;&lt;span class="atr-name"&gt;naam&lt;/span&gt;:&lt;/strong&gt; &lt;span class="atr-value"&gt;St.-Martinuskerk&lt;/span&gt;&lt;/li&gt;
  &lt;li&gt;&lt;strong&gt;&lt;span class="atr-name"&gt;plaats&lt;/span&gt;:&lt;/strong&gt; &lt;span class="atr-value"&gt;Born&lt;/span&gt;&lt;/li&gt;
  &lt;li&gt;&lt;strong&gt;&lt;span class="atr-name"&gt;foto_thumb&lt;/span&gt;:&lt;/strong&gt; &lt;span class="atr-value"&gt;https://upload.wikimedia.org/wikipedia/commons/5/53/Born%2C_de_Rooms_Katholieke_Kerk_Sint_Martinus_RM521968_foto6_2015-03-08_13.49.jpg&lt;/span&gt;&lt;/li&gt;
  &lt;li&gt;&lt;strong&gt;&lt;span class="atr-name"&gt;foto_groot&lt;/span&gt;:&lt;/strong&gt; &lt;span class="atr-value"&gt;https://upload.wikimedia.org/wikipedia/commons/5/53/Born%2C_de_Rooms_Katholieke_Kerk_Sint_Martinus_RM521968_foto6_2015-03-08_13.49.jpg&lt;/span&gt;&lt;/li&gt;
  &lt;li&gt;&lt;strong&gt;&lt;span class="atr-name"&gt;fotograaf&lt;/span&gt;:&lt;/strong&gt; &lt;span class="atr-value"&gt;Michielverbeek via Wikimedia Commons&lt;/span&gt;&lt;/li&gt;
  &lt;li&gt;&lt;strong&gt;&lt;span class="atr-name"&gt;architect&lt;/span&gt;:&lt;/strong&gt; &lt;span class="atr-value"&gt;Franssen, C.J.H.&lt;/span&gt;&lt;/li&gt;
  &lt;li&gt;&lt;strong&gt;&lt;span class="atr-name"&gt;hoofd_beg&lt;/span&gt;:&lt;/strong&gt; &lt;span class="atr-value"&gt;1906-&lt;/span&gt;&lt;/li&gt;
  &lt;li&gt;&lt;strong&gt;&lt;span class="atr-name"&gt;hoofd_eind&lt;/span&gt;:&lt;/strong&gt; &lt;span class="atr-value"&gt;1907&lt;/span&gt;&lt;/li&gt;
  
  &lt;li&gt;&lt;strong&gt;&lt;span class="atr-name"&gt;voorg_eind&lt;/span&gt;:&lt;/strong&gt; &lt;span class="atr-value"&gt;0&lt;/span&gt;&lt;/li&gt;
  &lt;li&gt;&lt;strong&gt;&lt;span class="atr-name"&gt;denominat&lt;/span&gt;:&lt;/strong&gt; &lt;span class="atr-value"&gt;Rooms-Katholieke Kerk in Nederland&lt;/span&gt;&lt;/li&gt;
  &lt;li&gt;&lt;strong&gt;&lt;span class="atr-name"&gt;huidigfunc&lt;/span&gt;:&lt;/strong&gt; &lt;span class="atr-value"&gt;Religieus&lt;/span&gt;&lt;/li&gt;
  &lt;li&gt;&lt;strong&gt;&lt;span class="atr-name"&gt;rmon_url&lt;/span&gt;:&lt;/strong&gt; &lt;span class="atr-value"&gt;https://monumentenregister.cultureelerfgoed.nl/monumenten/521968&lt;/span&gt;&lt;/li&gt;
  
&lt;/ul&gt;
</description>
                <LookAt>
                    <longitude>5.808173715710538</longitude>
                    <latitude>51.03038444954581</latitude>
                    <altitude>0.0</altitude>
                    <heading>0.0</heading>
                    <tilt>0.0</tilt>
                    <range>0.0</range>
                    <altitudeMode>clampToGround</altitudeMode>
                </LookAt>
                <Style>
                    <IconStyle>
                        <scale>4.125</scale>
                        <heading>0.0</heading>
                        <Icon>
                            <href>https://services.rce.geovoorziening.nl/kml/icon/Landschapsatlas_religieuserfgoed_kerken_style?0.0.0=&amp;0.1.0=&amp;0.1.1=</href>
                        </Icon>
                    </IconStyle>
                    <LabelStyle>
                        <color>00ffffff</color>
                        <scale>0.0</scale>
                    </LabelStyle>
                </Style>
                <Point>
                    <coordinates>5.808173715710534,51.030384449545814</coordinates>
                </Point>
            </Placemark>
            <Placemark id="religieuserfgoed.3083">
                <name>St.-Catharinakerk</name>
                <description>&lt;h4&gt;religieuserfgoed&lt;/h4&gt;

&lt;ul class="textattributes"&gt;
  &lt;li&gt;&lt;strong&gt;&lt;span class="atr-name"&gt;ogc_fid&lt;/span&gt;:&lt;/strong&gt; &lt;span class="atr-value"&gt;3083&lt;/span&gt;&lt;/li&gt;
  &lt;li&gt;&lt;strong&gt;&lt;span class="atr-name"&gt;rijksmonum&lt;/span&gt;:&lt;/strong&gt; &lt;span class="atr-value"&gt;521970&lt;/span&gt;&lt;/li&gt;
  &lt;li&gt;&lt;strong&gt;&lt;span class="atr-name"&gt;rd_x&lt;/span&gt;:&lt;/strong&gt; &lt;span class="atr-value"&gt;182213.1&lt;/span&gt;&lt;/li&gt;
  &lt;li&gt;&lt;strong&gt;&lt;span class="atr-name"&gt;rd_y&lt;/span&gt;:&lt;/strong&gt; &lt;span class="atr-value"&gt;339103.6&lt;/span&gt;&lt;/li&gt;
  &lt;li&gt;&lt;strong&gt;&lt;span class="atr-name"&gt;legenda&lt;/span&gt;:&lt;/strong&gt; &lt;span class="atr-value"&gt;Kerk&lt;/span&gt;&lt;/li&gt;
  &lt;li&gt;&lt;strong&gt;&lt;span class="atr-name"&gt;naam&lt;/span&gt;:&lt;/strong&gt; &lt;span class="atr-value"&gt;St.-Catharinakerk&lt;/span&gt;&lt;/li&gt;
  &lt;li&gt;&lt;strong&gt;&lt;span class="atr-name"&gt;plaats&lt;/span&gt;:&lt;/strong&gt; &lt;span class="atr-value"&gt;Grevenbicht-Papenhoven&lt;/span&gt;&lt;/li&gt;
  &lt;li&gt;&lt;strong&gt;&lt;span class="atr-name"&gt;foto_thumb&lt;/span&gt;:&lt;/strong&gt; &lt;span class="atr-value"&gt;https://rce.webgispublisher.nl/user/uploads/logos/geen_foto_beschikbaar.jpg&lt;/span&gt;&lt;/li&gt;
  &lt;li&gt;&lt;strong&gt;&lt;span class="atr-name"&gt;foto_groot&lt;/span&gt;:&lt;/strong&gt; &lt;span class="atr-value"&gt;https://rce.webgispublisher.nl/user/uploads/logos/geen_foto_beschikbaar.jpg&lt;/span&gt;&lt;/li&gt;
  
  &lt;li&gt;&lt;strong&gt;&lt;span class="atr-name"&gt;architect&lt;/span&gt;:&lt;/strong&gt; &lt;span class="atr-value"&gt;Cuypers, J.Th.J. &amp; J. Stuyt&lt;/span&gt;&lt;/li&gt;
  &lt;li&gt;&lt;strong&gt;&lt;span class="atr-name"&gt;hoofd_beg&lt;/span&gt;:&lt;/strong&gt; &lt;span class="atr-value"&gt;1906-&lt;/span&gt;&lt;/li&gt;
  &lt;li&gt;&lt;strong&gt;&lt;span class="atr-name"&gt;hoofd_eind&lt;/span&gt;:&lt;/strong&gt; &lt;span class="atr-value"&gt;1907&lt;/span&gt;&lt;/li&gt;
  
  &lt;li&gt;&lt;strong&gt;&lt;span class="atr-name"&gt;voorg_eind&lt;/span&gt;:&lt;/strong&gt; &lt;span class="atr-value"&gt;0&lt;/span&gt;&lt;/li&gt;
  &lt;li&gt;&lt;strong&gt;&lt;span class="atr-name"&gt;denominat&lt;/span&gt;:&lt;/strong&gt; &lt;span class="atr-value"&gt;Rooms-Katholieke Kerk in Nederland&lt;/span&gt;&lt;/li&gt;
  &lt;li&gt;&lt;strong&gt;&lt;span class="atr-name"&gt;huidigfunc&lt;/span&gt;:&lt;/strong&gt; &lt;span class="atr-value"&gt;Religieus&lt;/span&gt;&lt;/li&gt;
  &lt;li&gt;&lt;strong&gt;&lt;span class="atr-name"&gt;rmon_url&lt;/span&gt;:&lt;/strong&gt; &lt;span class="atr-value"&gt;https://monumentenregister.cultureelerfgoed.nl/monumenten/521970&lt;/span&gt;&lt;/li&gt;
  
&lt;/ul&gt;
</description>
                <LookAt>
                    <longitude>5.77520366784141</longitude>
                    <latitude>51.04087987643411</latitude>
                    <altitude>0.0</altitude>
                    <heading>0.0</heading>
                    <tilt>0.0</tilt>
                    <range>0.0</range>
                    <altitudeMode>clampToGround</altitudeMode>
                </LookAt>
                <Style>
                    <IconStyle>
                        <scale>4.125</scale>
                        <heading>0.0</heading>
                        <Icon>
                            <href>https://services.rce.geovoorziening.nl/kml/icon/Landschapsatlas_religieuserfgoed_kerken_style?0.0.0=&amp;0.1.0=&amp;0.1.1=</href>
                        </Icon>
                    </IconStyle>
                    <LabelStyle>
                        <color>00ffffff</color>
                        <scale>0.0</scale>
                    </LabelStyle>
                </Style>
                <Point>
                    <coordinates>5.775203667841412,51.04087987643412</coordinates>
                </Point>
            </Placemark>
            <Placemark id="religieuserfgoed.3230">
                <name>St.-Annakerk</name>
                <description>&lt;h4&gt;religieuserfgoed&lt;/h4&gt;

&lt;ul class="textattributes"&gt;
  &lt;li&gt;&lt;strong&gt;&lt;span class="atr-name"&gt;ogc_fid&lt;/span&gt;:&lt;/strong&gt; &lt;span class="atr-value"&gt;3230&lt;/span&gt;&lt;/li&gt;
  &lt;li&gt;&lt;strong&gt;&lt;span class="atr-name"&gt;rijksmonum&lt;/span&gt;:&lt;/strong&gt; &lt;span class="atr-value"&gt;530830&lt;/span&gt;&lt;/li&gt;
  &lt;li&gt;&lt;strong&gt;&lt;span class="atr-name"&gt;rd_x&lt;/span&gt;:&lt;/strong&gt; &lt;span class="atr-value"&gt;196883.0&lt;/span&gt;&lt;/li&gt;
  &lt;li&gt;&lt;strong&gt;&lt;span class="atr-name"&gt;rd_y&lt;/span&gt;:&lt;/strong&gt; &lt;span class="atr-value"&gt;321193.5&lt;/span&gt;&lt;/li&gt;
  &lt;li&gt;&lt;strong&gt;&lt;span class="atr-name"&gt;legenda&lt;/span&gt;:&lt;/strong&gt; &lt;span class="atr-value"&gt;Kerk&lt;/span&gt;&lt;/li&gt;
  &lt;li&gt;&lt;strong&gt;&lt;span class="atr-name"&gt;naam&lt;/span&gt;:&lt;/strong&gt; &lt;span class="atr-value"&gt;St.-Annakerk&lt;/span&gt;&lt;/li&gt;
  &lt;li&gt;&lt;strong&gt;&lt;span class="atr-name"&gt;plaats&lt;/span&gt;:&lt;/strong&gt; &lt;span class="atr-value"&gt;Heerlen&lt;/span&gt;&lt;/li&gt;
  &lt;li&gt;&lt;strong&gt;&lt;span class="atr-name"&gt;foto_thumb&lt;/span&gt;:&lt;/strong&gt; &lt;span class="atr-value"&gt;https://images.memorix.nl/rce/thumb/350x350/41c1895f-770f-5f39-700d-112d95ac176e.jpg&lt;/span&gt;&lt;/li&gt;
  &lt;li&gt;&lt;strong&gt;&lt;span class="atr-name"&gt;foto_groot&lt;/span&gt;:&lt;/strong&gt; &lt;span class="atr-value"&gt;https://images.memorix.nl/rce/thumb/fullsize/41c1895f-770f-5f39-700d-112d95ac176e.jpg&lt;/span&gt;&lt;/li&gt;
  &lt;li&gt;&lt;strong&gt;&lt;span class="atr-name"&gt;fotograaf&lt;/span&gt;:&lt;/strong&gt; &lt;span class="atr-value"&gt;Frans Kabel (beeldbank RCE)&lt;/span&gt;&lt;/li&gt;
  &lt;li&gt;&lt;strong&gt;&lt;span class="atr-name"&gt;architect&lt;/span&gt;:&lt;/strong&gt; &lt;span class="atr-value"&gt;Peutz, F.P.J. &amp; H. Teeken&lt;/span&gt;&lt;/li&gt;
  &lt;li&gt;&lt;strong&gt;&lt;span class="atr-name"&gt;hoofd_beg&lt;/span&gt;:&lt;/strong&gt; &lt;span class="atr-value"&gt;1952-&lt;/span&gt;&lt;/li&gt;
  &lt;li&gt;&lt;strong&gt;&lt;span class="atr-name"&gt;hoofd_eind&lt;/span&gt;:&lt;/strong&gt; &lt;span class="atr-value"&gt;1953&lt;/span&gt;&lt;/li&gt;
  
  &lt;li&gt;&lt;strong&gt;&lt;span class="atr-name"&gt;voorg_eind&lt;/span&gt;:&lt;/strong&gt; &lt;span class="atr-value"&gt;0&lt;/span&gt;&lt;/li&gt;
  &lt;li&gt;&lt;strong&gt;&lt;span class="atr-name"&gt;denominat&lt;/span&gt;:&lt;/strong&gt; &lt;span class="atr-value"&gt;Rooms-Katholieke Kerk in Nederland&lt;/span&gt;&lt;/li&gt;
  &lt;li&gt;&lt;strong&gt;&lt;span class="atr-name"&gt;huidigfunc&lt;/span&gt;:&lt;/strong&gt; &lt;span class="atr-value"&gt;Religieus&lt;/span&gt;&lt;/li&gt;
  &lt;li&gt;&lt;strong&gt;&lt;span class="atr-name"&gt;rmon_url&lt;/span&gt;:&lt;/strong&gt; &lt;span class="atr-value"&gt;https://monumentenregister.cultureelerfgoed.nl/monumenten/530830&lt;/span&gt;&lt;/li&gt;
  
&lt;/ul&gt;
</description>
                <LookAt>
                    <longitude>5.982280142403553</longitude>
                    <latitude>50.87900805120332</latitude>
                    <altitude>0.0</altitude>
                    <heading>0.0</heading>
                    <tilt>0.0</tilt>
                    <range>0.0</range>
                    <altitudeMode>clampToGround</altitudeMode>
                </LookAt>
                <Style>
                    <IconStyle>
                        <scale>4.125</scale>
                        <heading>0.0</heading>
                        <Icon>
                            <href>https://services.rce.geovoorziening.nl/kml/icon/Landschapsatlas_religieuserfgoed_kerken_style?0.0.0=&amp;0.1.0=&amp;0.1.1=</href>
                        </Icon>
                    </IconStyle>
                    <LabelStyle>
                        <color>00ffffff</color>
                        <scale>0.0</scale>
                    </LabelStyle>
                </Style>
                <Point>
                    <coordinates>5.982280142403556,50.87900805120333</coordinates>
                </Point>
            </Placemark>
            <Placemark id="religieuserfgoed.3235">
                <name>St.-Jozefkerk</name>
                <description>&lt;h4&gt;religieuserfgoed&lt;/h4&gt;

&lt;ul class="textattributes"&gt;
  &lt;li&gt;&lt;strong&gt;&lt;span class="atr-name"&gt;ogc_fid&lt;/span&gt;:&lt;/strong&gt; &lt;span class="atr-value"&gt;3235&lt;/span&gt;&lt;/li&gt;
  &lt;li&gt;&lt;strong&gt;&lt;span class="atr-name"&gt;rijksmonum&lt;/span&gt;:&lt;/strong&gt; &lt;span class="atr-value"&gt;530863&lt;/span&gt;&lt;/li&gt;
  &lt;li&gt;&lt;strong&gt;&lt;span class="atr-name"&gt;rd_x&lt;/span&gt;:&lt;/strong&gt; &lt;span class="atr-value"&gt;197913.9&lt;/span&gt;&lt;/li&gt;
  &lt;li&gt;&lt;strong&gt;&lt;span class="atr-name"&gt;rd_y&lt;/span&gt;:&lt;/strong&gt; &lt;span class="atr-value"&gt;320064.0&lt;/span&gt;&lt;/li&gt;
  &lt;li&gt;&lt;strong&gt;&lt;span class="atr-name"&gt;legenda&lt;/span&gt;:&lt;/strong&gt; &lt;span class="atr-value"&gt;Kerk&lt;/span&gt;&lt;/li&gt;
  &lt;li&gt;&lt;strong&gt;&lt;span class="atr-name"&gt;naam&lt;/span&gt;:&lt;/strong&gt; &lt;span class="atr-value"&gt;St.-Jozefkerk&lt;/span&gt;&lt;/li&gt;
  &lt;li&gt;&lt;strong&gt;&lt;span class="atr-name"&gt;plaats&lt;/span&gt;:&lt;/strong&gt; &lt;span class="atr-value"&gt;Heerlen&lt;/span&gt;&lt;/li&gt;
  &lt;li&gt;&lt;strong&gt;&lt;span class="atr-name"&gt;foto_thumb&lt;/span&gt;:&lt;/strong&gt; &lt;span class="atr-value"&gt;https://images.memorix.nl/rce/thumb/350x350/8edc8763-8140-61d7-2e94-fca04f11c85f.jpg&lt;/span&gt;&lt;/li&gt;
  &lt;li&gt;&lt;strong&gt;&lt;span class="atr-name"&gt;foto_groot&lt;/span&gt;:&lt;/strong&gt; &lt;span class="atr-value"&gt;https://images.memorix.nl/rce/thumb/fullsize/8edc8763-8140-61d7-2e94-fca04f11c85f.jpg&lt;/span&gt;&lt;/li&gt;
  &lt;li&gt;&lt;strong&gt;&lt;span class="atr-name"&gt;fotograaf&lt;/span&gt;:&lt;/strong&gt; &lt;span class="atr-value"&gt;Frans Kabel (beeldbank RCE)&lt;/span&gt;&lt;/li&gt;
  &lt;li&gt;&lt;strong&gt;&lt;span class="atr-name"&gt;architect&lt;/span&gt;:&lt;/strong&gt; &lt;span class="atr-value"&gt;Fanchamps, J.J.&lt;/span&gt;&lt;/li&gt;
  &lt;li&gt;&lt;strong&gt;&lt;span class="atr-name"&gt;hoofd_beg&lt;/span&gt;:&lt;/strong&gt; &lt;span class="atr-value"&gt;1956-&lt;/span&gt;&lt;/li&gt;
  &lt;li&gt;&lt;strong&gt;&lt;span class="atr-name"&gt;hoofd_eind&lt;/span&gt;:&lt;/strong&gt; &lt;span class="atr-value"&gt;1957&lt;/span&gt;&lt;/li&gt;
  
  &lt;li&gt;&lt;strong&gt;&lt;span class="atr-name"&gt;voorg_eind&lt;/span&gt;:&lt;/strong&gt; &lt;span class="atr-value"&gt;0&lt;/span&gt;&lt;/li&gt;
  &lt;li&gt;&lt;strong&gt;&lt;span class="atr-name"&gt;denominat&lt;/span&gt;:&lt;/strong&gt; &lt;span class="atr-value"&gt;Rooms-Katholieke Kerk in Nederland&lt;/span&gt;&lt;/li&gt;
  &lt;li&gt;&lt;strong&gt;&lt;span class="atr-name"&gt;huidigfunc&lt;/span&gt;:&lt;/strong&gt; &lt;span class="atr-value"&gt;Religieus&lt;/span&gt;&lt;/li&gt;
  &lt;li&gt;&lt;strong&gt;&lt;span class="atr-name"&gt;rmon_url&lt;/span&gt;:&lt;/strong&gt; &lt;span class="atr-value"&gt;https://monumentenregister.cultureelerfgoed.nl/monumenten/530863&lt;/span&gt;&lt;/li&gt;
  
&lt;/ul&gt;
</description>
                <LookAt>
                    <longitude>5.996792884182668</longitude>
                    <latitude>50.868779399807785</latitude>
                    <altitude>0.0</altitude>
                    <heading>0.0</heading>
                    <tilt>0.0</tilt>
                    <range>0.0</range>
                    <altitudeMode>clampToGround</altitudeMode>
                </LookAt>
                <Style>
                    <IconStyle>
                        <scale>4.125</scale>
                        <heading>0.0</heading>
                        <Icon>
                            <href>https://services.rce.geovoorziening.nl/kml/icon/Landschapsatlas_religieuserfgoed_kerken_style?0.0.0=&amp;0.1.0=&amp;0.1.1=</href>
                        </Icon>
                    </IconStyle>
                    <LabelStyle>
                        <color>00ffffff</color>
                        <scale>0.0</scale>
                    </LabelStyle>
                </Style>
                <Point>
                    <coordinates>5.996792884182664,50.868779399807785</coordinates>
                </Point>
            </Placemark>
            <Placemark id="religieuserfgoed.3246">
                <name>St.-Joseph Arbeiderskerk</name>
                <description>&lt;h4&gt;religieuserfgoed&lt;/h4&gt;

&lt;ul class="textattributes"&gt;
  &lt;li&gt;&lt;strong&gt;&lt;span class="atr-name"&gt;ogc_fid&lt;/span&gt;:&lt;/strong&gt; &lt;span class="atr-value"&gt;3246&lt;/span&gt;&lt;/li&gt;
  &lt;li&gt;&lt;strong&gt;&lt;span class="atr-name"&gt;rijksmonum&lt;/span&gt;:&lt;/strong&gt; &lt;span class="atr-value"&gt;532039&lt;/span&gt;&lt;/li&gt;
  &lt;li&gt;&lt;strong&gt;&lt;span class="atr-name"&gt;rd_x&lt;/span&gt;:&lt;/strong&gt; &lt;span class="atr-value"&gt;180369.3&lt;/span&gt;&lt;/li&gt;
  &lt;li&gt;&lt;strong&gt;&lt;span class="atr-name"&gt;rd_y&lt;/span&gt;:&lt;/strong&gt; &lt;span class="atr-value"&gt;322059.0&lt;/span&gt;&lt;/li&gt;
  &lt;li&gt;&lt;strong&gt;&lt;span class="atr-name"&gt;legenda&lt;/span&gt;:&lt;/strong&gt; &lt;span class="atr-value"&gt;Kerk&lt;/span&gt;&lt;/li&gt;
  &lt;li&gt;&lt;strong&gt;&lt;span class="atr-name"&gt;naam&lt;/span&gt;:&lt;/strong&gt; &lt;span class="atr-value"&gt;St.-Joseph Arbeiderskerk&lt;/span&gt;&lt;/li&gt;
  &lt;li&gt;&lt;strong&gt;&lt;span class="atr-name"&gt;plaats&lt;/span&gt;:&lt;/strong&gt; &lt;span class="atr-value"&gt;Meerssen&lt;/span&gt;&lt;/li&gt;
  &lt;li&gt;&lt;strong&gt;&lt;span class="atr-name"&gt;foto_thumb&lt;/span&gt;:&lt;/strong&gt; &lt;span class="atr-value"&gt;https://images.memorix.nl/rce/thumb/350x350/e3838e67-97bc-2e81-9265-b97e06781087.jpg&lt;/span&gt;&lt;/li&gt;
  &lt;li&gt;&lt;strong&gt;&lt;span class="atr-name"&gt;foto_groot&lt;/span&gt;:&lt;/strong&gt; &lt;span class="atr-value"&gt;https://images.memorix.nl/rce/thumb/fullsize/e3838e67-97bc-2e81-9265-b97e06781087.jpg&lt;/span&gt;&lt;/li&gt;
  &lt;li&gt;&lt;strong&gt;&lt;span class="atr-name"&gt;fotograaf&lt;/span&gt;:&lt;/strong&gt; &lt;span class="atr-value"&gt;Paul van Galen (beeldbank RCE)&lt;/span&gt;&lt;/li&gt;
  &lt;li&gt;&lt;strong&gt;&lt;span class="atr-name"&gt;architect&lt;/span&gt;:&lt;/strong&gt; &lt;span class="atr-value"&gt;Eyck, Ch. &amp; H.A.J. Koene&lt;/span&gt;&lt;/li&gt;
  &lt;li&gt;&lt;strong&gt;&lt;span class="atr-name"&gt;hoofd_beg&lt;/span&gt;:&lt;/strong&gt; &lt;span class="atr-value"&gt;1958-&lt;/span&gt;&lt;/li&gt;
  &lt;li&gt;&lt;strong&gt;&lt;span class="atr-name"&gt;hoofd_eind&lt;/span&gt;:&lt;/strong&gt; &lt;span class="atr-value"&gt;1959&lt;/span&gt;&lt;/li&gt;
  
  &lt;li&gt;&lt;strong&gt;&lt;span class="atr-name"&gt;voorg_eind&lt;/span&gt;:&lt;/strong&gt; &lt;span class="atr-value"&gt;0&lt;/span&gt;&lt;/li&gt;
  &lt;li&gt;&lt;strong&gt;&lt;span class="atr-name"&gt;denominat&lt;/span&gt;:&lt;/strong&gt; &lt;span class="atr-value"&gt;Rooms-Katholieke Kerk in Nederland&lt;/span&gt;&lt;/li&gt;
  &lt;li&gt;&lt;strong&gt;&lt;span class="atr-name"&gt;huidigfunc&lt;/span&gt;:&lt;/strong&gt; &lt;span class="atr-value"&gt;Religieus&lt;/span&gt;&lt;/li&gt;
  &lt;li&gt;&lt;strong&gt;&lt;span class="atr-name"&gt;rmon_url&lt;/span&gt;:&lt;/strong&gt; &lt;span class="atr-value"&gt;https://monumentenregister.cultureelerfgoed.nl/monumenten/532039&lt;/span&gt;&lt;/li&gt;
  
&lt;/ul&gt;
</description>
                <LookAt>
                    <longitude>5.747716975946844</longitude>
                    <latitude>50.88775703145839</latitude>
                    <altitude>0.0</altitude>
                    <heading>0.0</heading>
                    <tilt>0.0</tilt>
                    <range>0.0</range>
                    <altitudeMode>clampToGround</altitudeMode>
                </LookAt>
                <Style>
                    <IconStyle>
                        <scale>4.125</scale>
                        <heading>0.0</heading>
                        <Icon>
                            <href>https://services.rce.geovoorziening.nl/kml/icon/Landschapsatlas_religieuserfgoed_kerken_style?0.0.0=&amp;0.1.0=&amp;0.1.1=</href>
                        </Icon>
                    </IconStyle>
                    <LabelStyle>
                        <color>00ffffff</color>
                        <scale>0.0</scale>
                    </LabelStyle>
                </Style>
                <Point>
                    <coordinates>5.74771697594685,50.887757031458406</coordinates>
                </Point>
            </Placemark>
            <Placemark id="religieuserfgoed.3259">
                <name>St.-Gregorius de Grotekerk</name>
                <description>&lt;h4&gt;religieuserfgoed&lt;/h4&gt;

&lt;ul class="textattributes"&gt;
  &lt;li&gt;&lt;strong&gt;&lt;span class="atr-name"&gt;ogc_fid&lt;/span&gt;:&lt;/strong&gt; &lt;span class="atr-value"&gt;3259&lt;/span&gt;&lt;/li&gt;
  &lt;li&gt;&lt;strong&gt;&lt;span class="atr-name"&gt;rijksmonum&lt;/span&gt;:&lt;/strong&gt; &lt;span class="atr-value"&gt;532214&lt;/span&gt;&lt;/li&gt;
  &lt;li&gt;&lt;strong&gt;&lt;span class="atr-name"&gt;rd_x&lt;/span&gt;:&lt;/strong&gt; &lt;span class="atr-value"&gt;196024.5&lt;/span&gt;&lt;/li&gt;
  &lt;li&gt;&lt;strong&gt;&lt;span class="atr-name"&gt;rd_y&lt;/span&gt;:&lt;/strong&gt; &lt;span class="atr-value"&gt;329059.7&lt;/span&gt;&lt;/li&gt;
  &lt;li&gt;&lt;strong&gt;&lt;span class="atr-name"&gt;legenda&lt;/span&gt;:&lt;/strong&gt; &lt;span class="atr-value"&gt;Kerk&lt;/span&gt;&lt;/li&gt;
  &lt;li&gt;&lt;strong&gt;&lt;span class="atr-name"&gt;naam&lt;/span&gt;:&lt;/strong&gt; &lt;span class="atr-value"&gt;St.-Gregorius de Grotekerk&lt;/span&gt;&lt;/li&gt;
  &lt;li&gt;&lt;strong&gt;&lt;span class="atr-name"&gt;plaats&lt;/span&gt;:&lt;/strong&gt; &lt;span class="atr-value"&gt;Brunssum&lt;/span&gt;&lt;/li&gt;
  &lt;li&gt;&lt;strong&gt;&lt;span class="atr-name"&gt;foto_thumb&lt;/span&gt;:&lt;/strong&gt; &lt;span class="atr-value"&gt;https://rce.webgispublisher.nl/user/uploads/logos/geen_foto_beschikbaar.jpg&lt;/span&gt;&lt;/li&gt;
  &lt;li&gt;&lt;strong&gt;&lt;span class="atr-name"&gt;foto_groot&lt;/span&gt;:&lt;/strong&gt; &lt;span class="atr-value"&gt;https://rce.webgispublisher.nl/user/uploads/logos/geen_foto_beschikbaar.jpg&lt;/span&gt;&lt;/li&gt;
  
  &lt;li&gt;&lt;strong&gt;&lt;span class="atr-name"&gt;architect&lt;/span&gt;:&lt;/strong&gt; &lt;span class="atr-value"&gt;Böhm, G. &amp; C. Okhuysen&lt;/span&gt;&lt;/li&gt;
  &lt;li&gt;&lt;strong&gt;&lt;span class="atr-name"&gt;hoofd_beg&lt;/span&gt;:&lt;/strong&gt; &lt;span class="atr-value"&gt;1961-&lt;/span&gt;&lt;/li&gt;
  &lt;li&gt;&lt;strong&gt;&lt;span class="atr-name"&gt;hoofd_eind&lt;/span&gt;:&lt;/strong&gt; &lt;span class="atr-value"&gt;1963&lt;/span&gt;&lt;/li&gt;
  
  &lt;li&gt;&lt;strong&gt;&lt;span class="atr-name"&gt;voorg_eind&lt;/span&gt;:&lt;/strong&gt; &lt;span class="atr-value"&gt;1918&lt;/span&gt;&lt;/li&gt;
  &lt;li&gt;&lt;strong&gt;&lt;span class="atr-name"&gt;denominat&lt;/span&gt;:&lt;/strong&gt; &lt;span class="atr-value"&gt;Rooms-Katholieke Kerk in Nederland&lt;/span&gt;&lt;/li&gt;
  &lt;li&gt;&lt;strong&gt;&lt;span class="atr-name"&gt;huidigfunc&lt;/span&gt;:&lt;/strong&gt; &lt;span class="atr-value"&gt;Religieus&lt;/span&gt;&lt;/li&gt;
  &lt;li&gt;&lt;strong&gt;&lt;span class="atr-name"&gt;rmon_url&lt;/span&gt;:&lt;/strong&gt; &lt;span class="atr-value"&gt;https://monumentenregister.cultureelerfgoed.nl/monumenten/532214&lt;/span&gt;&lt;/li&gt;
  
&lt;/ul&gt;
</description>
                <LookAt>
                    <longitude>5.970974938370077</longitude>
                    <latitude>50.94977478854856</latitude>
                    <altitude>0.0</altitude>
                    <heading>0.0</heading>
                    <tilt>0.0</tilt>
                    <range>0.0</range>
                    <altitudeMode>clampToGround</altitudeMode>
                </LookAt>
                <Style>
                    <IconStyle>
                        <scale>4.125</scale>
                        <heading>0.0</heading>
                        <Icon>
                            <href>https://services.rce.geovoorziening.nl/kml/icon/Landschapsatlas_religieuserfgoed_kerken_style?0.0.0=&amp;0.1.0=&amp;0.1.1=</href>
                        </Icon>
                    </IconStyle>
                    <LabelStyle>
                        <color>00ffffff</color>
                        <scale>0.0</scale>
                    </LabelStyle>
                </Style>
                <Point>
                    <coordinates>5.97097493837009,50.94977478854855</coordinates>
                </Point>
            </Placemark>
            <Placemark id="religieuserfgoed.3264">
                <name>Christus Koningkerk</name>
                <description>&lt;h4&gt;religieuserfgoed&lt;/h4&gt;

&lt;ul class="textattributes"&gt;
  &lt;li&gt;&lt;strong&gt;&lt;span class="atr-name"&gt;ogc_fid&lt;/span&gt;:&lt;/strong&gt; &lt;span class="atr-value"&gt;3264&lt;/span&gt;&lt;/li&gt;
  &lt;li&gt;&lt;strong&gt;&lt;span class="atr-name"&gt;rijksmonum&lt;/span&gt;:&lt;/strong&gt; &lt;span class="atr-value"&gt;532249&lt;/span&gt;&lt;/li&gt;
  &lt;li&gt;&lt;strong&gt;&lt;span class="atr-name"&gt;rd_x&lt;/span&gt;:&lt;/strong&gt; &lt;span class="atr-value"&gt;195653.6&lt;/span&gt;&lt;/li&gt;
  &lt;li&gt;&lt;strong&gt;&lt;span class="atr-name"&gt;rd_y&lt;/span&gt;:&lt;/strong&gt; &lt;span class="atr-value"&gt;325978.4&lt;/span&gt;&lt;/li&gt;
  &lt;li&gt;&lt;strong&gt;&lt;span class="atr-name"&gt;legenda&lt;/span&gt;:&lt;/strong&gt; &lt;span class="atr-value"&gt;Kerk&lt;/span&gt;&lt;/li&gt;
  &lt;li&gt;&lt;strong&gt;&lt;span class="atr-name"&gt;naam&lt;/span&gt;:&lt;/strong&gt; &lt;span class="atr-value"&gt;Christus Koningkerk&lt;/span&gt;&lt;/li&gt;
  &lt;li&gt;&lt;strong&gt;&lt;span class="atr-name"&gt;plaats&lt;/span&gt;:&lt;/strong&gt; &lt;span class="atr-value"&gt;Heerlen&lt;/span&gt;&lt;/li&gt;
  &lt;li&gt;&lt;strong&gt;&lt;span class="atr-name"&gt;foto_thumb&lt;/span&gt;:&lt;/strong&gt; &lt;span class="atr-value"&gt;https://rce.webgispublisher.nl/user/uploads/logos/geen_foto_beschikbaar.jpg&lt;/span&gt;&lt;/li&gt;
  &lt;li&gt;&lt;strong&gt;&lt;span class="atr-name"&gt;foto_groot&lt;/span&gt;:&lt;/strong&gt; &lt;span class="atr-value"&gt;https://rce.webgispublisher.nl/user/uploads/logos/geen_foto_beschikbaar.jpg&lt;/span&gt;&lt;/li&gt;
  
  &lt;li&gt;&lt;strong&gt;&lt;span class="atr-name"&gt;architect&lt;/span&gt;:&lt;/strong&gt; &lt;span class="atr-value"&gt;Fanchamps, J.J.&lt;/span&gt;&lt;/li&gt;
  &lt;li&gt;&lt;strong&gt;&lt;span class="atr-name"&gt;hoofd_beg&lt;/span&gt;:&lt;/strong&gt; &lt;span class="atr-value"&gt;1961-&lt;/span&gt;&lt;/li&gt;
  &lt;li&gt;&lt;strong&gt;&lt;span class="atr-name"&gt;hoofd_eind&lt;/span&gt;:&lt;/strong&gt; &lt;span class="atr-value"&gt;1965&lt;/span&gt;&lt;/li&gt;
  
  &lt;li&gt;&lt;strong&gt;&lt;span class="atr-name"&gt;voorg_eind&lt;/span&gt;:&lt;/strong&gt; &lt;span class="atr-value"&gt;0&lt;/span&gt;&lt;/li&gt;
  &lt;li&gt;&lt;strong&gt;&lt;span class="atr-name"&gt;denominat&lt;/span&gt;:&lt;/strong&gt; &lt;span class="atr-value"&gt;Rooms-Katholieke Kerk in Nederland&lt;/span&gt;&lt;/li&gt;
  &lt;li&gt;&lt;strong&gt;&lt;span class="atr-name"&gt;huidigfunc&lt;/span&gt;:&lt;/strong&gt; &lt;span class="atr-value"&gt;Cultureel en maatschappelijk&lt;/span&gt;&lt;/li&gt;
  &lt;li&gt;&lt;strong&gt;&lt;span class="atr-name"&gt;rmon_url&lt;/span&gt;:&lt;/strong&gt; &lt;span class="atr-value"&gt;https://monumentenregister.cultureelerfgoed.nl/monumenten/532249&lt;/span&gt;&lt;/li&gt;
  
&lt;/ul&gt;
</description>
                <LookAt>
                    <longitude>5.965350723573991</longitude>
                    <latitude>50.922105267928785</latitude>
                    <altitude>0.0</altitude>
                    <heading>0.0</heading>
                    <tilt>0.0</tilt>
                    <range>0.0</range>
                    <altitudeMode>clampToGround</altitudeMode>
                </LookAt>
                <Style>
                    <IconStyle>
                        <scale>4.125</scale>
                        <heading>0.0</heading>
                        <Icon>
                            <href>https://services.rce.geovoorziening.nl/kml/icon/Landschapsatlas_religieuserfgoed_kerken_style?0.0.0=&amp;0.1.0=&amp;0.1.1=</href>
                        </Icon>
                    </IconStyle>
                    <LabelStyle>
                        <color>00ffffff</color>
                        <scale>0.0</scale>
                    </LabelStyle>
                </Style>
                <Point>
                    <coordinates>5.965350723573986,50.9221052679288</coordinates>
                </Point>
            </Placemark>
        </Folder>
    </Document>
</kml>
